,0,1,2,3,4,5,6,7,8,9,10,11,12,13,14,15,16,17,18,19,20,21,22,23,24,25,26,27,28,29
0,the_brothers_bourbon,,,,,,,,,,,,,,,,,,,,,,,,,,,,,
1,the_world_of_whiskey,instawhiskey,whisky,bourbonwhiskey,drinkoftheday,whiskyporn,bourbongram,bourbon,woodfordreservebourbon,buffalotrace,kentuckybourbon,buffalotracebourbon,whiskey,whiskeylove,thebourbonalliance,woodfordreserve,buffalotracedistillery,whiskylover,americanwhiskey,whiskeyporn,whiskycollector,bourbonporn,bourbonlover,whiskeys,whiskeylovers,whiskycollection,,,,
2,the_world_of_whiskey,whisky,whiskycollector,whiskey,americanwhiskey,jackdanielssinglebarrel,jackdanielssinglebarrelselect,whiskyporn,whiskeywithaview,jeffarnett,jackdanielsdistillery,rarewhiskey,whiskylover,jackdanielswhiskey,jackdaniels,whiskeylove,whiskeys,,,,,,,,,,,,,
3,the_world_of_whiskey,bourbongram,buffalotrace,whiskeylovers,whiskycollection,whiskeyporn,yeseaglerare,eaglerarebourbon,whiskeylove,whiskey,whisky,whiskeyglasses,kentuckybourbon,eaglerare,bourbonwhiskey,whiskyporn,bourbon,drinkoftheday,americanwhiskey,rarewhiskey,bourbonlover,whiskylover,bourbonporn,whiskycollector,buffalotracedistillery,whiskeys,,,,
4,thebourbonhouse,barrelproof,freshcorkpop,instabourbon,bourbonlover,instawhiskey,bourbonhunt,alcohol,bourbon,kentucky,thebourbonalliance,kentuckystraightbourbonwhiskey,whiskeybar,kentuckybourbon,caskstrength,delivery,bourbonlife,homebar,bourbonwhiskey,whiskeyporn,bourbongram,drink,whiskeylover,thebourbonleague,unboxing,bottledinbond,singlebarrel,americanwhiskey,bourbonporn,whiskeylife
5,urbanbourbonist,popthecork,japanesewhisky,bottledinbond,bottlephotography,bourboncocktails,bourbonhunting,thebourbonleague,bourbongram,doubleoaked,bourbonlover,btac,oldforester,americanwhiskey,bourbonhunter,pappyvanwinkle,bourbonfinds,jimbeam,bottlepoppin,bourbonlife,urbanbourbonist,bourbonenthusiast,woodfordreserve,bourboncollection,instagramlive,urbanbourbon,barrelfinished,whiskeycollection,scotchwhisky,whiskeylife
6,,,,,,,,,,,,,,,,,,,,,,,,,,,,,,
