,0,1,2,3,4,5,6,7,8,9,10,11,12,13,14,15,16,17,18,19,20,21,22,23,24,25,26,27,28,29,30
0,keeper_of_the_beer,cerveja,instabeer,øl,kellerbier,beerpic,bavarianbeer,beerlover,beergeek,beerstagram,craftbeer,bier,zwickelbier,beer,bira,beerphoto,olut,beerpicture,ayingerbrewery,,,,,,,,,,,,
1,cevasdoleo on Instag,,,,,,,,,,,,,,,,,,,,,,,,,,,,,,
2,northernbeerfan,drinkcraftnotcrap,catsofinstagram,beercat,beeroftheday,cervesa,bier,instagrambeer,beerporn,craftbeerpictures,beerwanker,craftbeerlover,northbrewingco,dipa,beersnob,beercats,craftbeercat,craftbeergeek,beersofinstagram,craftbeernotcrapbeer,instacraftbeer,craftbeer,ilovecraftbeer,beer,craftbeerlife,birra,craftbeersnob,,,,
3,allagashbrewing,,,,,,,,,,,,,,,,,,,,,,,,,,,,,,
4,tasty_beverages,beersofinstagram,beer,craftbrew,beertime,dipa,lushnesssplendor,tastybeverage,craftbeerlife,beergram,craftnotcrap,tasty,beertography,doubleipa,craftbeerlover,sfbeerweek,alvaradostreetbrewery,instabeer,beerme,craftbeernotcrapbeer,beerlover,beerstagram,craftbeer,beerpics,,,,,,,
5,classicdadmoves,,,,,,,,,,,,,,,,,,,,,,,,,,,,,,
6,tak_tak_beer,飲酒タグラム,びあすたぐらむ,beer,麦酒タグラム,クラフトビール,craftbeer,ビール好きな人と繋がりたい,常陸野ネストビール,木内酒造,いんしゅたぐらむ,🍺,ビール男子,ipabeer,amberale,ビール,ビールおじさん,ipaが好き,アンバーエール,ビアスタグラム,,,,,,,,,,,
7,pharmacii_snackbar,event,pharmaciiisthebest,fruli,onlyatpharmacii,beerbucket,pharmacii,stiegl,delirium,beer,,,,,,,,,,,,,,,,,,,,,
8,2ndphasebrewing,,,,,,,,,,,,,,,,,,,,,,,,,,,,,,
9,b3rtramw,businesstrip,p2visp,beer,eringer,schweizerbier,fries,food,cardinalbière,hamburger,cardinal,wallis,스위스,瑞士,dinner,汉堡,guterservice,valais,schweiz,yummy,swissbeer,yummyfood,visp,bier,burger,cardinalbier,instafood,햄버거,switzerland,,
10,ctbrewgirl,beergeek,craftbeergeek,craftbeerlife,craftbeerlover,craftbeerlove,craftbrewlover,nhbrews,craftbrewlove,nhbeer,beerlover,craftbeergirl,craftbeergirls,nhcraftbeer,newhampshirebeer,craftbrews,nhcraftbrews,beerlove,ctbrewgirl,craftbeergirlsofinstagram,beersnob,beer,craftbeer,,,,,,,,
11,giorgiodetoma88,concert,photooftheday,zagarolo,musica,violin,violinmaker,fiddler,irish,pub,nagabbiademalti,violinist,musicianlife,birra,livemusic,music,travel,stage,instamusic,fiddle,violinista,musician,beer,live,art,violino,,,,,
12,lushhops,craftbeer,birra,bier,hophead,stoutsunday,birru,buffalotrace,beersnob,beerstagram,wildturkey,beer,beergeek,imperialstout,ol,instabeer,untappd,gooseisland,stoutsociety,barrelagedbeer,bourboncountystout,drinkcraft,sundaymood,biere,bourbon,craftbeerpics,instabeerofficial,craftnotcrapbeer,drinkbetterbeer,olut,cerveza
13,timreh_rab on Instag,whisky,whiskey,コーヒーリキュール,berrybrosrudd,bar,cocktail,カクテル,コーヒー,ウイスキー,ビール,バー,飲み比べ,beer,,,,,,,,,,,,,,,,,
14,dogoodbrew,beernerd,craftbrewery,instagram,craftbeerlife,finnishcraftbeer,dogood,craftbeer,dogoodbrew,olut,beerstagram,beer,3000followers,pienpanimo,lovebeer,,,,,,,,,,,,,,,,
15,reexstar,fun,smilex,holiday,beer,hallstatt,ski,österreich,,,,,,,,,,,,,,,,,,,,,,,
16,kebun_bouquet,bouquet,flowers,valentines,florist,klflorist,surprise,kebun,couple,nuggetbouqetmalaysia,floristkl,love,beerbouquet,beer,convocation,kebunbouquet,convogift,floristpj,graduation,malaysiaflorist,chickennuggetbouquet,,,,,,,,,,
17,90degreesloungedbn,durban,waterfront,beer,allafricansundays,sundays,durbanvibes,durbanwaterfront,90degreeslounge,,,,,,,,,,,,,,,,,,,,,,
18,zvyrol,beer,poker,fun,polishboy,insta,,,,,,,,,,,,,,,,,,,,,,,,,
19,privatejay01,durbanvibes,durbanwaterfront,beer,durban,allafricansundays,90degreeslounge,waterfront,sundays,,,,,,,,,,,,,,,,,,,,,,
20,pjentertainment,durban,waterfront,durbanvibes,sundays,90degreeslounge,beer,durbanwaterfront,allafricansundays,,,,,,,,,,,,,,,,,,,,,,
21,keeper_of_the_beer,beergeek,zwickelbier,craftbeer,beerpic,olut,beerlover,beerstagram,instabeer,beer,øl,kellerbier,beerpicture,bira,ayingerbrewery,beerphoto,bier,cerveja,bavarianbeer,,,,,,,,,,,,
22,cevasdoleo on Instag,,,,,,,,,,,,,,,,,,,,,,,,,,,,,,
23,northernbeerfan,beersofinstagram,craftbeer,beeroftheday,northbrewingco,craftbeerlife,cervesa,beer,instagrambeer,craftbeerlover,catsofinstagram,craftbeerpictures,bier,drinkcraftnotcrap,beercats,beerporn,birra,craftbeersnob,beercat,craftbeergeek,ilovecraftbeer,beerwanker,beersnob,craftbeercat,dipa,craftbeernotcrapbeer,instacraftbeer,,,,
24,allagashbrewing,,,,,,,,,,,,,,,,,,,,,,,,,,,,,,
25,tasty_beverages,beergram,beertography,beerpics,beerstagram,tastybeverage,dipa,beersofinstagram,craftbrew,beerme,craftnotcrap,beerlover,alvaradostreetbrewery,beer,beertime,craftbeerlover,craftbeerlife,instabeer,craftbeer,doubleipa,tasty,lushnesssplendor,craftbeernotcrapbeer,sfbeerweek,,,,,,,
26,classicdadmoves,,,,,,,,,,,,,,,,,,,,,,,,,,,,,,
27,tak_tak_beer,ビール,ビール男子,ビアスタグラム,常陸野ネストビール,craftbeer,飲酒タグラム,ビール好きな人と繋がりたい,いんしゅたぐらむ,beer,クラフトビール,amberale,ipaが好き,🍺,ビールおじさん,アンバーエール,木内酒造,ipabeer,麦酒タグラム,びあすたぐらむ,,,,,,,,,,,
28,pharmacii_snackbar,beer,event,beerbucket,stiegl,onlyatpharmacii,delirium,fruli,pharmaciiisthebest,pharmacii,,,,,,,,,,,,,,,,,,,,,
29,2ndphasebrewing,,,,,,,,,,,,,,,,,,,,,,,,,,,,,,
30,b3rtramw,bier,guterservice,switzerland,wallis,yummyfood,yummy,beer,instafood,dinner,businesstrip,cardinalbière,cardinal,cardinalbier,eringer,burger,visp,p2visp,스위스,schweizerbier,hamburger,food,schweiz,valais,fries,汉堡,瑞士,햄버거,swissbeer,,
31,ctbrewgirl,craftbeergirlsofinstagram,beerlove,nhcraftbeer,craftbeer,beer,craftbeerlove,craftbeergeek,craftbeergirls,craftbrewlove,ctbrewgirl,nhcraftbrews,craftbeergirl,beerlover,craftbrewlover,craftbeerlover,craftbeerlife,nhbrews,beersnob,newhampshirebeer,craftbrews,beergeek,nhbeer,,,,,,,,
32,giorgiodetoma88,live,travel,violinista,violin,musica,art,music,violinmaker,beer,concert,fiddler,instamusic,pub,zagarolo,nagabbiademalti,musician,violino,musicianlife,photooftheday,birra,livemusic,violinist,fiddle,irish,stage,,,,,
33,lushhops,cerveza,beersnob,instabeerofficial,craftbeer,biere,craftbeerpics,birra,bier,olut,beergeek,drinkcraft,hophead,drinkbetterbeer,instabeer,sundaymood,bourbon,buffalotrace,gooseisland,barrelagedbeer,wildturkey,stoutsunday,stoutsociety,craftnotcrapbeer,imperialstout,bourboncountystout,ol,beer,beerstagram,untappd,birru
34,timreh_rab on Instag,ビール,bar,beer,コーヒーリキュール,ウイスキー,cocktail,berrybrosrudd,飲み比べ,コーヒー,バー,カクテル,whiskey,whisky,,,,,,,,,,,,,,,,,
35,dogoodbrew,lovebeer,craftbeer,beerstagram,instagram,dogoodbrew,dogood,beernerd,craftbeerlife,finnishcraftbeer,olut,beer,3000followers,craftbrewery,pienpanimo,,,,,,,,,,,,,,,,
36,reexstar,smilex,holiday,beer,fun,ski,österreich,hallstatt,,,,,,,,,,,,,,,,,,,,,,,
37,kebun_bouquet,love,beerbouquet,valentines,surprise,graduation,kebun,bouquet,convogift,chickennuggetbouquet,florist,floristkl,nuggetbouqetmalaysia,beer,convocation,klflorist,couple,floristpj,malaysiaflorist,flowers,kebunbouquet,,,,,,,,,,
38,90degreesloungedbn,sundays,durbanvibes,90degreeslounge,durban,waterfront,beer,durbanwaterfront,allafricansundays,,,,,,,,,,,,,,,,,,,,,,
39,zvyrol,beer,fun,poker,polishboy,insta,,,,,,,,,,,,,,,,,,,,,,,,,
40,privatejay01,durbanvibes,waterfront,durbanwaterfront,allafricansundays,beer,sundays,durban,90degreeslounge,,,,,,,,,,,,,,,,,,,,,,
41,pjentertainment,durbanvibes,allafricansundays,durbanwaterfront,waterfront,sundays,beer,durban,90degreeslounge,,,,,,,,,,,,,,,,,,,,,,
42,,,,,,,,,,,,,,,,,,,,,,,,,,,,,,,
