,0,1,2,3,4,5,6,7,8,9,10,11,12,13,14,15,16,17,18,19,20,21,22,23,24,25,26,27,28,29,30
0,bourbon_smith,bourbon,whiskey,,,,,,,,,,,,,,,,,,,,,,,,,,,,
1,whiskeyforums,oldforester,,,,,,,,,,,,,,,,,,,,,,,,,,,,,
2,vintage_gentlemen,,,,,,,,,,,,,,,,,,,,,,,,,,,,,,
3,thewhiskywalker,,,,,,,,,,,,,,,,,,,,,,,,,,,,,,
4,topwhiskies,whisky,,,,,,,,,,,,,,,,,,,,,,,,,,,,,
5,heyitswhiskeytime,kentucky,drinks,whiskey,kentuckybourbon,pappyvanwinkle,bourbongram,whiskeyporn,rye,vodka,lefthandmodel,singlemalt,thebourbonleague,whiskygram,instabourbon,cheers,scotchwhisky,bourbonwhiskey,alcohol,pappy,beer,bourbonporn,whisky,scotch,buffalotrace,cocktails,rum,whiskyporn,instawhiskey,whiskeygram,bourbon
6,the___brethren,,,,,,,,,,,,,,,,,,,,,,,,,,,,,,
7,chpaulus,,,,,,,,,,,,,,,,,,,,,,,,,,,,,,
8,picsandpours,photography,whiskeytasting,bourbongram,whiskeytime,sonya6000club,instawhiskey,sonya6000,thehappynow,flashesofdelight,productphotography,bourbongirl,bottledesign,bourbon,bourbonlover,whiskeygirlgang,whiskeyinateacup,bottle,bourbonwhiskey,bourbonenthusiast,whisky,whiskey,willett,thebourbonleague,womenwhowhiskey,drinksbythedram,bourbonwifetip,dogsofinstagram,womenofbourbon,bourbonwife,willettdistillery
9,Null,louisville,bourbon,kentucky,oldforester,bourboncountry,,,,,,,,,,,,,,,,,,,,,,,,,
10,coffeeeandjunk,delhistreetfood,mumbaifoodicious,mumbaifoodblogger,indianfoodblogger,themumbaiguide,delhifoodie,mumbaidairies,trellingmumbai,delhifoodblogger,foodmaniacindia,food,grubzone,indianfood,mumbaistreetfood,mumbaieats,thingstodoinmumbai,somumbai,foodofmumbai,drinks,desifood,goodfoodindia,mumbaifood,delhifood,mumbaifoodie,pune,pizza,bourbon,mumbaigram,mumbaifoodlovers,indianstreetfood
11,,,,,,,,,,,,,,,,,,,,,,,,,,,,,,,
