,0,1,2,3,4,5,6,7,8,9,10,11,12,13,14,15,16,17,18,19,20,21,22,23,24,25,26,27,28,29,30
0,Null,kobebryant,ripkobebryant,realfriends,lakers,brandy,tbt,culturecult™,neverforget,mambamentality,,,,,,,,,,,,,,,,,,,,,
1,latifahvibes,,,,,,,,,,,,,,,,,,,,,,,,,,,,,,
2,fanagoriawinery,киб,фанагория,fanagoriashops,коньяк,бренди,магияфанагории,красноеибелое,конкурс,brandy,фотоконкурс,,,,,,,,,,,,,,,,,,,,
3,the.sweat.hotel,explorepage,brandy,kobebryant,independentartist,rnbartist,90shiphop,unsignedsinger,newjackswing,newartist,thesweathotel,indiemusic,rnbsoul,unsignedartist,oldschoolrap,rnbmusic,hiphopblog,classicrnb,soulmusic,rnb,80srnb,rnbsinger,90srap,indieartist,rapmusic,hiphopmusic,upcomingartist,oldschoolrnb,hiphopsoul,90srnb,
4,lisalcpes on Instagr,tlc,lisalefteyelopes,lefteye,brandy,lisalopes,tionnewatkins,rozondathomas,tboz,whitneyhouston,chilli,,,,,,,,,,,,,,,,,,,,
5,_thewayitis05_,keyshiacole,throwback,rnbsoul,music,kcdiamonds,princessofhiphopsoul,rnb,brandynorwood,hiphop,brandy,hiphopsoul,soul,,,,,,,,,,,,,,,,,,
6,copperbros,alcohol,instapic,moonshine,artisan,distillery,craft,gin,work,hydrosols,copperbrothers,essentialoils,distilling,copperbros,whiskey,copper,copperstill,portugal,brandy,craftsmanship,distil,,,,,,,,,,
7,90s.history,brandy,90s,1997,usher,90sera,moesha,,,,,,,,,,,,,,,,,,,,,,,,
8,cliosaskia,soppy,celebrategoodtimes,valentines,ugh,,,,,,,,,,,,,,,,,,,,,,,,,,
9,the_good_life.ny,whiskyphoto,gascony,whatidrink,notwhiskey,vino,2000vintage,darrozearmagnac,barrelproof,distilled,vintage,cognac,vin,openyourbottles,darroze,armagnac,drinkphotography,drinkporn,ugniblanc,cheers,colombard,y2k,whisky,frenchbrandy,caskstregnth,2000,domainedepouteou,brandy,drinks,whatsinmyglass,whiskey
10,fung.steve,whisky,brandy,champagne,,,,,,,,,,,,,,,,,,,,,,,,,,,
11,rakija_trnovaca,vocnerakije,priroda,brandy,promocija,trnovaca,iskustvo,rganskovoce,nature,degustacija,rakijatrnovaca,tradicija,drink,,,,,,,,,,,,,,,,,,
12,gmail.com (@shafeers,tagblender,louisvuitton,photooftheday,cute,tbt,awesome,iphonesia,picoftheday,chanel,dandg,cocochanel,instagood,brands,good,lovely,tweegram,instamood,beautiful,girl,brandon,brandymelville,instabrands,brand,love,brandname,dolceandgabbana,branded,brandonflowers,me,brandy
13,cg__dressage,hyggeligt,pretty,mylove,horse,opdagelse,egtvedrideklub,cute,brandy,flotte,,,,,,,,,,,,,,,,,,,,,
14,soaresboard,landyachtz,wolfshark,vistachinesa,freeride,sector9,roxane,brandy,,,,,,,,,,,,,,,,,,,,,,,
15,Null,brandy,followtrain,followyourdreams,followmenow,up,motivationmonday,follow_me,king,muchlove,style,gujjarsamaj,selfie,gurjar_club,streetphotography,,,,,,,,,,,,,,,,
16,koze.clothing,,,,,,,,,,,,,,,,,,,,,,,,,,,,,,
17,awiebabyyy,memes,pngs,girlpfps,fff,lfl,nichememes,brandygirl,brandy,aesthetic,nichemempngs,mentalhealth,cute,confident,selfconfidenc,brandymelvillegirl,therapy,nichemempng,niche,basic,nichememe,memepage,brandymelville,png,f4f,basicwhitegirl,meme,cfc,wholesome,teenmentalhealth,
18,lavenderdvff,,,,,,,,,,,,,,,,,,,,,,,,,,,,,,
19,theconnectionjunkie,,,,,,,,,,,,,,,,,,,,,,,,,,,,,,
20,distilledmagazine,spirits,apples,somerset,instawhisky,englishcider,apéritif,ciderbrandy,distilledmagazine,cidre,distilled,burrowhill,pears,cider,westcountry,somersetbrandy,brandy,pomona,perry,calvados,applebrandy,england,,,,,,,,,
21,Null,culturecult™,mambamentality,kobebryant,realfriends,tbt,brandy,lakers,neverforget,ripkobebryant,,,,,,,,,,,,,,,,,,,,,
22,latifahvibes,,,,,,,,,,,,,,,,,,,,,,,,,,,,,,
23,fanagoriawinery,коньяк,конкурс,fanagoriashops,brandy,фотоконкурс,красноеибелое,киб,фанагория,магияфанагории,бренди,,,,,,,,,,,,,,,,,,,,
24,the.sweat.hotel,unsignedartist,indiemusic,rnb,oldschoolrnb,thesweathotel,soulmusic,90shiphop,classicrnb,90srap,explorepage,80srnb,rnbsoul,hiphopmusic,newartist,brandy,upcomingartist,newjackswing,90srnb,rnbsinger,independentartist,kobebryant,unsignedsinger,rnbmusic,hiphopblog,oldschoolrap,rapmusic,indieartist,hiphopsoul,rnbartist,
25,lisalcpes on Instagr,tlc,lefteye,lisalopes,rozondathomas,brandy,chilli,lisalefteyelopes,whitneyhouston,tboz,tionnewatkins,,,,,,,,,,,,,,,,,,,,
26,_thewayitis05_,soul,rnb,hiphopsoul,throwback,hiphop,brandynorwood,keyshiacole,brandy,kcdiamonds,music,rnbsoul,princessofhiphopsoul,,,,,,,,,,,,,,,,,,
27,copperbros,distilling,distil,copper,alcohol,artisan,copperbros,craftsmanship,whiskey,instapic,distillery,gin,craft,essentialoils,moonshine,portugal,work,brandy,copperbrothers,copperstill,hydrosols,,,,,,,,,,
28,90s.history,moesha,usher,1997,90sera,brandy,90s,,,,,,,,,,,,,,,,,,,,,,,,
29,cliosaskia,celebrategoodtimes,soppy,ugh,valentines,,,,,,,,,,,,,,,,,,,,,,,,,,
30,the_good_life.ny,brandy,darroze,drinkporn,colombard,barrelproof,vin,ugniblanc,whiskey,frenchbrandy,darrozearmagnac,distilled,whatidrink,cognac,2000vintage,whisky,cheers,domainedepouteou,2000,gascony,drinkphotography,notwhiskey,openyourbottles,drinks,whiskyphoto,vino,whatsinmyglass,armagnac,caskstregnth,y2k,vintage
31,fung.steve,brandy,champagne,whisky,,,,,,,,,,,,,,,,,,,,,,,,,,,
32,rakija_trnovaca,drink,nature,degustacija,vocnerakije,priroda,trnovaca,promocija,tradicija,rganskovoce,rakijatrnovaca,brandy,iskustvo,,,,,,,,,,,,,,,,,,
33,gmail.com (@shafeers,instamood,me,brand,love,instabrands,louisvuitton,iphonesia,brandymelville,brandonflowers,cocochanel,dolceandgabbana,instagood,branded,brandname,awesome,photooftheday,beautiful,dandg,tbt,tagblender,good,picoftheday,chanel,brandy,brands,brandon,lovely,tweegram,cute,girl
34,cg__dressage,flotte,opdagelse,hyggeligt,brandy,egtvedrideklub,pretty,cute,mylove,horse,,,,,,,,,,,,,,,,,,,,,
35,soaresboard,freeride,roxane,brandy,landyachtz,vistachinesa,wolfshark,sector9,,,,,,,,,,,,,,,,,,,,,,,
36,Null,selfie,style,gujjarsamaj,up,streetphotography,king,followyourdreams,muchlove,followtrain,brandy,follow_me,gurjar_club,motivationmonday,followmenow,,,,,,,,,,,,,,,,
37,koze.clothing,,,,,,,,,,,,,,,,,,,,,,,,,,,,,,
38,awiebabyyy,teenmentalhealth,brandymelville,brandymelvillegirl,mentalhealth,girlpfps,confident,memes,lfl,wholesome,brandy,nichemempngs,aesthetic,fff,cute,selfconfidenc,pngs,png,therapy,nichemempng,nichememes,memepage,f4f,niche,basic,cfc,brandygirl,meme,nichememe,basicwhitegirl,
39,lavenderdvff,,,,,,,,,,,,,,,,,,,,,,,,,,,,,,
40,theconnectionjunkie,,,,,,,,,,,,,,,,,,,,,,,,,,,,,,
41,distilledmagazine,applebrandy,cidre,somersetbrandy,apples,spirits,apéritif,distilledmagazine,england,distilled,pears,ciderbrandy,perry,brandy,pomona,burrowhill,englishcider,instawhisky,westcountry,somerset,cider,calvados,,,,,,,,,
42,natiqueosborne,cognac,brandy,vinho,uva,brandydejerez,conhaque,barrica,repost,jerez,tonéis,barris,charuto,autêntico,brandyosborne,,,,,,,,,,,,,,,,
43,awiebabyyy,brandymelvillegirl,mentalhealth,confident,cfc,nichememes,brandygirl,brandy,basicwhitegirl,aesthetic,teenmentalhealth,memepage,niche,basic,therapy,memes,selfconfidenc,girlpfps,pngs,brandymelville,nichememe,lfl,fff,f4f,wholesome,nichemempng,png,meme,cute,nichemempngs,
44,jamie_t_cain,cognac,bourboncounty,singlemalt,nightsout,whiskygram,whisky,nightmarket,whiskylove,instagram,bourbon,brandy,beer,bourboncountry,bourboncask,bar,bourbonaged,whiskey,scotchsinglemalt,whiskylover,bourbonbar,tequila,singlemaltvault,cigars,singlemaltwhisky,whiskysour,nightwalk,alcohol,singlemaltscotch,whiskytime,bourbonchase
45,john_voice on Instag,gdańsk,brandy,party,friends,bigmirror,wine,elo,selfie,mood,mirror,vodka,,,,,,,,,,,,,,,,,,,
46,blessfulwyatt,,,,,,,,,,,,,,,,,,,,,,,,,,,,,,
47,zucca_p68,napoleon,おっぱじめ,abv40,cognac,finechampagne,古酒ハンター,petitechampagne,courvoisier,grandechampagne,limousinoak,珍酒,brandy,patricepinet,特級従価,,,,,,,,,,,,,,,,
48,domowe.pysznosci,bitasmietana,krupniksłonykarmel,valentines,kawarozpuszczalna,foodporn,whippedcream,karnawal,biscuits,biszkopty,brandy,kakao,saltycaramel,kawa,instagood,krupnik,slonykarmel,dessert,tiramisu,deser,coffe,walentynki,saska,,,,,,,,
49,phigoodmusic,,,,,,,,,,,,,,,,,,,,,,,,,,,,,,
50,guruofspirits,,,,,,,,,,,,,,,,,,,,,,,,,,,,,,
51,lavenderrrsoap,cottonon,niche,queen,acrylics,edgymemes,beautiful,love,2020,famous,aesthetic,happy,tiktok,trendy,80s,trendsetter,trend,strangerthings,l4l,brandy,100,meme,style,f4f,brandymelville,nichememe,egirl,baisc,2019,popular,instagram
52,thewallofmotivation ,beautiful,dolceandgabbana,love,good,brandname,tbt,brand,tagblender,brands,instamood,brandy,iphonesia,photooftheday,tweegram,louisvuitton,me,dandg,chanel,cute,instabrands,lovely,cocochanel,brandymelville,brandonflowers,branded,brandon,instagood,girl,awesome,picoftheday
53,roadtripismydrug,roadies,randyisreal,roadie,roadtripedits,jacklyn,roadtripvlogs,harperdark,andyfowleredits,fovvsreacts,brandy,brooklynwyatt,andyfowler,jackduff,andyfowleredit,jacklynroadtrip,randyroadtriptv,andrewfowler,randy,ryebeaumont,roadtriptv,andyfowler🌵,roadtripedit,brandyisreal,roadtriptvedit,mikeycobban,roadtriptvedits,bronnyisreal,roadtrip,roadtriprandy,sonnyrobertson
54,Null,neverforget,lakers,kobebryant,brandy,mambamentality,realfriends,culturecult™,tbt,ripkobebryant,,,,,,,,,,,,,,,,,,,,,
55,latifahvibes,,,,,,,,,,,,,,,,,,,,,,,,,,,,,,
56,fanagoriawinery,киб,фотоконкурс,fanagoriashops,магияфанагории,красноеибелое,brandy,бренди,конкурс,фанагория,коньяк,,,,,,,,,,,,,,,,,,,,
57,the.sweat.hotel,90srap,soulmusic,indiemusic,brandy,independentartist,rnbsoul,hiphopsoul,newjackswing,unsignedartist,rnbmusic,explorepage,oldschoolrnb,rnbartist,80srnb,rnbsinger,upcomingartist,oldschoolrap,90srnb,newartist,hiphopmusic,classicrnb,unsignedsinger,hiphopblog,rnb,kobebryant,rapmusic,indieartist,90shiphop,thesweathotel,
58,lisalcpes on Instagr,whitneyhouston,brandy,rozondathomas,tboz,lisalefteyelopes,tlc,lefteye,lisalopes,tionnewatkins,chilli,,,,,,,,,,,,,,,,,,,,
59,_thewayitis05_,princessofhiphopsoul,kcdiamonds,hiphop,soul,brandy,brandynorwood,keyshiacole,rnbsoul,rnb,throwback,music,hiphopsoul,,,,,,,,,,,,,,,,,,
60,copperbros,instapic,artisan,work,whiskey,hydrosols,copperbrothers,alcohol,gin,copperstill,portugal,craft,craftsmanship,brandy,copper,distilling,distillery,essentialoils,copperbros,distil,moonshine,,,,,,,,,,
61,90s.history,90s,brandy,usher,90sera,1997,moesha,,,,,,,,,,,,,,,,,,,,,,,,
62,cliosaskia,celebrategoodtimes,ugh,valentines,soppy,,,,,,,,,,,,,,,,,,,,,,,,,,
63,the_good_life.ny,y2k,gascony,darroze,cognac,caskstregnth,2000,frenchbrandy,whatidrink,drinkporn,domainedepouteou,openyourbottles,2000vintage,vino,whiskey,distilled,cheers,whatsinmyglass,ugniblanc,armagnac,whiskyphoto,whisky,vintage,colombard,drinkphotography,drinks,barrelproof,darrozearmagnac,vin,notwhiskey,brandy
64,fung.steve,brandy,whisky,champagne,,,,,,,,,,,,,,,,,,,,,,,,,,,
65,rakija_trnovaca,iskustvo,promocija,degustacija,drink,priroda,nature,rakijatrnovaca,trnovaca,tradicija,vocnerakije,rganskovoce,brandy,,,,,,,,,,,,,,,,,,
66,gmail.com (@shafeers,picoftheday,branded,brandname,good,brand,photooftheday,louisvuitton,tweegram,brandonflowers,lovely,chanel,awesome,cocochanel,iphonesia,instabrands,dandg,tagblender,cute,instagood,tbt,girl,brandy,brandon,dolceandgabbana,beautiful,instamood,brands,love,me,brandymelville
67,cg__dressage,opdagelse,flotte,egtvedrideklub,horse,hyggeligt,cute,mylove,pretty,brandy,,,,,,,,,,,,,,,,,,,,,
68,soaresboard,brandy,freeride,landyachtz,sector9,vistachinesa,roxane,wolfshark,,,,,,,,,,,,,,,,,,,,,,,
69,Null,brandy,follow_me,king,muchlove,up,followtrain,motivationmonday,streetphotography,style,followmenow,selfie,followyourdreams,gujjarsamaj,gurjar_club,,,,,,,,,,,,,,,,
70,koze.clothing,,,,,,,,,,,,,,,,,,,,,,,,,,,,,,
71,awiebabyyy,girlpfps,brandy,wholesome,meme,selfconfidenc,lfl,f4f,memepage,pngs,fff,mentalhealth,png,nichemempngs,niche,basic,nichememe,nichemempng,teenmentalhealth,brandymelville,aesthetic,brandygirl,cfc,cute,confident,therapy,basicwhitegirl,memes,brandymelvillegirl,nichememes,
72,lavenderdvff,,,,,,,,,,,,,,,,,,,,,,,,,,,,,,
73,theconnectionjunkie,,,,,,,,,,,,,,,,,,,,,,,,,,,,,,
74,distilledmagazine,distilled,apples,england,westcountry,brandy,pomona,cidre,applebrandy,apéritif,burrowhill,englishcider,cider,distilledmagazine,somerset,ciderbrandy,instawhisky,pears,perry,calvados,spirits,somersetbrandy,,,,,,,,,
75,natiqueosborne,repost,uva,autêntico,jerez,brandydejerez,brandy,brandyosborne,conhaque,charuto,barris,vinho,barrica,tonéis,cognac,,,,,,,,,,,,,,,,
76,awiebabyyy,cute,teenmentalhealth,memepage,niche,brandy,f4f,wholesome,confident,therapy,basic,cfc,nichemempng,pngs,nichememes,nichemempngs,basicwhitegirl,memes,png,girlpfps,brandymelvillegirl,aesthetic,mentalhealth,nichememe,brandymelville,selfconfidenc,brandygirl,meme,fff,lfl,
77,jamie_t_cain,singlemaltvault,alcohol,whiskylove,singlemalt,nightwalk,singlemaltscotch,nightmarket,singlemaltwhisky,beer,bourbonchase,cigars,brandy,whisky,whiskey,bar,bourboncounty,bourboncask,whiskysour,bourbon,instagram,whiskygram,bourbonbar,cognac,bourboncountry,tequila,scotchsinglemalt,whiskylover,whiskytime,bourbonaged,nightsout
78,john_voice on Instag,elo,vodka,gdańsk,friends,mood,selfie,party,brandy,wine,mirror,bigmirror,,,,,,,,,,,,,,,,,,,
79,blessfulwyatt,,,,,,,,,,,,,,,,,,,,,,,,,,,,,,
80,zucca_p68,特級従価,brandy,courvoisier,珍酒,napoleon,おっぱじめ,grandechampagne,limousinoak,patricepinet,abv40,finechampagne,cognac,古酒ハンター,petitechampagne,,,,,,,,,,,,,,,,
81,domowe.pysznosci,whippedcream,walentynki,coffe,biszkopty,valentines,kawarozpuszczalna,bitasmietana,karnawal,kawa,dessert,slonykarmel,instagood,krupnik,foodporn,biscuits,deser,tiramisu,brandy,krupniksłonykarmel,saska,kakao,saltycaramel,,,,,,,,
82,phigoodmusic,,,,,,,,,,,,,,,,,,,,,,,,,,,,,,
83,guruofspirits,,,,,,,,,,,,,,,,,,,,,,,,,,,,,,
84,lavenderrrsoap,trend,nichememe,l4l,2019,strangerthings,100,aesthetic,80s,queen,acrylics,brandy,niche,famous,meme,trendsetter,beautiful,f4f,love,happy,style,egirl,2020,trendy,tiktok,baisc,brandymelville,edgymemes,popular,cottonon,instagram
85,thewallofmotivation ,girl,brandonflowers,chanel,photooftheday,brand,branded,tweegram,instagood,beautiful,lovely,brandy,instabrands,dolceandgabbana,good,brands,me,cocochanel,tagblender,cute,brandname,instamood,iphonesia,brandymelville,love,tbt,picoftheday,dandg,louisvuitton,brandon,awesome
86,roadtripismydrug,roadtriptvedit,ryebeaumont,jacklyn,mikeycobban,roadtripvlogs,randy,roadtriptvedits,brandyisreal,jackduff,brandy,randyroadtriptv,andyfowler🌵,andyfowleredits,randyisreal,brooklynwyatt,harperdark,roadies,roadtrip,fovvsreacts,roadtripedit,roadtriptv,roadtriprandy,roadtripedits,andyfowleredit,andrewfowler,jacklynroadtrip,bronnyisreal,andyfowler,sonnyrobertson,roadie
87,wisantacruz,2instagood,portraitpage,uoonyou,usa,brandycanada,oftones,expofilm,featurepalette,vzcomood,quietthechaos,exklusiveshot,featuremelea,iosabraids,wlyg,bleachmyfilm,game,haa,sharpenmyfilm,photographyislifee,tangle,mobilemag,ftwotw,brandy,snowisblack,cheadsmagazine,ftmedd,portraitlove,featuremeofh,urbanoutfitters,featuremeseas
88,feelingoftheheart,amazing,sky_lovers,world,quotesoftheday,quotes,inspiration,memed,electronicsignage,displaydevice,skye,sky_brilliance,neonsign,branding,tagwagai,ilovetypography,motivation,funny,brands,brandy,memestagram,neon,branded,signage,,,,,,,
89,paulalorang,brandy,ebscapetown,europeanbartenderschoolcapetown,vanrynsbrandy,capetown,,,,,,,,,,,,,,,,,,,,,,,,,
90,blvck_nail,škoda,fendi,brandy,superb,flex,lui,gucci,drive,,,,,,,,,,,,,,,,,,,,,,
91,jedrzejewska239,dog,tricolor,dogsofinstagram,brandy,mydog,stablelife,boy,myboy,doggy,sweet,dogphotography,photooftheday,beagle,cute,model,beaglesofinstagram,,,,,,,,,,,,,,
92,rakijevinalukic,gastronomija,rakijevinalukic,tradicija,hedonizam,visitserbia,wine,vino,posetisrbiju,tourism,brandy,turizamsrbija,gastronomy,rakija,hedonism,podrumlukic,,,,,,,,,,,,,,,
93,bar.stoned,cognac,cmirabelle,calvados,cocktail,rum,slivovitz,whiskey,brandy,bar,winelover,vodka,bourbon,whisky,armagnac,grappa,applejack,mar,infusion,singlemalt,gin,mixology,kirsch,book,tequila,,,,,,
94,thenishandas,marketingestrategico,marketing101,branddesign,branding,brandreppin,branddevelopment,marketinglife,brandy,brandingagency,,,,,,,,,,,,,,,,,,,,,
95,aesth.outfitz,softaesthetic,aestheticedits,90sbaby,vintagedress,softgrungeaesthetic,grungeaesthetics,aesthetic,clothes,vintageclothing,90saesthetic,vintage,outfits,brandymelville,grungefashion,90sfashion,brandy,longskirt,90s,skirt,vintageoutfits,softvintageaesthetic,vintagestyle,aestheticoutfits,,,,,,,
96,junko.co.jp,potate,hennessy,brandy,afterdinner,,,,,,,,,,,,,,,,,,,,,,,,,,
97,Null,cover,danielceaser,rnb,singing,loveagain,brandy,soul,,,,,,,,,,,,,,,,,,,,,,,
98,onyinye_pinky,,,,,,,,,,,,,,,,,,,,,,,,,,,,,,
99,Null,tbt,kobebryant,mambamentality,neverforget,culturecult™,lakers,brandy,realfriends,ripkobebryant,,,,,,,,,,,,,,,,,,,,,
100,latifahvibes,,,,,,,,,,,,,,,,,,,,,,,,,,,,,,
101,fanagoriawinery,фанагория,фотоконкурс,fanagoriashops,brandy,красноеибелое,магияфанагории,коньяк,бренди,киб,конкурс,,,,,,,,,,,,,,,,,,,,
102,the.sweat.hotel,80srnb,rnbartist,hiphopmusic,classicrnb,upcomingartist,rnbsoul,unsignedartist,unsignedsinger,rnb,oldschoolrap,brandy,90shiphop,newartist,thesweathotel,independentartist,oldschoolrnb,90srnb,rapmusic,90srap,indieartist,hiphopsoul,rnbsinger,hiphopblog,explorepage,newjackswing,soulmusic,kobebryant,indiemusic,rnbmusic,
103,lisalcpes on Instagr,lisalopes,lisalefteyelopes,tlc,lefteye,tboz,whitneyhouston,rozondathomas,chilli,brandy,tionnewatkins,,,,,,,,,,,,,,,,,,,,
104,_thewayitis05_,rnb,hiphop,throwback,brandy,brandynorwood,soul,hiphopsoul,music,rnbsoul,keyshiacole,princessofhiphopsoul,kcdiamonds,,,,,,,,,,,,,,,,,,
105,copperbros,gin,distil,moonshine,distillery,copperbrothers,brandy,work,copperbros,hydrosols,craftsmanship,copperstill,instapic,distilling,alcohol,craft,copper,essentialoils,artisan,whiskey,portugal,,,,,,,,,,
106,90s.history,moesha,brandy,90s,90sera,usher,1997,,,,,,,,,,,,,,,,,,,,,,,,
107,cliosaskia,valentines,celebrategoodtimes,ugh,soppy,,,,,,,,,,,,,,,,,,,,,,,,,,
108,Null,gurjar_club,gujjarsamaj,streetphotography,followtrain,style,followyourdreams,muchlove,king,up,follow_me,motivationmonday,selfie,followmenow,brandy,,,,,,,,,,,,,,,,
109,koze.clothing,,,,,,,,,,,,,,,,,,,,,,,,,,,,,,
110,awiebabyyy,meme,confident,fff,memepage,nichememe,pngs,wholesome,mentalhealth,basicwhitegirl,teenmentalhealth,brandymelville,lfl,png,f4f,brandymelvillegirl,selfconfidenc,nichemempng,aesthetic,nichemempngs,nichememes,cfc,cute,brandy,basic,niche,brandygirl,memes,girlpfps,therapy,
111,lavenderdvff,,,,,,,,,,,,,,,,,,,,,,,,,,,,,,
112,theconnectionjunkie,,,,,,,,,,,,,,,,,,,,,,,,,,,,,,
113,distilledmagazine,cidre,westcountry,applebrandy,brandy,cider,ciderbrandy,pears,calvados,england,pomona,englishcider,somerset,distilledmagazine,spirits,burrowhill,somersetbrandy,apéritif,perry,instawhisky,apples,distilled,,,,,,,,,
114,natiqueosborne,repost,autêntico,tonéis,conhaque,cognac,barris,vinho,uva,brandyosborne,jerez,brandydejerez,charuto,brandy,barrica,,,,,,,,,,,,,,,,
115,awiebabyyy,therapy,lfl,mentalhealth,cfc,brandymelville,meme,nichememe,memes,fff,niche,aesthetic,brandy,nichemempngs,teenmentalhealth,nichemempng,basicwhitegirl,memepage,girlpfps,png,confident,pngs,brandygirl,cute,f4f,basic,brandymelvillegirl,selfconfidenc,nichememes,wholesome,
116,jamie_t_cain,bar,whiskylove,whisky,whiskey,singlemalt,beer,cigars,whiskylover,instagram,tequila,singlemaltscotch,whiskysour,bourbonaged,brandy,bourbon,cognac,nightmarket,nightwalk,bourbonbar,alcohol,nightsout,singlemaltwhisky,bourboncounty,whiskygram,scotchsinglemalt,whiskytime,bourboncountry,bourbonchase,singlemaltvault,bourboncask
117,john_voice on Instag,gdańsk,vodka,mood,selfie,elo,brandy,bigmirror,party,friends,mirror,wine,,,,,,,,,,,,,,,,,,,
118,blessfulwyatt,,,,,,,,,,,,,,,,,,,,,,,,,,,,,,
119,zucca_p68,cognac,brandy,特級従価,petitechampagne,古酒ハンター,napoleon,grandechampagne,limousinoak,珍酒,おっぱじめ,patricepinet,courvoisier,finechampagne,abv40,,,,,,,,,,,,,,,,
120,domowe.pysznosci,walentynki,krupniksłonykarmel,foodporn,krupnik,biszkopty,kawa,biscuits,deser,brandy,coffe,kawarozpuszczalna,bitasmietana,dessert,tiramisu,karnawal,kakao,whippedcream,slonykarmel,saltycaramel,valentines,saska,instagood,,,,,,,,
121,phigoodmusic,,,,,,,,,,,,,,,,,,,,,,,,,,,,,,
122,guruofspirits,,,,,,,,,,,,,,,,,,,,,,,,,,,,,,
123,lavenderrrsoap,love,happy,100,popular,edgymemes,niche,brandy,style,tiktok,aesthetic,baisc,trend,2019,2020,strangerthings,80s,beautiful,l4l,instagram,famous,queen,nichememe,acrylics,trendy,brandymelville,f4f,trendsetter,meme,cottonon,egirl
124,thewallofmotivation ,picoftheday,instamood,girl,love,chanel,tweegram,photooftheday,brandname,dandg,tagblender,cocochanel,cute,brandon,brandymelville,louisvuitton,brandy,instagood,brandonflowers,good,dolceandgabbana,lovely,me,branded,brand,awesome,brands,instabrands,iphonesia,beautiful,tbt
125,roadtripismydrug,sonnyrobertson,fovvsreacts,jacklynroadtrip,randy,brandy,ryebeaumont,roadtripedits,roadtripvlogs,roadie,andrewfowler,randyroadtriptv,harperdark,roadtriprandy,andyfowleredits,brooklynwyatt,andyfowleredit,randyisreal,mikeycobban,brandyisreal,jacklyn,roadtriptvedits,andyfowler🌵,roadtriptvedit,roadies,roadtrip,jackduff,andyfowler,roadtriptv,roadtripedit,bronnyisreal
126,wisantacruz,2instagood,game,photographyislifee,wlyg,brandy,brandycanada,portraitlove,iosabraids,quietthechaos,ftwotw,bleachmyfilm,portraitpage,expofilm,mobilemag,featurepalette,featuremeofh,usa,featuremelea,cheadsmagazine,uoonyou,exklusiveshot,featuremeseas,oftones,vzcomood,urbanoutfitters,tangle,ftmedd,sharpenmyfilm,haa,snowisblack
127,feelingoftheheart,inspiration,displaydevice,neon,tagwagai,world,sky_brilliance,motivation,quotes,skye,sky_lovers,memed,brands,branding,branded,memestagram,quotesoftheday,electronicsignage,neonsign,ilovetypography,amazing,brandy,signage,funny,,,,,,,
128,paulalorang,vanrynsbrandy,europeanbartenderschoolcapetown,capetown,brandy,ebscapetown,,,,,,,,,,,,,,,,,,,,,,,,,
129,blvck_nail,fendi,drive,gucci,superb,lui,škoda,brandy,flex,,,,,,,,,,,,,,,,,,,,,,
130,jedrzejewska239,doggy,brandy,dogsofinstagram,mydog,stablelife,beagle,dogphotography,cute,dog,tricolor,photooftheday,beaglesofinstagram,model,boy,sweet,myboy,,,,,,,,,,,,,,
131,rakijevinalukic,podrumlukic,rakija,turizamsrbija,visitserbia,gastronomy,vino,gastronomija,posetisrbiju,wine,rakijevinalukic,hedonizam,hedonism,tradicija,tourism,brandy,,,,,,,,,,,,,,,
132,bar.stoned,brandy,infusion,slivovitz,bourbon,mar,vodka,grappa,book,cognac,singlemalt,kirsch,cocktail,bar,winelover,armagnac,rum,cmirabelle,mixology,whiskey,tequila,applejack,calvados,gin,whisky,,,,,,
133,thenishandas,brandreppin,marketinglife,brandingagency,brandy,branding,branddevelopment,marketingestrategico,marketing101,branddesign,,,,,,,,,,,,,,,,,,,,,
134,aesth.outfitz,clothes,grungefashion,softvintageaesthetic,90saesthetic,softgrungeaesthetic,90s,90sbaby,grungeaesthetics,vintageclothing,vintageoutfits,90sfashion,outfits,aestheticedits,softaesthetic,aestheticoutfits,vintage,brandy,brandymelville,vintagestyle,aesthetic,longskirt,skirt,vintagedress,,,,,,,
135,junko.co.jp,brandy,potate,hennessy,afterdinner,,,,,,,,,,,,,,,,,,,,,,,,,,
136,Null,cover,rnb,brandy,loveagain,soul,singing,danielceaser,,,,,,,,,,,,,,,,,,,,,,,
137,onyinye_pinky,,,,,,,,,,,,,,,,,,,,,,,,,,,,,,
138,antherspirits,supportaustraliancraftdistillers,whisky,beer,futureisfemale,gin,foodie,nipofcourage,women,wine,brandy,sydney,repost,newtown,bloodwood,womenofaustraliandistilling,iwd2020,lunch,internationalwomensday,woman,eventbrite,internationalwomensday2020,,,,,,,,,
139,photos_by_eugene_b_s,photos,nikonphotography,closeup,brandy,nikon,photos_by_eugene_b_sov,object,likeforfollow,zhytomyr,background,shutterstock,likeforlikes,nikonnofilter,alcohol,red,cards,glass,nikond3200,ukraine,drink,followforlike,black,reflection,food,,,,,,
140,strife_delivery_serv,ニーアオートマタ,りんご,fresh,フルーツ,林檎,oven,brandy,果物,イヴ,リンゴ,eve,おやつ,兄弟,brother,アダム,fruit,nier,rum,nierautomata,adam,オーブン,apple,,,,,,,,
141,selectivehearingoffi,,,,,,,,,,,,,,,,,,,,,,,,,,,,,,
142,annahates_,,,,,,,,,,,,,,,,,,,,,,,,,,,,,,
143,cashonlybarprague,lemon,brandy,jasmine,cashonlybar,cocktail,cocktails,bar,hotdogs,drinks,czechrepublic,prague,pear,minimalism,cashonlybarprague,winter,hemingwaybarprague,greantea,tasty,delicious,cocktailmenu,mixology,champagne,wood,fresh,,,,,,
144,children.boutique.ks,brands,مواليد,brandon,photooftheday,موسكينو,louisvuitton,brandy,brandymelville,instabrands,مدس,اقنر,فساتين,chanel,brandname,فساتين_اطفال,brand,ديور,اقنر💯,ملابس_بنات,مدسات,فندي,خدج,براند,aigner,tweegram,awesome,تومي_هيلفيقر,aignerkids,tbt,
145,children.boutique.ks,aigner_kids,اقنر,خدج,ملابس_بنات,brandy,مواليد,مدسات,photooftheday,اقنر💯,brands,brandymelville,فساتين,brandname,tbt,brandon,chanel,مدس,فساتين_اطفال,awesome,فندي,instabrands,تومي_هيلفيقر,براند,موسكينو,louisvuitton,tweegram,brand,ديور,aigner,
146,scubajono,cocktails,brandy,chilling,bar,dayoff,holiday,hotelbar,cocktail,brandyalexander,drinks,,,,,,,,,,,,,,,,,,,,
147,children.boutique.ks,فساتين_اطفال,تومي_هيلفيقر,اقنر_اطفال,خدج,brands,براند,اقنر,فساتين,aigner_kids,tbt,ملابس_بنات,aigner,awesome,موسكينو,فندي,مواليد,photooftheday,ديور,مدس,مدسات,brandname,brand,instabrands,brandon,brandy,brandymelville,tweegram,louisvuitton,chanel,
148,fovvvstrip,,,,,,,,,,,,,,,,,,,,,,,,,,,,,,
149,newkgofficial,,,,,,,,,,,,,,,,,,,,,,,,,,,,,,
150,Null,neverforget,tbt,lakers,realfriends,culturecult™,mambamentality,kobebryant,ripkobebryant,brandy,,,,,,,,,,,,,,,,,,,,,
151,latifahvibes,,,,,,,,,,,,,,,,,,,,,,,,,,,,,,
152,fanagoriawinery,коньяк,fanagoriashops,магияфанагории,фанагория,brandy,бренди,фотоконкурс,конкурс,киб,красноеибелое,,,,,,,,,,,,,,,,,,,,
153,the.sweat.hotel,indiemusic,90srap,unsignedartist,classicrnb,oldschoolrap,rnbsoul,rnb,soulmusic,kobebryant,upcomingartist,hiphopsoul,explorepage,rnbartist,hiphopmusic,rnbsinger,newjackswing,90srnb,unsignedsinger,oldschoolrnb,thesweathotel,80srnb,hiphopblog,brandy,newartist,indieartist,rapmusic,90shiphop,independentartist,rnbmusic,
154,lisalcpes on Instagr,lisalefteyelopes,lefteye,tionnewatkins,rozondathomas,whitneyhouston,brandy,tlc,lisalopes,chilli,tboz,,,,,,,,,,,,,,,,,,,,
155,_thewayitis05_,rnbsoul,throwback,music,brandy,hiphop,soul,rnb,kcdiamonds,hiphopsoul,keyshiacole,brandynorwood,princessofhiphopsoul,,,,,,,,,,,,,,,,,,
156,copperbros,distillery,hydrosols,brandy,artisan,copperbros,craft,distil,copperbrothers,instapic,alcohol,craftsmanship,essentialoils,moonshine,copper,copperstill,work,gin,whiskey,portugal,distilling,,,,,,,,,,
157,90s.history,90sera,moesha,1997,usher,90s,brandy,,,,,,,,,,,,,,,,,,,,,,,,
158,cliosaskia,celebrategoodtimes,soppy,ugh,valentines,,,,,,,,,,,,,,,,,,,,,,,,,,
159,domowe.pysznosci,karnawal,biszkopty,saska,deser,kawa,instagood,kakao,dessert,foodporn,coffe,walentynki,slonykarmel,saltycaramel,biscuits,bitasmietana,kawarozpuszczalna,whippedcream,krupnik,valentines,brandy,krupniksłonykarmel,tiramisu,,,,,,,,
160,phigoodmusic,,,,,,,,,,,,,,,,,,,,,,,,,,,,,,
161,guruofspirits,,,,,,,,,,,,,,,,,,,,,,,,,,,,,,
162,lavenderrrsoap,famous,edgymemes,egirl,beautiful,niche,love,tiktok,cottonon,trendsetter,acrylics,brandymelville,80s,l4l,style,instagram,queen,trendy,baisc,2020,aesthetic,f4f,strangerthings,happy,meme,popular,100,brandy,trend,2019,nichememe
163,thewallofmotivation ,iphonesia,brandname,tagblender,instamood,cocochanel,dolceandgabbana,lovely,good,brandymelville,cute,branded,photooftheday,brand,instabrands,brandy,dandg,brandonflowers,louisvuitton,awesome,beautiful,me,picoftheday,love,girl,brands,tweegram,instagood,tbt,brandon,chanel
164,roadtripismydrug,roadtripvlogs,roadtriptvedits,harperdark,andyfowler,randyisreal,randyroadtriptv,jacklynroadtrip,sonnyrobertson,roadie,mikeycobban,jacklyn,ryebeaumont,fovvsreacts,roadies,roadtriprandy,bronnyisreal,roadtripedit,roadtripedits,brooklynwyatt,jackduff,andyfowleredits,brandyisreal,brandy,roadtrip,randy,andyfowler🌵,andrewfowler,roadtriptv,roadtriptvedit,andyfowleredit
165,wisantacruz,brandycanada,featurepalette,game,cheadsmagazine,featuremelea,bleachmyfilm,quietthechaos,featuremeofh,usa,portraitlove,sharpenmyfilm,urbanoutfitters,featuremeseas,oftones,uoonyou,wlyg,brandy,vzcomood,ftwotw,tangle,photographyislifee,haa,mobilemag,ftmedd,iosabraids,2instagood,snowisblack,expofilm,portraitpage,exklusiveshot
166,feelingoftheheart,neon,sky_brilliance,memestagram,displaydevice,world,neonsign,tagwagai,brands,funny,quotes,ilovetypography,quotesoftheday,branded,electronicsignage,amazing,motivation,branding,memed,signage,sky_lovers,brandy,inspiration,skye,,,,,,,
167,paulalorang,brandy,europeanbartenderschoolcapetown,ebscapetown,vanrynsbrandy,capetown,,,,,,,,,,,,,,,,,,,,,,,,,
168,blvck_nail,lui,superb,škoda,flex,drive,fendi,brandy,gucci,,,,,,,,,,,,,,,,,,,,,,
169,jedrzejewska239,dogsofinstagram,beagle,sweet,mydog,beaglesofinstagram,photooftheday,model,tricolor,doggy,stablelife,dogphotography,myboy,cute,brandy,boy,dog,,,,,,,,,,,,,,
170,rakijevinalukic,hedonizam,rakija,rakijevinalukic,brandy,vino,tourism,turizamsrbija,gastronomija,tradicija,gastronomy,posetisrbiju,wine,hedonism,podrumlukic,visitserbia,,,,,,,,,,,,,,,
171,bar.stoned,brandy,kirsch,whisky,book,vodka,bourbon,singlemalt,rum,bar,winelover,cocktail,infusion,applejack,whiskey,grappa,cognac,mixology,cmirabelle,slivovitz,armagnac,mar,calvados,gin,tequila,,,,,,
172,thenishandas,brandreppin,brandy,branding,marketingestrategico,marketing101,marketinglife,branddesign,branddevelopment,brandingagency,,,,,,,,,,,,,,,,,,,,,
173,aesth.outfitz,90saesthetic,softvintageaesthetic,skirt,vintageoutfits,grungeaesthetics,clothes,vintageclothing,longskirt,softgrungeaesthetic,softaesthetic,vintagedress,90sbaby,outfits,vintagestyle,grungefashion,aestheticoutfits,brandy,vintage,brandymelville,90sfashion,aestheticedits,aesthetic,90s,,,,,,,
174,junko.co.jp,hennessy,brandy,afterdinner,potate,,,,,,,,,,,,,,,,,,,,,,,,,,
175,Null,brandy,loveagain,danielceaser,singing,cover,rnb,soul,,,,,,,,,,,,,,,,,,,,,,,
176,onyinye_pinky,,,,,,,,,,,,,,,,,,,,,,,,,,,,,,
177,antherspirits,iwd2020,supportaustraliancraftdistillers,internationalwomensday2020,gin,sydney,nipofcourage,lunch,foodie,eventbrite,internationalwomensday,beer,wine,brandy,repost,women,whisky,newtown,futureisfemale,woman,bloodwood,womenofaustraliandistilling,,,,,,,,,
178,photos_by_eugene_b_s,closeup,nikond3200,black,background,followforlike,object,brandy,reflection,likeforlikes,cards,glass,nikonnofilter,nikonphotography,photos,food,red,nikon,shutterstock,drink,likeforfollow,ukraine,zhytomyr,alcohol,photos_by_eugene_b_sov,,,,,,
179,strife_delivery_serv,apple,adam,fruit,オーブン,果物,rum,eve,フルーツ,fresh,アダム,brandy,brother,oven,りんご,イヴ,兄弟,おやつ,nier,リンゴ,nierautomata,ニーアオートマタ,林檎,,,,,,,,
180,selectivehearingoffi,,,,,,,,,,,,,,,,,,,,,,,,,,,,,,
181,annahates_,,,,,,,,,,,,,,,,,,,,,,,,,,,,,,
182,cashonlybarprague,cocktailmenu,delicious,minimalism,greantea,cocktail,wood,czechrepublic,tasty,hemingwaybarprague,cocktails,brandy,hotdogs,drinks,pear,fresh,prague,mixology,jasmine,cashonlybarprague,lemon,champagne,winter,bar,cashonlybar,,,,,,
183,children.boutique.ks,تومي_هيلفيقر,مدسات,aignerkids,اقنر,brandymelville,brandy,tweegram,chanel,ديور,اقنر💯,فساتين_اطفال,aigner,فساتين,ملابس_بنات,مواليد,براند,photooftheday,مدس,tbt,brands,موسكينو,brandname,awesome,brand,خدج,louisvuitton,فندي,instabrands,brandon,
184,children.boutique.ks,مدس,موسكينو,brands,ملابس_بنات,براند,brandname,louisvuitton,photooftheday,brand,مواليد,tbt,مدسات,اقنر,brandy,aigner_kids,خدج,awesome,تومي_هيلفيقر,فندي,aigner,instabrands,tweegram,فساتين_اطفال,فساتين,chanel,brandymelville,اقنر💯,ديور,brandon,
185,scubajono,cocktails,holiday,dayoff,chilling,bar,drinks,brandyalexander,cocktail,hotelbar,brandy,,,,,,,,,,,,,,,,,,,,
186,children.boutique.ks,اقنر_اطفال,aigner,instabrands,brandy,photooftheday,brandname,louisvuitton,awesome,تومي_هيلفيقر,مدسات,خدج,ديور,aigner_kids,tbt,فساتين_اطفال,براند,موسكينو,مواليد,brandymelville,brands,tweegram,brand,ملابس_بنات,chanel,اقنر,فساتين,فندي,مدس,brandon,
187,fovvvstrip,,,,,,,,,,,,,,,,,,,,,,,,,,,,,,
188,newkgofficial,,,,,,,,,,,,,,,,,,,,,,,,,,,,,,
189,fovvvstrip,,,,,,,,,,,,,,,,,,,,,,,,,,,,,,
190,kozukichisanjou,甘酸っぱさ,タイプ,リンゴ,カルヴァドス,brandy,ブランデー,apple,,,,,,,,,,,,,,,,,,,,,,,
191,outfitx.inspo,clothingbrand,brandy,newlook,ootdinspiration,trendy,clothing,brandymelville,inspo,outfitinspo,ootd,urbanoutfitters,outfitinspiration,bershka,outfits,style,pullandbear,fur,fits,outfitoftheday,topshop,clothes,,,,,,,,,
192,nick86m,brandy,40thbirthday,patron,northampton,goodnight,40andfabulous,music,bar,shots,sourapple,birthday,40,photobooth,cousins,hungover,sours,gin,cafepatron,branberry,patrontequila,hanging,dj,,,,,,,,
193,roady.trip,rylyn,rye,ryebeaumont🐝,handy,sonny,harplyn,newchapter,andy,sandy,harper,end,sonnyrobertson☀️,harperdark🦁,roadtriptv,brook,brandy,randy,andyfowler🌵,brooklynwyatt🙈,birthday,,,,,,,,,,
194,werner.vanrensburg,brandy,sundaydrinks,brandewyn,rustig,,,,,,,,,,,,,,,,,,,,,,,,,,
195,incucinaconromina,delizieinpentola,brandy,secondipiatti,gamberonilardellati,pesce,gamberoni,gamberi,,,,,,,,,,,,,,,,,,,,,,,
196,time.fortrend,india,fashionmodel,dresses,guys,shoesforsale,punjabikuddi,wrangler,shoes,reasonableprice,comfortablefashion,clothes,yellowshoes,puma,brandy,shoeloversclub,for,shoesaddict,shirts,bestcasualoutfit,timefortrend,indianoutfits,trending,resellers,fashionblogger,shoeporn,brandambassador,shoelover,shopping,bestqualityproducts,clothingbrand
197,time.fortrend,guys,bestqualityproducts,reasonableprice,wrangler,dresses,hoddiemurah,punjabikuddi,brandy,hoddies,resellers,comfortablefashion,fashionmodel,fashionblogger,clothes,brandambassador,hoddieseason,indianoutfits,bestcasualoutfit,puma,shopping,trending,india,hoodiestyle,timefortrend,clothingbrand,shirts,,,,
198,time.fortrend,bestcasualoutfit,shirts,fashinova,india,puma,clothingbrand,fashionmodel,fashionblogger,reasonableprice,punjabikuddi,fashiondesigner,timefortrend,comfortablefashion,bestqualityproducts,watchcollector,brandy,trending,resellers,indianoutfits,fashionista,wrangler,brandambassador,watches,dresses,guys,shopping,clothes,girlswatches,,
199,moco.moco.bear,,,,,,,,,,,,,,,,,,,,,,,,,,,,,,
200,time.fortrend,resellers,bestqualityproducts,brandy,fashionblogger,brands,bestcasualoutfit,louisiana,puma,wrangler,indianoutfits,brandedmurah,india,louisphillipe,clothes,trending,clothingbrand,comfortablefashion,shopping,guys,shirts,timefortrend,punjabikuddi,reasonableprice,dresses,fashionmodel,brandambassador,,,,
201,Null,brandy,ripkobebryant,culturecult™,realfriends,mambamentality,tbt,kobebryant,neverforget,lakers,,,,,,,,,,,,,,,,,,,,,
202,latifahvibes,,,,,,,,,,,,,,,,,,,,,,,,,,,,,,
203,fanagoriawinery,фотоконкурс,бренди,brandy,киб,коньяк,fanagoriashops,конкурс,фанагория,магияфанагории,красноеибелое,,,,,,,,,,,,,,,,,,,,
204,the.sweat.hotel,indiemusic,unsignedsinger,hiphopblog,newartist,oldschoolrnb,independentartist,newjackswing,80srnb,90shiphop,kobebryant,thesweathotel,rnbmusic,unsignedartist,hiphopmusic,upcomingartist,rnbsinger,indieartist,soulmusic,oldschoolrap,90srap,hiphopsoul,rnbsoul,rapmusic,explorepage,brandy,classicrnb,90srnb,rnb,rnbartist,
205,lisalcpes on Instagr,tboz,lisalefteyelopes,tionnewatkins,rozondathomas,chilli,tlc,brandy,lefteye,lisalopes,whitneyhouston,,,,,,,,,,,,,,,,,,,,
206,_thewayitis05_,hiphopsoul,brandynorwood,brandy,rnbsoul,soul,rnb,kcdiamonds,throwback,music,princessofhiphopsoul,hiphop,keyshiacole,,,,,,,,,,,,,,,,,,
207,copperbros,whiskey,artisan,portugal,alcohol,distillery,copperbros,work,brandy,craft,essentialoils,gin,distilling,instapic,copperbrothers,hydrosols,craftsmanship,distil,copperstill,moonshine,copper,,,,,,,,,,
208,90s.history,90s,1997,moesha,brandy,90sera,usher,,,,,,,,,,,,,,,,,,,,,,,,
209,cliosaskia,ugh,valentines,soppy,celebrategoodtimes,,,,,,,,,,,,,,,,,,,,,,,,,,
210,bar.stoned,gin,singlemalt,brandy,armagnac,applejack,vodka,infusion,whisky,winelover,cocktail,cmirabelle,kirsch,cognac,rum,bar,whiskey,mixology,calvados,mar,grappa,tequila,slivovitz,bourbon,book,,,,,,
211,thenishandas,brandreppin,branddevelopment,marketing101,marketinglife,marketingestrategico,branddesign,brandingagency,brandy,branding,,,,,,,,,,,,,,,,,,,,,
212,aesth.outfitz,longskirt,90sfashion,aestheticoutfits,outfits,90saesthetic,90sbaby,aesthetic,vintage,90s,grungefashion,brandymelville,clothes,brandy,grungeaesthetics,softgrungeaesthetic,skirt,vintagestyle,softvintageaesthetic,aestheticedits,vintageoutfits,softaesthetic,vintageclothing,vintagedress,,,,,,,
213,junko.co.jp,brandy,potate,hennessy,afterdinner,,,,,,,,,,,,,,,,,,,,,,,,,,
214,Null,danielceaser,cover,brandy,rnb,singing,soul,loveagain,,,,,,,,,,,,,,,,,,,,,,,
215,onyinye_pinky,,,,,,,,,,,,,,,,,,,,,,,,,,,,,,
216,antherspirits,whisky,bloodwood,wine,lunch,brandy,womenofaustraliandistilling,gin,sydney,eventbrite,internationalwomensday,nipofcourage,internationalwomensday2020,women,repost,supportaustraliancraftdistillers,futureisfemale,beer,foodie,iwd2020,woman,newtown,,,,,,,,,
217,photos_by_eugene_b_s,photos,red,nikon,likeforfollow,nikond3200,likeforlikes,closeup,cards,shutterstock,reflection,background,nikonnofilter,nikonphotography,photos_by_eugene_b_sov,ukraine,brandy,drink,object,alcohol,glass,zhytomyr,followforlike,black,food,,,,,,
218,strife_delivery_serv,rum,brother,apple,fruit,eve,オーブン,brandy,りんご,林檎,oven,兄弟,nier,ニーアオートマタ,フルーツ,adam,イヴ,fresh,果物,リンゴ,アダム,nierautomata,おやつ,,,,,,,,
219,selectivehearingoffi,,,,,,,,,,,,,,,,,,,,,,,,,,,,,,
220,annahates_,,,,,,,,,,,,,,,,,,,,,,,,,,,,,,
221,cashonlybarprague,czechrepublic,cocktails,wood,hemingwaybarprague,cocktail,delicious,bar,hotdogs,fresh,cocktailmenu,lemon,jasmine,cashonlybar,tasty,minimalism,greantea,champagne,mixology,brandy,prague,winter,drinks,cashonlybarprague,pear,,,,,,
222,children.boutique.ks,instabrands,awesome,brand,brands,ملابس_بنات,photooftheday,chanel,brandymelville,اقنر,ديور,aignerkids,فساتين,مواليد,اقنر💯,تومي_هيلفيقر,brandy,موسكينو,مدسات,louisvuitton,فندي,tbt,فساتين_اطفال,brandon,brandname,aigner,براند,خدج,مدس,tweegram,
223,children.boutique.ks,brandname,مدسات,louisvuitton,فساتين_اطفال,awesome,brandon,brandy,tbt,اقنر,فساتين,instabrands,مدس,خدج,براند,اقنر💯,photooftheday,ديور,فندي,chanel,مواليد,ملابس_بنات,tweegram,brandymelville,موسكينو,تومي_هيلفيقر,brands,aigner_kids,brand,aigner,
224,scubajono,dayoff,chilling,cocktails,cocktail,brandyalexander,bar,brandy,drinks,hotelbar,holiday,,,,,,,,,,,,,,,,,,,,
225,children.boutique.ks,مواليد,موسكينو,brandymelville,براند,ملابس_بنات,ديور,فساتين_اطفال,brandy,brands,photooftheday,brand,brandon,tbt,فساتين,awesome,اقنر_اطفال,تومي_هيلفيقر,اقنر,chanel,brandname,فندي,aigner,مدس,مدسات,louisvuitton,tweegram,aigner_kids,خدج,instabrands,
226,fovvvstrip,,,,,,,,,,,,,,,,,,,,,,,,,,,,,,
227,newkgofficial,,,,,,,,,,,,,,,,,,,,,,,,,,,,,,
228,fovvvstrip,,,,,,,,,,,,,,,,,,,,,,,,,,,,,,
229,kozukichisanjou,リンゴ,タイプ,カルヴァドス,甘酸っぱさ,apple,ブランデー,brandy,,,,,,,,,,,,,,,,,,,,,,,
230,outfitx.inspo,brandy,brandymelville,topshop,fits,outfitinspo,clothing,ootdinspiration,inspo,clothes,trendy,urbanoutfitters,ootd,fur,outfitoftheday,bershka,clothingbrand,outfitinspiration,pullandbear,style,newlook,outfits,,,,,,,,,
231,nick86m,goodnight,dj,sours,cafepatron,40thbirthday,branberry,photobooth,patron,shots,brandy,bar,hungover,40,gin,cousins,hanging,sourapple,music,patrontequila,northampton,40andfabulous,birthday,,,,,,,,
232,roady.trip,brook,rylyn,end,newchapter,andyfowler🌵,brandy,andy,handy,brooklynwyatt🙈,ryebeaumont🐝,harper,sandy,birthday,harperdark🦁,harplyn,rye,roadtriptv,randy,sonnyrobertson☀️,sonny,,,,,,,,,,
233,werner.vanrensburg,brandewyn,rustig,brandy,sundaydrinks,,,,,,,,,,,,,,,,,,,,,,,,,,
234,incucinaconromina,brandy,delizieinpentola,gamberi,pesce,secondipiatti,gamberonilardellati,gamberoni,,,,,,,,,,,,,,,,,,,,,,,
235,time.fortrend,bestcasualoutfit,brandambassador,wrangler,shoeloversclub,bestqualityproducts,puma,shoelover,clothes,shirts,trending,brandy,shoeporn,india,timefortrend,shoes,yellowshoes,resellers,reasonableprice,clothingbrand,shoesforsale,fashionmodel,indianoutfits,comfortablefashion,punjabikuddi,shoesaddict,guys,for,dresses,shopping,fashionblogger
236,time.fortrend,brandambassador,shirts,wrangler,clothes,hoddieseason,india,shopping,guys,hoodiestyle,punjabikuddi,bestcasualoutfit,hoddiemurah,indianoutfits,trending,clothingbrand,hoddies,dresses,puma,brandy,comfortablefashion,resellers,timefortrend,bestqualityproducts,reasonableprice,fashionmodel,fashionblogger,,,,
237,time.fortrend,fashinova,comfortablefashion,girlswatches,wrangler,punjabikuddi,dresses,brandambassador,indianoutfits,bestqualityproducts,fashionmodel,clothingbrand,brandy,puma,watchcollector,fashionblogger,guys,clothes,india,shopping,fashionista,shirts,watches,reasonableprice,bestcasualoutfit,fashiondesigner,resellers,timefortrend,trending,,
238,moco.moco.bear,,,,,,,,,,,,,,,,,,,,,,,,,,,,,,
239,time.fortrend,timefortrend,comfortablefashion,fashionmodel,shirts,indianoutfits,brandedmurah,louisiana,shopping,brands,bestcasualoutfit,bestqualityproducts,guys,clothes,puma,reasonableprice,fashionblogger,punjabikuddi,brandambassador,india,brandy,wrangler,dresses,resellers,clothingbrand,louisphillipe,trending,,,,
240,time.fortrend,guys,brandambassador,comfortablefashion,shopping,sareeinspiration,indianapolis,trending,sareelovers,clothes,brandy,fashionmodel,indian,shirts,sareeblousedesigns,saree,timefortrend,bestqualityproducts,indianoutfits,punjabikuddi,clothingbrand,resellers,reasonableprice,sareedraping,bestcasualoutfit,india,fashionblogger,dresses,puma,sariindia,wrangler
241,seasonal_bar_716,鶴巻町なないろ,liqueur,brandy,早稲田,バレンタイン手作り,早稲田鶴巻町,chocolate,江戸川橋,bar7i6,ワセエド,神楽坂,手作りマフィン,カラースプレーチョコ,valentine,,,,,,,,,,,,,,,,
242,ryee.pie,harperdark🐻,honny,andyfowler🌵,ryebeaumont🐝,bronny,sonny,harperdark,ryebeaumont,harper,roadie,brooklyn,handy,rylyn,ryan,andyfowler,roadies,rye,harplyn,brooklynwyatt,andy,sonnyrobertson☀️,brooklynwyatt🙈,brandy,randy,randyisreal,sonnyrobertson,,,,
243,ryee.pie,roadie,randyisreal,rye,ryebeaumont,brooklyn,randy,harper,handy,bronny,harplyn,roadies,honny,harperdark,andyfowler🌵,harperdark🐻,andyfowler,rylyn,sonnyrobertson☀️,brandy,ryebeaumont🐝,brooklynwyatt,ryan,andy,sonnyrobertson,sonny,brooklynwyatt🙈,,,,
244,children.boutique.ks,brandy,brandymelville,moschino,moschino_baby,ديور,براند,chanel,tweegram,brands,brandname,brand,فندي,اقنر,louisvuitton,ملابس_بنات,brandon,موسكينو_اطفال,فساتين_اطفال,تومي_هيلفيقر,فساتين,tbt,awesome,موسكينو,اطفال,موسكينو_بيبي,photooftheday,instabrands,,,
245,children.boutique.ks,brandname,awesome,فساتين,moschino_baby,brandymelville,تومي_هيلفيقر,moschino,براند,فساتين_اطفال,brand,اطفال,chanel,photooftheday,louisvuitton,tweegram,instabrands,فندي,موسكينو_بيبي,brands,ملابس_بنات,موسكينو_اطفال,brandon,ديور,brandy,موسكينو,اقنر,tbt,,,
246,children.boutique.ks,موسكينو_اطفال,تومي_هيلفيقر,tbt,موسكينو_بيبي,moschino,photooftheday,tweegram,فساتين,براند,brandname,brand,moschino_baby,brandymelville,awesome,ملابس_بنات,اقنر,louisvuitton,brandon,ديور,chanel,فساتين_اطفال,brands,instabrands,اطفال,فندي,brandy,موسكينو,,,
247,children.boutique.ks,awesome,tbt,photooftheday,chanel,موسكينو_بيبي,brands,ديور,brandy,tweegram,brandymelville,موسكينو_اطفال,فندي,brand,brandname,moschinobaby,moschino,louisvuitton,فساتين_اطفال,موسكينو,براند,اقنر,brandon,instabrands,تومي_هيلفيقر,ملابس_بنات,فساتين,,,,
248,children.boutique.ks,ملابس_بنات,louisvuitton,براند,brandon,tweegram,فساتين,brandy,تومي,ديور,awesome,brandname,تومي_هيلفيقر,فندي,brands,فساتين_اطفال,اطفال,موسكينو,instabrands,brand,tbt,brandymelville,photooftheday,chanel,اقنر,tommy_hilfiger,,,,,
249,children.boutique.ks,brandname,فندي,chanel,louisvuitton,tbt,awesome,brandon,فساتين_اطفال,اقنر,براند,boss,photooftheday,brandy,فساتين,موسكينو,brand,instabrands,brands,تومي_هيلفيقر,brandymelville,ملابس_بنات,tweegram,ديور,,,,,,,
250,annahates_,,,,,,,,,,,,,,,,,,,,,,,,,,,,,,
251,daddy_jq,tipsybartender,cognaclover,nightchill,phvacation,withkumpadres,cognacnight,brandy,whattodrinkph,onefourthtogo,morefuninph,notallbrandyiscognac,cognac,cognaccollector,martell,vsop,,,,,,,,,,,,,,,
