,0,1,2,3,4,5,6,7,8,9,10,11,12,13,14,15,16,17,18,19,20,21,22,23,24,25,26
0,tolgabalikci on Inst,writer,business,france,cognac,martell,chanteloup,businesswriter,,,,,,,,,,,,,,,,,,,
1,apartment_bartender,,,,,,,,,,,,,,,,,,,,,,,,,,
2,hennessymacallan_col,hennessyblack,johnnywalker,hennessyvs,hennygang,cocktail,liquor,bartender,cognac,remymartin,hennywhite,bartenderlife,hennythingispossible,martell,hennessyvsop,cognaclife,brandy,teamhennessy,courvoisier,alcohol,hennessyxo,henny,whisky,hennynation,cognaclover,hennessy,macallan
3,apartment_bartender,,,,,,,,,,,,,,,,,,,,,,,,,,
4,hennessymacallan_col,courvoisier,hennywhite,hennessyblack,hennessyxo,hennessy,remymartin,teamhennessy,cognaclover,cognac,hennessyvs,brandy,martell,whisky,hennessyvsop,alcohol,liquor,henny,johnnywalker,macallan,bartenderlife,cocktail,hennythingispossible,bartender,cognaclife,hennygang,
5,hennessymacallan_col,alcohol,hennythingispossible,hennessy,remymartin,johnnywalker,cognaclover,hennessyvsop,brandy,martell,hennywhite,cognac,henny,cocktail,whisky,bartenderlife,macallan,courvoisier,liquor,cognaclife,teamhennessy,hennessyvs,hennessyxo,hennygang,hennessyblack,bartender,
6,dorothydeee,hustlerhoney,letsgetit,bartender,bartenderlife,workflow,cognac,shoutout,louisthexiii,valentines,,,,,,,,,,,,,,,,,
7,,,,,,,,,,,,,,,,,,,,,,,,,,,
