,0,1,2,3,4,5,6,7,8,9,10,11,12,13,14,15,16,17,18,19,20,21,22,23,24,25,26,27,28,29,30
0,wildmoonliqueurs,rose,wildmoon,flavor,summer,hartfordhasit,photooftheday,summercocktails,drinkwild,cleandrinking,wildmoonrose,mixology,inspiration,liqueurs,allnatural,wildmoonlavender,madeinct,bottles,drinklikeyoumeanit,instagood,craftcocktails,patioparty,craftspirits,drinking,garden,party,lavender,gardenparty,cocktails,drinkstagram,love
1,asthebarflies,kokteyl,gin,bartending,ginebra,cocktailbar,alcoholporn,curacao,cocktail,bitters,liqueur,drinks🍹,mixologyart,instadrinks,cocktails,drinks,mixology,drinki,bitter,drink,bartender,garnish,cocktailbars,liqueurs,drinkin,cocktailart,cócteles,syrups,cocteles,drinky,
2,keyifgunlugu,herballiqueur,becherovka,miniatureliquor,relaxmode,instadrink,kingofspirits,czechrepublic,absinthe,liqueur,miniature,liqueurs,relaxtime,karlovyvary,holiday,absinth,miniaturebottles,,,,,,,,,,,,,,
3,wildmoonliqueurs,garden,liqueurs,womanowned,hartfordhasit,new,supportlocal,experiment,cocktails,cleandrinking,glutenfree,hartfordflavor,wildmoon,botany,citrus,distillery,craftspirits,production,sustainable,inspiration,drinkwild,infusion,r,herbs,research,beautiful,drinklocal,allnatural,botanicals,madeinct,
4,wildmoonliqueurs,nongmo,hartfordflavorco,liqueurs,new,botanics,hartfordflavor,alcohol,cocktails,ct,bartender,sumac,plantbased,cleandrinking,happyhour,wildmoonbotanics,comingsoon,soontobereleased,sustainable,drinkwild,mixology,wildmoon,craftcocktails,glutenfree,infusionary,wildmoonliqueurs,newflavor,allnatural,distillery,flavor,
5,antica_distilleria_q,since1890,craft,liqueurs,organicdistillery,vintagespirits,vintageliqueurs,tradition,spirits,mixology,italianheritage,hazelnutliqueur,anticadistilleriaquaglia,bartender,hazelnut,distillery,drinks,vintagelineliqueurs,,,,,,,,,,,,,
6,lechocolatdanstousno,,,,,,,,,,,,,,,,,,,,,,,,,,,,,,
7,davidpalanque,drinks🍹,liqueurs,goldeneightliqueur,cocktails🍹,cotedazur,france🇫🇷,bartenderlove,poire,bartenderlife🍸,cocktails🍸,instacocktails,massenezliqueur,barmans,,,,,,,,,,,,,,,,,
8,barman_academy,drinks,cocktailbar,instadrinks,bartending,alcoholporn,imbibegram,sochu,barmanacademy,drinky,thebestbarsclub,drinkstagram,liqueur,homebartender,cocktailart,bartender,cocktail,liqueurs,kokteyl,cocktailporn,cocktailbars,drinki,mixologyart,drinks🍹,drink,cocktails,mixology,cocktailrecipes,drinkup,drinkin,repost
9,masaki_sugihara,ets,nigata,cigar,sake,whiskey,scotch,food,elpuro,bourbon,ram,fujiyamahuntersbeer,smoke,vodka,higashibori,tequila,liquor,bar,instagram,googlemap,coco,music,liqueurs,salon,private,open,cocktail,gin,,,
10,pourn_cocktails,bartenderz,losangeles,mixeddrinks,mixologists,bars,nightlife,bartenders,cocktailhour,pourncocktails,martinis,martini,liqueur,barz,cocktail,mixology,vodka,bartender,alcohol,happyhour,cocktails,mixeddrink,titos,liqueurs,peach,nightlifela,mixologist,simplyjuice,bar,titosvodka,california
11,janeyc1,liqueurs,icelandsouvenirs,schnapps,tastetest,crowberry,opalliqueur,aquavit,iceland,brennivin,,,,,,,,,,,,,,,,,,,,,
12,birgits_homemade,foodblogger,liqueur,lecker,yummy,foodphoto,sahnelikör,liqueurs,sogut,homemade,tastybottle,vanilleschote,tastybottles,worschtkopp,homemadewithlove,sahnekaramelllikör,eigeneherstellung,likör,liköre,ohnezusatzstoffe,instagood,vanille,ohnekünstlichezusätze,,,,,,,,
13,welshfruitybooze,nofilter,liqueurs,shlizzy,liverpool,smallbusiness,titanichotelliverpool,gin,,,,,,,,,,,,,,,,,,,,,,,
14,mixologyspecialist,,,,,,,,,,,,,,,,,,,,,,,,,,,,,,
15,marat,bistrot,parigi,bistro,polidor,vieuxparis,paris,restaurantpolidor,oldparis,liqueurs,antico,restaurant,traditionnel,vinsfins,francia,antica,lepolidor,cremerie,parisien,vecchiaparigi,vintage,polidorparis,france,insegna,vintagesign,dontbeatouristinparis,old,sign,ristorante,brasserie,1845
16,bixamartinique,rhummartinique,caribbeanrecipes,saintelucia,bixamartinique,martinique,recettesimple,persil,liqueurs,rhumarrangé,punch,celeri,potionmagique,,,,,,,,,,,,,,,,,,
17,birreria_rail_crossi,birreria_rail_crossing,beertastings,olbiacity,whiskey,beerlovers,birreriarailcrossing,newopeningalert,beerstagram,birreria,spirits,beerbeerbeer,beertime,liqueurs,newopening,,,,,,,,,,,,,,,,
18,quaglia_ambassador,distillery,vintagespirits,organicdistillery,berebitter,mountaintraditions,genziana,génépy,liquoridimontagnaquaglia,liqueurs,italianheritage,herbaltradition,timoserpillo,mountainheritage,genepy,quality,gentian,lanzovalleys,quagliamoutainliqueurs,tradition,spirits,anticadistilleriaquaglia,drinks,since1890,thyme,craft,vallidilanzo,craftliqueurs,mixology,,
19,mensismahzen,,,,,,,,,,,,,,,,,,,,,,,,,,,,,,
20,masaki_sugihara,gin,smoke,純米吟醸,private,ets,vodka,elpuro,open,music,cigar,salon,今西,ram,scotch,liquor,朝日米,food,sake,googlemap,奈良,nigata,liqueurs,tequila,bourbon,cocktail,higashibori,bar,instagram,whiskey,
21,wildmoonliqueurs,gardenparty,instagood,flavor,drinking,patioparty,summer,allnatural,lavender,cleandrinking,craftcocktails,drinkstagram,bottles,garden,wildmoonrose,mixology,hartfordhasit,cocktails,inspiration,madeinct,photooftheday,craftspirits,summercocktails,love,rose,liqueurs,wildmoonlavender,wildmoon,party,drinkwild,drinklikeyoumeanit
22,asthebarflies,drinky,drink,cocktail,kokteyl,drinks,instadrinks,bitter,garnish,bartender,liqueurs,mixologyart,cócteles,cocktailbar,liqueur,cocktails,mixology,drinki,curacao,drinkin,drinks🍹,alcoholporn,gin,bitters,syrups,ginebra,cocteles,bartending,cocktailart,cocktailbars,
23,keyifgunlugu,relaxmode,instadrink,karlovyvary,kingofspirits,miniature,herballiqueur,absinth,czechrepublic,holiday,miniatureliquor,liqueur,becherovka,relaxtime,absinthe,miniaturebottles,liqueurs,,,,,,,,,,,,,,
24,wildmoonliqueurs,cleandrinking,research,womanowned,glutenfree,sustainable,allnatural,hartfordhasit,wildmoon,production,garden,craftspirits,liqueurs,new,cocktails,botanicals,infusion,drinklocal,inspiration,hartfordflavor,experiment,botany,r,madeinct,citrus,drinkwild,supportlocal,beautiful,herbs,distillery,
25,wildmoonliqueurs,craftcocktails,sustainable,wildmoonliqueurs,nongmo,sumac,allnatural,mixology,newflavor,new,glutenfree,soontobereleased,wildmoon,comingsoon,plantbased,wildmoonbotanics,hartfordflavor,cocktails,alcohol,flavor,botanics,infusionary,drinkwild,hartfordflavorco,liqueurs,bartender,ct,happyhour,distillery,cleandrinking,
26,antica_distilleria_q,mixology,craft,bartender,organicdistillery,vintageliqueurs,liqueurs,tradition,hazelnut,since1890,hazelnutliqueur,drinks,anticadistilleriaquaglia,italianheritage,distillery,vintagespirits,vintagelineliqueurs,spirits,,,,,,,,,,,,,
27,lechocolatdanstousno,,,,,,,,,,,,,,,,,,,,,,,,,,,,,,
28,davidpalanque,drinks🍹,bartenderlife🍸,instacocktails,massenezliqueur,liqueurs,cocktails🍸,cocktails🍹,bartenderlove,france🇫🇷,barmans,goldeneightliqueur,cotedazur,poire,,,,,,,,,,,,,,,,,
29,barman_academy,alcoholporn,cocktailbar,kokteyl,cocktailbars,repost,bartending,instadrinks,drinki,cocktails,drinks🍹,imbibegram,drinks,sochu,drinkup,cocktailrecipes,cocktail,barmanacademy,drinkin,cocktailporn,drinky,mixology,mixologyart,liqueur,drink,liqueurs,homebartender,bartender,thebestbarsclub,drinkstagram,cocktailart
30,masaki_sugihara,higashibori,cigar,scotch,ets,private,salon,bourbon,food,sake,cocktail,music,vodka,tequila,open,liqueurs,coco,instagram,googlemap,gin,nigata,liquor,fujiyamahuntersbeer,smoke,ram,elpuro,whiskey,bar,,,
31,pourn_cocktails,cocktails,bartenderz,peach,nightlife,martini,california,cocktailhour,alcohol,cocktail,bartender,nightlifela,bar,mixologists,liqueur,titosvodka,martinis,titos,bartenders,bars,mixology,mixeddrinks,happyhour,liqueurs,mixologist,barz,simplyjuice,pourncocktails,vodka,mixeddrink,losangeles
32,janeyc1,schnapps,crowberry,icelandsouvenirs,brennivin,iceland,opalliqueur,liqueurs,aquavit,tastetest,,,,,,,,,,,,,,,,,,,,,
33,birgits_homemade,worschtkopp,vanille,sahnelikör,foodphoto,likör,ohnezusatzstoffe,vanilleschote,homemadewithlove,sahnekaramelllikör,tastybottle,foodblogger,liköre,liqueurs,sogut,instagood,eigeneherstellung,ohnekünstlichezusätze,tastybottles,homemade,lecker,liqueur,yummy,,,,,,,,
34,welshfruitybooze,liqueurs,shlizzy,liverpool,smallbusiness,titanichotelliverpool,nofilter,gin,,,,,,,,,,,,,,,,,,,,,,,
35,mixologyspecialist,,,,,,,,,,,,,,,,,,,,,,,,,,,,,,
36,marat,1845,vinsfins,old,francia,paris,cremerie,brasserie,vintage,liqueurs,dontbeatouristinparis,bistrot,restaurant,polidorparis,parigi,vecchiaparigi,polidor,vintagesign,oldparis,france,parisien,lepolidor,vieuxparis,sign,restaurantpolidor,insegna,bistro,traditionnel,antica,antico,ristorante
37,bixamartinique,recettesimple,liqueurs,caribbeanrecipes,potionmagique,persil,bixamartinique,rhumarrangé,celeri,punch,martinique,rhummartinique,saintelucia,,,,,,,,,,,,,,,,,,
38,birreria_rail_crossi,beertastings,newopeningalert,birreria,newopening,beertime,whiskey,beerbeerbeer,beerstagram,spirits,liqueurs,birreriarailcrossing,beerlovers,birreria_rail_crossing,olbiacity,,,,,,,,,,,,,,,,
39,quaglia_ambassador,timoserpillo,génépy,spirits,italianheritage,liquoridimontagnaquaglia,since1890,distillery,vintagespirits,genziana,thyme,lanzovalleys,craftliqueurs,drinks,mixology,mountaintraditions,anticadistilleriaquaglia,organicdistillery,gentian,craft,liqueurs,herbaltradition,quality,mountainheritage,quagliamoutainliqueurs,berebitter,vallidilanzo,genepy,tradition,,
40,mensismahzen,,,,,,,,,,,,,,,,,,,,,,,,,,,,,,
41,masaki_sugihara,higashibori,tequila,nigata,music,朝日米,open,cigar,smoke,純米吟醸,bar,vodka,sake,salon,liqueurs,food,gin,googlemap,今西,elpuro,whiskey,ram,instagram,cocktail,private,liquor,scotch,奈良,bourbon,ets,
42,onwinesk,goodforyou,friends,fun,onwinesk,cruxx,winter,herbal,winterday,liqueurs,spirits,cheersmilan,cruxxgemina,,,,,,,,,,,,,,,,,,
43,marvolios,thewhiskyexchange,marvoliosnostrums,whiskey,whisky,whiskoffy,aperitif,marvolios,marvolio,masterofmalt,ginger,scotch,drinks,malt,drinksofinstagram,digestif,whinger,mixologist,liqueurs,nostrums,saturdaydrinks,saturday,cocktails,mixology,,,,,,,
44,aelredspirits,melonade,lemon,bar,mixology,coiron,pear,cocktail,liqueur,liqueurs,bartender,aelred,tangerine,,,,,,,,,,,,,,,,,,
45,liqueurs_du_berry,berryprovince,produitlocal,liqueurs,liqueursduberry,distillerie,,,,,,,,,,,,,,,,,,,,,,,,,
46,antica_distilleria_q,quagliamoutainliqueurs,genepy,craft,mixology,distillery,vallidilanzo,thyme,quality,herbaltradition,mountainheritage,drinks,craftliqueurs,lanzovalleys,gentian,italianheritage,timoserpillo,tradition,vintagespirits,liquoridimontagnaquaglia,spirits,since1890,organicdistillery,liqueurs,genziana,génépy,anticadistilleriaquaglia,mountaintraditions,,,
47,epiceriefine,telavivdrinks,winetlv,kosherwine,telavivwine,tlvwine,nevetzedektower,ליקר,vinscacher,liqueurs,nevetzedek,nevetsedek,nevetzedektelaviv,ייןלבן,telavivstyle,nevetzedekshops,delijaffa,tlvbars,ייןרוזה,suze,winekosher,המעדניהבנווהצדק,נווהצדק,טעימותיין,cacher,יינות,winetasting,אפיסרי,נווהצדקתלאביב,liqueur,winetelaviv
48,brandconnect_asia,fevertree,cocktailoftheday,drinkstagram,cocktailart,classiccocktailstralia,drinksphotography,worldwidemixology,perthcocktails,summercocktails,massenezliqueur,liqueurs,cocktailsforyou,1bestsellingtonic,hobartcocktails,cocktails🍹,adelaidecocktails,cocktailgarnish,mixwiththebest,instadrink,cocktailporn,1toptrendingtonic,mixologyart,brandconnectasia,cocktailparty,cocktailrecipes,,,,,
49,spirits_wine_world,jackdanielswhiskey,jackdanielshoney,followme,drink,taste,honny,liqueurs,bigboss13season,bigboss,bigboss13,bblover,followmyjourney,likemypost,jackdaniels,sidnaaz,responsibly,bigbrand,,,,,,,,,,,,,
50,cedarhouseinn,liqueurs,afterdinnerdrink,limoncello,,,,,,,,,,,,,,,,,,,,,,,,,,,
51,castle_glen_vineyard,glutenfree,liqueurs,awardwinning,handmade,preservativefree,winery,freshfruit,chemicalfree,vegan,distillery,artisan,allnatural,boutiquedistillery,castleglen,,,,,,,,,,,,,,,,
52,miss.mautz,cremeliqueur,bonbonlikör,nursüßistlecker,nimm2likör,ohnealkoholistauchkeinelösung,liqueur,nussnougatlikör,johannisbeerlikör,liqueurchocolate,homemadeliqueur,likörchen,liköre,liqueurs,likör,kornröschen,,,,,,,,,,,,,,,
53,drinksbydre,mobilebarservice,specialty,lovepetals,bartending,newdrink,certified,hearts,happyvalentineday❤️,adult,tipsy,valentines,beverage,like,mixologist,celebrate,dreinks,liquors,drinksbydre,champagne,roses,greatdrinks,fun,alcohol,bar,loveday,cheers,cocktails,liqueurs,share,
54,wildmoonliqueurs,wildmoonrose,lavender,craftspirits,drinkstagram,rose,instagood,allnatural,photooftheday,party,love,drinkwild,gardenparty,cocktails,drinking,summer,wildmoonlavender,inspiration,liqueurs,bottles,flavor,garden,hartfordhasit,wildmoon,cleandrinking,mixology,summercocktails,patioparty,madeinct,drinklikeyoumeanit,craftcocktails
55,asthebarflies,cocteles,cocktailart,mixology,bitter,bartender,cocktailbar,garnish,drinky,gin,kokteyl,liqueurs,alcoholporn,drink,curacao,drinks,cócteles,drinks🍹,cocktailbars,drinki,ginebra,bartending,bitters,liqueur,instadrinks,syrups,cocktail,cocktails,drinkin,mixologyart,
56,keyifgunlugu,liqueurs,relaxmode,miniature,holiday,miniaturebottles,miniatureliquor,instadrink,absinthe,relaxtime,czechrepublic,liqueur,becherovka,kingofspirits,karlovyvary,absinth,herballiqueur,,,,,,,,,,,,,,
57,wildmoonliqueurs,glutenfree,womanowned,production,garden,madeinct,research,cocktails,craftspirits,wildmoon,new,infusion,citrus,sustainable,cleandrinking,r,hartfordflavor,distillery,experiment,drinkwild,hartfordhasit,liqueurs,allnatural,drinklocal,botanicals,supportlocal,inspiration,herbs,botany,beautiful,
58,wildmoonliqueurs,sustainable,cocktails,plantbased,nongmo,botanics,drinkwild,glutenfree,wildmoonbotanics,alcohol,liqueurs,hartfordflavor,infusionary,bartender,cleandrinking,comingsoon,newflavor,wildmoonliqueurs,happyhour,flavor,mixology,allnatural,distillery,hartfordflavorco,wildmoon,soontobereleased,ct,craftcocktails,new,sumac,
59,antica_distilleria_q,italianheritage,mixology,since1890,hazelnut,tradition,drinks,hazelnutliqueur,anticadistilleriaquaglia,organicdistillery,vintagelineliqueurs,vintageliqueurs,spirits,liqueurs,craft,bartender,distillery,vintagespirits,,,,,,,,,,,,,
60,lechocolatdanstousno,,,,,,,,,,,,,,,,,,,,,,,,,,,,,,
61,davidpalanque,bartenderlove,cotedazur,cocktails🍸,massenezliqueur,instacocktails,goldeneightliqueur,barmans,drinks🍹,bartenderlife🍸,liqueurs,poire,france🇫🇷,cocktails🍹,,,,,,,,,,,,,,,,,
62,barman_academy,alcoholporn,instadrinks,drinkin,sochu,cocktailbar,cocktailbars,bartender,cocktailart,drinki,liqueur,cocktail,cocktailporn,cocktailrecipes,imbibegram,repost,cocktails,drinky,thebestbarsclub,drinkup,barmanacademy,bartending,kokteyl,mixology,homebartender,drinkstagram,drinks🍹,drinks,mixologyart,drink,liqueurs
63,masaki_sugihara,higashibori,food,ram,instagram,elpuro,ets,sake,open,cocktail,tequila,whiskey,gin,nigata,salon,cigar,fujiyamahuntersbeer,liqueurs,vodka,private,scotch,googlemap,bourbon,smoke,liquor,bar,coco,music,,,
64,pourn_cocktails,alcohol,bartenders,mixeddrink,barz,losangeles,california,liqueurs,bartender,mixologists,martinis,happyhour,bars,martini,bartenderz,nightlife,mixology,mixologist,liqueur,titos,pourncocktails,cocktailhour,bar,titosvodka,vodka,cocktails,mixeddrinks,simplyjuice,cocktail,nightlifela,peach
65,janeyc1,brennivin,opalliqueur,icelandsouvenirs,iceland,crowberry,aquavit,liqueurs,schnapps,tastetest,,,,,,,,,,,,,,,,,,,,,
66,birgits_homemade,vanille,worschtkopp,vanilleschote,liqueurs,eigeneherstellung,foodblogger,liköre,yummy,homemade,lecker,ohnezusatzstoffe,sahnelikör,tastybottles,homemadewithlove,ohnekünstlichezusätze,instagood,tastybottle,liqueur,foodphoto,sahnekaramelllikör,likör,sogut,,,,,,,,
67,welshfruitybooze,titanichotelliverpool,liqueurs,nofilter,smallbusiness,gin,shlizzy,liverpool,,,,,,,,,,,,,,,,,,,,,,,
68,mixologyspecialist,,,,,,,,,,,,,,,,,,,,,,,,,,,,,,
69,marat,old,bistrot,liqueurs,bistro,traditionnel,paris,france,oldparis,vinsfins,parigi,brasserie,francia,1845,vintagesign,parisien,polidorparis,ristorante,cremerie,vecchiaparigi,polidor,antico,antica,dontbeatouristinparis,restaurantpolidor,restaurant,vieuxparis,sign,vintage,insegna,lepolidor
70,bixamartinique,liqueurs,punch,martinique,rhumarrangé,recettesimple,persil,caribbeanrecipes,bixamartinique,potionmagique,celeri,rhummartinique,saintelucia,,,,,,,,,,,,,,,,,,
71,birreria_rail_crossi,spirits,liqueurs,beertime,newopeningalert,olbiacity,birreria_rail_crossing,beerlovers,beerbeerbeer,newopening,beertastings,whiskey,beerstagram,birreriarailcrossing,birreria,,,,,,,,,,,,,,,,
72,quaglia_ambassador,liquoridimontagnaquaglia,vallidilanzo,génépy,since1890,liqueurs,mountainheritage,italianheritage,vintagespirits,organicdistillery,drinks,quagliamoutainliqueurs,genepy,distillery,thyme,genziana,anticadistilleriaquaglia,craftliqueurs,quality,herbaltradition,berebitter,spirits,gentian,mountaintraditions,lanzovalleys,mixology,tradition,timoserpillo,craft,,
73,mensismahzen,,,,,,,,,,,,,,,,,,,,,,,,,,,,,,
74,masaki_sugihara,ets,vodka,純米吟醸,food,bar,nigata,ram,elpuro,private,scotch,cigar,instagram,cocktail,liquor,gin,奈良,tequila,bourbon,liqueurs,music,朝日米,higashibori,open,whiskey,sake,今西,salon,googlemap,smoke,
75,onwinesk,spirits,cheersmilan,fun,friends,liqueurs,cruxxgemina,goodforyou,onwinesk,cruxx,winterday,herbal,winter,,,,,,,,,,,,,,,,,,
76,marvolios,marvolios,ginger,whiskoffy,masterofmalt,scotch,malt,saturday,mixologist,mixology,whiskey,whinger,marvoliosnostrums,drinksofinstagram,aperitif,saturdaydrinks,drinks,whisky,liqueurs,thewhiskyexchange,nostrums,digestif,marvolio,cocktails,,,,,,,
77,aelredspirits,liqueur,melonade,lemon,mixology,cocktail,pear,tangerine,aelred,liqueurs,bar,bartender,coiron,,,,,,,,,,,,,,,,,,
78,liqueurs_du_berry,berryprovince,liqueursduberry,produitlocal,distillerie,liqueurs,,,,,,,,,,,,,,,,,,,,,,,,,
79,antica_distilleria_q,quality,anticadistilleriaquaglia,distillery,vallidilanzo,mountainheritage,génépy,mountaintraditions,quagliamoutainliqueurs,gentian,genepy,genziana,lanzovalleys,liquoridimontagnaquaglia,timoserpillo,thyme,organicdistillery,vintagespirits,liqueurs,mixology,drinks,italianheritage,tradition,since1890,craftliqueurs,spirits,herbaltradition,craft,,,
80,epiceriefine,tlvbars,winetelaviv,nevetzedek,winekosher,nevetzedektelaviv,ייןלבן,delijaffa,vinscacher,winetasting,liqueur,טעימותיין,ייןרוזה,winetlv,telavivwine,liqueurs,nevetzedekshops,המעדניהבנווהצדק,kosherwine,אפיסרי,telavivstyle,telavivdrinks,cacher,יינות,ליקר,נווהצדק,nevetsedek,nevetzedektower,נווהצדקתלאביב,suze,tlvwine
81,brandconnect_asia,adelaidecocktails,cocktails🍹,cocktailgarnish,cocktailrecipes,drinkstagram,cocktailporn,summercocktails,worldwidemixology,classiccocktailstralia,brandconnectasia,fevertree,1bestsellingtonic,perthcocktails,mixologyart,liqueurs,massenezliqueur,cocktailoftheday,cocktailart,hobartcocktails,drinksphotography,mixwiththebest,cocktailsforyou,1toptrendingtonic,cocktailparty,instadrink,,,,,
82,spirits_wine_world,jackdanielshoney,bigboss13,followmyjourney,honny,liqueurs,jackdaniels,bigbrand,sidnaaz,drink,followme,bigboss,likemypost,responsibly,taste,jackdanielswhiskey,bblover,bigboss13season,,,,,,,,,,,,,
83,cedarhouseinn,liqueurs,afterdinnerdrink,limoncello,,,,,,,,,,,,,,,,,,,,,,,,,,,
84,castle_glen_vineyard,chemicalfree,artisan,freshfruit,castleglen,distillery,preservativefree,awardwinning,winery,vegan,allnatural,liqueurs,handmade,glutenfree,boutiquedistillery,,,,,,,,,,,,,,,,
85,miss.mautz,kornröschen,likör,liköre,nimm2likör,bonbonlikör,likörchen,johannisbeerlikör,liqueur,homemadeliqueur,liqueurs,cremeliqueur,nussnougatlikör,ohnealkoholistauchkeinelösung,liqueurchocolate,nursüßistlecker,,,,,,,,,,,,,,,
86,drinksbydre,alcohol,cheers,champagne,hearts,mobilebarservice,bartending,dreinks,lovepetals,valentines,cocktails,happyvalentineday❤️,mixologist,beverage,celebrate,adult,like,bar,greatdrinks,loveday,fun,certified,liqueurs,tipsy,roses,share,drinksbydre,newdrink,specialty,liquors,
87,cellartrendslondon,maraschino,fitzrovia,cherries,loveluxardo,liqueurs,gin,luxardo,london,cocktails,soho,masterclass,ctldn,bars,,,,,,,,,,,,,,,,,
88,forageliqueurs,foraging,sloeginmaking,gin,forageliqueurs,plum,fruitliqueur,vodkadrinks,liqueurs,drinklocal,sloegin,vodka,homemade,chocolatetruffles,fruit,valentines,ginoclock,drink,ginmixer,chocolate,forager,foragedfood,smallbatch,liquors,ediblegifts,forage,,,,,
89,lib_dib,craftspirits,localdistillery,craftcocktailbar,bar,craftcocktails,cocktailhour,absinthe,cocktailbar,liqueurs,specialityspirits,happyhour,craftabsinthe,cocktails,sazerac,,,,,,,,,,,,,,,,
90,adamsliqueurs,coffee,instadrinks,coffeeliquer,adams,rum,adamsliqueurs,liqueur,gindrinks,liqueurs,homemade,vodkadrinks,drinks,mixologist,passion,cocktails,gin,artisan,madewithlove,vodka,artisandrinks,adamzirpsspirits,rumdrinks,,,,,,,,
91,laroccadiformigine,giallo,limoni,aromatico,liquore,lemon,yellow,limoncino,flavour,liqueurs,,,,,,,,,,,,,,,,,,,,,
92,netocosta1931,aguardente,valentinesday,horus,gourmet,vinho,licor,vinhos,superstition,netocosta,brandy,winestagram,winelovers,superstitious,invejado,liqueur,cherryliqueur,winelover,winespirits,instawine,ginginha,amovinho,liqueurs,licores,winetime,eaudevie,,,,,
93,jnkpublicrelations,vodkacocktails,happyvalentinesday❤️,slingshotcoffee,dessertcocktails,artisans,mochaliqueur,viderichocolate,durhamdistillery,threesome,durhamnc,chocolateliqueur,durham,coffeeliqueur,liqueurs,valentinescocktails,jnkpr,durm,,,,,,,,,,,,,
94,liqueurs_du_berry,poussedépine,distillerie,berryprovince,amour,liqueurs,,,,,,,,,,,,,,,,,,,,,,,,,
95,charlietheflair,,,,,,,,,,,,,,,,,,,,,,,,,,,,,,
96,sombailiqueur,umami,joescuisinesombai,pepper,liqueurs,siemreap2020,unique,,,,,,,,,,,,,,,,,,,,,,,,
97,masaki_sugihara,bourbon,smoke,food,80gin,googlemap,cocktail,music,instagram,private,higashibori,liquor,whiskey,tequila,nigata,ram,sake,vodka,ets,scotch,open,cigar,liqueurs,gin,bar,越後薬草,elpuro,salon,,,
98,masaki_sugihara,smoke,ram,music,whiskey,open,googlemap,instagram,elpuro,liqueurs,private,scotch,ipa,bourbon,liquor,うちゅうブルーイング,salon,sake,nigata,bar,宇宙shake,cigar,tequila,ets,food,vodka,cocktail,higashibori,gin,,
99,wildmoonliqueurs,drinkstagram,wildmoon,garden,craftspirits,gardenparty,cleandrinking,rose,craftcocktails,hartfordhasit,summer,madeinct,patioparty,lavender,mixology,wildmoonrose,wildmoonlavender,cocktails,bottles,liqueurs,summercocktails,drinklikeyoumeanit,flavor,party,drinking,photooftheday,drinkwild,instagood,allnatural,inspiration,love
100,asthebarflies,liqueurs,ginebra,cocktail,instadrinks,syrups,drinks🍹,drinki,bitter,drinkin,liqueur,alcoholporn,kokteyl,cocktailart,garnish,drink,gin,bartender,bartending,curacao,cocktailbar,mixologyart,drinky,cocteles,bitters,cocktailbars,drinks,cócteles,cocktails,mixology,
101,keyifgunlugu,miniatureliquor,relaxtime,becherovka,miniaturebottles,liqueurs,miniature,holiday,czechrepublic,kingofspirits,instadrink,absinthe,absinth,liqueur,herballiqueur,karlovyvary,relaxmode,,,,,,,,,,,,,,
102,wildmoonliqueurs,beautiful,hartfordflavor,hartfordhasit,r,wildmoon,garden,drinklocal,sustainable,new,glutenfree,liqueurs,drinkwild,distillery,supportlocal,cocktails,allnatural,botany,womanowned,experiment,research,production,infusion,craftspirits,herbs,botanicals,inspiration,cleandrinking,madeinct,citrus,
103,wildmoonliqueurs,new,distillery,liqueurs,allnatural,hartfordflavorco,sustainable,glutenfree,comingsoon,nongmo,sumac,craftcocktails,botanics,happyhour,alcohol,bartender,ct,cocktails,flavor,hartfordflavor,drinkwild,mixology,infusionary,wildmoon,wildmoonbotanics,newflavor,cleandrinking,soontobereleased,plantbased,wildmoonliqueurs,
104,antica_distilleria_q,liqueurs,spirits,vintagelineliqueurs,mixology,organicdistillery,hazelnutliqueur,bartender,italianheritage,distillery,drinks,tradition,vintageliqueurs,anticadistilleriaquaglia,craft,hazelnut,vintagespirits,since1890,,,,,,,,,,,,,
105,lechocolatdanstousno,,,,,,,,,,,,,,,,,,,,,,,,,,,,,,
106,davidpalanque,cotedazur,barmans,massenezliqueur,drinks🍹,cocktails🍹,france🇫🇷,cocktails🍸,bartenderlife🍸,instacocktails,bartenderlove,liqueurs,poire,goldeneightliqueur,,,,,,,,,,,,,,,,,
107,barman_academy,instadrinks,drinkstagram,alcoholporn,cocktailart,cocktailrecipes,cocktailporn,kokteyl,repost,bartending,cocktail,drink,bartender,drinkin,drinki,drinkup,sochu,thebestbarsclub,cocktailbars,cocktails,drinks🍹,mixology,imbibegram,liqueur,barmanacademy,mixologyart,drinky,drinks,cocktailbar,homebartender,liqueurs
108,marat,antica,france,oldparis,vintagesign,parisien,restaurant,polidorparis,bistro,old,polidor,vieuxparis,restaurantpolidor,traditionnel,lepolidor,vinsfins,vintage,antico,francia,vecchiaparigi,dontbeatouristinparis,bistrot,ristorante,liqueurs,parigi,cremerie,insegna,1845,paris,brasserie,sign
109,bixamartinique,persil,bixamartinique,caribbeanrecipes,celeri,martinique,saintelucia,punch,recettesimple,rhumarrangé,liqueurs,potionmagique,rhummartinique,,,,,,,,,,,,,,,,,,
110,birreria_rail_crossi,beertastings,birreria_rail_crossing,beerlovers,birreriarailcrossing,beertime,birreria,beerstagram,liqueurs,whiskey,beerbeerbeer,spirits,newopening,newopeningalert,olbiacity,,,,,,,,,,,,,,,,
111,quaglia_ambassador,liqueurs,timoserpillo,distillery,gentian,drinks,mountainheritage,vallidilanzo,thyme,mixology,mountaintraditions,italianheritage,tradition,organicdistillery,liquoridimontagnaquaglia,lanzovalleys,since1890,vintagespirits,herbaltradition,quality,quagliamoutainliqueurs,génépy,genepy,anticadistilleriaquaglia,craftliqueurs,genziana,spirits,craft,berebitter,,
112,mensismahzen,,,,,,,,,,,,,,,,,,,,,,,,,,,,,,
113,masaki_sugihara,cocktail,cigar,奈良,tequila,vodka,open,bourbon,ram,elpuro,nigata,bar,sake,scotch,smoke,liquor,instagram,private,ets,higashibori,純米吟醸,music,朝日米,salon,gin,whiskey,food,liqueurs,googlemap,今西,
114,onwinesk,cruxx,cheersmilan,cruxxgemina,winter,onwinesk,friends,herbal,goodforyou,fun,winterday,liqueurs,spirits,,,,,,,,,,,,,,,,,,
115,marvolios,ginger,scotch,whiskoffy,whisky,drinksofinstagram,cocktails,marvoliosnostrums,malt,whiskey,liqueurs,thewhiskyexchange,mixology,marvolios,mixologist,nostrums,masterofmalt,saturdaydrinks,drinks,digestif,saturday,aperitif,whinger,marvolio,,,,,,,
116,aelredspirits,melonade,cocktail,liqueur,liqueurs,aelred,bartender,mixology,bar,coiron,lemon,tangerine,pear,,,,,,,,,,,,,,,,,,
117,liqueurs_du_berry,liqueursduberry,berryprovince,produitlocal,liqueurs,distillerie,,,,,,,,,,,,,,,,,,,,,,,,,
118,antica_distilleria_q,tradition,craftliqueurs,genziana,organicdistillery,lanzovalleys,thyme,anticadistilleriaquaglia,spirits,mixology,herbaltradition,quagliamoutainliqueurs,génépy,mountainheritage,drinks,mountaintraditions,italianheritage,since1890,quality,timoserpillo,distillery,vintagespirits,liquoridimontagnaquaglia,gentian,craft,vallidilanzo,liqueurs,genepy,,,
119,epiceriefine,המעדניהבנווהצדק,יינות,נווהצדק,winetasting,nevetzedektower,telavivdrinks,tlvbars,telavivstyle,nevetsedek,nevetzedek,liqueur,אפיסרי,tlvwine,delijaffa,vinscacher,nevetzedekshops,cacher,nevetzedektelaviv,נווהצדקתלאביב,טעימותיין,suze,ליקר,ייןלבן,winetelaviv,ייןרוזה,winekosher,telavivwine,kosherwine,liqueurs,winetlv
120,brandconnect_asia,1toptrendingtonic,cocktailrecipes,liqueurs,adelaidecocktails,cocktailporn,instadrink,summercocktails,cocktailgarnish,massenezliqueur,perthcocktails,mixologyart,worldwidemixology,drinksphotography,drinkstagram,hobartcocktails,cocktailart,cocktailoftheday,cocktailsforyou,classiccocktailstralia,1bestsellingtonic,mixwiththebest,cocktailparty,brandconnectasia,cocktails🍹,fevertree,,,,,
121,spirits_wine_world,drink,bigboss,followme,jackdaniels,bblover,honny,taste,jackdanielswhiskey,liqueurs,bigboss13season,likemypost,followmyjourney,bigboss13,sidnaaz,responsibly,jackdanielshoney,bigbrand,,,,,,,,,,,,,
122,cedarhouseinn,liqueurs,limoncello,afterdinnerdrink,,,,,,,,,,,,,,,,,,,,,,,,,,,
123,castle_glen_vineyard,boutiquedistillery,handmade,castleglen,glutenfree,vegan,liqueurs,preservativefree,distillery,freshfruit,allnatural,winery,artisan,awardwinning,chemicalfree,,,,,,,,,,,,,,,,
124,miss.mautz,likör,liqueur,nimm2likör,ohnealkoholistauchkeinelösung,johannisbeerlikör,bonbonlikör,nussnougatlikör,liqueurs,kornröschen,nursüßistlecker,liköre,likörchen,homemadeliqueur,liqueurchocolate,cremeliqueur,,,,,,,,,,,,,,,
125,drinksbydre,cheers,specialty,loveday,alcohol,liquors,tipsy,fun,lovepetals,valentines,bartending,mobilebarservice,cocktails,drinksbydre,celebrate,newdrink,roses,share,happyvalentineday❤️,certified,champagne,greatdrinks,mixologist,beverage,hearts,adult,bar,liqueurs,dreinks,like,
126,cellartrendslondon,luxardo,ctldn,bars,maraschino,cocktails,masterclass,cherries,london,soho,gin,fitzrovia,loveluxardo,liqueurs,,,,,,,,,,,,,,,,,
127,forageliqueurs,foragedfood,gin,sloegin,drinklocal,plum,vodka,drink,foraging,ginoclock,fruitliqueur,liquors,forageliqueurs,forage,liqueurs,ediblegifts,homemade,chocolate,fruit,forager,sloeginmaking,ginmixer,vodkadrinks,smallbatch,chocolatetruffles,valentines,,,,,
128,lib_dib,craftcocktails,happyhour,cocktailbar,bar,craftcocktailbar,craftabsinthe,specialityspirits,absinthe,liqueurs,craftspirits,cocktailhour,sazerac,cocktails,localdistillery,,,,,,,,,,,,,,,,
129,adamsliqueurs,artisandrinks,coffee,liqueurs,gin,vodka,homemade,gindrinks,drinks,liqueur,vodkadrinks,rum,artisan,rumdrinks,cocktails,adams,mixologist,adamzirpsspirits,passion,instadrinks,madewithlove,adamsliqueurs,coffeeliquer,,,,,,,,
130,laroccadiformigine,giallo,limoni,liquore,flavour,limoncino,lemon,liqueurs,yellow,aromatico,,,,,,,,,,,,,,,,,,,,,
131,netocosta1931,valentinesday,ginginha,licores,instawine,superstitious,liqueurs,vinhos,winetime,liqueur,aguardente,winelover,winestagram,amovinho,horus,winespirits,eaudevie,winelovers,brandy,vinho,invejado,licor,superstition,netocosta,cherryliqueur,gourmet,,,,,
132,jnkpublicrelations,liqueurs,durhamdistillery,durham,vodkacocktails,dessertcocktails,jnkpr,mochaliqueur,artisans,valentinescocktails,viderichocolate,durhamnc,happyvalentinesday❤️,coffeeliqueur,threesome,chocolateliqueur,durm,slingshotcoffee,,,,,,,,,,,,,
133,liqueurs_du_berry,distillerie,berryprovince,liqueurs,poussedépine,amour,,,,,,,,,,,,,,,,,,,,,,,,,
134,charlietheflair,,,,,,,,,,,,,,,,,,,,,,,,,,,,,,
135,sombailiqueur,liqueurs,pepper,siemreap2020,unique,umami,joescuisinesombai,,,,,,,,,,,,,,,,,,,,,,,,
136,masaki_sugihara,higashibori,whiskey,80gin,liquor,private,cigar,bourbon,liqueurs,instagram,music,salon,elpuro,tequila,vodka,open,ram,googlemap,越後薬草,sake,scotch,gin,food,ets,smoke,cocktail,bar,nigata,,,
137,masaki_sugihara,googlemap,bar,gin,higashibori,cocktail,nigata,cigar,elpuro,food,ram,smoke,music,whiskey,sake,liqueurs,scotch,private,instagram,bourbon,うちゅうブルーイング,tequila,宇宙shake,liquor,open,ets,salon,ipa,vodka,,
138,liquoridigiovanna,verdauungs,likörprobe,manor,ch,digiovanna,liquoredigiovanna,swiss,switzerland,swissapero,digestivi,valentinstag,liestal,schweizeraperitif,svizzera,sanvalentino,digiovannalikörprobe,prodottosvizzero,digestivo,manorliestal,liquore,prodottisvizzeri,apero,digestive,liqueurs,digiovannasliqueurstasting,afterdinner,suisse,,,
139,antica_distilleria_q,craft,rosevintage,mixology,organicdistillery,violetvintage,sanvalentinoquaglia,spirits,distillery,since1890,craftliqueurs,vintagespirits,rosavintage,quality,violettavintage,vintageliqueurs,elderflowervintage,liquorivintage,sambucovintage,italianheritage,tradition,anticadistilleriaquaglia,drinks,liqueurs,quagliavalentinesday,,,,,,
140,englishspirituk,vodka,liqueurs,masterdistiller,englishspirit,copperpotstill,rum,smallbatch,standingontheshouldersofgiants,gin,sambuca,contractdistilling,,,,,,,,,,,,,,,,,,,
141,ozgurr2002,cocktail,mezcal,grappa,ron,tequila,cognac,alcohol,tsikoudia,whiskey,liquors,liqueur,oyzo,rhum,rum,greekouzo,liqueurs,spirits,gin,anis,liquor,rakı,tsipouro,vodka,whisky,cocktails,wodka,brandy,ouzo,mitsasouzo,licor
142,lazarisproducts,corfu,liqueurs,lazarisproducts,cocktails,corfutaste,stvalentinesday,,,,,,,,,,,,,,,,,,,,,,,,
143,castle_glen_vineyard,glutenfree,liqueurs,brewery,chemicalfree,castleglen,distillery,vegan,allnatural,preservativefree,valentinesday,uniquegifts,romeoandjuliet,winery,,,,,,,,,,,,,,,,,
144,massenez_au,classiccocktail,mixologyart,sydneycocktails,drinksphotography,cocktailoftheday,distilleriemassenez,summercocktails,melbournecocktails,adelaidecocktails,hobartcocktails,massenez,drinkstagram,cocktailsforyou,worldwidemixology,massenezaustralia,madeinfrance,perthcocktails,cocktailsmelbourne,cocktailporn,cocktailparty,liqueurs,cocktailsaustralia,cocktailrecipes,instadrink,cocktailgarnish,frenchtouch,cocktailart,cocktails🍹,,
145,vomfass_hillcrest,whiskey,love,whisky,spirits,rye,american,delicious,liqueurs,hub,vomfasshillcrest,bourbon,sandiego,scotch,vomfass,heart,flowers,fabuloushillcrest,hillcrest,valentines,tasting,irish,,,,,,,,,
146,you.are.drink,liqueurs,cocktails🍹,drink,drinkstagram,tequilapatron,patronworthy,cocktailrecipies,cocktailbar,blueagave,gdt,mixologyart,haciendapatron,bacardi,cocktail,agave,atotonilcoelaltojalisco,guillermodeltoro,cocktails,bartending,liqueur,instadrinks,homebartender,bartenders,patron,drinks,tequila,patrontequila,drinks🍹,drinkin,
147,pourn_cocktails,cazadores,margarita,cocktails,mixology,tequilacazadores,mixologie,tequilas,keylime,tequila,happyhourtime,mixologist,drinks,liqueurs,mixologists,bartenderz,bartender,bartenders,cocktail,liqueur,blackraspberry,agave,pourncocktails,bars,chambord,alcohol,mixologia,margaritas,barz,bar,happyhour
148,drinksbydre,alcohol,certified,valentines,cheers,specialty,like,tipsy,beverage,bartending,fun,roses,drinksbydre,bar,cocktails,liquors,mobilebarservice,adult,dirtyshirley,dreinks,liqueurs,share,greatdrinks,newdrink,mixologist,,,,,,
149,slodistillers,mixology,percaso,templetondistilleries,spirittasting,grappa,whitewinecocktail,cocktailtime,cocktail,pasoroblesdistillerytrail,pasoport,bloodorangebreeze,craftspirits,slodistillers,drinkup,bloodorangecocktail,liqueurs,distillersofslocounty,madeintempleton,pasoportwineco,brandy,steveglossner,cheers,,,,,,,,
150,wildmoonliqueurs,patioparty,madeinct,rose,party,liqueurs,mixology,craftcocktails,cleandrinking,hartfordhasit,wildmoonlavender,garden,summercocktails,flavor,wildmoon,gardenparty,photooftheday,love,allnatural,wildmoonrose,bottles,inspiration,drinking,lavender,drinkwild,drinkstagram,cocktails,drinklikeyoumeanit,craftspirits,summer,instagood
151,asthebarflies,syrups,kokteyl,garnish,drinks,mixology,cocktailbar,drinks🍹,instadrinks,liqueur,cocktailbars,bitters,drinkin,drinky,alcoholporn,drink,drinki,bartending,bitter,cócteles,bartender,cocktails,cocteles,cocktail,curacao,mixologyart,gin,liqueurs,ginebra,cocktailart,
152,keyifgunlugu,liqueur,liqueurs,absinthe,czechrepublic,relaxmode,instadrink,herballiqueur,miniatureliquor,holiday,relaxtime,miniaturebottles,becherovka,kingofspirits,absinth,karlovyvary,miniature,,,,,,,,,,,,,,
153,wildmoonliqueurs,beautiful,hartfordflavor,experiment,citrus,new,liqueurs,r,hartfordhasit,supportlocal,cleandrinking,distillery,research,cocktails,botanicals,botany,wildmoon,garden,production,inspiration,herbs,drinklocal,womanowned,infusion,craftspirits,sustainable,drinkwild,allnatural,glutenfree,madeinct,
154,wildmoonliqueurs,wildmoonliqueurs,new,nongmo,drinkwild,craftcocktails,mixology,ct,comingsoon,newflavor,liqueurs,cleandrinking,hartfordflavor,wildmoonbotanics,allnatural,soontobereleased,botanics,bartender,flavor,plantbased,wildmoon,glutenfree,sumac,happyhour,sustainable,distillery,alcohol,infusionary,hartfordflavorco,cocktails,
155,antica_distilleria_q,mixology,since1890,organicdistillery,anticadistilleriaquaglia,italianheritage,craft,liqueurs,bartender,hazelnut,tradition,hazelnutliqueur,distillery,spirits,vintagelineliqueurs,vintageliqueurs,drinks,vintagespirits,,,,,,,,,,,,,
156,lechocolatdanstousno,,,,,,,,,,,,,,,,,,,,,,,,,,,,,,
157,davidpalanque,goldeneightliqueur,cocktails🍸,france🇫🇷,massenezliqueur,bartenderlove,barmans,cotedazur,drinks🍹,bartenderlife🍸,poire,instacocktails,cocktails🍹,liqueurs,,,,,,,,,,,,,,,,,
158,barman_academy,instadrinks,cocktailart,drinkup,mixologyart,cocktailbars,sochu,mixology,alcoholporn,liqueurs,barmanacademy,bartender,cocktail,drinki,homebartender,imbibegram,drinkstagram,drinks🍹,kokteyl,drinky,drinkin,liqueur,drink,cocktails,cocktailporn,drinks,thebestbarsclub,cocktailbar,bartending,repost,cocktailrecipes
159,brandconnect_asia,drinkstagram,liqueurs,cocktailrecipes,cocktailoftheday,cocktailsforyou,mixologyart,cocktailparty,hobartcocktails,cocktailporn,massenezliqueur,1bestsellingtonic,fevertree,mixwiththebest,cocktailart,brandconnectasia,classiccocktailstralia,worldwidemixology,instadrink,perthcocktails,summercocktails,drinksphotography,adelaidecocktails,cocktailgarnish,cocktails🍹,1toptrendingtonic,,,,,
160,spirits_wine_world,bblover,honny,followmyjourney,bigboss13season,followme,drink,sidnaaz,jackdanielshoney,bigbrand,responsibly,jackdaniels,bigboss,bigboss13,likemypost,liqueurs,taste,jackdanielswhiskey,,,,,,,,,,,,,
161,cedarhouseinn,liqueurs,limoncello,afterdinnerdrink,,,,,,,,,,,,,,,,,,,,,,,,,,,
162,castle_glen_vineyard,boutiquedistillery,glutenfree,freshfruit,preservativefree,liqueurs,vegan,handmade,allnatural,chemicalfree,artisan,distillery,winery,castleglen,awardwinning,,,,,,,,,,,,,,,,
163,miss.mautz,likör,liqueur,kornröschen,likörchen,homemadeliqueur,johannisbeerlikör,liköre,liqueurs,nussnougatlikör,bonbonlikör,nursüßistlecker,cremeliqueur,liqueurchocolate,ohnealkoholistauchkeinelösung,nimm2likör,,,,,,,,,,,,,,,
164,drinksbydre,celebrate,specialty,lovepetals,happyvalentineday❤️,valentines,bartending,fun,like,drinksbydre,greatdrinks,alcohol,tipsy,cocktails,adult,liqueurs,loveday,hearts,share,roses,champagne,beverage,bar,newdrink,certified,mixologist,liquors,mobilebarservice,dreinks,cheers,
165,cellartrendslondon,gin,masterclass,luxardo,liqueurs,maraschino,cherries,soho,fitzrovia,ctldn,cocktails,london,bars,loveluxardo,,,,,,,,,,,,,,,,,
166,,,,,,,,,,,,,,,,,,,,,,,,,,,,,,,
