,0,1,2,3,4,5,6,7,8,9,10,11,12,13,14,15,16,17,18,19,20,21,22,23,24,25,26,27,28,29,30
0,heyitswhiskeytime,pappyvanwinkle,whiskeygram,cheers,bourbongram,rum,whiskeyporn,scotch,vodka,bourbon,alcohol,thebourbonleague,singlemalt,whiskyporn,drinks,pappy,scotchwhisky,kentuckybourbon,rye,instawhiskey,bourbonwhiskey,lefthandmodel,whiskey,buffalotrace,instabourbon,whisky,kentucky,bourbonporn,cocktails,beer,whiskygram
1,rumgirl_cz,rhumcollection,bar,premiumrum,guatemala,drinkoftheday,czech,rhum,rum,prague,drink,rumcollection,rhumlovers,rumcollector,ron,drinks,rumgirl,rumdrinker,degustation,instalike,spirit,rumoftheworld,drinkrum,rumhouse,rumlover,zacapa,instagood,rhumdrinkers,instafollow,drinkstagram,bartender
2,cocktails_and_mixolo,ром,odessa,mixology,cocktails,hibiscus,tequila,bartender,bar_mixology_bartender,rumbar,restaurant,ukraine,barproof,bar,городскойрынокеды,cocktails_and_mixology,restinodessa,cocktailsofinstagram,коктейли,mbargoodessa,monobar,lavander,cocktailsandmixology,миксология,одесса,rum,,,,,
3,unreservedphotograph,,,,,,,,,,,,,,,,,,,,,,,,,,,,,,
4,liquor,,,,,,,,,,,,,,,,,,,,,,,,,,,,,,
5,solo_rum.it,nosugaradded,donpapa,genova,rhum,puresinglerum,degustazionevino,realdeal,vino,rumlovers,ron,italia,rumporn,singleestaterum,rumlover,zacapa23,jamaicanrum,whisky,worthypark,degustazione,rum,worthyparkestate,,,,,,,,,
6,rumrunnersco,wearerumrunners,,,,,,,,,,,,,,,,,,,,,,,,,,,,,
7,roblawsonstudio,drinksphotographer,rum,beveragephotography,equianorum,,,,,,,,,,,,,,,,,,,,,,,,,,
8,misunluv,아도니스,위스키바,아도니스바,혼술,디플로마티코익스클루시바,diplomatico,디플로마티코,맞팔,럼,rum,알콜스타그램,대전,일상,diplomaticoexclusiva,술스타그램,소통,,,,,,,,,,,,,,
9,sparrows.rdo,pirates,giingiie,sparrow,pirate,rdo,rdr2,shootershoutout,thegallows,thegallowsgang,ps4,cosplay,gamephotography,penelopecruz,rockstargames,rum,hannahvanderlinde,reddeadredemption2,legendsofthewestrdo,sparrows,reddeadonline,oc,character,gamer,piratesofthecaribbean,angelicateach,,,,,
10,cdp_2020,rum,krakenrum,kraken,blackspicedrum,,,,,,,,,,,,,,,,,,,,,,,,,,
11,birkenglueck,füßehoch,surwold,sonntagsmodus,tortenliebe,love,rum,foodporn,birkenglueck,papenburg,derkommtflach,schokorum,torte,yummy,rumkugeltorte,leerostfriesland,,,,,,,,,,,,,,,
12,ewynn86,cocktails,beef,seafoodpancake,bourbon,bonchon,galbi,vodka,tequilla,kimchee,koreanfood,bulgogi,shots,porkbelly,rum,,,,,,,,,,,,,,,,
13,licorbisonte,licorbisonte,domingo,venezuela,ron,maracay,rum,,,,,,,,,,,,,,,,,,,,,,,,
14,queeniequeenz3,rum,cocktails,cute,cococobana,dancing,goals,datenight,valentines,drinks,relationship,turtlebay,food,zombie,boyfriend,loft,,,,,,,,,,,,,,,
15,jenda_hair_and_bake,rum,retro,domaci,pernerkamouka,ibiza,homemadefood,homemade,chalange,saltdeibiza,cuts,amaterbaker,alkohol,gayman,dezert,candy,sunday,kenwood,afterlunch,sladkosti,retrostyle,bozkov,hezkycesky,tuyoibiza,kenwoodcz,gaybaker,bakeoff,oldschool,candys,punch,bake
16,_macek_klacek_,pinkhair,punk,punkfest,punx,alcohol,rum,bozkov,krysa_punk,beer,,,,,,,,,,,,,,,,,,,,,
17,syujune,bar,rum,ラム,バー,captainmorgan,キャプテンモルガン,,,,,,,,,,,,,,,,,,,,,,,,
18,lashermanascasaparti,tripadvisor,ritorneró,facciamofiesta,cubacandela,vacanzeacuba,amiciveri,cubaontour,cubaontheroad,rum,roomforrent,vacanze,cuba🇨🇺,travel,,,,,,,,,,,,,,,,,
19,bibifromthe78_rhum_w,bibifromthe78,portmourant,diamonddistillery,velier,rum,albion,rhum,blairmont,,,,,,,,,,,,,,,,,,,,,,
20,talisa_soca_weekende,london,usa,carnival,socawkndr,europe,socawkdnr,weekender,friends,mysocaweekender,twentytwenty,socamusic,grenada,fun,livelovesoca,wkndr,sun,rum,stvincent,stlucia,barbados,canada,soca,stkittsnevis,islands,trinidad,,,,,
21,heyitswhiskeytime,lefthandmodel,bourbonwhiskey,rye,bourbongram,whiskeygram,whisky,vodka,drinks,scotchwhisky,cocktails,instabourbon,whiskey,alcohol,scotch,instawhiskey,cheers,thebourbonleague,bourbon,pappy,beer,buffalotrace,whiskyporn,bourbonporn,kentucky,rum,singlemalt,whiskeyporn,kentuckybourbon,pappyvanwinkle,whiskygram
22,rumgirl_cz,drink,instalike,guatemala,czech,rumcollector,rumgirl,rum,instagood,rumcollection,prague,rhum,rhumlovers,drinkoftheday,degustation,bartender,rhumdrinkers,rumhouse,bar,rumlover,drinkstagram,drinkrum,instafollow,premiumrum,spirit,zacapa,rhumcollection,rumoftheworld,drinks,rumdrinker,ron
23,cocktails_and_mixolo,одесса,rum,barproof,bar,rumbar,restaurant,tequila,cocktails,коктейли,cocktails_and_mixology,hibiscus,городскойрынокеды,lavander,restinodessa,mbargoodessa,bar_mixology_bartender,cocktailsofinstagram,ром,миксология,mixology,monobar,odessa,cocktailsandmixology,bartender,ukraine,,,,,
24,unreservedphotograph,,,,,,,,,,,,,,,,,,,,,,,,,,,,,,
25,liquor,,,,,,,,,,,,,,,,,,,,,,,,,,,,,,
26,solo_rum.it,ron,donpapa,nosugaradded,worthyparkestate,singleestaterum,degustazionevino,puresinglerum,rhum,rumlovers,genova,degustazione,rum,worthypark,vino,rumlover,italia,realdeal,rumporn,zacapa23,jamaicanrum,whisky,,,,,,,,,
27,rumrunnersco,wearerumrunners,,,,,,,,,,,,,,,,,,,,,,,,,,,,,
28,roblawsonstudio,drinksphotographer,equianorum,beveragephotography,rum,,,,,,,,,,,,,,,,,,,,,,,,,,
29,misunluv,diplomaticoexclusiva,rum,diplomatico,아도니스,술스타그램,소통,알콜스타그램,맞팔,혼술,디플로마티코,럼,일상,아도니스바,위스키바,디플로마티코익스클루시바,대전,,,,,,,,,,,,,,
30,sparrows.rdo,pirate,sparrows,reddeadonline,rdo,penelopecruz,sparrow,rdr2,rockstargames,cosplay,pirates,hannahvanderlinde,thegallows,legendsofthewestrdo,character,oc,rum,piratesofthecaribbean,ps4,giingiie,angelicateach,thegallowsgang,shootershoutout,gamephotography,reddeadredemption2,gamer,,,,,
31,cdp_2020,kraken,krakenrum,rum,blackspicedrum,,,,,,,,,,,,,,,,,,,,,,,,,,
32,birkenglueck,rumkugeltorte,leerostfriesland,rum,surwold,papenburg,torte,tortenliebe,yummy,foodporn,birkenglueck,love,derkommtflach,schokorum,sonntagsmodus,füßehoch,,,,,,,,,,,,,,,
33,ewynn86,beef,koreanfood,cocktails,porkbelly,seafoodpancake,bulgogi,galbi,bonchon,tequilla,vodka,shots,bourbon,kimchee,rum,,,,,,,,,,,,,,,,
34,licorbisonte,rum,venezuela,domingo,maracay,licorbisonte,ron,,,,,,,,,,,,,,,,,,,,,,,,
35,queeniequeenz3,datenight,cocktails,cute,turtlebay,cococobana,drinks,loft,zombie,valentines,food,goals,boyfriend,relationship,rum,dancing,,,,,,,,,,,,,,,
36,jenda_hair_and_bake,amaterbaker,pernerkamouka,bozkov,oldschool,homemadefood,alkohol,rum,candys,gayman,kenwoodcz,sunday,dezert,saltdeibiza,chalange,gaybaker,domaci,cuts,bakeoff,hezkycesky,sladkosti,retro,bake,afterlunch,homemade,kenwood,punch,tuyoibiza,candy,retrostyle,ibiza
37,_macek_klacek_,bozkov,pinkhair,krysa_punk,alcohol,beer,punk,punkfest,rum,punx,,,,,,,,,,,,,,,,,,,,,
38,syujune,rum,バー,キャプテンモルガン,bar,captainmorgan,ラム,,,,,,,,,,,,,,,,,,,,,,,,
39,lashermanascasaparti,ritorneró,cubaontour,cuba🇨🇺,cubacandela,facciamofiesta,travel,cubaontheroad,vacanze,roomforrent,vacanzeacuba,rum,tripadvisor,amiciveri,,,,,,,,,,,,,,,,,
40,bibifromthe78_rhum_w,velier,blairmont,rhum,bibifromthe78,portmourant,rum,albion,diamonddistillery,,,,,,,,,,,,,,,,,,,,,,
41,talisa_soca_weekende,trinidad,weekender,twentytwenty,grenada,friends,stvincent,stkittsnevis,usa,canada,london,soca,socawkndr,stlucia,wkndr,sun,carnival,europe,rum,islands,barbados,socamusic,mysocaweekender,socawkdnr,fun,livelovesoca,,,,,
42,socawkndr,socamusic,fun,stkittsnevis,livelovesoca,carnival,stvincent,grenada,london,friends,canada,stlucia,mysocaweekender,usa,barbados,rum,socawkdnr,wkndr,islands,trinidad,sun,soca,europe,weekender,socawkndr,twentytwenty,,,,,
43,travellingtrio_,bundaberg,rum,rumdistillery,queensland,tour,backpacking,travelling,australia,,,,,,,,,,,,,,,,,,,,,,
44,vaporeon1982,rum,rhum,distillery,antigua,,,,,,,,,,,,,,,,,,,,,,,,,,
45,whiskyexchange,thewhiskyexchange,instadram,rum,top10rum,caribbeanrum,drinksofinstagram,thamesiderum,whiskyexchange,,,,,,,,,,,,,,,,,,,,,,
46,g_wig,blacksalt,louielouielondon,yummydrinks,rum,camparicocktail,southlondonfun,tequilacocktails,,,,,,,,,,,,,,,,,,,,,,,
47,collectshotglasses,glass,souvenir,drinking,shots,aguardente,turismo,shotglasscollection,souvenirs,spirits,pinga,grappa,tequila,whiskey,cachaça,saopaulo,ilovesp,vodka,glasses,cups,presente,collectibles,shotglasscollector,copinhos,gift,souvenirshops,caninha,shotglasses,shotglass,rum,
48,barneymillah,carib,trinidad🇹🇹,trinidadcarnival2020,rum,stag,food,lime,,,,,,,,,,,,,,,,,,,,,,,
49,kampotrum,kampot,kampotrum,cambodiatravel,cocteles🍹,cambodiatrip,rum,cambodia,,,,,,,,,,,,,,,,,,,,,,,
50,swedishsparrow,captainjacksparrowcosplay,jacksparrowcosplay,elizabethswann,captainjacksparrow,rum,pirates,elizabethswanncosplay,jacksparrow,piratesofthecaribbean,whyistherumgone,,,,,,,,,,,,,,,,,,,,
51,atmospherebarprague,gentlemansclub,kouřenípovoleno,forher,cocktailbar,barman,atmospherecigarclub,drinklover,prague,cigar,cigarclub,praha,bar,forhim,havanaclub,cocktail,bartender,dictator,bodeguitadelmedio,enjoythemoment,drink,weekend,cohibaatmospherebar,kamnasklenicku,signature,picoftheday,inspiration,rum,doutniky,nightlife,
52,backstage_bitonto,punch,spiced,puglia,bitonto,garnish,rum,backstagebitonto,bari,bitontonight,pugliadrink,,,,,,,,,,,,,,,,,,,,
53,scotsman_hamburgeria,food,foodporn,pizza,pizzanapoletana,pubseri,siderno,gioiosa,beer,calabria,hamburger,paninialfarro,bovalino,solonumeriuno,chianina,instagood,rum,good,italy,instagram,angus,gourmet,birraartigianale,locride,roccella,locri,,,,,
54,heyitswhiskeytime,bourbonporn,vodka,beer,whiskeyporn,whiskeygram,rye,whiskyporn,scotch,kentuckybourbon,thebourbonleague,pappy,instawhiskey,lefthandmodel,instabourbon,whiskey,bourbongram,buffalotrace,cocktails,alcohol,drinks,singlemalt,pappyvanwinkle,scotchwhisky,kentucky,bourbonwhiskey,whisky,cheers,whiskygram,rum,bourbon
55,rumgirl_cz,drinkoftheday,rumdrinker,ron,drink,rumcollector,spirit,bartender,rumoftheworld,drinkstagram,rhumlovers,rhumdrinkers,prague,guatemala,rumhouse,rumcollection,degustation,zacapa,rumgirl,instafollow,instagood,bar,rum,rumlover,premiumrum,drinks,rhumcollection,drinkrum,instalike,czech,rhum
56,cocktails_and_mixolo,bar_mixology_bartender,cocktails,mixology,bartender,cocktails_and_mixology,миксология,cocktailsandmixology,bar,monobar,odessa,restaurant,ром,restinodessa,коктейли,городскойрынокеды,mbargoodessa,rumbar,barproof,lavander,tequila,одесса,rum,hibiscus,ukraine,cocktailsofinstagram,,,,,
57,unreservedphotograph,,,,,,,,,,,,,,,,,,,,,,,,,,,,,,
58,liquor,,,,,,,,,,,,,,,,,,,,,,,,,,,,,,
59,solo_rum.it,nosugaradded,worthypark,worthyparkestate,italia,genova,rhum,vino,degustazionevino,rumlovers,zacapa23,rum,rumlover,degustazione,ron,rumporn,whisky,donpapa,jamaicanrum,realdeal,singleestaterum,puresinglerum,,,,,,,,,
60,rumrunnersco,wearerumrunners,,,,,,,,,,,,,,,,,,,,,,,,,,,,,
61,roblawsonstudio,rum,beveragephotography,drinksphotographer,equianorum,,,,,,,,,,,,,,,,,,,,,,,,,,
62,misunluv,diplomatico,맞팔,알콜스타그램,대전,혼술,아도니스바,디플로마티코익스클루시바,술스타그램,디플로마티코,소통,rum,럼,일상,위스키바,diplomaticoexclusiva,아도니스,,,,,,,,,,,,,,
63,sparrows.rdo,ps4,character,cosplay,giingiie,sparrow,legendsofthewestrdo,rum,hannahvanderlinde,rdr2,thegallowsgang,pirate,reddeadredemption2,shootershoutout,gamephotography,reddeadonline,oc,gamer,penelopecruz,thegallows,angelicateach,rdo,rockstargames,sparrows,piratesofthecaribbean,pirates,,,,,
64,cdp_2020,blackspicedrum,krakenrum,rum,kraken,,,,,,,,,,,,,,,,,,,,,,,,,,
65,birkenglueck,derkommtflach,yummy,birkenglueck,surwold,torte,rum,rumkugeltorte,love,füßehoch,papenburg,tortenliebe,sonntagsmodus,schokorum,leerostfriesland,foodporn,,,,,,,,,,,,,,,
66,ewynn86,tequilla,bonchon,rum,kimchee,porkbelly,koreanfood,seafoodpancake,vodka,cocktails,galbi,beef,shots,bulgogi,bourbon,,,,,,,,,,,,,,,,
67,licorbisonte,licorbisonte,ron,maracay,venezuela,domingo,rum,,,,,,,,,,,,,,,,,,,,,,,,
68,queeniequeenz3,cute,loft,datenight,cocktails,valentines,turtlebay,drinks,boyfriend,food,relationship,dancing,rum,zombie,goals,cococobana,,,,,,,,,,,,,,,
69,jenda_hair_and_bake,sladkosti,bake,pernerkamouka,amaterbaker,sunday,cuts,punch,chalange,candy,dezert,ibiza,domaci,retrostyle,gayman,bozkov,gaybaker,homemade,homemadefood,oldschool,saltdeibiza,alkohol,retro,candys,afterlunch,tuyoibiza,kenwood,hezkycesky,kenwoodcz,rum,bakeoff
70,_macek_klacek_,punk,punx,punkfest,pinkhair,rum,bozkov,beer,krysa_punk,alcohol,,,,,,,,,,,,,,,,,,,,,
71,syujune,bar,キャプテンモルガン,rum,バー,captainmorgan,ラム,,,,,,,,,,,,,,,,,,,,,,,,
72,lashermanascasaparti,cubaontheroad,facciamofiesta,vacanzeacuba,cuba🇨🇺,amiciveri,vacanze,travel,rum,roomforrent,tripadvisor,ritorneró,cubacandela,cubaontour,,,,,,,,,,,,,,,,,
73,bibifromthe78_rhum_w,bibifromthe78,rhum,rum,velier,albion,diamonddistillery,portmourant,blairmont,,,,,,,,,,,,,,,,,,,,,,
74,talisa_soca_weekende,london,carnival,socamusic,stkittsnevis,livelovesoca,islands,usa,socawkndr,canada,stvincent,wkndr,soca,mysocaweekender,friends,twentytwenty,weekender,socawkdnr,barbados,trinidad,rum,stlucia,fun,grenada,sun,europe,,,,,
75,socawkndr,canada,weekender,friends,fun,usa,rum,london,carnival,stvincent,barbados,islands,trinidad,twentytwenty,stlucia,socawkndr,socawkdnr,socamusic,livelovesoca,europe,soca,sun,mysocaweekender,stkittsnevis,grenada,wkndr,,,,,
76,travellingtrio_,backpacking,queensland,bundaberg,rum,travelling,tour,rumdistillery,australia,,,,,,,,,,,,,,,,,,,,,,
77,vaporeon1982,antigua,rum,distillery,rhum,,,,,,,,,,,,,,,,,,,,,,,,,,
78,whiskyexchange,top10rum,drinksofinstagram,instadram,caribbeanrum,thamesiderum,whiskyexchange,thewhiskyexchange,rum,,,,,,,,,,,,,,,,,,,,,,
79,g_wig,rum,blacksalt,louielouielondon,tequilacocktails,southlondonfun,camparicocktail,yummydrinks,,,,,,,,,,,,,,,,,,,,,,,
80,collectshotglasses,glasses,shots,grappa,shotglasscollector,turismo,aguardente,souvenirs,gift,shotglasscollection,whiskey,souvenir,rum,ilovesp,copinhos,souvenirshops,vodka,pinga,drinking,tequila,glass,cups,cachaça,caninha,shotglasses,shotglass,spirits,saopaulo,collectibles,presente,
81,barneymillah,rum,carib,trinidad🇹🇹,food,stag,lime,trinidadcarnival2020,,,,,,,,,,,,,,,,,,,,,,,
82,kampotrum,kampotrum,cambodiatrip,rum,cambodia,cambodiatravel,kampot,cocteles🍹,,,,,,,,,,,,,,,,,,,,,,,
83,swedishsparrow,whyistherumgone,piratesofthecaribbean,rum,elizabethswanncosplay,captainjacksparrowcosplay,jacksparrowcosplay,captainjacksparrow,pirates,elizabethswann,jacksparrow,,,,,,,,,,,,,,,,,,,,
84,atmospherebarprague,bartender,barman,bodeguitadelmedio,cocktail,inspiration,cigar,drink,atmospherecigarclub,praha,cigarclub,kamnasklenicku,bar,enjoythemoment,rum,nightlife,dictator,havanaclub,cohibaatmospherebar,gentlemansclub,weekend,kouřenípovoleno,doutniky,picoftheday,forhim,signature,prague,forher,cocktailbar,drinklover,
85,backstage_bitonto,pugliadrink,bari,bitontonight,garnish,backstagebitonto,rum,spiced,punch,bitonto,puglia,,,,,,,,,,,,,,,,,,,,
86,scotsman_hamburgeria,instagram,angus,good,birraartigianale,paninialfarro,instagood,gioiosa,pizzanapoletana,chianina,calabria,locride,beer,food,siderno,italy,locri,rum,bovalino,roccella,pizza,pubseri,gourmet,solonumeriuno,hamburger,foodporn,,,,,
87,food.nbev on Instagr,valentinesday2020,thebaratcommittee,valentines,pinacolada,cocktails,coconut,ube,rum,,,,,,,,,,,,,,,,,,,,,,
88,sophiesticated75,rum,sí,celiaca,vivalaciccia,arrabbiata❣️❣️,glutenfreepasta,intoleranteaglutine,hot,edaorasarópurecostretta,machecoiioni,goodlunch😋,pastaailegumi,ho,pastadiceci,cibobuono,buonoesano,healthyfoodchoices,e,fanulla,ricottasalata,scherzavo,amomangiarecosì,laciccacontinuoamangiare,pota,,,,,,
89,cocktailsandnibbles ,myfavoritecocktail,cocktail,bartenderlife,drinks,mixologic,cocktailbars,bourbon,cocktailqueen,whiskey,happyhourqueen,mixologyguide,bartenders,cocktailbloggers,drinksofinstagram,aboutdrinksandbars,cocktailsofinstagram,happyhour,creativebartender,mixology,prosecco,scotch,anotherround,cocktailselfie,cocktailinspiration,rum,cocktailrecipes,vodka,champagne,bartenderlove,cocktailspecials
90,rumbullion2005,osaka,rum,京橋,techno,vintage,badge,kraftwerk,古着,usedclothing,大阪城公園,古着屋,,,,,,,,,,,,,,,,,,,
91,mistoinstarosta_dejv,rome,memories,throwback,vzpominka,gladiator,sightseeing,rum,colosseum,rim,nedelampromojackovi,gin,archeology,sights,ancient,architecture,photography,radsiginneborum,italy,alepotrebovaljsembatoh,,,,,,,,,,,
92,arthur.wojtera,mauritius,mauritius🇲🇺,rum,drink,alcohol,sugar,,,,,,,,,,,,,,,,,,,,,,,,
93,tinikwan,mixologyguide,drinks,anotherround,myfavoritecocktail,scotch,cocktailbars,creativebartender,vodka,happyhourqueen,cocktailinspiration,bartenderlove,bartenderlife,drinksofinstagram,cocktailrecipes,whiskey,mixologic,bourbon,champagne,rum,cocktail,cocktailbloggers,cocktailsofinstagram,happyhour,prosecco,cocktailspecials,mixology,cocktailselfie,aboutdrinksandbars,cocktailqueen,bartenders
94,yeditepeyayinevi,kültür,doğukaradeniz,trabzonüniversitesi,dogukaradeniz,rum,book,türkiyecumhuriyeti,propaganda,tarih,karadeniz,rize,history,osmanlı,türkiye,yeditepeyayınevi,kitap,diaspora,yunanistan,yunan,mübadele,laz,asi,türk,trabzon,pontus,isyan,,,,
95,donpaparum,,,,,,,,,,,,,,,,,,,,,,,,,,,,,,
96,madame_medusa88,amaretti,rum,cotturaalegna🔥,dolcedelladomenica,mandorle,esperimenticulinari,,,,,,,,,,,,,,,,,,,,,,,,
97,the_country_lodge_ho,sundays,summer,weather,clearsky,tropicalweather,hotsummer,coke,drink,sunny,colddrink,cocktails,hotweather,rum,alcohol,beautifulday,bluesky,tropical,day,,,,,,,,,,,,
98,umbeebooombazar,whiskey,handmadewithlove,firebitch,tequila,handpainted,rum,bartending,gin,fridakahlo,shot,alcohol,matrioska,holymary,vodka,,,,,,,,,,,,,,,,
99,heyitswhiskeytime,bourbongram,thebourbonleague,singlemalt,cheers,whiskyporn,pappyvanwinkle,kentuckybourbon,rum,whiskeyporn,instabourbon,beer,bourbon,whiskey,whisky,rye,scotchwhisky,drinks,bourbonwhiskey,kentucky,whiskygram,lefthandmodel,whiskeygram,cocktails,scotch,buffalotrace,pappy,bourbonporn,alcohol,instawhiskey,vodka
100,rumgirl_cz,drinks,czech,premiumrum,rumhouse,spirit,rhumcollection,bartender,rumlover,prague,drinkrum,zacapa,rumdrinker,rhumlovers,rum,drinkoftheday,drinkstagram,rhum,rumgirl,guatemala,degustation,instagood,instafollow,bar,drink,ron,rumcollector,instalike,rumcollection,rumoftheworld,rhumdrinkers
101,cocktails_and_mixolo,ром,rumbar,bar_mixology_bartender,миксология,restinodessa,cocktailsandmixology,cocktails,hibiscus,коктейли,mbargoodessa,городскойрынокеды,restaurant,cocktails_and_mixology,bartender,rum,tequila,ukraine,barproof,monobar,lavander,cocktailsofinstagram,bar,mixology,odessa,одесса,,,,,
102,unreservedphotograph,,,,,,,,,,,,,,,,,,,,,,,,,,,,,,
103,liquor,,,,,,,,,,,,,,,,,,,,,,,,,,,,,,
104,solo_rum.it,realdeal,rhum,genova,jamaicanrum,worthyparkestate,puresinglerum,rumlover,rum,singleestaterum,rumlovers,degustazionevino,zacapa23,whisky,vino,worthypark,italia,nosugaradded,degustazione,rumporn,donpapa,ron,,,,,,,,,
105,rumrunnersco,wearerumrunners,,,,,,,,,,,,,,,,,,,,,,,,,,,,,
106,roblawsonstudio,equianorum,rum,beveragephotography,drinksphotographer,,,,,,,,,,,,,,,,,,,,,,,,,,
107,misunluv,대전,일상,혼술,소통,럼,맞팔,위스키바,디플로마티코익스클루시바,디플로마티코,아도니스바,술스타그램,diplomatico,rum,알콜스타그램,아도니스,diplomaticoexclusiva,,,,,,,,,,,,,,
108,jenda_hair_and_bake,retro,bakeoff,kenwoodcz,sunday,homemadefood,pernerkamouka,punch,tuyoibiza,afterlunch,ibiza,amaterbaker,sladkosti,bake,homemade,retrostyle,gaybaker,alkohol,chalange,rum,cuts,saltdeibiza,gayman,domaci,kenwood,bozkov,dezert,candy,oldschool,candys,hezkycesky
109,_macek_klacek_,punx,punk,alcohol,pinkhair,beer,rum,punkfest,krysa_punk,bozkov,,,,,,,,,,,,,,,,,,,,,
110,syujune,キャプテンモルガン,バー,bar,ラム,rum,captainmorgan,,,,,,,,,,,,,,,,,,,,,,,,
111,lashermanascasaparti,cuba🇨🇺,cubacandela,amiciveri,travel,cubaontour,ritorneró,vacanze,tripadvisor,facciamofiesta,roomforrent,vacanzeacuba,rum,cubaontheroad,,,,,,,,,,,,,,,,,
112,bibifromthe78_rhum_w,velier,diamonddistillery,rhum,bibifromthe78,portmourant,blairmont,albion,rum,,,,,,,,,,,,,,,,,,,,,,
113,talisa_soca_weekende,usa,stkittsnevis,europe,friends,soca,socawkdnr,wkndr,sun,livelovesoca,trinidad,carnival,socawkndr,canada,mysocaweekender,london,islands,barbados,rum,fun,stlucia,twentytwenty,grenada,weekender,stvincent,socamusic,,,,,
114,socawkndr,carnival,sun,stvincent,trinidad,grenada,usa,socawkdnr,europe,socawkndr,stkittsnevis,stlucia,islands,friends,barbados,socamusic,rum,soca,london,mysocaweekender,canada,wkndr,weekender,twentytwenty,fun,livelovesoca,,,,,
115,travellingtrio_,tour,australia,rumdistillery,backpacking,bundaberg,rum,travelling,queensland,,,,,,,,,,,,,,,,,,,,,,
116,vaporeon1982,distillery,antigua,rhum,rum,,,,,,,,,,,,,,,,,,,,,,,,,,
117,whiskyexchange,thewhiskyexchange,top10rum,whiskyexchange,rum,caribbeanrum,drinksofinstagram,instadram,thamesiderum,,,,,,,,,,,,,,,,,,,,,,
118,g_wig,blacksalt,yummydrinks,southlondonfun,rum,louielouielondon,tequilacocktails,camparicocktail,,,,,,,,,,,,,,,,,,,,,,,
119,collectshotglasses,gift,caninha,shotglasscollection,grappa,cachaça,shotglass,shotglasscollector,pinga,glasses,souvenir,glass,ilovesp,vodka,cups,saopaulo,copinhos,aguardente,whiskey,souvenirs,souvenirshops,drinking,collectibles,tequila,rum,shots,presente,shotglasses,turismo,spirits,
120,barneymillah,lime,rum,trinidad🇹🇹,carib,stag,food,trinidadcarnival2020,,,,,,,,,,,,,,,,,,,,,,,
121,kampotrum,rum,cocteles🍹,kampotrum,cambodia,cambodiatrip,kampot,cambodiatravel,,,,,,,,,,,,,,,,,,,,,,,
122,swedishsparrow,jacksparrow,jacksparrowcosplay,whyistherumgone,rum,captainjacksparrow,piratesofthecaribbean,elizabethswann,captainjacksparrowcosplay,elizabethswanncosplay,pirates,,,,,,,,,,,,,,,,,,,,
123,atmospherebarprague,rum,cigar,kouřenípovoleno,bar,barman,enjoythemoment,cocktail,cocktailbar,prague,forher,doutniky,bodeguitadelmedio,bartender,weekend,inspiration,cohibaatmospherebar,atmospherecigarclub,gentlemansclub,havanaclub,praha,drinklover,kamnasklenicku,picoftheday,forhim,drink,dictator,signature,cigarclub,nightlife,
124,backstage_bitonto,punch,rum,pugliadrink,garnish,bitonto,puglia,spiced,bari,bitontonight,backstagebitonto,,,,,,,,,,,,,,,,,,,,
125,scotsman_hamburgeria,pubseri,italy,foodporn,roccella,pizza,calabria,instagood,food,rum,chianina,siderno,bovalino,good,angus,beer,locri,paninialfarro,hamburger,locride,instagram,birraartigianale,pizzanapoletana,solonumeriuno,gourmet,gioiosa,,,,,
126,food.nbev on Instagr,pinacolada,ube,cocktails,thebaratcommittee,valentines,rum,valentinesday2020,coconut,,,,,,,,,,,,,,,,,,,,,,
127,sophiesticated75,e,buonoesano,cibobuono,fanulla,ho,amomangiarecosì,healthyfoodchoices,pastaailegumi,intoleranteaglutine,scherzavo,vivalaciccia,pota,arrabbiata❣️❣️,goodlunch😋,hot,machecoiioni,pastadiceci,laciccacontinuoamangiare,celiaca,ricottasalata,sí,glutenfreepasta,edaorasarópurecostretta,rum,,,,,,
128,cocktailsandnibbles ,bartenderlove,drinksofinstagram,cocktailbars,mixologic,scotch,bourbon,happyhourqueen,rum,mixology,mixologyguide,cocktailqueen,vodka,happyhour,cocktailinspiration,cocktailsofinstagram,champagne,myfavoritecocktail,anotherround,whiskey,creativebartender,cocktailrecipes,cocktailbloggers,drinks,cocktail,prosecco,bartenders,aboutdrinksandbars,cocktailspecials,cocktailselfie,bartenderlife
129,rumbullion2005,usedclothing,techno,古着屋,大阪城公園,kraftwerk,京橋,古着,vintage,badge,osaka,rum,,,,,,,,,,,,,,,,,,,
130,mistoinstarosta_dejv,rim,ancient,radsiginneborum,nedelampromojackovi,gin,rome,italy,vzpominka,archeology,memories,alepotrebovaljsembatoh,gladiator,architecture,rum,sights,colosseum,throwback,sightseeing,photography,,,,,,,,,,,
131,arthur.wojtera,mauritius🇲🇺,rum,mauritius,drink,alcohol,sugar,,,,,,,,,,,,,,,,,,,,,,,,
132,tinikwan,mixologic,bartenderlife,cocktailbars,mixologyguide,aboutdrinksandbars,vodka,mixology,cocktailspecials,cocktailselfie,cocktailrecipes,bourbon,cocktailbloggers,rum,creativebartender,cocktailsofinstagram,happyhourqueen,drinksofinstagram,bartenderlove,prosecco,happyhour,bartenders,myfavoritecocktail,whiskey,cocktail,drinks,champagne,anotherround,cocktailqueen,cocktailinspiration,scotch
133,yeditepeyayinevi,yunan,isyan,laz,yeditepeyayınevi,osmanlı,book,kitap,yunanistan,trabzonüniversitesi,tarih,mübadele,asi,türkiye,türkiyecumhuriyeti,trabzon,propaganda,kültür,rize,rum,history,karadeniz,diaspora,pontus,dogukaradeniz,türk,doğukaradeniz,,,,
134,donpaparum,,,,,,,,,,,,,,,,,,,,,,,,,,,,,,
135,madame_medusa88,rum,dolcedelladomenica,cotturaalegna🔥,amaretti,mandorle,esperimenticulinari,,,,,,,,,,,,,,,,,,,,,,,,
136,the_country_lodge_ho,weather,tropicalweather,clearsky,drink,sunny,hotweather,alcohol,sundays,coke,colddrink,tropical,day,summer,cocktails,bluesky,rum,beautifulday,hotsummer,,,,,,,,,,,,
137,umbeebooombazar,handmadewithlove,holymary,bartending,rum,tequila,alcohol,firebitch,handpainted,gin,fridakahlo,matrioska,shot,whiskey,vodka,,,,,,,,,,,,,,,,
138,scottishmixology,simplesundaysips,,,,,,,,,,,,,,,,,,,,,,,,,,,,,
139,rumcult,caroni,rum,oldrum,caronirum,velierspa,rumcollector,velier,rumcollection,instarum,rhum,,,,,,,,,,,,,,,,,,,,
140,arbigland_estate,inthemaking,localbusiness,rum,jpj,comingsoon,southwestscotland,russiannavy,cocktails,johnpauljonesrum,solwayfirth,unique,artisan,quoteoftheday,smallbatch,americannavy,rearadmiral,americanrevolution,dumfriesandgalloway,hero,navalhero,quotes,parttimepirate,,,,,,,,
141,claudio_barman,bartender,cocktail,instacocktail,tequila,italy,bartenderlife,hotelbar,cocktailart,gin,longdrink,mixology,mixologist,barhotel,greatcocktails,whisky,krapfen,zeppole,drink,hotel,instadrink,vodka,bartending,bar,aperitivo,rum,bologna,barman,,,
142,dream_lifesyle,house,rum,relax,cigar,dream,smoke,wow,smookroom,,,,,,,,,,,,,,,,,,,,,,
143,bestfoodiess,fancy,nootjes,food,uitzicht,valentijn,gezellig,skyline,rum,avond,friends,juniperandkin,hotel,amsterdam,cocktails,party,drinks,nightlife,view,bynight,music,qohotel,cognac,drankjes,hotellife,,,,,,
144,david_emerson82,rum,donpapa,elpresidente,ronzacapa,degustace,tuzemak,czech,,,,,,,,,,,,,,,,,,,,,,,
145,rumahminimalis.bandu,olx,rumahku,sukasariciparay,rumahdijualcom,rumahidaman,rumahminimalis,rumah,rum,rumahbandung,rumahbaru2020,rumahcom,infoproperty,rumahbaru,rumahbandungselatan,rumahciparay,rumahdijual,property,,,,,,,,,,,,,
146,omio33,plantationpineapple,オムライス,foodstagram,foodphotography,bostoncooler,bourbon,noahsmill,bourbonwhiskey,rum,foodporn,food,plantation,bar,whiskey,,,,,,,,,,,,,,,,
147,kalman1202,zacapa,rum,cigar,zigarre,,,,,,,,,,,,,,,,,,,,,,,,,,
148,diablesserum,manchestergram,rum,lovemanchester,diablesserum,girlboss,gift,rumisthenewgin,simplicity,cocktails,caribbeanrum,homebartender,ruminterest,instadrinks,manchesterbars,drinks,goldenrum,bars,rumlove,craftcocktails,independent,rumlovers,caribbean,traditional,manchester,mixology,spicedrum,authentic,,,
149,augustocarlosagt,casemirodeabreu,rum,5km,,,,,,,,,,,,,,,,,,,,,,,,,,,
150,heyitswhiskeytime,scotch,whiskeygram,whiskygram,instawhiskey,buffalotrace,alcohol,whiskeyporn,thebourbonleague,drinks,rum,vodka,bourbonporn,cheers,lefthandmodel,bourbongram,cocktails,whiskyporn,rye,kentuckybourbon,whisky,bourbon,instabourbon,pappy,kentucky,pappyvanwinkle,singlemalt,beer,bourbonwhiskey,scotchwhisky,whiskey
151,rumgirl_cz,rhumdrinkers,rumcollector,rumgirl,guatemala,ron,bar,czech,rumcollection,rumlover,drink,premiumrum,rhum,drinkrum,bartender,rumhouse,instafollow,spirit,rhumcollection,rumdrinker,drinkoftheday,rhumlovers,rum,rumoftheworld,zacapa,drinkstagram,instalike,prague,degustation,instagood,drinks
152,cocktails_and_mixolo,cocktails,hibiscus,mbargoodessa,rum,odessa,mixology,restaurant,cocktailsandmixology,tequila,cocktails_and_mixology,городскойрынокеды,коктейли,bartender,barproof,одесса,bar,lavander,monobar,rumbar,миксология,ukraine,cocktailsofinstagram,ром,bar_mixology_bartender,restinodessa,,,,,
153,unreservedphotograph,,,,,,,,,,,,,,,,,,,,,,,,,,,,,,
154,liquor,,,,,,,,,,,,,,,,,,,,,,,,,,,,,,
155,solo_rum.it,nosugaradded,ron,worthypark,puresinglerum,zacapa23,degustazionevino,whisky,realdeal,genova,rum,degustazione,italia,rhum,rumporn,singleestaterum,vino,worthyparkestate,jamaicanrum,rumlovers,rumlover,donpapa,,,,,,,,,
156,rumrunnersco,wearerumrunners,,,,,,,,,,,,,,,,,,,,,,,,,,,,,
157,roblawsonstudio,equianorum,drinksphotographer,beveragephotography,rum,,,,,,,,,,,,,,,,,,,,,,,,,,
158,misunluv,diplomatico,럼,아도니스,혼술,대전,rum,diplomaticoexclusiva,알콜스타그램,술스타그램,아도니스바,디플로마티코,위스키바,소통,일상,디플로마티코익스클루시바,맞팔,,,,,,,,,,,,,,
159,barneymillah,carib,lime,rum,stag,trinidad🇹🇹,trinidadcarnival2020,food,,,,,,,,,,,,,,,,,,,,,,,
160,kampotrum,kampot,kampotrum,cambodiatravel,rum,cocteles🍹,cambodia,cambodiatrip,,,,,,,,,,,,,,,,,,,,,,,
161,swedishsparrow,jacksparrow,elizabethswanncosplay,piratesofthecaribbean,pirates,jacksparrowcosplay,captainjacksparrowcosplay,rum,elizabethswann,captainjacksparrow,whyistherumgone,,,,,,,,,,,,,,,,,,,,
162,atmospherebarprague,kouřenípovoleno,rum,praha,picoftheday,atmospherecigarclub,bartender,inspiration,forhim,dictator,prague,nightlife,bar,havanaclub,gentlemansclub,enjoythemoment,cigar,barman,cocktail,bodeguitadelmedio,drinklover,cigarclub,forher,cocktailbar,signature,weekend,drink,kamnasklenicku,cohibaatmospherebar,doutniky,
163,backstage_bitonto,garnish,bitonto,puglia,punch,backstagebitonto,bari,spiced,rum,pugliadrink,bitontonight,,,,,,,,,,,,,,,,,,,,
164,,,,,,,,,,,,,,,,,,,,,,,,,,,,,,,
