,0,1,2,3,4,5,6,7,8,9,10,11,12,13,14,15,16,17,18,19,20,21,22,23,24,25,26,27,28,29,30
0,whiskeyforums,oldforester,,,,,,,,,,,,,,,,,,,,,,,,,,,,,
1,vintage_gentlemen,,,,,,,,,,,,,,,,,,,,,,,,,,,,,,
2,singlemaltdaily,scotch,islay,luxuryhotels,whiskey,commentbelow,bellevue,talisker,whisky,singlemalt,singlemaltdaily,smoke,lagavulin,25,johnniewalker,capitolhill,bluelabel,smokey,seattlephotographer,luxurywatches,audis5,igers_seattle,portellen,liquidgold,keepwalking,2002,visitscotland,,,,
3,whiskysailor71,splashpics,whiskycircle,whiskypic,caolila,peatedwhisky,scotch,whisky,whiskylover,whiskywithaview,singlemalt,instadram,whiskyviewhunter,whiskyviewhunting,smokeywhisky,topwhiskies,isleofislay,whiskygram,instawhisky,whiskydram,whiskyporn,fridayvibes,splash,,,,,,,,
4,topwhiskies,whisky,,,,,,,,,,,,,,,,,,,,,,,,,,,,,
5,whiskyvegas,scotchwhisky,glenfiddichdistillery,ultimatedecanter,chinesemarket,highlimitlounge,lasvegas,chinesenewyear,whisky,38yearold,pitstop,glenfiddichwhisky,scotch,,,,,,,,,,,,,,,,,,
6,topwhiskies,whiskey,whisky,topwhiskies,,,,,,,,,,,,,,,,,,,,,,,,,,,
7,topwhiskies,whiskey,whisky,topwhiskies,,,,,,,,,,,,,,,,,,,,,,,,,,,
8,thewhiskywalker,,,,,,,,,,,,,,,,,,,,,,,,,,,,,,
9,whiskycanuck,,,,,,,,,,,,,,,,,,,,,,,,,,,,,,
10,subourbonlife on Ins,dram,whiskeygram,americanwhiskey,kentuckybourbon,highwest,highwestdistillery,bourbon,bourbongram,willetfamilyestate,whiskygram,bourbonlover,whiskyporn,scotch,whiskeylover,bourbonhunt,whisky,instabourbon,instadram,mwnd,bourbonlife,whiskeyporn,willettdistillery,instawhiskey,scotchwhisky,ryewhiskey,whiskey,cocktails,bourbonwhiskey,rye,
11,whisky_rover,whiskylove,whiskyforest,whiskywithaview,smögen,whiskygram,cheers,quartercask,bar,primörrevisited,optic,scotchwhisky,stumpforrose,scotch,drinkup,oak,peated,whisky,whiskey,bartender,,,,,,,,,,,
12,scotchandtime,lifeofluxury,cigarlounge,dalmore,singlemalt,glenfiddich14,scotch,georgetstagg,glenfiddich30,glenfiddich,glenfiddich21,macallan,themacallan,rarewhisky,scotchwhisky,cigarlifestyle,dalmore12,monkeyshoulder,glenfiddichgrandcru23,glenmorangie,glendronach,glenfiddichwhisky,glenfiddichgrandcru,cigarsandwhiskey,balvenie,,,,,,
13,whisky.wiki,ウィスキー,scotchwhisky,instadram,whiskyporn,whiskygram,instawhisky,scotch,whiskywiki,samaroli,hongkong,singlemalt,rare,whiskey,alcohol,themaltaffair,whisky,japanesewhisky,caolila,reviewsarenoteverything,collector,威士忌,kanpai,vintage,,,,,,,
14,worthington_photos,whiskytasting,nature,whiskygram,instagood,singlemalt,photography,a6000,whiskywithaview,autumn,naturephotography,photographer,whiskybar,photo,autumnvibes,whisky,scotch,picoftheday,smoky,topwhiskies,trending,pictureoftheday,photoshoot,photooftheday,,,,,,,
15,barndigger,prohibitionparty,burbon,gin,scotch,prohibitionbottles,rye,prohibition,,,,,,,,,,,,,,,,,,,,,,,
16,malt_o_bene,whiskygram,peat,whiskey,whiskyporn,organic,scotch,campbeltown,13,singlemalt,scotland,springbank,whiskylove,scotchwhisky,scottishwhisky,shotoftheday,whisky,ilovewhisky,springbankwhisky,instawhisky,smoke,dramsncigarsclub,slainte,whiskypics,whiskycircle,instadram,13yo,sunday,limitededition,green,
17,acornlimited,秩父ウイスキー祭,acornwhisky,instawhisky,thewhiskyplus,scotch,instawhiskey,whisky,chichibuwhiskymatsuri,acornlimited,埼玉,秩父,whiskygram,whiskylover,whiskey,chichibu,ウイスキー祭,acorn,whiskymatsuri,malt,モルト,instascotch,ウイスキー,ウイスキー好きな人と繋がりたい,instadram,スコッチ,,,,,
18,whiskperience,bolivian_spirit,🥃,whisky,truestory,johnniewalker,whiskycollector,boytoys,class,singlemalt,whiskynation,whiskyquotes,bolivia,jackdaniels,quotes,whiskperience,jw,style,scotch,drinks,cheers,words,alcohol,instawhiskey,whiskyporn,whiskeygram,frases,instalike,scotchwhisky,whiskey,
19,jknetzwelt,singlemalt,irishman,ardbergalligator,teeling,japan,laphroig,bowmore,ardberg,lagavulin,india,whiskey,irish,pauljohnpeatey,ireland,tobemoryspring,nikka,inchmurrin,scotch,,,,,,,,,,,,
20,whiskyconsultants.nl,tullibardine228,highland,burgundy,whisky,whiskey,scotch,singlemalt,whiskyconsultants,tullibardine,,,,,,,,,,,,,,,,,,,,,
21,whiskeyforums,oldforester,,,,,,,,,,,,,,,,,,,,,,,,,,,,,
22,vintage_gentlemen,,,,,,,,,,,,,,,,,,,,,,,,,,,,,,
23,singlemaltdaily,lagavulin,seattlephotographer,smokey,commentbelow,singlemaltdaily,talisker,bellevue,singlemalt,scotch,luxuryhotels,whiskey,bluelabel,igers_seattle,portellen,audis5,luxurywatches,smoke,whisky,2002,keepwalking,liquidgold,islay,capitolhill,johnniewalker,visitscotland,25,,,,
24,whiskysailor71,caolila,instawhisky,singlemalt,peatedwhisky,splash,whiskypic,whiskygram,scotch,splashpics,smokeywhisky,fridayvibes,whiskyviewhunting,whiskycircle,whiskyviewhunter,whiskydram,whiskywithaview,whiskylover,topwhiskies,whisky,isleofislay,instadram,whiskyporn,,,,,,,,
25,topwhiskies,whisky,,,,,,,,,,,,,,,,,,,,,,,,,,,,,
26,whiskyvegas,pitstop,chinesemarket,glenfiddichwhisky,whisky,38yearold,chinesenewyear,scotchwhisky,scotch,glenfiddichdistillery,ultimatedecanter,highlimitlounge,lasvegas,,,,,,,,,,,,,,,,,,
27,topwhiskies,whisky,whiskey,topwhiskies,,,,,,,,,,,,,,,,,,,,,,,,,,,
28,topwhiskies,whisky,whiskey,topwhiskies,,,,,,,,,,,,,,,,,,,,,,,,,,,
29,thewhiskywalker,,,,,,,,,,,,,,,,,,,,,,,,,,,,,,
30,whiskycanuck,,,,,,,,,,,,,,,,,,,,,,,,,,,,,,
31,subourbonlife on Ins,cocktails,mwnd,bourbonhunt,bourbongram,whiskyporn,bourbon,whiskeylover,ryewhiskey,bourbonlover,dram,whiskygram,highwest,whiskeyporn,highwestdistillery,scotch,whiskey,scotchwhisky,bourbonlife,americanwhiskey,whisky,rye,willetfamilyestate,kentuckybourbon,instadram,instabourbon,instawhiskey,bourbonwhiskey,whiskeygram,willettdistillery,
32,whisky_rover,cheers,scotch,whiskylove,whisky,quartercask,bar,bartender,whiskyforest,whiskywithaview,stumpforrose,whiskey,primörrevisited,whiskygram,oak,scotchwhisky,optic,smögen,drinkup,peated,,,,,,,,,,,
33,scotchandtime,glenfiddich,glenfiddich21,glenfiddichwhisky,glenfiddichgrandcru,cigarlounge,cigarsandwhiskey,singlemalt,monkeyshoulder,macallan,glenfiddichgrandcru23,balvenie,glendronach,glenmorangie,dalmore,scotch,scotchwhisky,glenfiddich14,rarewhisky,dalmore12,glenfiddich30,georgetstagg,themacallan,lifeofluxury,cigarlifestyle,,,,,,
34,whisky.wiki,instawhisky,alcohol,威士忌,caolila,samaroli,whiskywiki,collector,vintage,ウィスキー,hongkong,instadram,scotchwhisky,whisky,japanesewhisky,reviewsarenoteverything,kanpai,rare,whiskey,whiskygram,themaltaffair,singlemalt,scotch,whiskyporn,,,,,,,
35,worthington_photos,scotch,smoky,naturephotography,photooftheday,whisky,autumnvibes,instagood,photo,a6000,whiskywithaview,photography,whiskytasting,picoftheday,whiskygram,photographer,singlemalt,nature,autumn,pictureoftheday,photoshoot,trending,whiskybar,topwhiskies,,,,,,,
36,barndigger,rye,scotch,burbon,gin,prohibitionbottles,prohibition,prohibitionparty,,,,,,,,,,,,,,,,,,,,,,,
37,malt_o_bene,whiskycircle,instadram,sunday,13yo,shotoftheday,whiskygram,green,campbeltown,scottishwhisky,springbankwhisky,whiskypics,ilovewhisky,springbank,slainte,smoke,13,singlemalt,whiskey,whisky,scotchwhisky,instawhisky,peat,dramsncigarsclub,whiskyporn,organic,scotland,limitededition,scotch,whiskylove,
38,acornlimited,acornwhisky,chichibu,秩父,acornlimited,instawhisky,whisky,whiskey,埼玉,ウイスキー祭,acorn,スコッチ,whiskylover,instawhiskey,ウイスキー,whiskygram,thewhiskyplus,malt,instascotch,instadram,chichibuwhiskymatsuri,モルト,秩父ウイスキー祭,whiskymatsuri,ウイスキー好きな人と繋がりたい,scotch,,,,,
39,whiskperience,alcohol,cheers,words,whiskynation,scotch,class,frases,whiskycollector,bolivian_spirit,scotchwhisky,whiskperience,whiskey,whisky,boytoys,🥃,instawhiskey,bolivia,instalike,jw,jackdaniels,truestory,singlemalt,quotes,whiskyquotes,whiskeygram,johnniewalker,whiskyporn,drinks,style,
40,jknetzwelt,nikka,india,japan,ardbergalligator,singlemalt,lagavulin,irishman,laphroig,scotch,ardberg,inchmurrin,tobemoryspring,ireland,whiskey,irish,bowmore,teeling,pauljohnpeatey,,,,,,,,,,,,
41,whiskyconsultants.nl,highland,tullibardine228,singlemalt,whisky,burgundy,tullibardine,whiskey,whiskyconsultants,scotch,,,,,,,,,,,,,,,,,,,,,
42,shinskyjet,islayscotch,islaysinglemalt,scotch,🥃,singlemaltwhisky,scotchwhisky,laphroaigwhisky,🥃🥃,laphroaigquartercask,singlemalt,islay,laphroaigdistillery,islaywhisky,laphroaigcollection,,,,,,,,,,,,,,,,
43,my.whisky.journal,slainte,portcharlotte,ウイスキー,whiskyreview,instawhisky,laphroaig,lagavulin,viski,dramfull,sydney,whisky,lifestyle,ardbeg,singlemalt,singlecask,whiskey,kilchoman,bowmore,caolila,scotch,caskstrength,,,,,,,,,
44,thewhiskeyrecord,whiskeywednesday,whisky,whiskygram,whiskeyporn,whiskeygirl,whiskeylife,scotchandsoda,bourbon,whiskey,armorik,whiskeyrecord,glenkinchie,rye,bourbonporn,whiskeygram,whiskylover,spirits,scotch,bourbonwhiskey,cocktails,glenmorangie,japanesewhisky,singlemalt,glenallachie,whiskeylover,jameson,,,,
45,week.nishinakajima_,西中島,instagood,cocktail,カラオケ,chaos,game,bourbon,大阪,自家製バーガー,タップマルシェ,新大阪,photogenic,rum,scotch,soccer,njpw,bar_week,おでん,barごはん,sports,bar,song,move,champagne,beer,music,whisky,,,
46,alchobug,scotch,glasses,highland,виски,malt,giftbox,glenmorangie,набор,whiskey,singlemalt,бокалы,whisky,,,,,,,,,,,,,,,,,,
47,lyndsey_gray,scotland,visitscotland,70sglenlivet,theglenlivet,whisky,speyside,rarewhisky,speysidesinglemalt,glenlivet,singlemalt,scotch,,,,,,,,,,,,,,,,,,,
48,captainrooibos,tamnavulin,speyside,scotch,singlemalt,,,,,,,,,,,,,,,,,,,,,,,,,,
49,nikostreasure,fathersday,cross,myman,mensjewelry,scotch,giftsforhim,johnny,antiquejewelry,fashion,giftsfordad,scotland,artisanjewelry,groomsman,artisan,barware,groomsmen,vintagejewelry,beer,mensgifts,mensfashion,laphroaig,madeinusa,forhim,weddinggifts,nashville,beerglasses,mensnecklace,oban,whiskey,
50,sociedad_whisky,drinkup,imbibe,cheers,whiskylover,tamdhu,술스타그램,whiskybar,whiskyporn,instawhiskey,singlemaltscotch,scotchwhisky,kanpai,tamdhuwhisky,whiskygram,scotchlover,instadram,sociedad_whisky,ウイスキー,sláinte,instascotch,slainte,booze,sundaydrinks,instawhisky,liquor,scotch,whiskeyporn,whiskeygram,whiskygram日ほ,singlemalt
51,foodiewilly,cheers,drinkswithfriends,scotch,scotchegg,whiskey,,,,,,,,,,,,,,,,,,,,,,,,,
52,morley.14,orchestra,whisky,最高の一杯,wagakkiband,wgb,singlemalt,live,余韻に浸る,最高の夜,guest,concert,symphonic,和楽器バンド,lochlomond,amylee,千本桜,鈴華ゆう子,evanescence,night,osaka,premium,scotch,大阪城ホール,,,,,,,
53,theprinceofpaddy,威士忌酒,distillery,love,whisky,cocktails,singlemalt,buffalotrace,teeling,gin,bourbon,cork,ireland,liquor,redbreast,blend,picoftheday,scotland,irishwhiskey,irishcoffee,singlepotstill,paddy,ウィスキー,powers,sherry,whiskeygram,variation,instawhiskey,drinks,scotch,
54,whiskeyforums,oldforester,,,,,,,,,,,,,,,,,,,,,,,,,,,,,
55,vintage_gentlemen,,,,,,,,,,,,,,,,,,,,,,,,,,,,,,
56,singlemaltdaily,johnniewalker,smokey,audis5,bluelabel,portellen,keepwalking,25,islay,scotch,bellevue,2002,capitolhill,igers_seattle,talisker,smoke,liquidgold,lagavulin,luxuryhotels,singlemaltdaily,singlemalt,luxurywatches,whiskey,visitscotland,seattlephotographer,whisky,commentbelow,,,,
57,whiskysailor71,whiskylover,whisky,whiskywithaview,splashpics,fridayvibes,peatedwhisky,instawhisky,caolila,whiskyviewhunting,smokeywhisky,whiskydram,whiskyporn,instadram,whiskygram,singlemalt,whiskypic,whiskycircle,topwhiskies,isleofislay,splash,whiskyviewhunter,scotch,,,,,,,,
58,topwhiskies,whisky,,,,,,,,,,,,,,,,,,,,,,,,,,,,,
59,whiskyvegas,glenfiddichwhisky,highlimitlounge,scotch,glenfiddichdistillery,chinesenewyear,pitstop,lasvegas,38yearold,chinesemarket,ultimatedecanter,scotchwhisky,whisky,,,,,,,,,,,,,,,,,,
60,topwhiskies,whisky,topwhiskies,whiskey,,,,,,,,,,,,,,,,,,,,,,,,,,,
61,topwhiskies,topwhiskies,whisky,whiskey,,,,,,,,,,,,,,,,,,,,,,,,,,,
62,thewhiskywalker,,,,,,,,,,,,,,,,,,,,,,,,,,,,,,
63,whiskycanuck,,,,,,,,,,,,,,,,,,,,,,,,,,,,,,
64,subourbonlife on Ins,whiskeygram,scotchwhisky,ryewhiskey,whiskygram,highwestdistillery,bourbonlife,whiskeyporn,whiskyporn,whiskey,bourbon,highwest,kentuckybourbon,willettdistillery,whiskeylover,rye,instawhiskey,dram,bourbonwhiskey,americanwhiskey,mwnd,cocktails,bourbongram,willetfamilyestate,bourbonhunt,whisky,scotch,instabourbon,instadram,bourbonlover,
65,whisky_rover,bartender,scotch,optic,drinkup,oak,whiskygram,bar,smögen,primörrevisited,whiskyforest,whiskylove,whisky,whiskywithaview,quartercask,cheers,scotchwhisky,stumpforrose,whiskey,peated,,,,,,,,,,,
66,scotchandtime,monkeyshoulder,glenfiddich30,dalmore12,singlemalt,rarewhisky,cigarlifestyle,scotch,cigarsandwhiskey,glenfiddichgrandcru,macallan,glenmorangie,glenfiddich21,glenfiddichgrandcru23,cigarlounge,glenfiddich,dalmore,scotchwhisky,georgetstagg,balvenie,glenfiddichwhisky,lifeofluxury,themacallan,glenfiddich14,glendronach,,,,,,
67,whisky.wiki,vintage,caolila,whiskygram,alcohol,collector,scotch,instadram,whisky,whiskywiki,scotchwhisky,kanpai,rare,instawhisky,japanesewhisky,reviewsarenoteverything,whiskey,hongkong,samaroli,威士忌,ウィスキー,singlemalt,whiskyporn,themaltaffair,,,,,,,
68,worthington_photos,photo,instagood,photoshoot,photography,a6000,topwhiskies,smoky,naturephotography,pictureoftheday,picoftheday,trending,nature,whiskytasting,photographer,autumn,whiskygram,singlemalt,photooftheday,whiskybar,whiskywithaview,autumnvibes,whisky,scotch,,,,,,,
69,barndigger,prohibitionparty,scotch,gin,prohibition,rye,burbon,prohibitionbottles,,,,,,,,,,,,,,,,,,,,,,,
70,malt_o_bene,organic,whisky,13yo,instawhisky,scotchwhisky,whiskey,campbeltown,peat,limitededition,scotland,springbank,whiskycircle,whiskyporn,slainte,scotch,whiskygram,singlemalt,whiskypics,springbankwhisky,whiskylove,smoke,instadram,scottishwhisky,green,shotoftheday,dramsncigarsclub,sunday,ilovewhisky,13,
71,acornlimited,whiskymatsuri,秩父,thewhiskyplus,instawhisky,whiskygram,ウイスキー,whiskey,chichibuwhiskymatsuri,モルト,埼玉,whisky,秩父ウイスキー祭,instadram,ウイスキー好きな人と繋がりたい,chichibu,ウイスキー祭,instawhiskey,acornlimited,instascotch,scotch,スコッチ,acorn,acornwhisky,whiskylover,malt,,,,,
72,whiskperience,whiskeygram,jackdaniels,johnniewalker,whiskperience,whiskey,instawhiskey,frases,jw,bolivia,scotchwhisky,boytoys,whisky,cheers,style,alcohol,drinks,class,whiskyporn,truestory,🥃,singlemalt,whiskycollector,instalike,quotes,words,whiskynation,whiskyquotes,scotch,bolivian_spirit,
73,jknetzwelt,ardberg,irishman,laphroig,ardbergalligator,scotch,bowmore,inchmurrin,whiskey,irish,teeling,india,pauljohnpeatey,singlemalt,ireland,lagavulin,nikka,japan,tobemoryspring,,,,,,,,,,,,
74,whiskyconsultants.nl,tullibardine,burgundy,highland,whiskey,tullibardine228,singlemalt,whiskyconsultants,scotch,whisky,,,,,,,,,,,,,,,,,,,,,
75,shinskyjet,laphroaigdistillery,🥃,singlemalt,islaysinglemalt,🥃🥃,islaywhisky,singlemaltwhisky,laphroaigwhisky,laphroaigquartercask,islayscotch,scotch,laphroaigcollection,islay,scotchwhisky,,,,,,,,,,,,,,,,
76,my.whisky.journal,portcharlotte,whisky,bowmore,whiskyreview,ウイスキー,lagavulin,caskstrength,slainte,whiskey,laphroaig,dramfull,lifestyle,scotch,viski,singlemalt,ardbeg,instawhisky,kilchoman,singlecask,caolila,sydney,,,,,,,,,
77,thewhiskeyrecord,rye,whiskeyporn,scotchandsoda,whiskeylife,whiskeyrecord,whiskeylover,glenallachie,whisky,bourbonporn,jameson,glenmorangie,whiskygram,glenkinchie,spirits,whiskeygirl,japanesewhisky,scotch,bourbon,whiskey,singlemalt,whiskeygram,armorik,bourbonwhiskey,whiskylover,cocktails,whiskeywednesday,,,,
78,week.nishinakajima_,bar,music,soccer,njpw,game,西中島,おでん,song,instagood,beer,photogenic,新大阪,rum,自家製バーガー,cocktail,scotch,bar_week,barごはん,大阪,champagne,sports,move,カラオケ,whisky,chaos,bourbon,タップマルシェ,,,
79,alchobug,whiskey,singlemalt,бокалы,виски,glasses,giftbox,scotch,glenmorangie,highland,malt,набор,whisky,,,,,,,,,,,,,,,,,,
80,lyndsey_gray,theglenlivet,scotch,speyside,singlemalt,whisky,rarewhisky,speysidesinglemalt,scotland,glenlivet,visitscotland,70sglenlivet,,,,,,,,,,,,,,,,,,,
81,captainrooibos,tamnavulin,scotch,speyside,singlemalt,,,,,,,,,,,,,,,,,,,,,,,,,,
82,nikostreasure,whiskey,vintagejewelry,weddinggifts,beer,groomsman,artisanjewelry,fathersday,mensjewelry,antiquejewelry,artisan,scotland,giftsforhim,johnny,barware,forhim,oban,mensnecklace,groomsmen,beerglasses,laphroaig,madeinusa,fashion,myman,giftsfordad,scotch,cross,mensfashion,nashville,mensgifts,
83,sociedad_whisky,whiskylover,sláinte,instascotch,whiskyporn,singlemalt,whiskeygram,sociedad_whisky,scotch,imbibe,tamdhu,whiskeyporn,whiskygram日ほ,whiskybar,scotchlover,tamdhuwhisky,술스타그램,instawhisky,instadram,sundaydrinks,kanpai,singlemaltscotch,ウイスキー,slainte,whiskygram,booze,cheers,scotchwhisky,liquor,instawhiskey,drinkup
84,foodiewilly,scotch,cheers,scotchegg,drinkswithfriends,whiskey,,,,,,,,,,,,,,,,,,,,,,,,,
85,morley.14,wagakkiband,night,singlemalt,guest,amylee,最高の夜,osaka,premium,余韻に浸る,orchestra,evanescence,千本桜,大阪城ホール,scotch,symphonic,live,和楽器バンド,wgb,鈴華ゆう子,最高の一杯,whisky,concert,lochlomond,,,,,,,
86,theprinceofpaddy,ウィスキー,drinks,irishcoffee,liquor,sherry,gin,instawhiskey,picoftheday,cocktails,singlepotstill,bourbon,whisky,redbreast,buffalotrace,paddy,blend,love,distillery,cork,irishwhiskey,scotch,scotland,powers,ireland,singlemalt,威士忌酒,whiskeygram,variation,teeling,
87,discoveringtheworldd,bartender,hospitality,uk,bruichladdich,whiskyporn,ourliquidworld,hospitalityblog,alcohol,cocktailart,instacocktail,scotland,drink,bartenderblog,discoveringtheworlddropbydrop,bartrainer,scotch,cocktailblog,abrinsdon,drinksblog,islay,uktour,cocktail,barconsultant,lunch,lunchwhisky,bartendersofinstagram,,,,
88,shanescotch,whiskybar,luxurywhisky,dram,whiskygram,whiskygeek,instawhisky,luxury,obanoldtedy,cask,whiskylover,whisky,lovescotland,instafamous,whiskylife,whiskymagazine,whiskyagogo,whiskglass,lovescotch,speyside,whiskyporn,highlands,picoftheday,oban,obandistillery,scotch,singlemalt,scotland,whiskey,malt,whiskytime
89,looking.for.the.summ,singlecaskwhisky,whiskygram,balvenie,singlemaltscotch,whisky,caskstrength,morayspeyside,scotchwhisky,speyside,thebalvenie,rarewhisky,balvenie17,singlemaltwhisky,singlemalt,scotland,singlemaltscotchwhisky,madeinscotland,dramming,balveniedoublewood,sherrycask,balveniewhisky,toastedoak,instadram,scotch,maltwhisky,balvenieflex,,,,
90,oira.islay,whisky,blndedmaltwhisky,scotch,ウィスキー,whiskey,スコッチ,ブレンデットモルトウィスキー,ウイスキー,,,,,,,,,,,,,,,,,,,,,,
91,luxury.adventures_,winteroutfit,suitup,scotch,gentleman,jackdaniels,whiskys,ballentineswhisky,winter,chivasregal,italy🇮🇹,whisky,luxurylifestyle,mountain,suit,wintertime,luxurywatches,luxuryadventures,classy,winterwonderland,luxury,johnywalker,italy,cortinadampezzo,cortina,snow,ballentines,watch,whiskylover,chivas,
92,makototakino,scotch,bowmore,instawhisky,whiskylove,whiskygram,kilchoman,whisky,laphroaig,scotchwhisky,bunahabhain,islay,lagavulin,singlemalt,caolila,islaywhisky,bruichladdich,ardbeg,,,,,,,,,,,,,
93,alvise.capovilladist,islay,distillery,portnahaven,distillato,lagavulin,grappa,scotland,distillerylife,instadrink,distiller,kilchoman,distilleriacapovilla,whiskyporn,scotch,craftdistillery,grappacapovilla,craftspirits,capovilladistillati,visitscotland,grappalovers,machirbay,distillation,capovilla,rhumrhum,ardbeg,spirits,copperstill,distillate,whisky,scotchwhisky
94,omakasecocktails,drinkpics,cocktailoclock,liqpic,cocktailart,imbibe,mixologist,garnishgame,prettydrinks,cocktail,whisky,bartending,scotchwhiskey,coctel,cocktails🍹,bartenderlife,drink,homebartender,cocktailtime,feedfeed,cocktailgram,boozeporn,summercocktail,craftcocktails,cocktailmaking,drinksofinstagram,libations,homebar,scotch,igdrinks,mixology
95,scotchsnwatches on I,portcharlotte,scotch,peaty,scotchesnwatches,whisky,weekend,chill,bruichladdich,islay,,,,,,,,,,,,,,,,,,,,,
96,shinskyjet,🥃🥃,🥃,islay,whisky,whiskys,whiskyporn,whiskylove,🥃🥃🥃,ardbeggrooves,whiskeys,scotch,whiskylover,whiskylife,scotchwhisky,whiskey,ardbegwhisky,whiskeygram,whiskytasting,whiskybar,whiskeylovers,whiskygram,islaywhisky,islaysinglemalt,whiskeylover,ardbeg,whiskycollector,,,,
97,cocktailsandnibbles ,bartenderlove,drinksofinstagram,mixologic,mixologyguide,bartenderlife,cocktailqueen,aboutdrinksandbars,cocktailinspiration,happyhourqueen,scotch,rum,cocktailsofinstagram,bartenders,myfavoritecocktail,champagne,mixology,anotherround,cocktail,bourbon,whiskey,cocktailbars,drinks,cocktailspecials,cocktailbloggers,prosecco,creativebartender,happyhour,cocktailrecipes,vodka,cocktailselfie
98,tinikwan,cocktailsofinstagram,rum,whiskey,cocktailinspiration,mixology,drinksofinstagram,happyhourqueen,scotch,cocktailbloggers,bartenderlove,champagne,myfavoritecocktail,cocktailrecipes,vodka,bartenderlife,bourbon,happyhour,drinks,bartenders,anotherround,cocktailselfie,mixologic,mixologyguide,cocktail,cocktailbars,creativebartender,prosecco,aboutdrinksandbars,cocktailqueen,cocktailspecials
99,whiskeyforums,oldforester,,,,,,,,,,,,,,,,,,,,,,,,,,,,,
100,vintage_gentlemen,,,,,,,,,,,,,,,,,,,,,,,,,,,,,,
101,singlemaltdaily,capitolhill,bellevue,singlemalt,keepwalking,smoke,25,commentbelow,seattlephotographer,bluelabel,smokey,lagavulin,talisker,singlemaltdaily,whisky,whiskey,visitscotland,2002,islay,portellen,scotch,luxuryhotels,audis5,luxurywatches,johnniewalker,igers_seattle,liquidgold,,,,
102,whiskysailor71,whiskygram,whiskywithaview,instawhisky,whiskyporn,whiskydram,topwhiskies,whiskypic,whisky,isleofislay,whiskycircle,whiskylover,peatedwhisky,smokeywhisky,caolila,scotch,splashpics,fridayvibes,whiskyviewhunter,singlemalt,splash,whiskyviewhunting,instadram,,,,,,,,
103,topwhiskies,whisky,,,,,,,,,,,,,,,,,,,,,,,,,,,,,
104,whiskyvegas,pitstop,glenfiddichwhisky,scotchwhisky,ultimatedecanter,whisky,scotch,lasvegas,chinesenewyear,38yearold,chinesemarket,highlimitlounge,glenfiddichdistillery,,,,,,,,,,,,,,,,,,
105,topwhiskies,whisky,whiskey,topwhiskies,,,,,,,,,,,,,,,,,,,,,,,,,,,
106,topwhiskies,whisky,topwhiskies,whiskey,,,,,,,,,,,,,,,,,,,,,,,,,,,
107,thewhiskywalker,,,,,,,,,,,,,,,,,,,,,,,,,,,,,,
108,barndigger,burbon,prohibition,prohibitionbottles,gin,rye,prohibitionparty,scotch,,,,,,,,,,,,,,,,,,,,,,,
109,malt_o_bene,shotoftheday,13yo,instadram,green,scottishwhisky,dramsncigarsclub,13,springbankwhisky,instawhisky,whiskyporn,organic,whiskey,scotland,scotch,whiskylove,slainte,limitededition,sunday,springbank,smoke,whiskypics,scotchwhisky,whiskygram,campbeltown,whisky,whiskycircle,peat,singlemalt,ilovewhisky,
110,acornlimited,scotch,whiskylover,acorn,whiskymatsuri,chichibu,秩父,ウイスキー好きな人と繋がりたい,whisky,chichibuwhiskymatsuri,whiskygram,ウイスキー,instadram,ウイスキー祭,instawhiskey,acornlimited,thewhiskyplus,スコッチ,秩父ウイスキー祭,acornwhisky,埼玉,モルト,instawhisky,whiskey,instascotch,malt,,,,,
111,whiskperience,quotes,bolivian_spirit,scotchwhisky,instawhiskey,words,whiskyquotes,drinks,truestory,🥃,boytoys,whiskey,whiskyporn,johnniewalker,whiskeygram,whisky,instalike,alcohol,jw,singlemalt,style,whiskycollector,cheers,bolivia,jackdaniels,frases,whiskynation,whiskperience,scotch,class,
112,jknetzwelt,japan,india,ardbergalligator,teeling,scotch,ardberg,singlemalt,pauljohnpeatey,ireland,irish,whiskey,lagavulin,irishman,bowmore,inchmurrin,tobemoryspring,nikka,laphroig,,,,,,,,,,,,
113,whiskyconsultants.nl,singlemalt,tullibardine,whiskyconsultants,whiskey,highland,scotch,tullibardine228,whisky,burgundy,,,,,,,,,,,,,,,,,,,,,
114,shinskyjet,islayscotch,singlemalt,singlemaltwhisky,laphroaigdistillery,islaywhisky,🥃🥃,islaysinglemalt,scotch,islay,laphroaigcollection,🥃,laphroaigwhisky,scotchwhisky,laphroaigquartercask,,,,,,,,,,,,,,,,
115,my.whisky.journal,laphroaig,lifestyle,whiskey,singlecask,ardbeg,lagavulin,instawhisky,slainte,caskstrength,whisky,singlemalt,viski,portcharlotte,dramfull,bowmore,sydney,scotch,kilchoman,whiskyreview,caolila,ウイスキー,,,,,,,,,
116,thewhiskeyrecord,whiskeyrecord,whisky,glenkinchie,whiskeywednesday,scotch,bourbonporn,whiskeygirl,whiskey,whiskeygram,spirits,whiskylover,singlemalt,armorik,bourbon,japanesewhisky,rye,jameson,whiskeyporn,cocktails,glenmorangie,whiskeylover,bourbonwhiskey,whiskeylife,whiskygram,scotchandsoda,glenallachie,,,,
117,week.nishinakajima_,おでん,カラオケ,sports,instagood,music,bourbon,move,chaos,photogenic,タップマルシェ,song,soccer,scotch,barごはん,game,rum,njpw,大阪,cocktail,新大阪,champagne,bar,西中島,bar_week,自家製バーガー,beer,whisky,,,
118,alchobug,giftbox,glenmorangie,malt,scotch,whiskey,highland,singlemalt,набор,whisky,glasses,виски,бокалы,,,,,,,,,,,,,,,,,,
119,lyndsey_gray,theglenlivet,glenlivet,singlemalt,speyside,scotch,70sglenlivet,visitscotland,whisky,scotland,rarewhisky,speysidesinglemalt,,,,,,,,,,,,,,,,,,,
120,captainrooibos,singlemalt,tamnavulin,scotch,speyside,,,,,,,,,,,,,,,,,,,,,,,,,,
121,nikostreasure,mensnecklace,laphroaig,myman,mensfashion,beer,groomsmen,vintagejewelry,giftsforhim,mensjewelry,giftsfordad,forhim,mensgifts,oban,fashion,cross,johnny,artisan,beerglasses,whiskey,groomsman,artisanjewelry,fathersday,scotch,madeinusa,barware,nashville,antiquejewelry,weddinggifts,scotland,
122,sociedad_whisky,drinkup,whiskeygram,instascotch,scotchlover,instawhisky,tamdhu,whiskygram,singlemaltscotch,whiskyporn,whiskybar,liquor,instawhiskey,slainte,sundaydrinks,imbibe,whiskygram日ほ,kanpai,scotchwhisky,whiskylover,sláinte,instadram,술스타그램,sociedad_whisky,tamdhuwhisky,cheers,ウイスキー,singlemalt,whiskeyporn,booze,scotch
123,foodiewilly,scotchegg,drinkswithfriends,whiskey,cheers,scotch,,,,,,,,,,,,,,,,,,,,,,,,,
124,morley.14,guest,lochlomond,最高の一杯,singlemalt,osaka,whisky,千本桜,premium,live,scotch,wgb,symphonic,最高の夜,concert,orchestra,鈴華ゆう子,amylee,余韻に浸る,大阪城ホール,evanescence,night,wagakkiband,和楽器バンド,,,,,,,
125,theprinceofpaddy,ウィスキー,picoftheday,cork,singlemalt,whisky,liquor,teeling,buffalotrace,distillery,singlepotstill,gin,paddy,whiskeygram,sherry,drinks,redbreast,instawhiskey,bourbon,powers,cocktails,ireland,irishcoffee,variation,love,scotland,irishwhiskey,scotch,威士忌酒,blend,
126,discoveringtheworldd,islay,uk,bartendersofinstagram,instacocktail,cocktailblog,ourliquidworld,bartender,bartrainer,cocktailart,alcohol,uktour,lunchwhisky,scotland,hospitalityblog,bartenderblog,hospitality,abrinsdon,lunch,bruichladdich,scotch,cocktail,whiskyporn,discoveringtheworlddropbydrop,barconsultant,drinksblog,drink,,,,
127,shanescotch,lovescotland,lovescotch,highlands,malt,scotch,whiskymagazine,whiskygeek,whiskyagogo,luxury,instawhisky,whiskglass,instafamous,whiskybar,scotland,cask,picoftheday,luxurywhisky,speyside,singlemalt,dram,whiskylife,obandistillery,whiskylover,oban,whisky,obanoldtedy,whiskygram,whiskyporn,whiskytime,whiskey
128,looking.for.the.summ,rarewhisky,maltwhisky,scotchwhisky,thebalvenie,balveniewhisky,singlemaltwhisky,whisky,sherrycask,instadram,morayspeyside,singlemalt,balveniedoublewood,scotland,caskstrength,speyside,singlemaltscotchwhisky,balvenie,dramming,balvenieflex,toastedoak,singlemaltscotch,scotch,balvenie17,whiskygram,madeinscotland,singlecaskwhisky,,,,
129,oira.islay,ウイスキー,whisky,whiskey,ブレンデットモルトウィスキー,blndedmaltwhisky,scotch,ウィスキー,スコッチ,,,,,,,,,,,,,,,,,,,,,,
130,luxury.adventures_,whisky,chivas,luxury,scotch,wintertime,winterwonderland,luxurywatches,whiskylover,snow,italy🇮🇹,winter,winteroutfit,whiskys,chivasregal,mountain,cortinadampezzo,suitup,watch,ballentines,ballentineswhisky,johnywalker,gentleman,italy,suit,luxurylifestyle,jackdaniels,luxuryadventures,classy,cortina,
131,makototakino,lagavulin,kilchoman,scotchwhisky,singlemalt,caolila,laphroaig,instawhisky,whiskygram,bowmore,whisky,ardbeg,bunahabhain,islaywhisky,bruichladdich,whiskylove,islay,scotch,,,,,,,,,,,,,
132,alvise.capovilladist,kilchoman,capovilladistillati,whisky,scotland,whiskyporn,grappalovers,distiller,machirbay,distillerylife,scotchwhisky,capovilla,ardbeg,distillate,distillato,rhumrhum,distillery,distilleriacapovilla,distillation,grappa,lagavulin,instadrink,islay,portnahaven,copperstill,visitscotland,craftdistillery,grappacapovilla,scotch,craftspirits,spirits
133,omakasecocktails,coctel,scotchwhiskey,cocktailtime,homebar,cocktails🍹,drinkpics,imbibe,feedfeed,mixologist,igdrinks,homebartender,drinksofinstagram,mixology,garnishgame,cocktailoclock,drink,craftcocktails,cocktail,libations,liqpic,prettydrinks,scotch,cocktailgram,whisky,bartending,summercocktail,cocktailmaking,cocktailart,boozeporn,bartenderlife
134,scotchsnwatches on I,weekend,peaty,whisky,bruichladdich,scotchesnwatches,islay,chill,scotch,portcharlotte,,,,,,,,,,,,,,,,,,,,,
135,shinskyjet,whiskybar,ardbegwhisky,whiskeylovers,scotch,scotchwhisky,whiskylover,🥃,whiskygram,whiskycollector,whiskeys,whiskeylover,whisky,whiskylove,whiskys,🥃🥃,islaywhisky,whiskytasting,🥃🥃🥃,ardbeg,islaysinglemalt,whiskyporn,islay,whiskylife,whiskeygram,ardbeggrooves,whiskey,,,,
136,cocktailsandnibbles ,drinksofinstagram,mixologyguide,rum,cocktailqueen,cocktailsofinstagram,cocktail,mixologic,cocktailrecipes,cocktailbloggers,aboutdrinksandbars,cocktailselfie,vodka,bartenders,cocktailbars,bartenderlife,drinks,scotch,happyhour,creativebartender,happyhourqueen,bartenderlove,bourbon,anotherround,prosecco,champagne,mixology,whiskey,cocktailspecials,cocktailinspiration,myfavoritecocktail
137,tinikwan,cocktailsofinstagram,cocktailrecipes,cocktailspecials,drinksofinstagram,cocktailbloggers,mixologic,prosecco,myfavoritecocktail,mixology,bourbon,cocktailselfie,champagne,creativebartender,vodka,cocktailinspiration,cocktailbars,drinks,whiskey,bartenderlove,bartenders,mixologyguide,cocktailqueen,aboutdrinksandbars,happyhourqueen,anotherround,cocktail,happyhour,scotch,bartenderlife,rum
138,the_drinks_photograp,nature,singlemalt,whiskylove,dram,scotch,whiskey,whisky,whiskylover,dramoftheday,maltwhisky,,,,,,,,,,,,,,,,,,,,
139,sergeykhaletskiy,whisky,whiskybar,scotch,дербеневскаяулица,дербеневскаянабережная,whiskyhotel,дербеневская,вискидегустация,павелецкая,voyagerwhiskyhotel,деловойквартал,whiskydram,scotchwhisky,doubledram,repost,tamdhu,voyagebonwhisky🥃,hotel,дегустациявиски,новоспасский,дкновоспасский,novospassky,tamdhudistillery,,,,,,,
140,whisky_lass_,dram,casks,visitscotland,whiskydrinker,weedram,scotchwhisky,scotch,singlemalt,instawhisky,scottish,drinking,scotlandlover,scotland,whiskygram,whiskylass,slainte,whiskylover,highlands,whisky,whiskygirl,scottishhighlands,,,,,,,,,
141,goldenwhiskey,photography,indonesia,uncoloured,chihuahualove,scotch,blackandwhitephoto,amekgambar,blackandwhite,familypet,chihuahuastagram,chihuahuasofinstagram,chihuahua,jakarta,monochrome,sleepyhead,monotone,puppy,dogname,familydog,dogsofinstagram,,,,,,,,,,
142,Null,singlemalt,family,herwhiskylove,scotchwhisky,scotch,travel,inverness,highlands,whiskey,scotland,whisky,,,,,,,,,,,,,,,,,,,
143,biggboooyy,bar,aichi,islay,whisky,whiskylover,islaywhisky,authenticbar,nagoyabar,scotchwhisky,ardbeg,bartender,scotch,singlemalt,nagoya,cocktails,cocktail,,,,,,,,,,,,,,
144,thespeyuk,,,,,,,,,,,,,,,,,,,,,,,,,,,,,,
145,leon_majka_bortnik,old,gentelman,fitness,biegamipije,valentines,18,beard,highlands,whisky,drink,singelmalt,love,year,man,no,day,scotch,,,,,,,,,,,,,
146,masaki_sugihara,sake,coco,cigar,googlemap,music,bar,instagram,vodka,elpuro,cocktail,bourbon,smoke,tequila,ram,whiskey,open,gin,fujiyamahuntersbeer,nigata,food,higashibori,scotch,salon,liqueurs,private,ets,liquor,,,
147,thelaphroaigproject,scotch,blendedwhisky,ledaig,caolila,weekend,whisky,islaywhisky,sundayfunday,scotland,thelaphroaigproject,compassboxwhisky,firstworldproblems,islay,peatbomb,blendedmalt,scotchreview,singlemalt,compassboxsunday,peated,sunday,malt,ardmore,peatmonster,compassbox,opinionswelcome,whiskey,blend,highlands,laphroaig,
148,seankincaid,islay,whisky,drinks,dram,welovebunnahabhain,bottles,bunnahabhain,singlemalt,peacoat,ineedthejacket,triplethreat,dailydrinker,classic,scotch,liquidgold,,,,,,,,,,,,,,,
149,leon_majka_bortnik,wildturkey,15,glenmoray,12,biegamipije,sin,glenmorangie,scotch,fitness,glengrant,dalmore,18,laphroaig,no,day,singelmalt,glenfiddich,gentelman,man,aberlour,whisky,burbon,auchentoshan,beard,glenlivet,,,,,
150,whiskeyforums,oldforester,,,,,,,,,,,,,,,,,,,,,,,,,,,,,
151,vintage_gentlemen,,,,,,,,,,,,,,,,,,,,,,,,,,,,,,
152,singlemaltdaily,lagavulin,whisky,johnniewalker,visitscotland,luxuryhotels,whiskey,seattlephotographer,igers_seattle,keepwalking,bluelabel,portellen,singlemaltdaily,luxurywatches,2002,bellevue,commentbelow,talisker,smokey,singlemalt,25,scotch,liquidgold,islay,audis5,smoke,capitolhill,,,,
153,whiskysailor71,whiskycircle,whiskydram,topwhiskies,smokeywhisky,whiskyviewhunter,fridayvibes,singlemalt,whiskylover,instawhisky,whiskypic,instadram,whiskygram,splashpics,caolila,scotch,whiskyviewhunting,whiskywithaview,peatedwhisky,whiskyporn,isleofislay,whisky,splash,,,,,,,,
154,topwhiskies,whisky,,,,,,,,,,,,,,,,,,,,,,,,,,,,,
155,whiskyvegas,glenfiddichdistillery,whisky,38yearold,chinesenewyear,scotchwhisky,lasvegas,highlimitlounge,pitstop,ultimatedecanter,glenfiddichwhisky,chinesemarket,scotch,,,,,,,,,,,,,,,,,,
156,topwhiskies,whiskey,whisky,topwhiskies,,,,,,,,,,,,,,,,,,,,,,,,,,,
157,topwhiskies,whiskey,topwhiskies,whisky,,,,,,,,,,,,,,,,,,,,,,,,,,,
158,thewhiskywalker,,,,,,,,,,,,,,,,,,,,,,,,,,,,,,
159,captainrooibos,speyside,singlemalt,scotch,tamnavulin,,,,,,,,,,,,,,,,,,,,,,,,,,
160,nikostreasure,mensnecklace,beer,artisan,forhim,barware,fashion,whiskey,johnny,oban,groomsmen,giftsforhim,groomsman,laphroaig,myman,mensfashion,madeinusa,beerglasses,nashville,weddinggifts,mensjewelry,vintagejewelry,antiquejewelry,artisanjewelry,scotland,fathersday,scotch,cross,mensgifts,giftsfordad,
161,sociedad_whisky,whiskybar,slainte,instawhiskey,drinkup,imbibe,whiskeyporn,sundaydrinks,instawhisky,instascotch,scotchlover,sociedad_whisky,whiskygram日ほ,whiskygram,scotch,whiskeygram,booze,instadram,ウイスキー,kanpai,whiskyporn,whiskylover,sláinte,tamdhuwhisky,술스타그램,cheers,scotchwhisky,tamdhu,singlemalt,singlemaltscotch,liquor
162,foodiewilly,scotchegg,whiskey,drinkswithfriends,scotch,cheers,,,,,,,,,,,,,,,,,,,,,,,,,
163,morley.14,scotch,orchestra,最高の夜,osaka,amylee,night,whisky,大阪城ホール,live,premium,鈴華ゆう子,guest,余韻に浸る,lochlomond,symphonic,singlemalt,最高の一杯,和楽器バンド,千本桜,wagakkiband,evanescence,wgb,concert,,,,,,,
164,theprinceofpaddy,teeling,bourbon,powers,irishwhiskey,irishcoffee,cork,whiskeygram,sherry,scotch,liquor,paddy,drinks,distillery,威士忌酒,ウィスキー,cocktails,whisky,ireland,scotland,gin,singlepotstill,love,blend,instawhiskey,variation,redbreast,singlemalt,picoftheday,buffalotrace,
165,discoveringtheworldd,scotland,cocktailblog,ourliquidworld,abrinsdon,bartrainer,bartenderblog,uk,bartender,lunch,alcohol,bruichladdich,scotch,bartendersofinstagram,lunchwhisky,hospitality,discoveringtheworlddropbydrop,drinksblog,hospitalityblog,cocktailart,uktour,islay,cocktail,drink,barconsultant,whiskyporn,instacocktail,,,,
166,shanescotch,luxurywhisky,whiskytime,lovescotland,whiskyporn,cask,obanoldtedy,whiskylife,scotland,instawhisky,picoftheday,lovescotch,whiskey,whiskyagogo,whiskygeek,obandistillery,luxury,singlemalt,whiskybar,oban,dram,whiskylover,whisky,whiskygram,malt,whiskglass,highlands,scotch,instafamous,whiskymagazine,speyside
167,looking.for.the.summ,instadram,singlecaskwhisky,singlemaltscotch,balvenieflex,toastedoak,singlemaltscotchwhisky,balvenie17,balveniedoublewood,balveniewhisky,scotchwhisky,scotch,madeinscotland,speyside,rarewhisky,maltwhisky,sherrycask,morayspeyside,scotland,whiskygram,balvenie,whisky,singlemalt,singlemaltwhisky,dramming,caskstrength,thebalvenie,,,,
168,oira.islay,ウイスキー,ウィスキー,scotch,whisky,スコッチ,blndedmaltwhisky,whiskey,ブレンデットモルトウィスキー,,,,,,,,,,,,,,,,,,,,,,
169,luxury.adventures_,cortina,suitup,luxurylifestyle,snow,winterwonderland,chivas,winter,whiskylover,winteroutfit,gentleman,ballentines,cortinadampezzo,whisky,scotch,luxury,suit,watch,ballentineswhisky,luxuryadventures,whiskys,italy,chivasregal,luxurywatches,classy,jackdaniels,mountain,johnywalker,wintertime,italy🇮🇹,
170,makototakino,scotch,scotchwhisky,bunahabhain,instawhisky,lagavulin,whisky,islaywhisky,bowmore,whiskylove,laphroaig,bruichladdich,whiskygram,islay,singlemalt,kilchoman,ardbeg,caolila,,,,,,,,,,,,,
171,alvise.capovilladist,capovilla,whisky,rhumrhum,distillerylife,machirbay,distillato,instadrink,grappacapovilla,distilleriacapovilla,distillate,craftdistillery,craftspirits,ardbeg,scotland,scotch,visitscotland,whiskyporn,islay,scotchwhisky,lagavulin,capovilladistillati,portnahaven,distillation,spirits,grappalovers,distiller,grappa,copperstill,kilchoman,distillery
172,omakasecocktails,homebar,mixologist,prettydrinks,homebartender,imbibe,cocktailtime,drink,cocktailart,bartenderlife,bartending,coctel,cocktail,craftcocktails,cocktailoclock,cocktails🍹,scotch,igdrinks,feedfeed,cocktailmaking,boozeporn,cocktailgram,libations,summercocktail,garnishgame,scotchwhiskey,mixology,drinksofinstagram,liqpic,whisky,drinkpics
173,scotchsnwatches on I,weekend,portcharlotte,islay,whisky,bruichladdich,peaty,scotch,chill,scotchesnwatches,,,,,,,,,,,,,,,,,,,,,
174,shinskyjet,whiskyporn,whiskey,ardbegwhisky,whiskylover,whiskeygram,whiskylove,ardbeggrooves,whiskeys,🥃,🥃🥃,whiskys,whiskylife,islaywhisky,whiskeylovers,whisky,🥃🥃🥃,scotchwhisky,islay,scotch,whiskytasting,ardbeg,whiskeylover,whiskybar,whiskycollector,islaysinglemalt,whiskygram,,,,
175,cocktailsandnibbles ,mixologic,vodka,champagne,mixologyguide,happyhour,bartenders,happyhourqueen,mixology,cocktailinspiration,cocktailqueen,prosecco,cocktailselfie,rum,aboutdrinksandbars,cocktailbars,cocktailsofinstagram,bartenderlove,drinks,bartenderlife,bourbon,scotch,anotherround,myfavoritecocktail,whiskey,cocktail,cocktailbloggers,cocktailspecials,drinksofinstagram,creativebartender,cocktailrecipes
176,tinikwan,cocktailspecials,scotch,mixologyguide,cocktailqueen,vodka,bartenders,prosecco,cocktailselfie,cocktailsofinstagram,drinksofinstagram,bartenderlove,bourbon,rum,cocktailrecipes,cocktailinspiration,drinks,cocktailbars,mixology,cocktail,anotherround,happyhour,aboutdrinksandbars,whiskey,cocktailbloggers,champagne,mixologic,happyhourqueen,creativebartender,myfavoritecocktail,bartenderlife
177,the_drinks_photograp,whisky,scotch,dram,singlemalt,dramoftheday,whiskey,nature,whiskylove,whiskylover,maltwhisky,,,,,,,,,,,,,,,,,,,,
178,sergeykhaletskiy,дегустациявиски,whisky,repost,деловойквартал,voyagebonwhisky🥃,дкновоспасский,дербеневская,tamdhu,whiskydram,дербеневскаяулица,whiskybar,hotel,doubledram,вискидегустация,whiskyhotel,scotchwhisky,tamdhudistillery,павелецкая,дербеневскаянабережная,voyagerwhiskyhotel,новоспасский,novospassky,scotch,,,,,,,
179,whisky_lass_,whiskylover,whiskylass,casks,scotch,scottish,scotland,slainte,dram,weedram,whiskygram,whiskygirl,highlands,whisky,visitscotland,drinking,whiskydrinker,instawhisky,scotchwhisky,scottishhighlands,singlemalt,scotlandlover,,,,,,,,,
180,goldenwhiskey,dogsofinstagram,amekgambar,familypet,monochrome,blackandwhite,indonesia,sleepyhead,chihuahuastagram,blackandwhitephoto,puppy,monotone,jakarta,chihuahualove,photography,scotch,familydog,chihuahua,uncoloured,dogname,chihuahuasofinstagram,,,,,,,,,,
181,Null,whisky,inverness,scotch,whiskey,singlemalt,family,highlands,herwhiskylove,travel,scotchwhisky,scotland,,,,,,,,,,,,,,,,,,,
182,biggboooyy,scotch,authenticbar,cocktail,islaywhisky,bartender,singlemalt,ardbeg,bar,scotchwhisky,islay,nagoyabar,whiskylover,cocktails,whisky,nagoya,aichi,,,,,,,,,,,,,,
183,thespeyuk,,,,,,,,,,,,,,,,,,,,,,,,,,,,,,
184,leon_majka_bortnik,scotch,old,love,gentelman,year,no,day,18,highlands,man,whisky,fitness,valentines,singelmalt,biegamipije,drink,beard,,,,,,,,,,,,,
185,masaki_sugihara,ram,whiskey,bar,bourbon,cocktail,coco,tequila,cigar,music,higashibori,elpuro,ets,googlemap,liqueurs,smoke,private,fujiyamahuntersbeer,scotch,open,vodka,nigata,liquor,sake,gin,instagram,salon,food,,,
186,thelaphroaigproject,islaywhisky,laphroaig,compassboxwhisky,blendedwhisky,whisky,blendedmalt,whiskey,caolila,compassbox,scotch,opinionswelcome,scotchreview,islay,sunday,ledaig,malt,weekend,sundayfunday,singlemalt,peatbomb,ardmore,highlands,compassboxsunday,firstworldproblems,scotland,blend,thelaphroaigproject,peated,peatmonster,
187,seankincaid,bottles,whisky,dram,islay,scotch,peacoat,triplethreat,bunnahabhain,singlemalt,dailydrinker,liquidgold,drinks,classic,ineedthejacket,welovebunnahabhain,,,,,,,,,,,,,,,
188,leon_majka_bortnik,12,fitness,whisky,glenmoray,gentelman,no,laphroaig,glenfiddich,sin,burbon,15,glenlivet,glenmorangie,wildturkey,dalmore,auchentoshan,aberlour,man,scotch,biegamipije,day,18,singelmalt,beard,glengrant,,,,,
189,whisky_siegen,tasty,whisky,oldschool,siegerland,springbank,scotland,siegen,new,kintyre,review,localbarley,whiskyporn,scotch,,,,,,,,,,,,,,,,,
190,maltsocietyarabia,singlecask,whiskytasting,highlandwhisky,glenmorangie,glenmorangieastar,tastingnotes,scotch,scotchwhisky,whisky,whiskycollection,instadram,caskstrength,singlemalt,whiskyporn,whiskygram,maltsocietyarabia,instawhisky,cigarandwhisky,,,,,,,,,,,,
191,whiskylovingpianist,larkdistillery,whiskybase,whiskey,malt,dram,whiskygram,whiskylovingpianist,scotch,whiskylover,whiskyreview,whiskytasting,linkinbio,maltncopper,singlemaltwhisky,scotchwhisky,singlemalt,whisky,,,,,,,,,,,,,
192,themaltdesk,glengyle,scotch,sherrycaskwhisky,campbeltownwhisky,themaltdesk,instawhisky,kilkerran,scotchwhisky,portcaskwhisky,singlemalt,instadram,bottleporn,,,,,,,,,,,,,,,,,,
193,distillerri,distillery,single_malt,cheers,月明かり,ビール,варим,distillerri,distillerri_photo,distillerri_beer,dram,malt,самогон,distillation,moonshine,scotch,домашнее,alcohol,威士忌,麦汁,photos_whiskey,сусло,whiskey,bourbon,留出物,oak,photos,брага,,,
194,whiskyandmotorcycle,theglenlivet,yougottaloveglenlivet,scotchwhisky,whiskyoftheday,glenlivet,scotch,singlemaltwhisky,singlemalt,whiskyporn,whiskeylover,tastelikeheaven,whisky,,,,,,,,,,,,,,,,,,
195,fashioncompanyoffici,fc_repost,scotch,,,,,,,,,,,,,,,,,,,,,,,,,,,,
196,whiskeywarehouse_sa,whiskey,drinkwhisky,whiskygram,whiskyhunter,whiskycollection,whiskeygram,whiskyadvocate,whiskyinfusiast,whisky,followyourdrams,whiskeylife,whiskylover,whiskypairing,scotch,drink,whiskyadventures,,,,,,,,,,,,,,
197,londoncompetitions,bourbon,competitiontime,singlemalt,spiritsexperts,bar,bartenders,cocktail,mixologist,scotch,mixology,spiritscompetition,behindthescenes,bartender,liquor,drinks,alcohol,spiritsratings,cocktails,drink,closedoorevent,,,,,,,,,,
198,whiskygr,whiskylife,whiskyporn,arran,whisky,whiskygram,whiskylover,scotch,douglaslaing,scotchwhisky,oldmaltcask,whiskytime,whiskylove,whiskycollector,,,,,,,,,,,,,,,,,
199,finneyisles,mustdobrisbane,cocktails,foodiesbrisbane,scotch,shakennotstirred,bourbon,rum,vodka,fortitudevalley,bartenderlife,sundaysessions,visitbrisbane,classiccocktail,bar,whiskey,brisbanebar,brisbaneanyday,thisisqueensland,brisbane,spritzing,cocktailbar,gin,bnebars,bartender,bartending,drinks,finneyisles,,,
200,epicwhisky,scotchwhisky,epic,whisky,whiskey,islay,epicwhisky,whiskyinsta,instascotch,scotch,singlemaltwhisky,instawhisky,dram,instawhiskey,singlemalt,uisgeabeatha,bowmore,instadram,bowmore1973,,,,,,,,,,,,
201,whiskeyforums,oldforester,,,,,,,,,,,,,,,,,,,,,,,,,,,,,
202,vintage_gentlemen,,,,,,,,,,,,,,,,,,,,,,,,,,,,,,
203,singlemaltdaily,commentbelow,bluelabel,igers_seattle,islay,portellen,johnniewalker,luxurywatches,luxuryhotels,visitscotland,scotch,capitolhill,smoke,keepwalking,talisker,audis5,smokey,25,2002,bellevue,singlemalt,whisky,singlemaltdaily,lagavulin,seattlephotographer,whiskey,liquidgold,,,,
204,whiskysailor71,whiskygram,whiskydram,whiskypic,splash,peatedwhisky,isleofislay,whiskywithaview,caolila,smokeywhisky,whisky,instawhisky,whiskyviewhunter,singlemalt,whiskyviewhunting,instadram,scotch,topwhiskies,whiskyporn,fridayvibes,splashpics,whiskylover,whiskycircle,,,,,,,,
205,topwhiskies,whisky,,,,,,,,,,,,,,,,,,,,,,,,,,,,,
206,whiskyvegas,pitstop,highlimitlounge,whisky,glenfiddichdistillery,chinesenewyear,scotchwhisky,38yearold,ultimatedecanter,chinesemarket,lasvegas,glenfiddichwhisky,scotch,,,,,,,,,,,,,,,,,,
207,topwhiskies,topwhiskies,whisky,whiskey,,,,,,,,,,,,,,,,,,,,,,,,,,,
208,topwhiskies,whiskey,whisky,topwhiskies,,,,,,,,,,,,,,,,,,,,,,,,,,,
209,thewhiskywalker,,,,,,,,,,,,,,,,,,,,,,,,,,,,,,
210,alvise.capovilladist,scotland,craftdistillery,distillato,visitscotland,whiskyporn,distilleriacapovilla,scotch,grappa,ardbeg,islay,capovilla,distillation,capovilladistillati,distillery,instadrink,spirits,distillerylife,copperstill,craftspirits,distillate,lagavulin,whisky,rhumrhum,scotchwhisky,kilchoman,portnahaven,grappalovers,machirbay,distiller,grappacapovilla
211,omakasecocktails,cocktailoclock,craftcocktails,liqpic,garnishgame,feedfeed,cocktail,drinksofinstagram,boozeporn,summercocktail,libations,prettydrinks,scotchwhiskey,igdrinks,scotch,coctel,cocktails🍹,cocktailgram,cocktailart,mixologist,homebar,bartending,mixology,cocktailtime,drinkpics,homebartender,whisky,drink,imbibe,cocktailmaking,bartenderlife
212,scotchsnwatches on I,scotch,peaty,bruichladdich,weekend,scotchesnwatches,chill,whisky,islay,portcharlotte,,,,,,,,,,,,,,,,,,,,,
213,shinskyjet,whisky,islaysinglemalt,whiskylife,whiskey,whiskeylovers,whiskylover,whiskylove,whiskyporn,whiskytasting,ardbegwhisky,whiskycollector,ardbeg,islaywhisky,islay,🥃🥃,whiskeylover,scotchwhisky,whiskys,🥃,scotch,whiskygram,whiskybar,whiskeys,ardbeggrooves,whiskeygram,🥃🥃🥃,,,,
214,cocktailsandnibbles ,cocktail,cocktailspecials,cocktailselfie,happyhourqueen,prosecco,bartenders,cocktailbars,whiskey,cocktailbloggers,bartenderlife,drinksofinstagram,mixologic,creativebartender,cocktailsofinstagram,bourbon,aboutdrinksandbars,mixology,cocktailqueen,bartenderlove,anotherround,mixologyguide,scotch,rum,drinks,vodka,cocktailrecipes,champagne,happyhour,myfavoritecocktail,cocktailinspiration
215,tinikwan,scotch,drinks,mixology,anotherround,cocktailrecipes,champagne,bourbon,bartenders,mixologyguide,bartenderlife,cocktailbars,cocktailspecials,drinksofinstagram,cocktailqueen,cocktailbloggers,happyhourqueen,aboutdrinksandbars,bartenderlove,cocktailinspiration,creativebartender,whiskey,cocktailsofinstagram,vodka,prosecco,rum,cocktailselfie,mixologic,myfavoritecocktail,happyhour,cocktail
216,the_drinks_photograp,maltwhisky,dramoftheday,whiskey,whisky,singlemalt,whiskylover,scotch,dram,nature,whiskylove,,,,,,,,,,,,,,,,,,,,
217,sergeykhaletskiy,вискидегустация,voyagebonwhisky🥃,павелецкая,деловойквартал,дербеневская,tamdhudistillery,repost,doubledram,новоспасский,whisky,scotchwhisky,дегустациявиски,дкновоспасский,scotch,whiskydram,voyagerwhiskyhotel,дербеневскаянабережная,дербеневскаяулица,tamdhu,hotel,whiskyhotel,whiskybar,novospassky,,,,,,,
218,whisky_lass_,whisky,singlemalt,whiskygirl,weedram,scotlandlover,whiskylass,whiskylover,scotchwhisky,whiskygram,scottishhighlands,visitscotland,scottish,slainte,highlands,dram,scotland,scotch,drinking,instawhisky,casks,whiskydrinker,,,,,,,,,
219,goldenwhiskey,jakarta,chihuahuastagram,photography,dogname,familydog,chihuahuasofinstagram,monotone,blackandwhite,scotch,indonesia,sleepyhead,puppy,chihuahua,dogsofinstagram,blackandwhitephoto,uncoloured,chihuahualove,amekgambar,familypet,monochrome,,,,,,,,,,
220,Null,scotchwhisky,scotland,family,singlemalt,whiskey,herwhiskylove,inverness,highlands,whisky,travel,scotch,,,,,,,,,,,,,,,,,,,
221,biggboooyy,nagoyabar,bartender,cocktail,cocktails,whiskylover,authenticbar,scotchwhisky,islay,singlemalt,bar,whisky,scotch,aichi,ardbeg,islaywhisky,nagoya,,,,,,,,,,,,,,
222,thespeyuk,,,,,,,,,,,,,,,,,,,,,,,,,,,,,,
223,leon_majka_bortnik,year,drink,gentelman,scotch,singelmalt,man,love,old,no,fitness,day,biegamipije,18,beard,valentines,highlands,whisky,,,,,,,,,,,,,
224,masaki_sugihara,fujiyamahuntersbeer,ram,liqueurs,whiskey,music,smoke,open,salon,googlemap,private,nigata,gin,scotch,ets,cigar,coco,tequila,bar,elpuro,bourbon,instagram,liquor,higashibori,food,sake,vodka,cocktail,,,
225,thelaphroaigproject,compassbox,laphroaig,singlemalt,sundayfunday,scotchreview,islaywhisky,sunday,weekend,whisky,whiskey,ledaig,scotland,compassboxwhisky,scotch,caolila,peatbomb,compassboxsunday,blendedmalt,ardmore,opinionswelcome,firstworldproblems,peated,peatmonster,blend,thelaphroaigproject,malt,blendedwhisky,islay,highlands,
226,seankincaid,peacoat,dailydrinker,whisky,classic,ineedthejacket,drinks,bunnahabhain,islay,triplethreat,bottles,scotch,liquidgold,singlemalt,welovebunnahabhain,dram,,,,,,,,,,,,,,,
227,leon_majka_bortnik,glenmorangie,glenmoray,scotch,wildturkey,no,day,dalmore,burbon,15,singelmalt,glenlivet,sin,beard,auchentoshan,glengrant,gentelman,man,laphroaig,fitness,biegamipije,18,aberlour,glenfiddich,whisky,12,,,,,
228,whisky_siegen,whisky,new,scotland,oldschool,siegerland,kintyre,review,whiskyporn,siegen,tasty,localbarley,scotch,springbank,,,,,,,,,,,,,,,,,
229,maltsocietyarabia,highlandwhisky,tastingnotes,whiskyporn,singlecask,whisky,scotchwhisky,whiskytasting,caskstrength,scotch,maltsocietyarabia,instawhisky,whiskygram,singlemalt,instadram,glenmorangieastar,glenmorangie,whiskycollection,cigarandwhisky,,,,,,,,,,,,
230,whiskylovingpianist,maltncopper,whiskylovingpianist,whiskybase,whiskey,whiskylover,singlemalt,linkinbio,scotchwhisky,singlemaltwhisky,malt,whisky,whiskyreview,whiskygram,larkdistillery,scotch,dram,whiskytasting,,,,,,,,,,,,,
231,themaltdesk,bottleporn,scotchwhisky,kilkerran,sherrycaskwhisky,singlemalt,portcaskwhisky,instawhisky,themaltdesk,campbeltownwhisky,instadram,scotch,glengyle,,,,,,,,,,,,,,,,,,
232,distillerri,alcohol,distillation,cheers,留出物,distillerri,photos_whiskey,whiskey,moonshine,distillerri_photo,брага,malt,scotch,威士忌,photos,ビール,самогон,dram,distillery,distillerri_beer,сусло,月明かり,домашнее,single_malt,oak,麦汁,bourbon,варим,,,
233,whiskyandmotorcycle,whiskyporn,glenlivet,theglenlivet,whiskeylover,scotch,whiskyoftheday,whisky,tastelikeheaven,singlemaltwhisky,scotchwhisky,singlemalt,yougottaloveglenlivet,,,,,,,,,,,,,,,,,,
234,fashioncompanyoffici,scotch,fc_repost,,,,,,,,,,,,,,,,,,,,,,,,,,,,
235,whiskeywarehouse_sa,whisky,whiskeygram,whiskycollection,whiskypairing,drinkwhisky,whiskyadventures,whiskyadvocate,whiskyinfusiast,whiskeylife,whiskyhunter,scotch,drink,whiskygram,followyourdrams,whiskey,whiskylover,,,,,,,,,,,,,,
236,londoncompetitions,bourbon,bartenders,closedoorevent,mixology,singlemalt,liquor,cocktails,alcohol,drink,mixologist,cocktail,drinks,bar,behindthescenes,bartender,competitiontime,spiritscompetition,spiritsexperts,spiritsratings,scotch,,,,,,,,,,
237,whiskygr,whisky,oldmaltcask,whiskylove,whiskylover,scotch,douglaslaing,whiskycollector,arran,whiskytime,whiskylife,whiskyporn,scotchwhisky,whiskygram,,,,,,,,,,,,,,,,,
238,finneyisles,bnebars,finneyisles,shakennotstirred,classiccocktail,whiskey,foodiesbrisbane,thisisqueensland,cocktailbar,bartenderlife,mustdobrisbane,spritzing,bar,brisbane,rum,sundaysessions,drinks,fortitudevalley,bartender,visitbrisbane,brisbanebar,brisbaneanyday,bartending,bourbon,cocktails,scotch,gin,vodka,,,
239,epicwhisky,whiskyinsta,bowmore,islay,whisky,singlemalt,instascotch,instawhiskey,singlemaltwhisky,epicwhisky,scotchwhisky,dram,whiskey,uisgeabeatha,scotch,instadram,bowmore1973,instawhisky,epic,,,,,,,,,,,,
240,guildfordwhiskyclub,surreydrink,guildfordwhiskyclub,whiskyclub,whiskygram,surrey,whiskytasting,loveguildford,surreywhisky,whiskylicious,guildfordwhisky,guildfordtowncentre,whiskey,surreylife,whisky,guildford,scotch,whiskylover,whiskylove,whiskylovers,scotchwhisky,,,,,,,,,,
241,lucas_gr0s,instadrink,scotland,wiskyporn,instawhisky,cask,peat,cool,sunday,whisky,islay,laphroaig,love,scotch,jogging,peated,alcohol,whiskylover,spirit,,,,,,,,,,,,
242,joy_joy_handmade,art,porcelain,artist,joy,diy,joy_joy,cheers,creative,craft,ceramic,handmade,decorations,design,personalize,alcohol,lable,scotch,drink,gift,crafts,whiskey,shopping,ceramics,egypt,bottle,bar,mug,man,cairo,jackdaniels
243,vertesetmures,slurp,coctel,happyhour,gintonic,tequila,instawine,wein,vinos,cigarporn,cava,drinks,tonic,chef,vodka,drinklocal,cigaraficionado,bartending,bartender,cigarians,cocktailporn,cadeau,cigars,cadeaux,winetour,cocktails,scotch,cigarlifestyle,wineporn,vin,vinho
244,enricosetiawan.galle,photos,photomodel,jackdaniels,asianphotography,asianmodel,johniewalker,beautiful,vintage,tequila,photography,glamour,prettymodel,chivas,whisky,pose,johnniewalker,martell,photoshoot,modelindonesia,photosession,whiskey,photomodels,capture,disaronno,photo,wine,chivasregal,classic,scotch,potrait
245,enricosetiawan.galle,photomodels,chivas,photomodel,whisky,jackdaniels,wine,asianmodel,martell,beautiful,johnniewalker,photosession,pose,photography,prettymodel,photo,vintage,classic,chivasregal,tequila,modelindonesia,asianphotography,capture,photoshoot,potrait,photos,johniewalker,whiskey,scotch,disaronno,glamour
246,enricosetiawan.galle,capture,pose,modelindonesia,photography,johnniewalker,photos,asianmodel,potrait,photoshoot,wine,whiskey,asianphotography,vintage,glamour,photomodels,whisky,photosession,disaronno,scotch,chivas,jackdaniels,martell,prettymodel,chivasregal,johniewalker,tequila,photo,classic,beautiful,photomodel
247,enricosetiawan.galle,prettymodel,johniewalker,johnniewalker,whisky,photo,chivasregal,photos,vintage,photoshoot,martell,photomodels,potrait,capture,glamour,wine,asianphotography,photography,photosession,classic,modelindonesia,disaronno,scotch,beautiful,pose,whiskey,chivas,tequila,jackdaniels,photomodel,asianmodel
248,enricosetiawan.galle,martell,wine,prettymodel,jackdaniels,vintage,whisky,johnniewalker,johniewalker,photosession,chivasregal,asianmodel,scotch,capture,asianphotography,potrait,classic,modelindonesia,photo,photography,chivas,glamour,photoshoot,photos,disaronno,tequila,photomodel,pose,whiskey,beautiful,photomodels
249,enricosetiawan.galle,glamour,photos,martell,johnniewalker,photomodel,whisky,scotch,disaronno,asianphotography,wine,modelindonesia,chivas,vintage,capture,pose,photo,chivasregal,photosession,johniewalker,photoshoot,tequila,whiskey,classic,prettymodel,beautiful,asianmodel,photography,photomodels,jackdaniels,potrait
250,richards63,scotch,vamosargentina,whisky,johnnywalker,blacklabel,,,,,,,,,,,,,,,,,,,,,,,,,
251,in2whiskyinternation,theglenlivet,in2malts,in2maltwhisky,scotchwhisky,whiskey,scotch,everydaywhiskyday,singlemaltwhisky,innovationday,theglenlivetdistillery,in2whisky,theglenlivetwhisky,whisky,,,,,,,,,,,,,,,,,
252,whiskeyforums,oldforester,,,,,,,,,,,,,,,,,,,,,,,,,,,,,
253,vintage_gentlemen,,,,,,,,,,,,,,,,,,,,,,,,,,,,,,
254,singlemaltdaily,lagavulin,whisky,portellen,capitolhill,talisker,singlemaltdaily,bluelabel,2002,johnniewalker,visitscotland,scotch,luxuryhotels,seattlephotographer,25,whiskey,igers_seattle,keepwalking,smoke,audis5,liquidgold,commentbelow,singlemalt,islay,bellevue,luxurywatches,smokey,,,,
255,whiskysailor71,whiskywithaview,whiskyviewhunter,fridayvibes,instadram,smokeywhisky,whiskycircle,instawhisky,whiskygram,topwhiskies,isleofislay,peatedwhisky,whiskylover,caolila,whiskyviewhunting,whiskydram,whisky,singlemalt,splashpics,scotch,whiskypic,splash,whiskyporn,,,,,,,,
256,topwhiskies,whisky,,,,,,,,,,,,,,,,,,,,,,,,,,,,,
257,whiskyvegas,chinesenewyear,38yearold,glenfiddichwhisky,glenfiddichdistillery,scotchwhisky,chinesemarket,ultimatedecanter,lasvegas,highlimitlounge,scotch,pitstop,whisky,,,,,,,,,,,,,,,,,,
258,topwhiskies,whiskey,topwhiskies,whisky,,,,,,,,,,,,,,,,,,,,,,,,,,,
259,topwhiskies,topwhiskies,whiskey,whisky,,,,,,,,,,,,,,,,,,,,,,,,,,,
260,thewhiskywalker,,,,,,,,,,,,,,,,,,,,,,,,,,,,,,
261,thespeyuk,,,,,,,,,,,,,,,,,,,,,,,,,,,,,,
262,leon_majka_bortnik,18,day,singelmalt,whisky,old,valentines,biegamipije,drink,love,no,highlands,year,beard,man,gentelman,scotch,fitness,,,,,,,,,,,,,
263,masaki_sugihara,whiskey,fujiyamahuntersbeer,cigar,nigata,higashibori,coco,sake,liquor,scotch,ets,music,instagram,private,vodka,gin,bar,ram,smoke,cocktail,bourbon,tequila,googlemap,open,salon,liqueurs,food,elpuro,,,
264,thelaphroaigproject,weekend,compassbox,peated,opinionswelcome,scotch,compassboxwhisky,scotchreview,blendedmalt,whiskey,blend,sunday,thelaphroaigproject,blendedwhisky,whisky,sundayfunday,ledaig,singlemalt,islay,firstworldproblems,peatmonster,ardmore,caolila,islaywhisky,compassboxsunday,laphroaig,highlands,scotland,peatbomb,malt,
265,seankincaid,classic,islay,bottles,singlemalt,triplethreat,drinks,bunnahabhain,ineedthejacket,peacoat,liquidgold,welovebunnahabhain,scotch,dailydrinker,whisky,dram,,,,,,,,,,,,,,,
266,leon_majka_bortnik,aberlour,auchentoshan,laphroaig,scotch,burbon,glengrant,no,glenlivet,glenmoray,whisky,glenfiddich,biegamipije,man,singelmalt,15,day,beard,wildturkey,sin,gentelman,dalmore,12,fitness,18,glenmorangie,,,,,
267,whisky_siegen,siegen,siegerland,scotch,localbarley,springbank,tasty,scotland,oldschool,new,kintyre,whisky,whiskyporn,review,,,,,,,,,,,,,,,,,
268,maltsocietyarabia,tastingnotes,maltsocietyarabia,scotch,whiskyporn,instadram,instawhisky,singlecask,whiskycollection,glenmorangieastar,caskstrength,highlandwhisky,whiskytasting,singlemalt,glenmorangie,whisky,cigarandwhisky,scotchwhisky,whiskygram,,,,,,,,,,,,
269,whiskylovingpianist,whiskyreview,whiskey,singlemalt,dram,larkdistillery,whiskybase,singlemaltwhisky,whiskygram,maltncopper,scotch,whiskytasting,whiskylovingpianist,whiskylover,malt,whisky,linkinbio,scotchwhisky,,,,,,,,,,,,,
270,themaltdesk,instawhisky,themaltdesk,kilkerran,scotchwhisky,glengyle,bottleporn,scotch,campbeltownwhisky,portcaskwhisky,sherrycaskwhisky,singlemalt,instadram,,,,,,,,,,,,,,,,,,
271,distillerri,distillation,malt,photos_whiskey,ビール,alcohol,сусло,月明かり,distillerri_photo,distillerri,single_malt,cheers,moonshine,scotch,домашнее,oak,威士忌,bourbon,photos,麦汁,dram,самогон,留出物,distillery,distillerri_beer,whiskey,варим,брага,,,
272,whiskyandmotorcycle,singlemaltwhisky,yougottaloveglenlivet,glenlivet,whiskyoftheday,scotch,whisky,singlemalt,whiskyporn,tastelikeheaven,whiskeylover,scotchwhisky,theglenlivet,,,,,,,,,,,,,,,,,,
273,fashioncompanyoffici,scotch,fc_repost,,,,,,,,,,,,,,,,,,,,,,,,,,,,
274,whiskeywarehouse_sa,whiskylover,whiskyadvocate,whiskyadventures,whiskygram,followyourdrams,whiskey,whiskeylife,whiskypairing,drink,drinkwhisky,whiskyhunter,whiskycollection,scotch,whiskyinfusiast,whiskeygram,whisky,,,,,,,,,,,,,,
275,londoncompetitions,bartenders,bar,scotch,liquor,spiritsexperts,mixologist,spiritscompetition,bartender,cocktails,drink,alcohol,closedoorevent,competitiontime,behindthescenes,drinks,cocktail,bourbon,mixology,singlemalt,spiritsratings,,,,,,,,,,
276,whiskygr,whiskycollector,whiskylife,whiskylover,scotchwhisky,whiskytime,douglaslaing,whiskyporn,oldmaltcask,whisky,arran,whiskygram,scotch,whiskylove,,,,,,,,,,,,,,,,,
277,finneyisles,brisbanebar,bartending,cocktailbar,visitbrisbane,brisbane,mustdobrisbane,brisbaneanyday,vodka,rum,classiccocktail,bnebars,finneyisles,cocktails,bartender,spritzing,bourbon,shakennotstirred,bar,fortitudevalley,drinks,foodiesbrisbane,whiskey,thisisqueensland,sundaysessions,bartenderlife,scotch,gin,,,
278,epicwhisky,epic,scotchwhisky,whisky,singlemaltwhisky,instawhiskey,instascotch,islay,whiskyinsta,whiskey,instawhisky,epicwhisky,instadram,uisgeabeatha,singlemalt,dram,bowmore,bowmore1973,scotch,,,,,,,,,,,,
279,guildfordwhiskyclub,whiskylovers,scotch,whiskey,surreylife,guildford,whiskylicious,whiskyclub,guildfordwhiskyclub,loveguildford,guildfordwhisky,whiskygram,surrey,whisky,whiskylover,surreydrink,surreywhisky,whiskytasting,whiskylove,scotchwhisky,guildfordtowncentre,,,,,,,,,,
280,lucas_gr0s,whisky,peat,instadrink,cool,laphroaig,sunday,love,alcohol,peated,instawhisky,cask,scotch,wiskyporn,whiskylover,islay,scotland,spirit,jogging,,,,,,,,,,,,
281,joy_joy_handmade,joy_joy,jackdaniels,egypt,decorations,ceramic,art,bar,porcelain,personalize,handmade,craft,alcohol,whiskey,lable,mug,creative,ceramics,man,scotch,drink,bottle,diy,gift,joy,artist,design,crafts,cheers,shopping,cairo
282,vertesetmures,wineporn,vinos,drinklocal,cigaraficionado,winetour,coctel,slurp,drinks,cigarians,chef,cigars,cadeaux,happyhour,tonic,bartending,bartender,cava,cadeau,vodka,cocktailporn,vinho,cigarporn,vin,tequila,scotch,instawine,cocktails,wein,cigarlifestyle,gintonic
283,enricosetiawan.galle,wine,photo,modelindonesia,disaronno,photomodels,photomodel,johniewalker,beautiful,photoshoot,pose,photos,glamour,vintage,chivas,potrait,tequila,capture,prettymodel,classic,photography,photosession,asianphotography,scotch,martell,johnniewalker,whisky,whiskey,chivasregal,asianmodel,jackdaniels
284,enricosetiawan.galle,scotch,chivasregal,martell,johniewalker,tequila,potrait,photos,jackdaniels,photomodels,classic,capture,photo,glamour,photomodel,wine,photography,pose,whiskey,photosession,asianmodel,chivas,whisky,prettymodel,disaronno,modelindonesia,johnniewalker,vintage,photoshoot,beautiful,asianphotography
285,enricosetiawan.galle,photomodel,whisky,wine,capture,chivas,photo,photoshoot,prettymodel,photosession,photos,asianmodel,vintage,whiskey,glamour,photomodels,martell,potrait,johnniewalker,classic,johniewalker,jackdaniels,chivasregal,photography,tequila,beautiful,scotch,modelindonesia,disaronno,pose,asianphotography
286,enricosetiawan.galle,wine,whiskey,martell,glamour,photos,scotch,beautiful,asianphotography,photo,pose,tequila,classic,vintage,asianmodel,chivas,photoshoot,modelindonesia,johnniewalker,photomodels,capture,disaronno,whisky,chivasregal,jackdaniels,photography,johniewalker,photomodel,photosession,prettymodel,potrait
287,enricosetiawan.galle,photography,wine,modelindonesia,vintage,capture,martell,pose,classic,photos,glamour,whisky,scotch,photomodel,tequila,jackdaniels,photo,chivasregal,asianmodel,asianphotography,beautiful,whiskey,photoshoot,photomodels,johniewalker,prettymodel,johnniewalker,potrait,photosession,disaronno,chivas
288,enricosetiawan.galle,chivasregal,jackdaniels,photomodels,photos,potrait,johnniewalker,photosession,wine,classic,disaronno,tequila,asianmodel,prettymodel,whisky,photography,asianphotography,beautiful,vintage,scotch,photomodel,chivas,johniewalker,modelindonesia,glamour,martell,whiskey,photo,capture,pose,photoshoot
289,richards63,blacklabel,whisky,scotch,johnnywalker,vamosargentina,,,,,,,,,,,,,,,,,,,,,,,,,
290,,,,,,,,,,,,,,,,,,,,,,,,,,,,,,,
