,0,1,2,3,4,5,6,7,8,9,10,11,12,13,14,15,16,17,18,19,20,21,22,23,24,25,26,27,28,29,30
0,barprints,,,,,,,,,,,,,,,,,,,,,,,,,,,,,,
1,marianetta_,guanajuato,sanmigueldeallende,tequila,morelia,travelmexico,travelphotography,mexicolindo,mexicobonito,ukranianaenmexico,destinosmexicanos,jalisco,agaveplant,agave,exploremexico,guadalajara,travellingasalifestyle,,,,,,,,,,,,,,
2,the_margarita_mum,,,,,,,,,,,,,,,,,,,,,,,,,,,,,,
3,barman_academy,nightlife,cocktailporn,sensoryspace,cocktailrecipe,instagood,drink,idcoffeelab,happyhour,whiskey,cocktails,bar,pub,cocktailhour,beverage,thebestbarsclub,barmanacademy,cheers,cocktailevent,tequila,meikocleansolutions,bartenderlife,cocktailculture,cocktailparty,scotsmanice,homebartender,cocktailphotography,,,,
4,bestbarsin,cocktailoftheday,,,,,,,,,,,,,,,,,,,,,,,,,,,,,
5,codigo1530,hastalacruz,,,,,,,,,,,,,,,,,,,,,,,,,,,,,
6,cocktaildetroit,,,,,,,,,,,,,,,,,,,,,,,,,,,,,,
7,reynamarinn,,,,,,,,,,,,,,,,,,,,,,,,,,,,,,
8,blonde_kitchen,,,,,,,,,,,,,,,,,,,,,,,,,,,,,,
9,mixuhel,homebartender,drinks,cocktails,predinnercocktails,predinnercocktail,tequila,tequilacocktail,tequilapatron,cocktail,patrontequila,tequilacocktails,homebar,,,,,,,,,,,,,,,,,,
10,leeanacosta,sing,margaritas,birthday,music,earth,yum,margarita,favorite,date,saturdaynight,datenight,saturdayvibes,tequila,,,,,,,,,,,,,,,,,
11,miyu_yahman,ニトリ,tequila,バレンタインデー,チョコレート,toyota,noah,ノア70,,,,,,,,,,,,,,,,,,,,,,,
12,eltopo.cantina,mariachi,vibes,neonlights,mexican,restaurant,tequila,cocktails,eltopocantina,,,,,,,,,,,,,,,,,,,,,,
13,annesophie2301,wehr,friendsforever,fünftejahreszeit,narrinarro,fasnacht,fiestamexicana,mexiko,derschnauzersitzt,chioball,hossa,partyplanet,partyhard,verkleidenistpflicht,schorlewisssur,tequila,whatanight,gießkanne,kaktus,rothaustannenzäpfle,,,,,,,,,,,
14,royalhawaiispirits,whiskey,drink,bartender,beer,bhfyp,bar,party,wine,mixology,tequila,liquor,bourbon,drinks,ron,rum,vodka,vintage,happyhour,food,whisky,tikibar,cocktail,cocktails,rumlovers,tiki,rhum,spirits,gin,mojito,alcohol
15,thehouseofdollbae,birthdaygifts,wasted,tequila,diy,clubbing,party,artistsoninstagram,drinkresponsibly,gifts,cake,giftsforher,handpainted,giftideas,bottomsup,spicy,thehouseofdollbae,partyfavors,21birthday,partytime,uniquegifts,custommade,,,,,,,,,
16,jskot,maya,tacos,southamerica,ruins,museum,painting,mexicocity,paradise,cheflife,tequila,aztec,dolphins,mexicanfood,cancun,caballero,everyday,tulum,cenote,chefs,caves,fridakahlo,travel,food,mexicans,gastronomy,mezcal,beach,mexico,guacamole,latin
17,fedbaar,picoftheday,instagram,tequila,terremoto,puppy,dog,cucciolo,instalike,instamood,cagnolino,torino,turin,instagood,,,,,,,,,,,,,,,,,
18,jano_52,lovemydog,foodie,nashville,tequila,,,,,,,,,,,,,,,,,,,,,,,,,,
19,ninadesandes,creperiedelavieillebourse,galettebretonne,galette,cidre,tequilarose,tequila,siropdepomme,lille,,,,,,,,,,,,,,,,,,,,,,
20,lilijimenez_paz,lindosmomentos,amigas,quenadanossepare,emaus,tequila,diosesamor,princesasdedios,emauspresente,,,,,,,,,,,,,,,,,,,,,,
21,barprints,,,,,,,,,,,,,,,,,,,,,,,,,,,,,,
22,marianetta_,morelia,guadalajara,agaveplant,exploremexico,travellingasalifestyle,ukranianaenmexico,agave,mexicolindo,mexicobonito,tequila,travelmexico,sanmigueldeallende,destinosmexicanos,travelphotography,guanajuato,jalisco,,,,,,,,,,,,,,
23,the_margarita_mum,,,,,,,,,,,,,,,,,,,,,,,,,,,,,,
24,barman_academy,cocktailphotography,idcoffeelab,happyhour,bar,cocktailevent,sensoryspace,meikocleansolutions,instagood,tequila,cocktailhour,cocktailrecipe,drink,scotsmanice,thebestbarsclub,cheers,beverage,homebartender,pub,barmanacademy,bartenderlife,nightlife,cocktailculture,cocktailporn,whiskey,cocktailparty,cocktails,,,,
25,bestbarsin,cocktailoftheday,,,,,,,,,,,,,,,,,,,,,,,,,,,,,
26,codigo1530,hastalacruz,,,,,,,,,,,,,,,,,,,,,,,,,,,,,
27,cocktaildetroit,,,,,,,,,,,,,,,,,,,,,,,,,,,,,,
28,reynamarinn,,,,,,,,,,,,,,,,,,,,,,,,,,,,,,
29,blonde_kitchen,,,,,,,,,,,,,,,,,,,,,,,,,,,,,,
30,mixuhel,tequila,cocktails,patrontequila,tequilapatron,tequilacocktail,predinnercocktail,tequilacocktails,predinnercocktails,homebartender,homebar,cocktail,drinks,,,,,,,,,,,,,,,,,,
31,leeanacosta,margarita,yum,music,date,favorite,birthday,earth,sing,datenight,saturdayvibes,saturdaynight,margaritas,tequila,,,,,,,,,,,,,,,,,
32,miyu_yahman,ニトリ,noah,バレンタインデー,tequila,チョコレート,toyota,ノア70,,,,,,,,,,,,,,,,,,,,,,,
33,eltopo.cantina,neonlights,eltopocantina,cocktails,mexican,restaurant,tequila,mariachi,vibes,,,,,,,,,,,,,,,,,,,,,,
34,annesophie2301,tequila,wehr,narrinarro,chioball,partyplanet,mexiko,fiestamexicana,fasnacht,partyhard,kaktus,friendsforever,fünftejahreszeit,derschnauzersitzt,rothaustannenzäpfle,gießkanne,hossa,verkleidenistpflicht,schorlewisssur,whatanight,,,,,,,,,,,
35,royalhawaiispirits,liquor,whiskey,rhum,rum,vodka,bhfyp,alcohol,bartender,tikibar,wine,mixology,tequila,cocktails,vintage,food,drink,tiki,bourbon,cocktail,gin,drinks,spirits,whisky,mojito,bar,rumlovers,party,happyhour,beer,ron
36,thehouseofdollbae,birthdaygifts,uniquegifts,clubbing,cake,custommade,gifts,partyfavors,thehouseofdollbae,giftideas,drinkresponsibly,diy,bottomsup,wasted,21birthday,artistsoninstagram,giftsforher,party,partytime,handpainted,spicy,tequila,,,,,,,,,
37,jskot,mexico,gastronomy,aztec,maya,mexicocity,cancun,cheflife,paradise,everyday,southamerica,food,caves,cenote,mezcal,tequila,mexicans,chefs,ruins,tacos,dolphins,beach,mexicanfood,latin,guacamole,painting,fridakahlo,caballero,museum,travel,tulum
38,fedbaar,cucciolo,puppy,terremoto,torino,instagram,turin,instamood,instagood,instalike,picoftheday,cagnolino,tequila,dog,,,,,,,,,,,,,,,,,
39,jano_52,lovemydog,foodie,tequila,nashville,,,,,,,,,,,,,,,,,,,,,,,,,,
40,ninadesandes,tequilarose,lille,galette,galettebretonne,tequila,cidre,siropdepomme,creperiedelavieillebourse,,,,,,,,,,,,,,,,,,,,,,
41,,,,,,,,,,,,,,,,,,,,,,,,,,,,,,,
