,0,1,2,3,4,5,6,7,8,9,10,11,12,13,14,15,16,17,18,19,20,21,22,23,24,25,26,27,28,29,30
0,malfygin,gintonic,gintonica,italia,italy,gandt,malfyginconlimone,amalficoast,ginrosa,ginlovers,gintonicmagazine,ginfromitaly,gin,malfymoment,gincocktails,ginoriginale,malfy,malfygin,gintoniclicious,ciaomalfy,suze,enjoytheview,whitenegroni,conlimone,cocktails,conarancia,dolin,ginandtonic,negroni,vermouth,ginspired
1,Null,foodtruck,foodtruckgalicia,cocteles,mojito,caipirinha,cocktails,cocktailbar,weddings,galifornia,gintonic,cosmopolitan,limón,bodas,cousaricachico,ron,cocktailtruck,martini,casarseengalicia,lima,azúcar,whisky,cousaricacocktailbar,bodasgalicia,cousarica,cocktailporn,sugar,daiquiri,vermouth,piñacolada,
2,winesandthecity,convinocontodo,,,,,,,,,,,,,,,,,,,,,,,,,,,,,
3,mrgrono,party,vermouth,negronilovers,fredagsmys,fest,campari,negroni,drinkar,drinks,pinkgin,weekend,drinki,negronioclock,drink,negronitime,,,,,,,,,,,,,,,
4,roctails,,,,,,,,,,,,,,,,,,,,,,,,,,,,,,
5,cheerstohappyhour,,,,,,,,,,,,,,,,,,,,,,,,,,,,,,
6,nick_tachmazis,gin,bartermini,vermouth,negroni,campari,,,,,,,,,,,,,,,,,,,,,,,,,
7,littlemercies,bright,spring,drinks,vermouth,cocktails,negroni,rhubarb,crouchend,takevictory,gin,campari,fermented,classic,summer,,,,,,,,,,,,,,,,
8,sodigiuliano,トスカーナ州イタリア全土で標高400メートルのオリーブ農園でしか作られていない,sanvalentino,valdorcia,vermouthmartini,lucignanodasso,martinierossi,toscana,amore,vermouth,rosa,martini,love,tuscany,,,,,,,,,,,,,,,,,
9,jordipese,fuegoatierra,vermouth,xera,yummy,domingo,relax,ensalada,dominicus,focaterra,amanida,ilovellu,,,,,,,,,,,,,,,,,,,
10,the_really_real_tk,vermouth,nimbumirchi,chilli,chillin,sunday,gin,,,,,,,,,,,,,,,,,,,,,,,,
11,vermouthmita,ilgiardinosottoilnaso,eliacalò,vermouth,cocktails,vermouthmita,liquorepineta,mirto,cocktailsselvatici,vermut,amarosatiro,barcatering,,,,,,,,,,,,,,,,,,,
12,cocktail_for_lone_wo,bartenderlife,cocktails,bar,jägermeister,cinzano,buzzy,bartender,herballiqueur,alcohol,orangepeel,bartenders,whiskey,cocktailbar,barman,cocktail,mixology,vermouth,bourbon,preakness,amaro,whisky,jagermeister,fourroses,,,,,,,
13,philippegbois,sommelier,vermouth,consultantstaketheirtime,bartender,germany,winzer,consultant,barconsultant,consultantlifestyle,bar,consultantlife,consultante,restaurant,operationsconsultant,consultanta,mosel,berater,consultantslife,consultantinterior,consultants,consultanteats,consultantchefs,hospitality,consultantswanted,barowner,25hourshotels,consultantdrinks,winemaker,consultantsneeded,consultantmarketing
14,santiagoelefante,linkforink,art,bikelifestyle,galassia,modernart,cubismart,grapic,vermouth,barcelona,disegno,iblackwork,bike,santiagoelefante,tattoo,cat,bikelife,madrid,postmodern,vermut,myart,tatuagio,bcnttt,cubismo,tattooideas,zaragoza,wiesbaden,tusz,,,
15,ilgiardinosottoilnas,vermouth,eliacalò,liquorepineta,ilgiardinosottoilnaso,mirto,amarosatiro,vermouthmita,barcatering,cocktails,vermut,cocktailsselvatici,,,,,,,,,,,,,,,,,,,
16,ferpre25,comoelnono,vermouth,bikiniallday,lazysunday,spanishlife,summerhurryup,,,,,,,,,,,,,,,,,,,,,,,,
17,anitagruiz,vermouth,pompeiana,cercedilla,,,,,,,,,,,,,,,,,,,,,,,,,,,
18,blueroomdundee,amaro,theblueroomdundee,dundee,scotland,blueroomdundee,cocktailbar,vermouth,espresso,aperitivo,,,,,,,,,,,,,,,,,,,,,
19,tastebritain,gqindia,weekendgetaway,nocompromise,mumbaifoodie,bangalorefoodies,gintonic,thyme,bandrakurlacomplex,indianbartenders,elleindia,bombaytimes,amazonindia,tonicwater,southdelhi,flavouredtonic,spirits,gurgaondiaries,goabeach,cocktails,britishmade,dontsettleforless,bevsdotin,vermouth,awardwining,,,,,,
20,kahle_andreas,properdrinks,lacopaextraseco,cocktails🍹,vermouthtime,cocktailhistory,bar,barlovers,cheers,drinkresponsibly,londonn1,drinkstagram,bartender,vermouth,bitters,gin,orangebitters,martinilovers,,,,,,,,,,,,,
21,malfygin,ginlovers,amalficoast,ginfromitaly,whitenegroni,malfymoment,malfygin,gandt,ginoriginale,suze,vermouth,gintonic,ciaomalfy,malfyginconlimone,dolin,ginspired,gintonica,enjoytheview,italy,conlimone,negroni,ginrosa,malfy,gin,cocktails,gintonicmagazine,gincocktails,italia,gintoniclicious,ginandtonic,conarancia
22,Null,bodas,limón,mojito,cocktailporn,cousarica,cosmopolitan,cocteles,piñacolada,casarseengalicia,daiquiri,caipirinha,vermouth,cocktailbar,cousaricachico,azúcar,ron,sugar,gintonic,lima,galifornia,foodtruck,cocktails,martini,cocktailtruck,whisky,weddings,foodtruckgalicia,cousaricacocktailbar,bodasgalicia,
23,winesandthecity,convinocontodo,,,,,,,,,,,,,,,,,,,,,,,,,,,,,
24,mrgrono,negronitime,negroni,drinkar,negronilovers,negronioclock,drinks,campari,weekend,fest,fredagsmys,drink,pinkgin,drinki,party,vermouth,,,,,,,,,,,,,,,
25,roctails,,,,,,,,,,,,,,,,,,,,,,,,,,,,,,
26,cheerstohappyhour,,,,,,,,,,,,,,,,,,,,,,,,,,,,,,
27,nick_tachmazis,campari,gin,vermouth,bartermini,negroni,,,,,,,,,,,,,,,,,,,,,,,,,
28,littlemercies,cocktails,rhubarb,drinks,fermented,negroni,summer,classic,crouchend,bright,gin,takevictory,vermouth,spring,campari,,,,,,,,,,,,,,,,
29,sodigiuliano,vermouthmartini,valdorcia,vermouth,martini,amore,トスカーナ州イタリア全土で標高400メートルのオリーブ農園でしか作られていない,rosa,toscana,love,martinierossi,tuscany,sanvalentino,lucignanodasso,,,,,,,,,,,,,,,,,
30,jordipese,amanida,ilovellu,yummy,relax,ensalada,fuegoatierra,xera,focaterra,vermouth,domingo,dominicus,,,,,,,,,,,,,,,,,,,
31,the_really_real_tk,chillin,nimbumirchi,vermouth,gin,sunday,chilli,,,,,,,,,,,,,,,,,,,,,,,,
32,vermouthmita,cocktails,amarosatiro,mirto,ilgiardinosottoilnaso,barcatering,vermouth,liquorepineta,vermouthmita,cocktailsselvatici,eliacalò,vermut,,,,,,,,,,,,,,,,,,,
33,cocktail_for_lone_wo,bourbon,whiskey,bartender,vermouth,cocktails,orangepeel,fourroses,preakness,amaro,barman,cocktailbar,bartenderlife,alcohol,mixology,cinzano,cocktail,bartenders,buzzy,whisky,jägermeister,bar,jagermeister,herballiqueur,,,,,,,
34,philippegbois,consultantslife,bartender,germany,winzer,bar,restaurant,barconsultant,winemaker,consultantlifestyle,consultantlife,consultants,consultantstaketheirtime,consultanteats,operationsconsultant,consultantsneeded,consultantmarketing,berater,consultantswanted,consultantchefs,sommelier,hospitality,barowner,consultantdrinks,25hourshotels,consultanta,consultantinterior,vermouth,consultant,consultante,mosel
35,santiagoelefante,galassia,madrid,myart,tatuagio,bikelife,cubismo,bcnttt,grapic,art,tattoo,modernart,iblackwork,zaragoza,linkforink,vermut,bike,wiesbaden,disegno,tattooideas,bikelifestyle,santiagoelefante,cubismart,vermouth,tusz,cat,barcelona,postmodern,,,
36,ilgiardinosottoilnas,barcatering,vermouth,eliacalò,mirto,amarosatiro,cocktails,vermouthmita,cocktailsselvatici,ilgiardinosottoilnaso,vermut,liquorepineta,,,,,,,,,,,,,,,,,,,
37,ferpre25,bikiniallday,vermouth,lazysunday,spanishlife,summerhurryup,comoelnono,,,,,,,,,,,,,,,,,,,,,,,,
38,anitagruiz,vermouth,cercedilla,pompeiana,,,,,,,,,,,,,,,,,,,,,,,,,,,
39,blueroomdundee,theblueroomdundee,aperitivo,cocktailbar,amaro,dundee,espresso,vermouth,scotland,blueroomdundee,,,,,,,,,,,,,,,,,,,,,
40,tastebritain,flavouredtonic,gurgaondiaries,vermouth,southdelhi,thyme,mumbaifoodie,britishmade,indianbartenders,gqindia,tonicwater,spirits,dontsettleforless,gintonic,goabeach,cocktails,elleindia,bevsdotin,bombaytimes,awardwining,bandrakurlacomplex,amazonindia,nocompromise,weekendgetaway,bangalorefoodies,,,,,,
41,kahle_andreas,bartender,orangebitters,cocktailhistory,bar,drinkstagram,barlovers,martinilovers,vermouthtime,londonn1,bitters,gin,drinkresponsibly,properdrinks,vermouth,cheers,lacopaextraseco,cocktails🍹,,,,,,,,,,,,,
42,begohlpyh on Instagr,bnw,wallpaper,weekend,restaurant,calm,vermouth,blackandwhite,bnwmood,bnw_captures,tarragona,blackandwhitephotography,place,light,instabnw,chair,bnwphotography,sunday,catalonia,black,,,,,,,,,,,
43,lacavadefloro,quedateacomer,lacavadefloro,gambasaljillo,vermouth,tapasdebarra,,,,,,,,,,,,,,,,,,,,,,,,,
44,oviedococktail,,,,,,,,,,,,,,,,,,,,,,,,,,,,,,
45,__liebestraum on Ins,ベルモット,gin,vermut,bar,バー,cocktail,門前仲町,martini,beefeater,ginza,ビーフィーター,ジン,マティーニ,ノイリープラット,noillyprat,vermouth,カクテル,,,,,,,,,,,,,
46,lavermutera,aperitivo,bravas,vermuteando,senyorvermut,porndrink,aperitif,mantonegro,vermouth,vermut,mallorca,thebest,barcelona,pornfood,foodies,lavermutera,vermuteo,winelovers,vermu,daqui,patatasbravas,wine,premsal,,,,,,,,
47,__detektiv__conan__,kaitokid,shinichi,ran,schwarzeorganisation,mitzuhiko,ayumi,vermouth,prosibenmaxx,detektivboys,detektivconan,yoko,takagi,männerinschwarz,conan,anime,genta,korgoro,heiji,sonoko,ai,sato,professoragasa,inspektormegure,shuichi,yusaku,kazuha,yukiko,wodka,gin,
48,el_canton,caminodelcid,vermouth,restaurante,tapa,cerveza,cerdo,pueblo,vermouthtime,domingo,anguita,horadelvermut,vermut,castillalamancha,vermouthlovers,guadalajara,bar,,,,,,,,,,,,,,
49,sevenstex,vermouth,orange,dry,drinking,rabarbaro,cocktails,sunday,,,,,,,,,,,,,,,,,,,,,,,
50,tuaperitivo,vermut,vermouth,musclos,aperitivo,escopinyes,almejas,vermutear,aperitivolovers,mejillones,sannicasio,aperitif,aperitiu,paracompartir,patatasfritas,vadevermut,patatas,chips,compartir,tuaperitivo,espinaler,,,,,,,,,,
51,adrienne_chaballe,vermouthlovers,vermouthtime,sabadoperfecto,friends,sevilla,vermouth,planazo,,,,,,,,,,,,,,,,,,,,,,,
52,mariuscarbonell,relax,vermouth,enjoyyourfamily,vscocam,basic,vermut,food,february,winter,empordà,enjoythelittlethings,descobreixcatalunya,nothingisordinary_,outdoor,emporda,vsco,inthegarden,vermouthtime,foodie,sunday,athome,enjoyyourweekend,enjoyyourlife,foodiegram,mediterranean,,,,,
53,gintended,campari,mumbainightlife,pizza,italiancuisine,italianrestaurant,indiasbestbars,glassware,negroni2020,cocktails,houseofnegroni,negroni,indiasbestrestaurants,bartenders,cincinmumbai,cincin,italianinmumbai,italiancocktails,barsinmumbai,bar,negronis,curryleaf,vermouth,caffeinelovers,negronitime,cocktail,,,,,
54,malfygin,malfyginconlimone,malfygin,ciaomalfy,gincocktails,negroni,ginandtonic,conarancia,vermouth,whitenegroni,gintonicmagazine,ginfromitaly,ginrosa,malfymoment,malfy,gintonic,italy,enjoytheview,ginoriginale,suze,ginspired,gandt,conlimone,gin,dolin,ginlovers,gintonica,amalficoast,gintoniclicious,italia,cocktails
55,Null,cocktailbar,limón,cousaricacocktailbar,piñacolada,cocktailtruck,bodas,weddings,gintonic,daiquiri,cousaricachico,casarseengalicia,caipirinha,cosmopolitan,foodtruckgalicia,azúcar,cocktailporn,cousarica,cocktails,lima,vermouth,ron,sugar,galifornia,martini,whisky,cocteles,bodasgalicia,foodtruck,mojito,
56,winesandthecity,convinocontodo,,,,,,,,,,,,,,,,,,,,,,,,,,,,,
57,mrgrono,pinkgin,vermouth,negronitime,fest,drink,drinkar,campari,negroni,drinki,weekend,negronioclock,negronilovers,fredagsmys,drinks,party,,,,,,,,,,,,,,,
58,roctails,,,,,,,,,,,,,,,,,,,,,,,,,,,,,,
59,cheerstohappyhour,,,,,,,,,,,,,,,,,,,,,,,,,,,,,,
60,nick_tachmazis,negroni,gin,vermouth,bartermini,campari,,,,,,,,,,,,,,,,,,,,,,,,,
61,littlemercies,spring,fermented,campari,crouchend,takevictory,drinks,negroni,rhubarb,gin,classic,vermouth,bright,cocktails,summer,,,,,,,,,,,,,,,,
62,sodigiuliano,amore,sanvalentino,トスカーナ州イタリア全土で標高400メートルのオリーブ農園でしか作られていない,love,rosa,vermouth,valdorcia,vermouthmartini,lucignanodasso,martini,tuscany,martinierossi,toscana,,,,,,,,,,,,,,,,,
63,jordipese,vermouth,xera,ilovellu,amanida,yummy,fuegoatierra,ensalada,focaterra,domingo,relax,dominicus,,,,,,,,,,,,,,,,,,,
64,the_really_real_tk,nimbumirchi,vermouth,gin,chillin,chilli,sunday,,,,,,,,,,,,,,,,,,,,,,,,
65,vermouthmita,eliacalò,vermouthmita,mirto,amarosatiro,liquorepineta,cocktails,vermouth,vermut,barcatering,cocktailsselvatici,ilgiardinosottoilnaso,,,,,,,,,,,,,,,,,,,
66,cocktail_for_lone_wo,preakness,bar,barman,amaro,jägermeister,bartenderlife,buzzy,cocktails,fourroses,bourbon,mixology,orangepeel,whiskey,alcohol,cinzano,bartenders,herballiqueur,vermouth,whisky,cocktailbar,cocktail,jagermeister,bartender,,,,,,,
67,philippegbois,vermouth,consultanteats,winzer,operationsconsultant,consultantlife,winemaker,sommelier,consultant,consultanta,consultants,bar,consultante,mosel,hospitality,consultantmarketing,consultantdrinks,bartender,consultantstaketheirtime,consultantinterior,consultantlifestyle,25hourshotels,consultantswanted,consultantchefs,barowner,germany,berater,restaurant,consultantsneeded,barconsultant,consultantslife
68,santiagoelefante,postmodern,vermouth,bikelifestyle,tusz,disegno,grapic,madrid,zaragoza,tattoo,galassia,bike,iblackwork,wiesbaden,cat,bikelife,modernart,cubismart,linkforink,santiagoelefante,art,cubismo,tatuagio,vermut,barcelona,bcnttt,myart,tattooideas,,,
69,ilgiardinosottoilnas,vermouth,barcatering,mirto,amarosatiro,cocktailsselvatici,vermut,cocktails,eliacalò,ilgiardinosottoilnaso,vermouthmita,liquorepineta,,,,,,,,,,,,,,,,,,,
70,ferpre25,lazysunday,summerhurryup,spanishlife,bikiniallday,comoelnono,vermouth,,,,,,,,,,,,,,,,,,,,,,,,
71,anitagruiz,pompeiana,vermouth,cercedilla,,,,,,,,,,,,,,,,,,,,,,,,,,,
72,blueroomdundee,aperitivo,scotland,amaro,espresso,vermouth,blueroomdundee,cocktailbar,theblueroomdundee,dundee,,,,,,,,,,,,,,,,,,,,,
73,tastebritain,bangalorefoodies,goabeach,elleindia,mumbaifoodie,awardwining,bevsdotin,britishmade,dontsettleforless,flavouredtonic,nocompromise,amazonindia,gqindia,gintonic,bombaytimes,tonicwater,bandrakurlacomplex,indianbartenders,southdelhi,spirits,gurgaondiaries,cocktails,weekendgetaway,thyme,vermouth,,,,,,
74,kahle_andreas,properdrinks,orangebitters,martinilovers,gin,bartender,bitters,vermouthtime,cheers,cocktailhistory,bar,londonn1,cocktails🍹,drinkresponsibly,drinkstagram,lacopaextraseco,vermouth,barlovers,,,,,,,,,,,,,
75,begohlpyh on Instagr,sunday,place,tarragona,chair,bnw,wallpaper,catalonia,bnw_captures,instabnw,black,restaurant,weekend,calm,vermouth,bnwphotography,bnwmood,blackandwhitephotography,blackandwhite,light,,,,,,,,,,,
76,lacavadefloro,lacavadefloro,vermouth,quedateacomer,gambasaljillo,tapasdebarra,,,,,,,,,,,,,,,,,,,,,,,,,
77,oviedococktail,,,,,,,,,,,,,,,,,,,,,,,,,,,,,,
78,__liebestraum on Ins,martini,vermouth,beefeater,vermut,gin,ginza,noillyprat,bar,バー,マティーニ,cocktail,ベルモット,門前仲町,カクテル,ジン,ノイリープラット,ビーフィーター,,,,,,,,,,,,,
79,lavermutera,senyorvermut,winelovers,aperitif,thebest,patatasbravas,lavermutera,wine,vermuteando,foodies,premsal,porndrink,bravas,mantonegro,mallorca,vermouth,aperitivo,pornfood,vermut,barcelona,vermu,daqui,vermuteo,,,,,,,,
80,__detektiv__conan__,detektivboys,prosibenmaxx,ran,inspektormegure,kazuha,yoko,anime,conan,sato,shuichi,mitzuhiko,kaitokid,yusaku,yukiko,ai,takagi,professoragasa,genta,schwarzeorganisation,männerinschwarz,shinichi,vermouth,heiji,korgoro,wodka,gin,sonoko,detektivconan,ayumi,
81,el_canton,restaurante,vermouthlovers,vermouthtime,vermut,castillalamancha,bar,caminodelcid,cerveza,anguita,guadalajara,vermouth,pueblo,cerdo,horadelvermut,tapa,domingo,,,,,,,,,,,,,,
82,sevenstex,dry,drinking,cocktails,rabarbaro,vermouth,orange,sunday,,,,,,,,,,,,,,,,,,,,,,,
83,tuaperitivo,compartir,vadevermut,vermutear,espinaler,almejas,paracompartir,aperitif,sannicasio,aperitiu,patatasfritas,mejillones,chips,aperitivo,vermouth,vermut,patatas,tuaperitivo,musclos,aperitivolovers,escopinyes,,,,,,,,,,
84,adrienne_chaballe,vermouthtime,vermouth,vermouthlovers,sevilla,sabadoperfecto,friends,planazo,,,,,,,,,,,,,,,,,,,,,,,
85,mariuscarbonell,sunday,athome,foodie,foodiegram,vscocam,inthegarden,enjoythelittlethings,nothingisordinary_,vermouth,vermut,enjoyyourfamily,february,mediterranean,empordà,vermouthtime,food,vsco,outdoor,enjoyyourweekend,emporda,descobreixcatalunya,relax,enjoyyourlife,basic,winter,,,,,
86,gintended,cincinmumbai,italiancuisine,cocktail,curryleaf,bartenders,glassware,cocktails,vermouth,negronitime,pizza,cincin,indiasbestbars,mumbainightlife,barsinmumbai,negroni2020,italianinmumbai,caffeinelovers,italianrestaurant,indiasbestrestaurants,negroni,campari,bar,negronis,italiancocktails,houseofnegroni,,,,,
87,vermutflorum,sanvalentín,aperitivo,love,andalucia,florum,taberna,vermu,restaurante,gourmet,sevilla,alcaladeguadaira,vermutflorum,vino,instagood,españa,bar,gastronomia,lahoradelvermut,spain,bodega,vermouth,vermut,gastro,artesano,tapas,wine,,,,
88,lavioletachamberi,profesionalesdelvermut,madriz,instavermut,madrid,familia,chamberi,vermut,domingueo,expertosenvermut,somosvioleteros,vermu,detodalavida,aperitivo,vermutlover,picoftheday,amigos,vermouth,,,,,,,,,,,,,
89,gastrohotelrhcanfali,aperitivo,aperitif,vermouth,benidormrestaurant,cocktail,olives,aceitunas,vermut,restaurantebenidorm,dvoragastrobar,coctel,,,,,,,,,,,,,,,,,,,
90,jessemixking,,,,,,,,,,,,,,,,,,,,,,,,,,,,,,
91,alexpuig22,instacunit,cunit,vermouth,,,,,,,,,,,,,,,,,,,,,,,,,,,
92,johnstone.andrew,campari,melbournebars,spirits,melbourneatnight,melbourne,negroni,drinks,champagne,barmargaux,gin,cocktails,absinthe,ritznegroni,vermouth,,,,,,,,,,,,,,,,
93,francescroigzaratep,vermouth,,,,,,,,,,,,,,,,,,,,,,,,,,,,,
94,_curiose.ando_,vermut,patatasbonilla,meetingpoint,vermouth,patatasfritas,meeting,chips,,,,,,,,,,,,,,,,,,,,,,,
95,masqueropa,regalazaragoza,salirenzaragoza,spanishblogger,blogger,influencerzaragoza,zaragozadestino,vermouth,zaragozawalkers,lachelo,zaragoza,irdepropio,instablogger,fashionblogger,zaragozacultura,zgz,,,,,,,,,,,,,,,
96,bodega_amposta,diumenge,sunday,vermouth,weekend,domingo,tomaralgo,vermut,tapas,bodegaamposta,,,,,,,,,,,,,,,,,,,,,
97,vermouthforzudo,vermouthforzudo,vermut,elbierzo,aperitivo,vermouth,vermouthdelbierzo,leonesp,vermuteando,ponferrada,,,,,,,,,,,,,,,,,,,,,
98,gourmetadabcn,barcelona,arroz,foodies,restaurantebarcelona,instafood,vermouth,foodshare,capet,botifar,foodbarcelona,barcelonicious,foodiesbcn,foodporn,pessols,ceps,food,foodlife,instafoodie,foodiegram,nicebarcelona,gourmetadabcn,foodinsta,,,,,,,,
99,malfygin,gandt,ginfromitaly,gin,ginoriginale,enjoytheview,dolin,italy,ginlovers,gincocktails,negroni,ginrosa,vermouth,suze,conarancia,ginandtonic,malfygin,italia,gintoniclicious,malfyginconlimone,ginspired,malfymoment,gintonicmagazine,conlimone,gintonic,ciaomalfy,cocktails,gintonica,malfy,whitenegroni,amalficoast
100,Null,sugar,cocktailbar,daiquiri,casarseengalicia,foodtruck,piñacolada,cousaricachico,bodasgalicia,vermouth,ron,weddings,bodas,azúcar,cocktailporn,foodtruckgalicia,limón,cosmopolitan,galifornia,cousaricacocktailbar,mojito,martini,cocktailtruck,lima,gintonic,whisky,caipirinha,cocktails,cousarica,cocteles,
101,winesandthecity,convinocontodo,,,,,,,,,,,,,,,,,,,,,,,,,,,,,
102,mrgrono,negroni,vermouth,negronioclock,drinkar,weekend,negronilovers,negronitime,fredagsmys,drinki,drink,fest,campari,pinkgin,drinks,party,,,,,,,,,,,,,,,
103,roctails,,,,,,,,,,,,,,,,,,,,,,,,,,,,,,
104,cheerstohappyhour,,,,,,,,,,,,,,,,,,,,,,,,,,,,,,
105,nick_tachmazis,gin,campari,negroni,bartermini,vermouth,,,,,,,,,,,,,,,,,,,,,,,,,
106,littlemercies,crouchend,bright,fermented,rhubarb,summer,classic,vermouth,cocktails,campari,gin,drinks,spring,negroni,takevictory,,,,,,,,,,,,,,,,
107,,,,,,,,,,,,,,,,,,,,,,,,,,,,,,,
