,0,1,2,3,4,5,6,7,8,9,10,11,12,13,14,15,16,17,18,19,20,21,22,23,24,25,26,27,28,29,30
0,topwhiskies,whisky,,,,,,,,,,,,,,,,,,,,,,,,,,,,,
1,viskigurme,,,,,,,,,,,,,,,,,,,,,,,,,,,,,,
2,heyitswhiskeytime,drinks,singlemalt,rum,buffalotrace,whiskeyporn,lefthandmodel,pappyvanwinkle,cheers,whiskyporn,whiskygram,pappy,whiskeygram,bourbonporn,bourbon,cocktails,rye,scotch,beer,scotchwhisky,instawhiskey,kentuckybourbon,kentucky,alcohol,thebourbonleague,bourbongram,instabourbon,whiskey,bourbonwhiskey,vodka,whisky
3,rolexwhisky,hiltonhotels,michterswhiskey,whiskeygram,michters10yearrye,rolexwhisky,kidsareawesome,luxurylife,whiskygeek,michtersmood,hiltonhonors,whiskeytime,michters10,fridayryeday,whiskey,ryewhiskey,sunmakesmehappy,fridaymood,topshelf,whiskyblogger,michters,familyvacation,sunsoutgunsout,laquinta,instawhiskey,lifeisbeautiful,thegoodlife,michtersrye,cheers,laquintaresort,
4,maxdramage on Instag,fryeday,bourbon,whiskey,roknar,ryeoldfashioned,ryewhiskey,whiskeygram,whiskeylover,oldfashioned,barrelfinished,oldetownarvada,cognacfinish,minnesotawhiskey,craftwhiskey,,,,,,,,,,,,,,,,
5,barman_academy,cocktailphotography,whiskey,beverage,meikocleansolutions,homebartender,scotsmanice,pub,cheers,bar,cocktails,cocktailculture,sensoryspace,cocktailrecipe,cocktailhour,thebestbarsclub,cocktailevent,bartenderlife,happyhour,instagood,tequila,barmanacademy,cocktailporn,idcoffeelab,cocktailparty,drink,nightlife,,,,
6,bourboncharity,yesbuffalotrace,,,,,,,,,,,,,,,,,,,,,,,,,,,,,
7,cakin06,whisky,viski,whiskey,jackdaniels,,,,,,,,,,,,,,,,,,,,,,,,,,
8,thewhiskywalker,,,,,,,,,,,,,,,,,,,,,,,,,,,,,,
9,reeb0rn,mit,den,xl,lifestyle,jungs,fun,saturday,jackdaniels,big,whiskey,vortrinken,,,,,,,,,,,,,,,,,,,
10,aficionadoaustriaco,1978,partagas,vintage,aficionado,cigars,lcdh,coffee,perfecto,friends,ashtoash,cigarculture,sotl,aficionadoaustriaco,myhabanosmoment,7,whiskey,habanos,cuba,smoke,stdupont,cigartime,cigaroftheday,cigarsmoking,nowsmoking,botl,rum,espresso,bestoftheday,,
11,shutterbug_namz,ontherocks,whisky,whiskey,singlemaltplusgrain,liquidsunshine,shotoniphone,ambercolor,teachers50,smoky,shotoniphone11,spicy,whiskeygram,blendedwhisky,12yearoldblend,,,,,,,,,,,,,,,,
12,thiagao_figueiredo,,,,,,,,,,,,,,,,,,,,,,,,,,,,,,
13,adasko0212,starkezigarren,casadetorres,whiskey,aberfeldy,,,,,,,,,,,,,,,,,,,,,,,,,,
14,emissitirips,spiritissime,drinks,gin,tequila,vin,instafood,whiskey,mezcal,beef,wine,kobe,style,boeuf,vodka,bourbon,cocktail,foodporn,michelin,whisky,charolais,benjamingriveaux,liquor,chef,bbq,gueuleton,plancha,brandy,restaurant,cocktails,cognac
15,behnammoosik,ابی_حامدی,music,ابی,dariush_eghbali,ramesh,داریوش,whiskey,behnammoosik,الهه,dariush,گوگوش,instagram,ebi,,,,,,,,,,,,,,,,,
16,malt_o_bene,slainte,shotoftheday,instawhisky,peat,whiskey,springbank,scottishwhisky,springbankwhisky,campbeltown,13,smoke,13yo,limitededition,sunday,whiskygram,scotch,instadram,ilovewhisky,whiskylove,whiskycircle,whiskyporn,whisky,scotland,scotchwhisky,singlemalt,organic,whiskypics,dramsncigarsclub,green,
17,thelady_withthe_crad,tasmania,craftwhisky,lovely,whiskygram,whisky_droid,whiskycollection,singlemaltwhisky,cheers,singlemalt,myonedaywithyou,tasmaniansinglemaltwhisky,whiskytime,cradlemountainwhiskythelongtrek,whiskey,cradlemountainwhisky,whiskycollector,tasmanianwhisky,whiskylife,whiskylover,moments,whisky,sunday,lazysunday,whiskyporn,thelongtrek,yo,cradleglass,,,
18,oira.islay,whisky,ジャパニーズウィスキー,ウィスキー,blendedwhisky,whiskey,富士御殿場蒸溜所,ブレンデットウィスキー,fujigotenbadistillery,japanesewhisky,ウイスキー,,,,,,,,,,,,,,,,,,,,
19,acornlimited,秩父ウイスキー祭,whiskylover,ウイスキー祭,malt,秩父,whiskymatsuri,acorn,モルト,scotch,whisky,ウイスキー好きな人と繋がりたい,ウイスキー,whiskey,instawhiskey,whiskygram,acornlimited,acornwhisky,chichibu,thewhiskyplus,スコッチ,instascotch,instawhisky,埼玉,instadram,chichibuwhiskymatsuri,,,,,
20,whiskperience,scotch,jackdaniels,bolivia,class,whiskyquotes,johnniewalker,whiskeygram,whiskperience,whisky,instalike,whiskey,cheers,boytoys,whiskycollector,instawhiskey,drinks,jw,alcohol,singlemalt,scotchwhisky,whiskyporn,bolivian_spirit,frases,🥃,truestory,words,quotes,style,whiskynation,
21,topwhiskies,whisky,,,,,,,,,,,,,,,,,,,,,,,,,,,,,
22,viskigurme,,,,,,,,,,,,,,,,,,,,,,,,,,,,,,
23,heyitswhiskeytime,pappyvanwinkle,pappy,instabourbon,cheers,cocktails,scotch,beer,whiskey,buffalotrace,whiskeygram,kentuckybourbon,kentucky,instawhiskey,thebourbonleague,whiskeyporn,whisky,vodka,alcohol,lefthandmodel,drinks,bourbonwhiskey,rum,whiskygram,bourbonporn,singlemalt,whiskyporn,scotchwhisky,bourbongram,rye,bourbon
24,rolexwhisky,ryewhiskey,michtersmood,laquintaresort,michters,fridayryeday,topshelf,whiskyblogger,cheers,hiltonhonors,thegoodlife,michters10,instawhiskey,lifeisbeautiful,whiskey,whiskeygram,rolexwhisky,michters10yearrye,kidsareawesome,familyvacation,michtersrye,luxurylife,laquinta,michterswhiskey,hiltonhotels,fridaymood,sunsoutgunsout,sunmakesmehappy,whiskeytime,whiskygeek,
25,maxdramage on Instag,ryeoldfashioned,minnesotawhiskey,bourbon,ryewhiskey,cognacfinish,whiskey,oldfashioned,whiskeylover,craftwhiskey,fryeday,whiskeygram,roknar,barrelfinished,oldetownarvada,,,,,,,,,,,,,,,,
26,barman_academy,meikocleansolutions,cheers,sensoryspace,idcoffeelab,happyhour,tequila,nightlife,cocktailparty,homebartender,whiskey,bar,barmanacademy,cocktailevent,thebestbarsclub,cocktails,cocktailporn,drink,cocktailculture,scotsmanice,beverage,pub,cocktailrecipe,bartenderlife,cocktailhour,cocktailphotography,instagood,,,,
27,bourboncharity,yesbuffalotrace,,,,,,,,,,,,,,,,,,,,,,,,,,,,,
28,cakin06,jackdaniels,whisky,viski,whiskey,,,,,,,,,,,,,,,,,,,,,,,,,,
29,thewhiskywalker,,,,,,,,,,,,,,,,,,,,,,,,,,,,,,
30,reeb0rn,xl,saturday,den,fun,vortrinken,whiskey,lifestyle,jackdaniels,mit,jungs,big,,,,,,,,,,,,,,,,,,,
31,aficionadoaustriaco,coffee,stdupont,habanos,cigaroftheday,1978,cigartime,rum,cigarculture,vintage,7,bestoftheday,lcdh,perfecto,smoke,cigars,whiskey,myhabanosmoment,friends,espresso,sotl,aficionadoaustriaco,partagas,aficionado,botl,ashtoash,cigarsmoking,nowsmoking,cuba,,
32,shutterbug_namz,whiskeygram,whiskey,whisky,blendedwhisky,spicy,singlemaltplusgrain,shotoniphone,liquidsunshine,ontherocks,smoky,shotoniphone11,teachers50,ambercolor,12yearoldblend,,,,,,,,,,,,,,,,
33,thiagao_figueiredo,,,,,,,,,,,,,,,,,,,,,,,,,,,,,,
34,adasko0212,whiskey,aberfeldy,starkezigarren,casadetorres,,,,,,,,,,,,,,,,,,,,,,,,,,
35,emissitirips,liquor,plancha,gin,kobe,tequila,chef,cocktail,whiskey,style,wine,bbq,vodka,gueuleton,mezcal,spiritissime,brandy,michelin,restaurant,benjamingriveaux,beef,foodporn,bourbon,cocktails,cognac,drinks,instafood,boeuf,whisky,vin,charolais
36,behnammoosik,dariush_eghbali,ابی,گوگوش,داریوش,whiskey,ramesh,الهه,ebi,behnammoosik,dariush,ابی_حامدی,music,instagram,,,,,,,,,,,,,,,,,
37,malt_o_bene,whiskyporn,springbankwhisky,scottishwhisky,organic,instawhisky,ilovewhisky,13yo,smoke,whisky,scotch,whiskey,green,sunday,dramsncigarsclub,scotchwhisky,limitededition,peat,whiskycircle,singlemalt,springbank,campbeltown,instadram,shotoftheday,slainte,13,scotland,whiskypics,whiskygram,whiskylove,
38,thelady_withthe_crad,tasmania,whiskylover,moments,whiskylife,cheers,cradleglass,whiskycollector,whiskytime,lovely,singlemalt,lazysunday,whisky,thelongtrek,tasmanianwhisky,tasmaniansinglemaltwhisky,whiskey,whiskygram,sunday,whiskycollection,whisky_droid,cradlemountainwhisky,singlemaltwhisky,craftwhisky,yo,cradlemountainwhiskythelongtrek,whiskyporn,myonedaywithyou,,,
39,oira.islay,whiskey,blendedwhisky,fujigotenbadistillery,ウイスキー,japanesewhisky,ウィスキー,whisky,ブレンデットウィスキー,富士御殿場蒸溜所,ジャパニーズウィスキー,,,,,,,,,,,,,,,,,,,,
40,acornlimited,whiskey,whiskymatsuri,秩父ウイスキー祭,acornlimited,秩父,instawhisky,acornwhisky,instascotch,whisky,スコッチ,malt,chichibuwhiskymatsuri,埼玉,acorn,モルト,instawhiskey,whiskylover,whiskygram,ウイスキー好きな人と繋がりたい,ウイスキー祭,chichibu,scotch,ウイスキー,thewhiskyplus,instadram,,,,,
41,whiskperience,cheers,drinks,scotch,bolivia,instawhiskey,scotchwhisky,whiskynation,whiskperience,class,whiskycollector,boytoys,whiskey,whisky,instalike,whiskeygram,singlemalt,style,🥃,whiskyquotes,truestory,quotes,jackdaniels,alcohol,frases,johnniewalker,jw,whiskyporn,words,bolivian_spirit,
42,jknetzwelt,ardbergalligator,nikka,tobemoryspring,irishman,laphroig,singlemalt,japan,bowmore,irish,pauljohnpeatey,india,ireland,scotch,ardberg,whiskey,inchmurrin,teeling,lagavulin,,,,,,,,,,,,
43,whiskyconsultants.nl,whiskey,tullibardine228,highland,tullibardine,whisky,whiskyconsultants,singlemalt,scotch,burgundy,,,,,,,,,,,,,,,,,,,,,
44,the_good_life.ny,whiskey,armagnac,barrelproof,whatidrink,cognac,frenchbrandy,vino,caskstregnth,whiskyphoto,colombard,drinkphotography,cheers,darroze,gascony,drinkporn,brandy,vintage,whisky,ugniblanc,2000vintage,whatsinmyglass,y2k,domainedepouteou,drinks,darrozearmagnac,openyourbottles,vin,notwhiskey,distilled,2000
45,afterrwork on Instag,위스키,술스타그램,싱글몰트,홈바,islay,아몬드쇼콜라,whisky,whiskygram,singlemaltwhisky,whiskey,lagavulin,요츠바,라가불린,위스키스타그램,singlemaltwhiskey,homebar,,,,,,,,,,,,,,
46,rhapsodyinamber,blended,nikka,oldbottle,oldbottles,nikkagandg,whisky,whiskey,japanesewhisky,,,,,,,,,,,,,,,,,,,,,,
47,bourbonenthusiasts,,,,,,,,,,,,,,,,,,,,,,,,,,,,,,
48,paulogriff,gettingold,whiskey,jackdaniels,haigclub,birthdayboy,whisky,,,,,,,,,,,,,,,,,,,,,,,,
49,highbankdistillery,instabest,asseenincolumbus,foodporn,liquor,bartender,distillery,brunch,thekitchn,classiccocktail,feedfeed,booze,happyhour,huffposttaste,drinkstagram,instagood,buzzfeast,bourbon,cocktails,lunch,drinkoftheday,highbankdistillery,instadrink,imbibe,whiskey,drinks,foodie,,,,
50,thebigfatpea,food,relax,cocktails,bar,whiskeysour,refreshing,drink,easydrink,hkfoodie,easy,weekend,foodie,alcohol,whiskey,bartending,chill,foodblog,foodporn,18orabove,fresh,homemade,hk,hkig,australia,firstattempt,yum,cookingboy,homecook,,
51,duursma_slijterij,bulleitbourbon,vodka,esbjerg,camus,fryslân,heerenveen,whiskey,drank,actie,cognac,slijterij,boomsma,jongejenever,beerenburg,aanbieding,,,,,,,,,,,,,,,
52,lafogataofd,drinks,bar,entrepreneur,tapwine,outdoors,burgers,whiskey,food,tacos,tapas,wine,service,,,,,,,,,,,,,,,,,,
53,gina_sensipgh,cannabiscommunity,thenewnormal,sensipgh,events,valentinesday2020,supportlocal,whiskey,loveislove,pamedicalmarijuana,pgh,wine,vday,lifestyle,pa,sensimag,pittsburgh,valentinesday,communitymind,chocolate,lovepgh,valentines,weed,magazinecover,festivals,cannabisculture,cannabis,412,magazine,,
54,topwhiskies,whisky,,,,,,,,,,,,,,,,,,,,,,,,,,,,,
55,viskigurme,,,,,,,,,,,,,,,,,,,,,,,,,,,,,,
56,heyitswhiskeytime,cocktails,buffalotrace,drinks,lefthandmodel,beer,bourbon,alcohol,kentuckybourbon,pappyvanwinkle,whiskeyporn,instabourbon,rum,bourbonwhiskey,instawhiskey,scotch,singlemalt,whiskyporn,bourbonporn,whiskeygram,vodka,rye,whiskygram,pappy,whisky,cheers,thebourbonleague,whiskey,bourbongram,scotchwhisky,kentucky
57,rolexwhisky,topshelf,sunmakesmehappy,michtersrye,sunsoutgunsout,lifeisbeautiful,whiskygeek,laquinta,hiltonhotels,laquintaresort,luxurylife,michters,fridayryeday,fridaymood,kidsareawesome,whiskyblogger,michterswhiskey,cheers,michtersmood,whiskeygram,hiltonhonors,instawhiskey,michters10,familyvacation,michters10yearrye,whiskeytime,ryewhiskey,whiskey,thegoodlife,rolexwhisky,
58,maxdramage on Instag,bourbon,oldfashioned,whiskeylover,whiskeygram,oldetownarvada,cognacfinish,fryeday,roknar,minnesotawhiskey,craftwhiskey,ryeoldfashioned,barrelfinished,ryewhiskey,whiskey,,,,,,,,,,,,,,,,
59,barman_academy,whiskey,tequila,cocktailculture,nightlife,cocktailporn,cocktailrecipe,instagood,idcoffeelab,cocktailparty,beverage,homebartender,happyhour,drink,meikocleansolutions,sensoryspace,thebestbarsclub,bar,cocktailphotography,cocktailhour,cocktails,scotsmanice,pub,cocktailevent,bartenderlife,barmanacademy,cheers,,,,
60,bourboncharity,yesbuffalotrace,,,,,,,,,,,,,,,,,,,,,,,,,,,,,
61,cakin06,whiskey,whisky,jackdaniels,viski,,,,,,,,,,,,,,,,,,,,,,,,,,
62,thewhiskywalker,,,,,,,,,,,,,,,,,,,,,,,,,,,,,,
63,reeb0rn,jungs,big,vortrinken,xl,mit,lifestyle,fun,saturday,den,jackdaniels,whiskey,,,,,,,,,,,,,,,,,,,
64,aficionadoaustriaco,myhabanosmoment,cigartime,coffee,1978,7,habanos,cigarsmoking,cuba,cigarculture,friends,cigaroftheday,nowsmoking,sotl,bestoftheday,perfecto,rum,espresso,aficionadoaustriaco,vintage,ashtoash,partagas,smoke,stdupont,lcdh,aficionado,whiskey,cigars,botl,,
65,shutterbug_namz,liquidsunshine,smoky,singlemaltplusgrain,teachers50,blendedwhisky,shotoniphone,ontherocks,whisky,12yearoldblend,shotoniphone11,whiskeygram,whiskey,ambercolor,spicy,,,,,,,,,,,,,,,,
66,thiagao_figueiredo,,,,,,,,,,,,,,,,,,,,,,,,,,,,,,
67,adasko0212,whiskey,aberfeldy,casadetorres,starkezigarren,,,,,,,,,,,,,,,,,,,,,,,,,,
68,emissitirips,kobe,spiritissime,gueuleton,michelin,mezcal,whiskey,tequila,style,beef,wine,brandy,instafood,drinks,vin,bbq,charolais,whisky,chef,cocktails,benjamingriveaux,foodporn,bourbon,cocktail,restaurant,boeuf,cognac,liquor,vodka,gin,plancha
69,behnammoosik,dariush,ابی,الهه,music,ebi,whiskey,dariush_eghbali,گوگوش,داریوش,ابی_حامدی,behnammoosik,instagram,ramesh,,,,,,,,,,,,,,,,,
70,malt_o_bene,peat,whiskypics,whiskey,scotchwhisky,whiskycircle,whiskylove,whiskyporn,singlemalt,dramsncigarsclub,whisky,campbeltown,shotoftheday,smoke,ilovewhisky,instawhisky,scotland,whiskygram,green,13yo,slainte,organic,13,instadram,scottishwhisky,sunday,springbankwhisky,limitededition,springbank,scotch,
71,thelady_withthe_crad,yo,tasmanianwhisky,sunday,singlemaltwhisky,moments,tasmaniansinglemaltwhisky,myonedaywithyou,cradlemountainwhisky,whisky,whiskylife,whiskycollection,whiskey,lazysunday,cradlemountainwhiskythelongtrek,tasmania,singlemalt,whiskylover,cradleglass,whiskygram,lovely,thelongtrek,whiskycollector,whisky_droid,whiskytime,cheers,craftwhisky,whiskyporn,,,
72,oira.islay,ウィスキー,富士御殿場蒸溜所,whisky,fujigotenbadistillery,ジャパニーズウィスキー,ブレンデットウィスキー,whiskey,ウイスキー,blendedwhisky,japanesewhisky,,,,,,,,,,,,,,,,,,,,
73,acornlimited,スコッチ,whiskygram,chichibuwhiskymatsuri,scotch,秩父,acorn,whiskylover,malt,秩父ウイスキー祭,acornwhisky,whiskey,instawhisky,instadram,埼玉,ウイスキー好きな人と繋がりたい,acornlimited,thewhiskyplus,whiskymatsuri,whisky,ウイスキー,モルト,ウイスキー祭,instawhiskey,instascotch,chichibu,,,,,
74,,,,,,,,,,,,,,,,,,,,,,,,,,,,,,,
