,RowSum
0,1
1,1
2,1
3,1
4,1
5,1
6,1
7,1
8,1
9,1
10,1
11,1
12,1
13,1
14,1
15,1
16,1
17,1
18,1
19,1
20,1
21,1
22,1
23,1
24,1
25,1
26,1
27,1
28,1
29,1
30,1
31,1
32,1
33,1
34,1
35,1
36,1
37,1
38,1
39,1
40,1
41,1
42,1
43,1
44,1
45,1
46,1
47,1
48,1
49,1
50,1
51,1
52,1
53,1
54,1
55,1
56,1
57,1
58,1
59,1
60,1
61,1
62,1
63,1
64,1
65,1
66,1
67,1
68,1
69,1
70,1
71,1
72,1
73,1
74,1
75,1
76,1
77,1
78,1
79,1
80,1
81,1
82,1
83,1
84,1
85,1
86,1
87,1
88,1
89,1
90,1
91,1
92,1
93,1
94,1
95,1
96,1
97,1
98,1
99,1
100,1
101,1
102,1
103,1
104,1
105,1
106,1
107,1
108,1
109,1
110,1
111,1
112,1
113,1
114,1
115,1
116,1
117,1
118,1
119,1
120,1
121,1
122,1
123,1
124,1
125,1
126,1
127,1
128,1
129,1
130,1
131,1
132,1
133,1
134,1
135,1
136,1
137,1
138,1
139,1
140,1
141,1
142,1
143,1
144,1
145,1
146,1
147,1
148,1
149,1
150,1
151,1
152,1
153,1
154,1
155,1
156,1
157,1
158,1
159,1
160,1
161,1
162,1
163,1
164,1
165,1
166,1
167,1
168,1
169,1
170,1
171,1
172,1
173,1
174,1
175,1
176,1
177,1
178,1
179,1
180,1
181,1
182,1
183,1
184,1
185,1
186,1
187,1
188,1
189,1
190,1
191,1
192,1
1615,4
1976,4
2020,4
30,1
3月1日預售票和高鐵套票開賣,1
3月1號預售開賣,3
__cute_creations__,4
aboutdrinksandbars,5
absenta,3
acqua,4
adalmarquezbartender,1
adelaidefringe2020,4
afteroffice,1
agefactory,4
ajiamarilloperuano,1
alcohol,2
amazing,3
ambienteclimatizado,3
amigos,10
amigosdecuatropatas,3
amiguis,3
amor,4
anchoreyes,2
antifaz,2
aperitivos,3
arabic,3
arequipaperu,4
arequipe,4
arribaperú,4
art,2
arte,1
artecallejero,1
artist,1
artlovers,1
artsy,1
ashantigalleria,3
ashantiroma,3
ashantizzati,3
astronomia,4
australianproduce,2
bachelor,3
badluck,2
baile,2
bailoteo,3
bairesdrunk,6
bar,14
bar_supernova,3
barman_academy,5
barras,3
barrio,2
barrio_sunset on Ins,2
barriosunset,2
barsupernova,3
bartender,1
bcn,1
beautiful,1
beautifuldestinations,3
bebidas,8
beer,6
bestfriend,3
bestintravel,3
bestoftheday,2
biclazio,3
bionda,3
black,4
bluepeaflower,5
bolivarrestobar,2
botilleria,3
botilleriadelivery,3
brandy,2
breakfast,3
brokenbythescream,4
brotteaux,4
cafedecolombia,1
caffeprincipe,4
caffeprincipebra,8
callerey,1
camarones,2
camasdecuarzo,4
caniche,3
carloscamino,4
carnavales,2
carnavales2020,2
carrete,5
catsofinstagram,3
cerveza,5
cervezaadomicilio,3
cervezaartesanal,3
cervezas,6
ceviche,9
cevichero,4
cheerstohappyhour,15
chefperuano,2
chela,2
chilcano,3
chile,18
chilegram,2
chilememes,2
chincha,1
chmetw,3
cibo,3
cigarros,3
cilantro,2
citron,5
clientes,3
cocinaperuana,2
cocktail,15
cocktailbar,3
cocktailporn,6
cocktails,15
cocteles🍹🍹🍹,3
colegas,2
colores,1
colors,1
comerciales,3
comiccon,4
confianza,3
coniac,3
conmihumana,3
containersfunebres,3
contenedordecremacion,3
contigoperu,4
contigoselección,4
convencion,3
cool,2
copete,3
coquimbo,4
corporemanso,3
craftbeer,3
crueltyfree,1
cubetazopremium,3
cubetazoversus,3
cubetazowhiskys,3
cultura,4
culture,3
culturetravel,3
culturetrip,3
cupido,4
cusco,4
cy8er,4
daddyyankee,2
daily,3
dairyfree,1
dance,3
davidlebovitz,5
days,3
daysoff,3
degustaciones,4
delicioso,2
delivery,4
densopalimpsesto,2
descubreteenperu,3
desert,3
desierto,3
destilados,3
diablopiscobar,2
dinner,3
distillate,4
distillation,4
distillato,4
distillazione,4
distribuidoradebebidas,3
diversion,2
dj,2
dog,3
dogeyes,3
dogsofinstagram,3
doha,3
dontcompromise,4
drink,2
drinkgram,2
drinkingfrench,5
drinkpic,2
drinkporn,1
drinks,3
dunas,6
dunes,3
editorial,1
el10delacallepronto🎥🍿🍫,4
el_mercadito_dresden,1
emerge_fest,4
enigmaperu,5
espumantes,3
estellita__s,4
exitos,4
explore,3
express,3
f4f,2
familia,1
familyfirst,1
farewellparty,3
fashion,4
fashiondesigner,3
fashionphotography,3
febrero,2
feliz,4
felizfindesemana,4
felizsabado,4
fiesta,5
fisicuturismo,4
fit,4
fitzrovia,3
five.twelve.four,2
flor.qc,3
follow,2
follower,1
followme,4
food,8
foodhi,1
foodie,3
foodporn,3
formacion,3
foto,4
fotolateando,3
fragranza,4
frasesmotivadoras,4
fridaynightlights,3
friends,2
friendsnotfood,1
fries,2
ftm,3
futbol,2
gastonomie,4
gay,4
gemelas.boutique,4
gentlemanlife,3
getoutthere,3
gin,5
gitanofertas,1
globetrotters,3
globos,2
glutenfree,3
goldilocksmelbourne,3
goldilocksrooftopbar,6
good,4
goodbye,3
gopro,4
govegan,1
graffiti,1
guidemichelin,4
gym,4
haciendaofsantacruzdelanchas,4
hailgrasa,2
hangover,2
happyhour,5
hibisco,3
hibiscus,3
highproofpreacher,10
hocicos,3
holiday,3
homeland,3
honduras,2
hotelmelialima,2
huacachina,7
ica,8
igers,1
igerslima,2
igersperu,1
igerspiura,4
igerstrujillo,4
imbibe,2
imbibegram,2
inca,3
incaruins,3
innovacionfuneraria,3
instadaily,4
instadog,3
instadrink,3
instadrinks,2
instafollow,1
instagood,4
instagram,5
instagramer,1
instalike,1
instaperro,3
instaperu,4
instapic,1
instasantiago,2
instatravel,3
instavalparaiso,2
instavalpo,2
instaviña,2
italy,3
itsfringetime,4
itspiscotime,3
japanese,2
japaneseperuvian,2
jhonnywalker,1
johnniewalker,1
johnniewalkerbluelabel,1
juntada,3
justright,3
karaoke,3
kas,3
kasa,3
kasautiizindagiikay2,3
kaws,2
kcoret,4
keralawedding,3
kevin,3
kkrysttlll on Instag,2
kochi,3
kochidairies,3
kochigram,3
lagerita,1
laguna,3
lagunamoron,3
lampinterren,4
latepost,2
latinamericanfood,4
latinos,4
laverdaderacatedraldelpiscosour,1
licor,1
licoreriablackandwhi,1
licoreriablackandwhite,1
licorería,1
licores,8
licoreselgitano,1
lifeisart,3
like,1
like4like,3
likeforlike,4
lima,25
limaperu,7
lindacancino8 on Ins,3
littledog,3
littlefriend,3
littlepoodle,3
live,4
lol,2
lomosaltado,2
london,3
londonrestaurants,3
look,4
losmuroshablan_uy,1
love,6
loveperu,4
lu_tenderness,3
lunch,3
lush好き,3
luxury,3
luxuryservice,3
lyon,4
machupicchu,8
machupicchuperu,3
machupichu,3
madeinitaly,3
malteseofinstagram,3
manuelmontt,3
marianna.surfwtheflo,3
mascara,2
masquefunerario,3
mauricio_g1,3
meatfree,1
melancé,3
melbourne,3
melbournebars,3
melbournecbd,3
melbournelife,3
melbournerooftop,3
melialima,2
melon,2
melonconvino,2
memasos,2
memes,2
memeschilenos,2
memesespañol,2
memestibles,2
menstyle,3
miradasperrunas,3
miraflores,4
mirafloreslyon,4
misterashanti,3
misterashantifood,6
mixologist,4
mixology,6
mixologyart,4
moe80,3
mojito,2
molepoblano,1
moscowrussia,4
mostoverde_tokyo,4
muddled,2
mural,1
musica,2
myprincess,3
nasca,4
nasko,4
nationalmargaritaday,1
naturaleza,8
nature,3
navidad,2
neiva,3
neon,3
newlook,4
newrestaurants,2
newtable,4
newtownsydney,1
newyork,2
nice,4
nikkei,2
nikkei_sydney,2
nikkeibar,2
nikkeicuisine,2
nikkeifood,2
nikkeisydney,2
nopisconoparty,3
nova,3
nuevochimbote,4
oasis,3
obsess,4
oficina,2
ojos,3
ojosperrunos,3
oldparr,1
ootd,1
orhan.theworldtravel,3
outfits,4
painting,1
pamov,1
panamericanos2020,4
papasfritas,2
papayas,4
paracas,4
paracasperu,3
parakeet,3
paranoidvoid,4
paris,5
partnerincrime,1
party,10
partyeveryday,3
pasta,3
pasteldechoclo,3
pastis,3
patiperros,4
patterns,3
peluche,3
pequeperro,3
perou,4
perritos,3
perro,3
perrodepeluchedeverdad,3
perros,3
peru,36
peruanos,4
peruanosenchile,4
peruanosenelmundo,4
peruanosenmiami,4
peruanosenrusia,4
peruanosenusa,4
peruanosporelmundo,4
perufood,3
perutherichestcountry,3
peruvian,6
peruvianfood,5
peruvianjapanese,2
peruvianontour,4
peruvianpisco,2
peruvianrestaurant,3
perú,4
photo,1
photography,1
photooftheday,4
pico,3
picoftheday,2
pinacolada,4
pineapple,2
pintura,1
pisco,146
pisco_sps,2
piscobar,5
piscocinco,4
piscococktail,4
piscococktails,6
piscocompanytics,6
piscoelqui,1
piscola,5
piscoperrin,3
piscoperro,3
piscoperu,3
piscoperuano,6
piscosour,16
pisqulondon,3
piura,4
piuraperu,4
plantbased,1
plantbaseddrinks,1
plantbasedliving,1
platillo,2
playa,2
playaroja,4
poodle,3
positiva,4
previa,3
programafunerario,3
promo,1
promperu_paris,4
pucarapisco,6
quotes,3
r4r,1
ramosmejia,3
refreshing,2
reichertpatrick7,4
remanso2020,3
restaurante_tres_gen,2
restaurantetoile,4
restaurantlyon,4
restobar,1
reñaca,3
ristorantemitierra,4
roma,3
rome,3
ron,12
rooftopbar,3
roses,3
s4s,1
sabado,2
sanclemente,3
santiagochile,3
sapabeirut,4
sapabeirut on Instag,4
sarcay,3
saskiawensink,3
sectorfunerario,3
sexmachineguns,4
shareplantbased,1
sheherherhers,4
shinyonemura,3
shooting,1
shop,3
sistemafunerario,3
smile,5
smoke,3
snacks,3
soda,2
softwarefunerario,3
soho,3
soldout,4
sonrie,4
sony,4
souling_bar,3
soulingbar,3
spaghetti,3
spanish,3
sportperuano,4
sps,2
starbucks,3
stargate,4
stockeate,3
stone_age_minerals,3
strasbourgstreetart,4
streetart,1
style,3
succo,4
sugo,3
suhaib__shakz,3
summer,3
sun,3
sunset,2
superman,4
surryhills,2
swet,3
sydneybars,3
sydneyeats,1
sydneyrestaurants,2
sydneyveganguide,1
sydneyvegans,1
tagsforlikes,1
tastes,3
temple,3
tequila,6
thesimpsons,2
thetelephones,4
theworldtraveler,3
the冠,4
throwback,3
tiffany,2
titicaca,4
toconoma,4
top,4
totravelistolive,3
tragos,3
travel,8
travelblogger,3
travelgram,3
travelling,4
travelperu,3
travelphotography,7
traveltheworld,3
tresgeneracioneschile,2
trestrancas,18
trujillo,4
trujilloperu,4
tweegram,1
upao,4
urbanart,1
urbexalsace,4
urbexfrance,4
uva,4
uve,4
vacaciones,3
vacation,1
vacationmode,1
valledeelqui,4
valparaiso,2
valpo,2
vamosperú,4
vamospormas,4
vegan,4
veganfoodshare,1
vegansinaustralia,1
vegantacos,1
vegetarian,3
verano,5
verano2020,4
viadelboschetto,3
viaje,4
viajes,3
vibes,3
vida,3
viernes,3
vigne,4
vino,10
vinos,3
vintage,3
visitperu,3
vivaperu,1
viñasdeoro,4
vodka,10
weekendsaremyfav,4
whatveganseat,1
whiskey,4
whisky,11
white,1
wine,9
wintervacation,3
withmyhuman,3
worldheritage,3
worldmargaritaday,2
yerbamate,1
yka,4
yka_bar,4
ykabar,4
ykabaretceviche,4
yum,4
линиинаска,4
мачупикчу,4
перу,4
おなべ,3
しんちゃんでした,3
カクテル,4
スピリッツ,4
バースーパーノヴァ,3
バーテンダー,4
バーピスコ,3
ピスコ,4
ピスコサワー,4
プレミアムピスコ,4
ペルー人おなべ,3
全部soldout,3
凝聚力展演空間,3
凝聚力音樂娛樂,3
外人,3
外国人オナベ,3
康士坦的變化球,4
拍謝少年,4
揺らぎ,4
早割チケット,3
早鳥完售,1
早鳥票,3
有安杏果,4
横浜バー,3
第5のスピリッツ,4
米村,3
脫拉庫,4
貪婪黑洞,3
還有高鐵套票,3
関内バー,3
静岡おなべ,3
静岡洋食器,4
静岡葵区紺屋町クニヨシビル7階,3
體熊專科,4
魏嘉瑩,4
