,RowSum
wine,3
ilquadrifogliostore,2
instawine,2
redwine,2
vin,2
vino,2
winelover,2
wineoclock,2
winetasting,2
winetime,2
0,1
1,1
2,1
3,1
4,1
5,1
6,1
7,1
8,1
9,1
barbaresco,1
barolo,1
bordeaux,1
bordeauxwine,1
calosso,1
casteja,1
champagne_uk,1
chateau,1
chateautamagnerussie,1
cheers,1
chicago.wine.dude,1
diner,1
drinking,1
fabiocordella,1
florentinoperez,1
football,1
grandcruclasse,1
ilovevinhos,1
love,1
lynchmoussas,1
madrid,1
marika_serra,1
maya_lavi,1
medoc,1
night,1
oenowine on Instagra,1
pauillac,1
realmadrid,1
roagna,1
robertocarlos,1
sommelier,1
tasting,1
thanksdad,1
vinowithcristal,1
wein,1
wineevent,1
winelovers,1
wineporn,1
winery,1
winestagram,1
