,RowSum
0,1
1,1
2,1
3,1
4,1
5,1
6,1
7,1
8,1
9,1
10,1
11,1
12,1
13,1
14,1
15,1
16,1
17,1
18,1
19,1
20,1
21,1
22,1
23,1
24,1
25,1
26,1
27,1
28,1
29,1
30,1
31,1
32,1
33,1
34,1
35,1
36,1
37,1
38,1
39,1
40,1
41,1
42,1
43,1
44,1
45,1
46,1
47,1
48,1
49,1
50,1
51,1
52,1
53,1
54,1
55,1
56,1
57,1
58,1
59,1
60,1
61,1
62,1
63,1
64,1
65,1
66,1
67,1
68,1
69,1
70,1
71,1
72,1
73,1
74,1
75,1
76,1
77,1
78,1
79,1
80,1
81,1
82,1
83,1
84,1
85,1
86,1
87,1
88,1
89,1
90,1
91,1
92,1
93,1
94,1
95,1
96,1
97,1
98,1
99,1
100,1
101,1
102,1
103,1
104,1
105,1
106,1
107,1
108,1
109,1
110,1
111,1
112,1
113,1
114,1
115,1
116,1
117,1
118,1
119,1
120,1
121,1
122,1
123,1
124,1
125,1
126,1
127,1
128,1
129,1
130,1
131,1
132,1
133,1
134,1
135,1
136,1
137,1
138,1
139,1
140,1
141,1
142,1
143,1
144,1
145,1
146,1
147,1
148,1
149,1
150,1
151,1
152,1
153,1
154,1
155,1
156,1
157,1
158,1
159,1
160,1
161,1
162,1
163,1
164,1
165,1
166,1
167,1
168,1
169,1
170,1
171,1
172,1
173,1
174,1
175,1
176,1
177,1
178,1
179,1
180,1
181,1
182,1
183,1
184,1
185,1
186,1
187,1
188,1
189,1
190,1
191,1
192,1
193,1
194,1
195,1
196,1
197,1
198,1
199,1
200,1
201,1
202,1
203,1
204,1
205,1
206,1
207,1
208,1
209,1
210,1
211,1
212,1
213,1
214,1
215,1
216,1
217,1
218,1
219,1
220,1
221,1
222,1
223,1
224,1
225,1
226,1
227,1
228,1
229,1
230,1
231,1
1,2
110proof,1
1844fineliquor,2
1844liquormarket,2
1844liquorstore,2
1920,4
2,3
2019,3
50ml,3
5cl,3
_this_is_me_randy,3
acrylicpainter,3
act6scene3,6
alchemyandatwist,3
alcohol,12
alcoholicbeverage,2
allaboutwhisky,3
amazing,3
amber,3
america,2
americanprairiebourbon,6
americansinglemalt,6
americanspirit,2
americanwhiskey,4
americanwhisky,6
amidwinternightsdram,6
amores,3
apartment_bartender,6
artofthespirits,3
atlanta,6
balvenie,3
bar,10
bardstown,1
barrelproof,13
barrelstrength,3
bedandbreakfast,6
beer,3
bestbourbon,7
bestoftheday,4
bestsellingauthor,3
beveragepix,6
bhfyp,7
billywjarrell,4
bitters,3
bixbybridge,1
blacklabel,1
blackmaplehillbourbon,3
blackmaplehillrye,3
blantons,3
blantonsbourbon,3
blendedryewhiskey,6
blendedwhiskey,6
blendedwhisky,7
bloodygoodgin,4
bloodygoodvodka,4
bottlekill,3
bottleshop,2
bourbinsane,4
bourbon,87
bourbon.social.club,3
bourbon_drinking_pit,4
bourbon_pour on Inst,2
bourbonbarrel,9
bourboncandy,2
bourboncollection,6
bourbondoctor,4
bourbondrinker,7
bourbonenthusiast,11
bourbonfinds,7
bourbongram,30
bourbonhunter,3
bourbonhunting,3
bourbonisthebest,2
bourbonlens,6
bourbonlife,6
bourbonlover,12
bourbonpairing,7
bourbonphotography,7
bourbonpics,3
bourbonpodcast,3
bourbonporn,16
bourbonreview,4
bourbons,7
bourbonvanilla,3
bourbonwhiskey,35
bourbonwithasideofwh,4
bourye,6
boutiquebottleshop,2
boutiqueliquorstore,2
brenham,2
brenhamfineliquors,2
brenhamliquorstore,2
brenhamtexas,2
brooklyn,2
brownliquor,3
brownwater,3
brownwaterbrowndog,3
buddhahandbitters,3
buffalotrace,3
buffalotracedistillery,3
bulleit,2
cadeedistillery,4
cafe,3
cafelegs,3
calibourbon,3
california,6
campfiresmoke,6
canadianrye,8
canadianwhiskey,4
canadianwhisky,4
candles,3
cannabis,1
cascadiaryewhiskey,4
caskandcarryon,3
caskstrength,16
catoctincreek,3
cbd,1
cheers,10
chpaulus,6
cigar,7
cigaraficionado,4
cigarlife,3
cigarporn,3
cigars,3
cigarsandwhiskey,3
cigarsandwhiskeys,3
cigarsociety,1
cocktail,10
cocktailmix,3
cocktailmixes,3
cocktailporn,3
cocktails,34
cocktailsofinstagram,2
coffee,3
coffeeliqueur,4
coffeestand,3
coffeestop,3
collection,1
coralgables,2
craftcocktails,8
craftdistillers,1
craftdistillery,1
craftspirits,2
craftwhiskey,4
cranfordareahappenings,3
cranfordnj,3
createfromlove,3
daddyneedshismedicin,2
danthebourbonman,3
davide,3
davidecoffee,3
davidecoffeestop,3
davidecustomservice,3
davidevintagestorage,3
deceptivusbourbonwhiskey,4
delicious,6
diageorep,2
distill,2
distillery,16
doubleoak,3
downtown,3
downtownbrenham,2
dram,28
dramgood,6
dramgoodbourbon,4
dramgram,4
dramming,6
drink,3
drinkbourbon,3
drinkhighwest,12
drinkingcaveman,6
drinkporn,3
drinks,23
drinksofinstagram,6
drinksondrinks,3
drinkstagram,6
drinkwhiskey,3
easttokyo,3
eatlikeasoutherner,3
eatsleepcraftbeer,3
elimason,4
elimasonoldfashioned,4
elimasonsyrups,4
elioldfashioned,4
emeraldgiant,3
emeraldgiantrye,4
epicshitgin,4
esanchez0809,3
espresso,3
espressobar,3
exceptionalmaritimewhiskeys,4
f,6
faemae61,3
fatdrunkandfancy,6
fewwhiskey,4
finedrams,4
fineliquor,2
flights,6
foodbloggers,3
foodgasmic,3
foodgasmicconversations,3
foodiecouple,3
franklintn,3
friday,7
fridaynight,4
fridayryeday,9
fridays,4
friyay,3
fryeday,23
giftideas,3
gin,1
ginandtonic,1
ginstagram,1
glencairn,3
gm.yoshi,4
gold,3
grocery,3
handcraftedspirits,2
happyfriday,5
happyfryeday,4
happyhour,6
hardees,3
harrodsburgky,6
heavenhill,4
heavenhilldistillery,4
hemp,1
hempedbourbon,1
hempflower,1
hempseed,1
heybartender,3
heymike,3
highproof,3
highwest,6
highwestcampfire,6
highwestdistillery,24
highwestwednesday,6
highwestwhiskey,18
hochstadters,4
hochstadters16,4
homebar,9
homebartender,9
homemadebitters,3
honeywine,4
hooch,2
hotel,6
il_whiskey_dave,4
imbibe,3
indianfood,4
indica,1
inspo,3
instabourbon,14
instadram,6
instamalt,6
instawhiskey,26
instawhisky,9
instradram,2
intriguegin,4
iputtheericinusa,4
irishwhiskey,3
irishwhisky,1
iriya,3
iworkonbulleit,2
jackalope,6
jackdaniels,3
jamie_t_hall,3
japanesewhiskey,1
jasonocc,6
johnniewalker,1
josephamberik,4
kanpai,2
kentucky,23
kentuckybourbon,19
kentuckybrownwater,3
kentuckyowl,6
kentuckyowlbourbon,6
kentuckyowlrye,6
kentuckyrye,4
kentuckystraightbourbon,6
kentuckystraightbourbonwhiskey,6
kentuckystraightrye,3
kentuckystraightryewhiskey,3
knobcreek,5
knott.john,4
kybourbon,7
lambcurry,4
late,3
latenight,3
latenightthoughts,3
latepost,3
latergram,3
leftorright,3
lifeisjazz,3
lilo_vape,3
limitededition,3
limitedrelease,6
liquidgold,3
liquor,9
liquorstore,5
localbusiness,4
localwhiskey,4
lockstockandbarrelrye,4
losangeles,3
lostmonarch,3
lot40,4
lot40rye,4
lush,4
luv,4
madagascarvanilla,3
madeinnashville,4
madesouth,3
makethedrinkdrinkthedrink,3
malt,3
maltwhiskey,3
maltwhisky,3
manhattans,3
mariafeliz,3
marvingaye,3
maxdramage on Instag,6
meaditnerd,4
medusa,4
medusaamericanwhiskey,4
mekkidc,3
merica,4
mervdrams,3
mervtones on Instagr,3
mexicanpottery,1
mezcal,3
miami,2
michters,7
michtersrye,7
michterstoastedbarrel,4
michterswhiskey,11
midnightwintersdram,6
midwinternightsdram,10
minialcohol,3
miniature,3
miniaturebottles,3
minibottle,3
minibottlecollection,3
minicollector,3
miniliquor,3
miniwhiskey,3
mixdrinks,2
mixologist,3
mixology101,3
monumentaldistillery,1
mood,3
musk,3
nashville,7
nashvillemade,3
nashvilletn,4
nationsnashville,3
ncpes16 on Instagram,4
neat,10
nerudrip,3
nightcap,6
nizv,3
njbyc,4
njbyc_official,4
njevents,3
njfoodblogger,3
njfoodie,3
njfoodies,3
njspots,3
no_bad_whiskey,3
nydistilled,2
oak,2
oldfashioned,8
oldfashionedcocktail,8
oldfashionedfriday,4
oldfashioneds,4
oldforester,10
oregon,3
oregonwhiskey,3
originalsinglebarrel,3
outdoors,4
packagestore,2
parkcity,6
parkersheritage,3
pch,1
pewpew,3
photooftheday,4
pikesville,4
pikesvillerye,4
pillowtalk,3
pipedream,3
portfinish,6
pourboyswhiskey,4
product,6
prohibition,4
quickcocktails,3
rabblerouser,3
rainbowinthebottle,6
ramazzotti,3
ramazzottirosato,3
rarebourbon,7
rarewhiskey,3
redwoodempire,3
redwoodempirewhiskey,4
repost,4
rittenhouse,2
rum,4
rye,118
ryeday,1
ryegram,3
ryelover,3
ryeporn,3
ryewhiskey,186
ryewhisky,19
sagamorespirit,3
sandiego,9
sativa,1
scotch,12
scotchwhisky,11
seandrinksbourbon,6
seandrinkswhiskey,6
sendmorenaan,4
sheshedspirits on In,4
simplesyrup,3
singlebarrel,9
singlemalt,9
singlemaltwhiskey,3
singlemaltwhisky,2
singlemaltwhskey,6
singleoriginespresso,3
skipsliquors,2
skipsnewbraunfels,2
skipssanantonio,2
slainte,2
slaintemhath,6
smallbatch,9
smallbottles,3
smalltownrevival,2
smokywhiskey,6
snow,6
snowday❄️,6
snowphoto,6
sony,4
sourmix,3
southern,3
southernfood,3
southernmade,3
southernmakers,3
southernwhiskeysocie,3
southernwhiskeysociety,3
sparklebunnies,6
specialistmarcano_mi,2
spirits,10
stirrednotshaken,3
stogie,3
stogielife,3
storeinbrenham,2
straightryewhiskey,10
subourbia,6
subourbonguy,4
summithouse,3
supporttexasbusiness,4
taitoukutokyo,3
tandoori,4
targetpractice,3
tastetheislanddifference,4
technics,3
tennessee,6
tennesseewhiskey,7
terpenes,1
texas,4
texasbottleshop,2
texasboutiqueliquorstore,2
texasentrepreneur,4
texasfineliquor,2
texasfineliquorstore,2
texasliquorstore,2
texaspackagestore,2
texasproud,4
texaswhiskey,4
tgif,4
thankgoditsfriday,4
the_blue_ale on Inst,2
thebourbonalliance,28
thebourbonbinge on I,3
thebourbonleague,19
thegoodstuff,4
theinspirationalfoodies,3
theliquoristblog,3
thepowerofthekitchentable,3
therealmikeymoney,4
thirsty,3
tikkamasala,4
tnwhiskey,7
tnwhiskeyguy on Inst,4
tonala,1
topseller,3
topshelf,3
tostado,1
travel,6
unplug_coffee,3
utah,6
utahwhiskey,12
vanbrunt_whiskey,2
vinyl,3
walkingdeadbourbon,4
washingtoncounty,2
weekendvibes,7
weekendwhiskey,4
weekendwhisky,4
weller,3
wellerbourbon,3
wevodka,1
wfe,3
whiskey,128
whiskey.p.washington,3
whiskey_connoisseur,3
whiskeyandvinyl,3
whiskeybar,3
whiskeybarrel,3
whiskeybourbon,7
whiskeybusiness,4
whiskeycocktail,7
whiskeycollection,8
whiskeycommunity,3
whiskeydrinker,5
whiskeyglass,3
whiskeygram,75
whiskeylibrarian,3
whiskeylife,28
whiskeylove,3
whiskeylover,44
whiskeymylife,3
whiskeyneat,8
whiskeyoftheday,6
whiskeyontherocks,3
whiskeyporn,39
whiskeyreview,4
whiskeys,8
whiskeyshots,3
whiskeytasting,6
whiskeythedog,3
whiskeytribe,6
whiskeywednesday,6
whiskeywithwhiskey,3
whiskies,4
whisky,85
whiskybottle,6
whiskybusiness,6
whiskycollection,1
whiskygeek,3
whiskygram,30
whiskylife,4
whiskylover,18
whiskymanworld,1
whiskyminiature,3
whiskyneat,4
whiskyphotography,6
whiskyporn,17
whiskys,6
whiskytasting,3
whistlepig,3
whiteselixirs,6
wicked_bourbon_kid,3
wickedbourbonkid,7
wickitcandlefactory,3
wildturkey,2
willett,3
willettdistillery,10
willettfamilyestate,6
willettfamilyestaterye,2
willettrye,3
willettrye7yr,3
willettryewhiskey,2
willtravelforfood,3
winshipsbitters,4
woodford,3
woodfordreserve,3
xulf13 on Instagram:,1
yargi._01,6
youtube,2
入谷,3
入谷カフェ,3
調酒,4
