,0,1,2,3,4,5,6,7,8,9,10,11,12,13,14,15,16,17,18,19,20,21,22,23,24,25,26,27,28,29,30
0,marziodevecchi,basarmagnac,armagnac,instalandes,drinkstagram,spiritissime,noblesse,inthegrapes,igersauch,armagnacnation,finearmagnac,grandmillesime,vieilarmagnac,labastidedarmagnac,instabar,chateauduprada,millesime,armagnacnews,grandbasarmagnac,millésime,oldarmagnac,instarmagnac,armagnacs,inthegrape,bartender,drinkstarmagnac,otgrandarmagnac,armagnacnoblesse,,,
1,normindiagin,ginnormindia,coquerel,normindia,oneappleaday,gindefrance,coquerelcalvados,normindiagin,,,,,,,,,,,,,,,,,,,,,,,
2,loiclmnnr,instagood,igers,occitanie,djimavicair,armagnac,dji,instasunset,picoftheday,gers,sunset,drone,,,,,,,,,,,,,,,,,,,
3,armandrinksss,スコッチ,singlemalt,サントリー,cardhu,シングルモルト,響17年,cardhu12,chivasregal12,imoshochu,singlemaltwhisky,焼酎,vsop,cardhuwhisky,singlemaltscotchwhisky,armandrinksss,シーバス,hibikiwhisky,samalens,sweetpotatoshochu,shochu,bottlekillercrew,armagnac,hibiki,hibiki17,tomintoul,mywhiskywall,chivasregal,singlemaltscotch,fellowshipofthedram,響
4,bittersandbottles,zeroabv,homebar,armagnac,alcoholfree,brandy,verybitterperson,vbp,zeroproof,cognac,fruitbrandy,southsanfrancisco,barsupplies,bittersandbottles,calvados,liquorstore,happymixing,verybitterpeople,happysipping,craftspirits,,,,,,,,,,,
5,marziodevecchi,vicfezensac,guidedugers,armagnac,ducastaing,otgrandarmagnac,armagnacs,finearmagnac,gascogne,apropositodiarmagnac,inthegrape,bartender,drinkstagram,inthegrapes,armagnacnews,instabar,gers,rarearmagnac,passionarmagnac,igersauch,drinkstarmagnac,horsdage,armagnacpassion,instarmagnac,armagnacnation,,,,,,
6,marziodevecchi,coeurdarmagnac,guidedugers,instabar,armagnacnation,gers,instarmagnac,armagnac,apropositodiarmagnac,grandmillesime,finearmagnac,coeurdegascogne,drinkstagram,millésime,armagnacnews,basarmagnac,drinkstarmagnac,armagnacs,samalensarmagnac,millesime,samalens,igersauch,grandbasarmagnac,inthegrape,bartender,laujuzan,inthegrapes,,,,
7,gersledepartement,gersmondépartement,ilove32,archilovers,instameet,ilovegers,occitanie,sudouest_photographie,architecture,sudouest,patrimoine,heritage,abbayedeflaran,sky,tourismecondom,sudouest_focus_on,gers,lebonheurestdanslegers,igersgers,armagnac,lumiere,igersauch,archi,grandssitesoccitanie,voute,abbaye,naturelovers,nature,gascony,condom,gascogne
8,flairsenses_by_nelso,bartender,ilovebartender,cocktailbar,bardegins,armagnac,tequila,flairbartender,iloveflair,cachaça,barman,bartenderlife🍸,tiki,flairsenses,vodka,bartenderlove,bar,cocktaillover,ginlovers,gins,whisky,cocktailsofinstagram,flairlife,rum,cocktails🍹,flair,nelsonsilva,bartending,barmen,cocktails,cognac
9,mikyfore,armagnac,,,,,,,,,,,,,,,,,,,,,,,,,,,,,
10,crosnierjulien,grandereservedecyrano,somm,chateauneufdupape,sommelier,saintjoseph,frenchwines,grenache,redwine,syrah,sommlife,chateauneuf,armagnac,mourvedre,cotesdurhone,ilovewine,closdesbusquieres,domainedesmiquettes,basarmagnac,wineoclock🍷,,,,,,,,,,,
11,chryee on Instagram:,laberdolive,lobsterbarhk,armagnac,,,,,,,,,,,,,,,,,,,,,,,,,,,
12,lost_in_bordeaux,gers,suddefrance,fources,visitlafrance,visitfrance🇫🇷,southoffrance,armagnac,southwestfrance,paysdarmagnac,,,,,,,,,,,,,,,,,,,,,
13,mothergoosefrance,home,gascony,regionoccitanie,gers,vacances,gascogne,armagnac,holidays,sudouest,holiday,maison,homesweethome,hygge,fiersdusud,midipyrenees,lespritdusudouest,,,,,,,,,,,,,,
14,fabienne.jenny,vacances,holidays,gers,fierdusud,lespritdusudouest,gascony,midipyrenees,gascogne,homesweethome,home,holiday,hygge,regionoccitanie,maison,armagnac,,,,,,,,,,,,,,,
15,ramonszmuk,armagnac,,,,,,,,,,,,,,,,,,,,,,,,,,,,,
16,mr.joel.fraser,manchester,brandy,cocktails,portcask,cognac,armagnac,,,,,,,,,,,,,,,,,,,,,,,,
17,ggwony on Instagram:,술은,치즈궈먹어야게따,불토입니다,우리신랑은,미쓰,선물은안사줘도,아이,안주선택,부부술스타그램,고마워,밥먹고,armagnac,처음먹어보는,부인좋아하는,과일이랑,참,꼬냑,잘사줍니다,언넝,,,,,,,,,,,
18,hobbitagt,family,юбилей,armagnac,happybirthday,деньрождения,dinner,еда,cooking,alcohol,ужин,food,готовка,вкуснаяеда,fish,30,homemade,семья,nice,,,,,,,,,,,,
19,bar.stoned,bar,singlemalt,gin,calvados,cocktail,kirsch,brandy,slivovitz,armagnac,rum,applejack,book,winelover,cmirabelle,bourbon,whiskey,mixology,whisky,cognac,tequila,grappa,mar,infusion,vodka,,,,,,
20,marziodevecchi,spiritissime,armagnacnoblesse,chateauduprada,noblesse,armagnacnation,inthegrapes,grandmillesime,basarmagnac,otgrandarmagnac,drinkstagram,finearmagnac,vieilarmagnac,millesime,armagnac,drinkstarmagnac,armagnacs,labastidedarmagnac,igersauch,inthegrape,bartender,instalandes,oldarmagnac,millésime,instabar,grandbasarmagnac,armagnacnews,instarmagnac,,,
21,normindiagin,gindefrance,oneappleaday,coquerelcalvados,normindiagin,ginnormindia,normindia,coquerel,,,,,,,,,,,,,,,,,,,,,,,
22,loiclmnnr,instagood,occitanie,dji,instasunset,armagnac,drone,igers,picoftheday,sunset,gers,djimavicair,,,,,,,,,,,,,,,,,,,
23,armandrinksss,fellowshipofthedram,スコッチ,hibikiwhisky,cardhu12,hibiki,samalens,cardhuwhisky,シーバス,サントリー,mywhiskywall,響17年,singlemaltscotchwhisky,singlemalt,vsop,shochu,armagnac,singlemaltscotch,chivasregal,chivasregal12,tomintoul,hibiki17,singlemaltwhisky,焼酎,cardhu,armandrinksss,imoshochu,bottlekillercrew,シングルモルト,響,sweetpotatoshochu
24,bittersandbottles,cognac,happymixing,craftspirits,fruitbrandy,happysipping,liquorstore,brandy,barsupplies,armagnac,homebar,bittersandbottles,zeroabv,southsanfrancisco,alcoholfree,verybitterpeople,zeroproof,vbp,calvados,verybitterperson,,,,,,,,,,,
25,marziodevecchi,passionarmagnac,igersauch,bartender,inthegrape,armagnacnews,guidedugers,drinkstarmagnac,gascogne,instabar,armagnacnation,inthegrapes,otgrandarmagnac,armagnacs,gers,horsdage,ducastaing,apropositodiarmagnac,vicfezensac,armagnac,finearmagnac,armagnacpassion,drinkstagram,rarearmagnac,instarmagnac,,,,,,
26,marziodevecchi,armagnac,apropositodiarmagnac,drinkstarmagnac,inthegrape,armagnacnews,igersauch,basarmagnac,coeurdegascogne,guidedugers,samalens,gers,armagnacnation,instabar,laujuzan,drinkstagram,coeurdarmagnac,millesime,millésime,grandbasarmagnac,finearmagnac,inthegrapes,bartender,armagnacs,grandmillesime,instarmagnac,samalensarmagnac,,,,
27,gersledepartement,ilovegers,abbayedeflaran,naturelovers,architecture,igersauch,archi,condom,lumiere,igersgers,archilovers,instameet,gers,sudouest_focus_on,voute,heritage,tourismecondom,occitanie,sudouest_photographie,gersmondépartement,abbaye,sky,ilove32,armagnac,gascogne,sudouest,nature,grandssitesoccitanie,gascony,lebonheurestdanslegers,patrimoine
28,flairsenses_by_nelso,bartenderlove,nelsonsilva,flairsenses,flairbartender,barmen,bardegins,cocktailsofinstagram,vodka,tequila,cocktaillover,armagnac,whisky,flairlife,tiki,ilovebartender,cocktailbar,cognac,cocktails,bartending,cachaça,bartender,flair,iloveflair,gins,rum,cocktails🍹,bartenderlife🍸,bar,barman,ginlovers
29,mikyfore,armagnac,,,,,,,,,,,,,,,,,,,,,,,,,,,,,
30,crosnierjulien,chateauneufdupape,frenchwines,closdesbusquieres,armagnac,ilovewine,sommlife,basarmagnac,mourvedre,cotesdurhone,redwine,chateauneuf,somm,syrah,grandereservedecyrano,sommelier,saintjoseph,domainedesmiquettes,grenache,wineoclock🍷,,,,,,,,,,,
31,chryee on Instagram:,lobsterbarhk,armagnac,laberdolive,,,,,,,,,,,,,,,,,,,,,,,,,,,
32,lost_in_bordeaux,armagnac,gers,southoffrance,paysdarmagnac,suddefrance,visitfrance🇫🇷,fources,visitlafrance,southwestfrance,,,,,,,,,,,,,,,,,,,,,
33,mothergoosefrance,homesweethome,holiday,gascogne,vacances,gers,armagnac,fiersdusud,holidays,hygge,lespritdusudouest,maison,sudouest,midipyrenees,regionoccitanie,gascony,home,,,,,,,,,,,,,,
34,fabienne.jenny,midipyrenees,hygge,regionoccitanie,home,vacances,holidays,gers,armagnac,holiday,gascogne,lespritdusudouest,gascony,maison,fierdusud,homesweethome,,,,,,,,,,,,,,,
35,ramonszmuk,armagnac,,,,,,,,,,,,,,,,,,,,,,,,,,,,,
36,mr.joel.fraser,cognac,manchester,armagnac,cocktails,portcask,brandy,,,,,,,,,,,,,,,,,,,,,,,,
37,ggwony on Instagram:,부인좋아하는,치즈궈먹어야게따,참,언넝,밥먹고,술은,선물은안사줘도,아이,잘사줍니다,과일이랑,안주선택,우리신랑은,처음먹어보는,armagnac,고마워,부부술스타그램,미쓰,꼬냑,불토입니다,,,,,,,,,,,
38,hobbitagt,homemade,fish,еда,alcohol,семья,готовка,вкуснаяеда,happybirthday,armagnac,ужин,30,nice,юбилей,family,cooking,dinner,food,деньрождения,,,,,,,,,,,,
39,bar.stoned,infusion,tequila,whisky,mar,winelover,mixology,vodka,whiskey,grappa,calvados,cocktail,cmirabelle,armagnac,brandy,bar,gin,singlemalt,bourbon,book,cognac,rum,applejack,kirsch,slivovitz,,,,,,
40,phexounet,instadram,malternative,armagnac,instabrandy,lesalambicsdubasarmagnac,brandy,instarmagnac,basarmagnac,,,,,,,,,,,,,,,,,,,,,,
41,semvly,fallingslowly,,,,,,,,,,,,,,,,,,,,,,,,,,,,,
42,kob.nob,privatestock,bar,渋谷,glenkeith,connoisseurschoice,theladyandtheunicorn,olim,gordonandmacphail,portellen,nismesdelclou,oldbothwell,armagnac,speakeasy,irishsinglemaltwhiskey,,,,,,,,,,,,,,,,
43,aymericlatrique,tourismegers,armagnac,hashtagsenveuxtuenvoila,sudouest_focus_on,tenareze,effetoie,photography,ig_occitania,tourismeoccitanie,igersauch,igersfrance,pousserapiere,chateaumonluc,photo,cacestlegersmilledieu,saintpuy,tourismecondom,occitanie_focus_on,,,,,,,,,,,,
44,d.bespoke,,,,,,,,,,,,,,,,,,,,,,,,,,,,,,
45,lalamboutic,vignerons,armagnac,winestagram,destockage,locavore,occitanie,fourcès,brandys,vino,vins,producteurslocaux,vigneronnes,turism,winelovers,producteur,wineyard,lalamboutic,instagers,instawine,floc,turismo,sudouest,,,,,,,,
46,coquerelcalvados,bourbon,mixology,cocktailgram,cocktailhour,france,theoriginalapplebrandy,brandy,distillery,coquerelcalvados,oneappleaday,craftcocktail,coquerel,drinkstagram,applebrandy,cocktailoclock,gin,armagnac,cocktailporn,mixologist,normindiagin,craftcocktails,cocktails,cocktaillovers,cognac,cocktailoftheday,normandy,imbibegram,calvados,normindia,normandie
47,y.matunaga_bar_solei,コニャック,カクテル,シガー,authenticbar,cognac,ソレイユルナ,armagnac,バー,上方ビル,なんばバー,オーセンティックバー,難波バー,難波bar,千日前bar,whisky,soleilluna,上方,難波,フレッシュフルーツカクテル,ウイスキー,bar,なんば,大阪bar,オシャレカクテル,大阪バー,アルマニャック,千日前バー,千日前,cocktail,
48,lemoutonrouge,megeve,winelovers,whisky,caviste,wineaddict,cognac,calvados,lemoutonrouge,megève,armagnac,fevertree,vodka,tequila,wineshop,,,,,,,,,,,,,,,,
49,shotbarasha,rock,asha飯有ります,singlemalt,cigarbar,cognac,armagnac,rum,葉巻,shotbarasha,cigar,fruitcocktail,rockbar,池袋bar,池袋,bourbon,standardcocktail,bar,calvados,shotbar,music,bar飯,authenticbar,,,,,,,,
50,helene_carriere,adp,rillettes,pâtéfermier,gersledépartement,pierreetfredlamourestdanslepré,fermedurantoy,flocdegascogne,tourismegers,gers,magret,garbure,sia,saloninternationaldelagriculture,paris,lamourestdanslepré,pierreetfred,foiegras,sudouest,cassoulet,armagnac,canard,claireetseb,armagnacsaintpastou,grattons,confit,,,,,
51,lesalonsau,lesalonsau,oldbottles,円山,quiche,maruyama,sapporo,17時オープン,札幌,oldbottle,dallasdhu,armagnac,cocktails,bar,gin,winter,vinnature,martini,cocktailpairing,food,vermouth,,,,,,,,,,
52,marziodevecchi,instarmagnac,inthegrapes,vieilarmagnac,labastidedarmagnac,millesime,otgrandarmagnac,millésime,chateauduprada,armagnacs,finearmagnac,oldarmagnac,armagnac,armagnacnews,grandbasarmagnac,basarmagnac,noblesse,bartender,drinkstarmagnac,drinkstagram,grandmillesime,armagnacnation,spiritissime,instabar,instalandes,inthegrape,igersauch,armagnacnoblesse,,,
53,normindiagin,coquerelcalvados,normindia,normindiagin,ginnormindia,coquerel,gindefrance,oneappleaday,,,,,,,,,,,,,,,,,,,,,,,
54,loiclmnnr,armagnac,djimavicair,drone,picoftheday,instasunset,dji,igers,sunset,gers,occitanie,instagood,,,,,,,,,,,,,,,,,,,
55,armandrinksss,tomintoul,シングルモルト,cardhuwhisky,armandrinksss,cardhu12,bottlekillercrew,imoshochu,singlemaltscotchwhisky,chivasregal,hibiki,sweetpotatoshochu,chivasregal12,響,hibiki17,fellowshipofthedram,samalens,サントリー,armagnac,スコッチ,響17年,シーバス,singlemaltscotch,cardhu,singlemaltwhisky,mywhiskywall,shochu,焼酎,vsop,hibikiwhisky,singlemalt
56,bittersandbottles,zeroabv,fruitbrandy,verybitterperson,verybitterpeople,southsanfrancisco,vbp,armagnac,happysipping,cognac,homebar,zeroproof,barsupplies,brandy,liquorstore,craftspirits,happymixing,alcoholfree,bittersandbottles,calvados,,,,,,,,,,,
57,marziodevecchi,otgrandarmagnac,finearmagnac,gers,armagnac,gascogne,armagnacnation,armagnacnews,bartender,apropositodiarmagnac,ducastaing,passionarmagnac,guidedugers,igersauch,horsdage,instarmagnac,drinkstarmagnac,vicfezensac,armagnacs,instabar,rarearmagnac,inthegrape,drinkstagram,inthegrapes,armagnacpassion,,,,,,
58,marziodevecchi,armagnacs,grandbasarmagnac,apropositodiarmagnac,drinkstagram,millesime,armagnacnation,laujuzan,millésime,inthegrapes,samalens,drinkstarmagnac,armagnacnews,finearmagnac,instabar,igersauch,samalensarmagnac,basarmagnac,bartender,armagnac,gers,instarmagnac,inthegrape,coeurdarmagnac,coeurdegascogne,guidedugers,grandmillesime,,,,
59,gersledepartement,gers,nature,archilovers,sudouest_focus_on,gersmondépartement,gascogne,ilove32,grandssitesoccitanie,abbayedeflaran,patrimoine,gascony,occitanie,ilovegers,tourismecondom,armagnac,architecture,naturelovers,condom,voute,archi,heritage,lumiere,sudouest_photographie,sky,instameet,lebonheurestdanslegers,igersauch,igersgers,sudouest,abbaye
60,flairsenses_by_nelso,cocktailbar,vodka,whisky,barman,tiki,flairsenses,flairlife,bardegins,flairbartender,cognac,bartender,ginlovers,barmen,cocktails,flair,armagnac,bartending,iloveflair,cocktaillover,bartenderlife🍸,bar,cachaça,cocktails🍹,cocktailsofinstagram,tequila,bartenderlove,nelsonsilva,rum,gins,ilovebartender
61,mikyfore,armagnac,,,,,,,,,,,,,,,,,,,,,,,,,,,,,
62,crosnierjulien,frenchwines,wineoclock🍷,sommlife,grandereservedecyrano,saintjoseph,sommelier,cotesdurhone,redwine,domainedesmiquettes,armagnac,mourvedre,basarmagnac,closdesbusquieres,ilovewine,syrah,chateauneufdupape,somm,grenache,chateauneuf,,,,,,,,,,,
63,chryee on Instagram:,laberdolive,lobsterbarhk,armagnac,,,,,,,,,,,,,,,,,,,,,,,,,,,
64,lost_in_bordeaux,southoffrance,paysdarmagnac,suddefrance,visitlafrance,visitfrance🇫🇷,fources,gers,armagnac,southwestfrance,,,,,,,,,,,,,,,,,,,,,
65,mothergoosefrance,gascogne,lespritdusudouest,midipyrenees,gers,homesweethome,home,holidays,fiersdusud,armagnac,sudouest,regionoccitanie,hygge,holiday,gascony,vacances,maison,,,,,,,,,,,,,,
66,fabienne.jenny,gascogne,hygge,vacances,home,holidays,armagnac,holiday,midipyrenees,maison,fierdusud,gascony,lespritdusudouest,gers,homesweethome,regionoccitanie,,,,,,,,,,,,,,,
67,ramonszmuk,armagnac,,,,,,,,,,,,,,,,,,,,,,,,,,,,,
68,mr.joel.fraser,armagnac,cognac,portcask,manchester,brandy,cocktails,,,,,,,,,,,,,,,,,,,,,,,,
69,ggwony on Instagram:,술은,미쓰,아이,꼬냑,과일이랑,우리신랑은,밥먹고,언넝,안주선택,치즈궈먹어야게따,잘사줍니다,부부술스타그램,선물은안사줘도,참,고마워,불토입니다,부인좋아하는,armagnac,처음먹어보는,,,,,,,,,,,
70,hobbitagt,ужин,вкуснаяеда,family,armagnac,cooking,юбилей,dinner,happybirthday,nice,alcohol,fish,homemade,food,30,семья,готовка,деньрождения,еда,,,,,,,,,,,,
71,bar.stoned,armagnac,vodka,tequila,brandy,mar,mixology,winelover,calvados,slivovitz,singlemalt,whisky,whiskey,gin,bourbon,infusion,applejack,cmirabelle,cocktail,book,kirsch,rum,cognac,bar,grappa,,,,,,
72,phexounet,instabrandy,instarmagnac,armagnac,malternative,instadram,basarmagnac,lesalambicsdubasarmagnac,brandy,,,,,,,,,,,,,,,,,,,,,,
73,semvly,fallingslowly,,,,,,,,,,,,,,,,,,,,,,,,,,,,,
74,kob.nob,oldbothwell,bar,connoisseurschoice,gordonandmacphail,irishsinglemaltwhiskey,glenkeith,privatestock,speakeasy,armagnac,olim,theladyandtheunicorn,nismesdelclou,portellen,渋谷,,,,,,,,,,,,,,,,
75,aymericlatrique,igersfrance,chateaumonluc,photo,ig_occitania,photography,cacestlegersmilledieu,hashtagsenveuxtuenvoila,pousserapiere,saintpuy,tenareze,armagnac,sudouest_focus_on,igersauch,tourismeoccitanie,effetoie,occitanie_focus_on,tourismegers,tourismecondom,,,,,,,,,,,,
76,d.bespoke,,,,,,,,,,,,,,,,,,,,,,,,,,,,,,
77,lalamboutic,brandys,destockage,producteurslocaux,vigneronnes,locavore,turism,floc,instagers,lalamboutic,instawine,producteur,vins,sudouest,vignerons,vino,occitanie,turismo,winestagram,armagnac,wineyard,fourcès,winelovers,,,,,,,,
78,coquerelcalvados,normandy,cocktailhour,craftcocktails,cocktailporn,calvados,coquerelcalvados,armagnac,gin,france,bourbon,cocktailoclock,distillery,mixology,mixologist,cocktails,imbibegram,drinkstagram,cognac,cocktailgram,cocktailoftheday,coquerel,normandie,brandy,normindiagin,theoriginalapplebrandy,oneappleaday,cocktaillovers,applebrandy,normindia,craftcocktail
79,y.matunaga_bar_solei,フレッシュフルーツカクテル,千日前,難波bar,soleilluna,上方,cocktail,cognac,オシャレカクテル,オーセンティックバー,大阪バー,難波バー,難波,なんば,大阪bar,シガー,上方ビル,バー,コニャック,bar,authenticbar,千日前bar,armagnac,ウイスキー,カクテル,whisky,アルマニャック,千日前バー,ソレイユルナ,なんばバー,
80,lemoutonrouge,wineaddict,wineshop,calvados,cognac,winelovers,vodka,caviste,whisky,lemoutonrouge,megeve,fevertree,tequila,megève,armagnac,,,,,,,,,,,,,,,,
81,shotbarasha,cigarbar,rockbar,authenticbar,music,armagnac,池袋,rum,calvados,rock,cognac,fruitcocktail,池袋bar,singlemalt,shotbar,shotbarasha,cigar,bar,葉巻,asha飯有ります,bourbon,bar飯,standardcocktail,,,,,,,,
82,helene_carriere,saloninternationaldelagriculture,pierreetfredlamourestdanslepré,claireetseb,grattons,rillettes,paris,garbure,armagnacsaintpastou,fermedurantoy,cassoulet,flocdegascogne,pierreetfred,lamourestdanslepré,adp,pâtéfermier,gers,gersledépartement,foiegras,armagnac,canard,confit,sia,magret,sudouest,tourismegers,,,,,
83,lesalonsau,gin,vinnature,vermouth,winter,armagnac,cocktailpairing,円山,lesalonsau,maruyama,札幌,dallasdhu,quiche,martini,cocktails,food,oldbottles,sapporo,17時オープン,oldbottle,bar,,,,,,,,,,
84,lebienassis,rayuresmatelas,gascogne,gers,armagnac,artisanatdart,rayures,bleu,oiseau,napoleoniii,tapissierdameublement,artisanatfrancais,madeinfrance🇫🇷,,,,,,,,,,,,,,,,,,
85,marziodevecchi,otgrandarmagnac,drinkstagram,spiritissime,igersauch,armagnacs,instarmagnac,armagnac,gascogne,occitanie,armagnacnoblesse,bartender,rarearmagnac,inthegrape,vsop,noblesse,finearmagnac,drinkstarmagnac,apropositodiarmagnac,drinkup,armagnacnews,instabar,armagnacnation,inthegrapes,,,,,,,
86,armagnacdartigalongu,,,,,,,,,,,,,,,,,,,,,,,,,,,,,,
87,armagnac,blends,selection,diversity,armagnac,allstyles,brandy,range,blagnac,toulouse,aeroport,vintages,airport,fly,bottles,,,,,,,,,,,,,,,,
88,sergio_explains,cognac,waxtop,cognaclovers,armagnacbrandy,bottlecollecting,armagnacnation,armagnac,brandy,cognaclove,laubade,waxtops,armagnacs,cognaclover,bottlecollector,bottlecollectors,waxtopbottles,laubadearmagnac,bottlecollection,woodenboxes,,,,,,,,,,,
89,bigtsea,lemonjuice,scrappybitters,kirschwasser,cocktail,cherryheering,señoritaboozehound,bitters,cherrybrandy,armagnac,chocolatebitters,cocktails,chateaudelaubade,,,,,,,,,,,,,,,,,,
90,whisky_throughmylens,,,,,,,,,,,,,,,,,,,,,,,,,,,,,,
91,simosine,armagnac,insta,laubade,chateau,instagram,top,chateaudelaubade,xo,instalike,instagood,xoarmagnac,,,,,,,,,,,,,,,,,,,
92,peckhamchef,lecordonbleulondon,apple,foodphotography,londonfoodie,frenchcooking,armagnac,foodblogger,fruitdessert,peckhamkitchen,londonfood,britishcuisine,chefslife,applecrumble,dessertporn,shortbread,londonfoodblog,chefstagram,chantillycream,londonfoodblogger,feedfeed,chefathome,foodie,bramley,foodpics,desserts,chef,foodstagram,fooddiary,foodlondon,londonfoodguide
93,barlunarossakokubunj,whisky,calvados,cigar,cigarbar,lunarossa,cognac,singlemaltwhisky,葉巻,basarmagnac,国分寺,bar,armagnac,,,,,,,,,,,,,,,,,,
94,tablo.auch,auch,armagnac,restaurant,panoramique,tablo,mousquetaire,,,,,,,,,,,,,,,,,,,,,,,,
95,u.n.a.m,habana,lesvolutes,armagnac,cuba,cigares,cuba🇨🇺,soireeentreamis,juanlopez,cigare,cigars,,,,,,,,,,,,,,,,,,,,
96,marziodevecchi,inthegrape,finearmagnac,millésime,armagnacs,igersauch,millesime,drinkstagram,inthegrapes,armagnacnoblesse,chateauduprada,basarmagnac,armagnac,noblesse,instabar,drinkstarmagnac,vieilarmagnac,oldarmagnac,armagnacnews,bartender,labastidedarmagnac,instarmagnac,grandbasarmagnac,grandmillesime,armagnacnation,otgrandarmagnac,spiritissime,instalandes,,,
97,normindiagin,oneappleaday,normindia,gindefrance,coquerel,coquerelcalvados,normindiagin,ginnormindia,,,,,,,,,,,,,,,,,,,,,,,
98,loiclmnnr,sunset,armagnac,instagood,dji,instasunset,drone,picoftheday,gers,occitanie,djimavicair,igers,,,,,,,,,,,,,,,,,,,
99,armandrinksss,cardhuwhisky,hibiki,サントリー,vsop,焼酎,cardhu12,singlemaltscotch,imoshochu,hibiki17,bottlekillercrew,mywhiskywall,shochu,fellowshipofthedram,armagnac,tomintoul,chivasregal,スコッチ,singlemaltscotchwhisky,hibikiwhisky,cardhu,シーバス,響,シングルモルト,singlemalt,singlemaltwhisky,響17年,samalens,armandrinksss,chivasregal12,sweetpotatoshochu
100,bittersandbottles,homebar,craftspirits,barsupplies,liquorstore,bittersandbottles,brandy,verybitterperson,zeroproof,happymixing,fruitbrandy,zeroabv,armagnac,southsanfrancisco,calvados,verybitterpeople,alcoholfree,cognac,vbp,happysipping,,,,,,,,,,,
101,marziodevecchi,instabar,otgrandarmagnac,inthegrapes,inthegrape,finearmagnac,gascogne,bartender,horsdage,drinkstarmagnac,armagnac,rarearmagnac,passionarmagnac,gers,armagnacs,apropositodiarmagnac,instarmagnac,armagnacpassion,guidedugers,armagnacnews,vicfezensac,ducastaing,armagnacnation,igersauch,drinkstagram,,,,,,
102,marziodevecchi,millesime,instarmagnac,instabar,bartender,armagnac,armagnacnation,drinkstagram,finearmagnac,laujuzan,samalensarmagnac,armagnacs,basarmagnac,inthegrape,gers,millésime,armagnacnews,coeurdarmagnac,igersauch,grandmillesime,apropositodiarmagnac,grandbasarmagnac,coeurdegascogne,drinkstarmagnac,guidedugers,samalens,inthegrapes,,,,
103,gersledepartement,armagnac,abbayedeflaran,abbaye,gersmondépartement,sudouest_photographie,tourismecondom,heritage,voute,igersgers,patrimoine,lebonheurestdanslegers,igersauch,ilove32,sudouest_focus_on,occitanie,lumiere,ilovegers,condom,nature,gascony,gers,instameet,archilovers,gascogne,architecture,grandssitesoccitanie,naturelovers,archi,sky,sudouest
104,fabienne.jenny,midipyrenees,gascony,gascogne,homesweethome,maison,vacances,holidays,armagnac,regionoccitanie,gers,holiday,fierdusud,hygge,home,lespritdusudouest,,,,,,,,,,,,,,,
105,ramonszmuk,armagnac,,,,,,,,,,,,,,,,,,,,,,,,,,,,,
106,mr.joel.fraser,armagnac,brandy,portcask,manchester,cocktails,cognac,,,,,,,,,,,,,,,,,,,,,,,,
107,ggwony on Instagram:,밥먹고,아이,선물은안사줘도,부부술스타그램,우리신랑은,부인좋아하는,치즈궈먹어야게따,잘사줍니다,미쓰,처음먹어보는,armagnac,언넝,참,과일이랑,안주선택,불토입니다,고마워,꼬냑,술은,,,,,,,,,,,
108,hobbitagt,fish,семья,food,еда,ужин,деньрождения,вкуснаяеда,family,готовка,dinner,cooking,nice,юбилей,homemade,happybirthday,armagnac,alcohol,30,,,,,,,,,,,,
109,bar.stoned,gin,slivovitz,armagnac,book,mixology,cocktail,kirsch,winelover,whisky,tequila,mar,whiskey,rum,brandy,bourbon,calvados,bar,infusion,vodka,grappa,applejack,cmirabelle,cognac,singlemalt,,,,,,
110,phexounet,basarmagnac,malternative,instadram,brandy,instarmagnac,lesalambicsdubasarmagnac,armagnac,instabrandy,,,,,,,,,,,,,,,,,,,,,,
111,semvly,fallingslowly,,,,,,,,,,,,,,,,,,,,,,,,,,,,,
112,kob.nob,theladyandtheunicorn,gordonandmacphail,olim,connoisseurschoice,portellen,glenkeith,privatestock,渋谷,armagnac,oldbothwell,bar,nismesdelclou,speakeasy,irishsinglemaltwhiskey,,,,,,,,,,,,,,,,
113,aymericlatrique,cacestlegersmilledieu,photography,tenareze,igersauch,saintpuy,sudouest_focus_on,effetoie,hashtagsenveuxtuenvoila,chateaumonluc,ig_occitania,photo,armagnac,igersfrance,pousserapiere,tourismegers,tourismecondom,occitanie_focus_on,tourismeoccitanie,,,,,,,,,,,,
114,d.bespoke,,,,,,,,,,,,,,,,,,,,,,,,,,,,,,
115,lalamboutic,instawine,turism,destockage,floc,armagnac,occitanie,winelovers,wineyard,vignerons,winestagram,sudouest,vino,turismo,producteurslocaux,instagers,vins,brandys,vigneronnes,locavore,producteur,lalamboutic,fourcès,,,,,,,,
116,coquerelcalvados,armagnac,craftcocktail,craftcocktails,coquerelcalvados,oneappleaday,mixology,normindiagin,cocktailoclock,applebrandy,cocktaillovers,normandy,cocktailhour,normandie,cognac,normindia,drinkstagram,cocktails,gin,mixologist,coquerel,cocktailgram,theoriginalapplebrandy,cocktailporn,cocktailoftheday,france,distillery,bourbon,calvados,imbibegram,brandy
117,y.matunaga_bar_solei,シガー,千日前,armagnac,whisky,千日前バー,上方ビル,ウイスキー,難波bar,ソレイユルナ,なんばバー,カクテル,フレッシュフルーツカクテル,コニャック,千日前bar,cognac,バー,なんば,大阪バー,大阪bar,bar,上方,アルマニャック,authenticbar,難波,難波バー,soleilluna,cocktail,オーセンティックバー,オシャレカクテル,
118,lemoutonrouge,lemoutonrouge,caviste,armagnac,wineshop,winelovers,cognac,vodka,wineaddict,tequila,fevertree,megeve,whisky,calvados,megève,,,,,,,,,,,,,,,,
119,shotbarasha,fruitcocktail,authenticbar,shotbarasha,bourbon,shotbar,cognac,葉巻,calvados,asha飯有ります,rum,standardcocktail,池袋bar,rock,bar飯,music,cigar,cigarbar,池袋,bar,armagnac,rockbar,singlemalt,,,,,,,,
120,helene_carriere,armagnacsaintpastou,sia,grattons,saloninternationaldelagriculture,foiegras,armagnac,canard,lamourestdanslepré,confit,pierreetfredlamourestdanslepré,pâtéfermier,paris,garbure,fermedurantoy,pierreetfred,sudouest,cassoulet,magret,gersledépartement,rillettes,adp,flocdegascogne,gers,tourismegers,claireetseb,,,,,
121,lesalonsau,17時オープン,food,bar,cocktailpairing,円山,vermouth,gin,maruyama,oldbottles,cocktails,lesalonsau,vinnature,oldbottle,quiche,winter,dallasdhu,martini,armagnac,札幌,sapporo,,,,,,,,,,
122,lebienassis,artisanatdart,madeinfrance🇫🇷,napoleoniii,bleu,oiseau,armagnac,tapissierdameublement,artisanatfrancais,rayuresmatelas,rayures,gascogne,gers,,,,,,,,,,,,,,,,,,
123,marziodevecchi,armagnacnation,armagnacnoblesse,instabar,rarearmagnac,inthegrape,bartender,vsop,armagnacs,otgrandarmagnac,inthegrapes,gascogne,spiritissime,drinkstagram,igersauch,noblesse,drinkstarmagnac,instarmagnac,drinkup,apropositodiarmagnac,armagnac,armagnacnews,finearmagnac,occitanie,,,,,,,
124,armagnacdartigalongu,,,,,,,,,,,,,,,,,,,,,,,,,,,,,,
125,armagnac,fly,toulouse,selection,blagnac,bottles,diversity,brandy,airport,aeroport,blends,armagnac,range,allstyles,vintages,,,,,,,,,,,,,,,,
126,sergio_explains,bottlecollectors,cognaclovers,bottlecollecting,armagnacnation,armagnacbrandy,cognaclover,bottlecollector,bottlecollection,laubade,armagnac,waxtopbottles,armagnacs,waxtops,cognac,laubadearmagnac,brandy,woodenboxes,waxtop,cognaclove,,,,,,,,,,,
127,bigtsea,cherryheering,cocktails,armagnac,scrappybitters,kirschwasser,lemonjuice,chocolatebitters,chateaudelaubade,cocktail,bitters,señoritaboozehound,cherrybrandy,,,,,,,,,,,,,,,,,,
128,whisky_throughmylens,,,,,,,,,,,,,,,,,,,,,,,,,,,,,,
129,simosine,xo,armagnac,instagood,chateau,chateaudelaubade,top,laubade,instagram,insta,xoarmagnac,instalike,,,,,,,,,,,,,,,,,,,
130,peckhamchef,foodblogger,foodie,feedfeed,chantillycream,foodpics,fruitdessert,londonfoodguide,shortbread,foodlondon,chefstagram,londonfoodblogger,peckhamkitchen,fooddiary,frenchcooking,chefslife,armagnac,foodstagram,dessertporn,chef,lecordonbleulondon,foodphotography,londonfoodie,londonfoodblog,londonfood,applecrumble,bramley,chefathome,britishcuisine,desserts,apple
131,barlunarossakokubunj,国分寺,singlemaltwhisky,armagnac,calvados,lunarossa,cognac,葉巻,cigarbar,bar,whisky,basarmagnac,cigar,,,,,,,,,,,,,,,,,,
132,tablo.auch,panoramique,auch,mousquetaire,armagnac,restaurant,tablo,,,,,,,,,,,,,,,,,,,,,,,,
133,u.n.a.m,juanlopez,cuba,cuba🇨🇺,armagnac,soireeentreamis,cigares,lesvolutes,habana,cigars,cigare,,,,,,,,,,,,,,,,,,,,
134,armagnacdelacquy,chateaudelacquy,globalwarming,armagnacdelacquy,weather,armagnac,basarmagnac,winedistillery,distillery,craftdistillery,craftspirits,,,,,,,,,,,,,,,,,,,,
135,armagnac,detente,cosy,relax,justthat,armagnaclover,fireside,feu,chauffer,armagnac,digestive,chiminee,brandy,,,,,,,,,,,,,,,,,,
136,armagnacdelacquy,craftspirit,vigneron,colombard,vins,pruningvines,armagnac,winelife,vines,,,,,,,,,,,,,,,,,,,,,,
137,angry_somm,armagnac,alambicbrothers,,,,,,,,,,,,,,,,,,,,,,,,,,,,
138,hanselind on Instagr,dartigalongue,armagnac,,,,,,,,,,,,,,,,,,,,,,,,,,,,
139,sawyer_steven,saintvivantvsop,vsop,armagnac,expositionuniverselle,france,francearmagnac,1559,saintvivant,saintvivant1559,,,,,,,,,,,,,,,,,,,,,
140,loiclmnnr,igers,dji,landscape,occitanie,armagnac,drone,beautiful,eauze,photooftheday,sunset,nofilter,gers,instagood,djimavicair,love,,,,,,,,,,,,,,,
141,tablo.auch,panoramique,armagnac,tablo,restaurant,gers,auch,,,,,,,,,,,,,,,,,,,,,,,,
142,aissiracusa,degustazioni,birraartigianale,wine,primolivelloaissr2020__________________________,armagnac,grappa,sommelier,whisky,aissicilia,siracusasommelier,zibibbodipizzocalabro,birra,winelovers,cognac,aissiracusa_________________________________________,birralovers,distillati,rum,,,,,,,,,,,,
143,_na_tazzulella_e_caf,enoteca_wine,armagnac,wine🍷,rum,brandylove,vinobianco,winelover,winestagram,winelovers,whiskylove,angri,lovewine,wineblogger,wineoclock,insta4like,vinoitaliano,instagood,natazzulellaecafe,instagramers,instalike,caffe,vinorosso🍷,instagram,champagne,loverum,winebar,campania,food,winetime,sommelier
144,chateau_garreau,salondelagriculture,womeninwine,armagnac,sia2020,womeninarmagnac,landes,gascogne,armagnacgarreau,cognac,luxuryspirit,,,,,,,,,,,,,,,,,,,,
145,pierre_knp,sommeliertableattheconnaught,winelife,sommelier,likeforlikes,followforfollowback,likeforfollow,finewine,worldsbestwinelists,pictureoftheday,worldsbestwines,basarmagnac,sommeliertablexperience,theconnaught,theconnaughtwinecollections,luxegascon,armagnac,winetime,winestagram,theconnaughtsommelier,winelover,wineporn,finewines,photooftheday,theconnaughtwinecellar,finedining,theconnaughtwineteam,worldsbestwinecellars,onlyattheconnaught,london,follow
146,marziodevecchi,grandmillesime,spiritissime,millésime,millesime,bartender,armagnacnoblesse,chateauduprada,armagnac,labastidedarmagnac,instarmagnac,inthegrapes,noblesse,igersauch,armagnacs,armagnacnews,instalandes,grandbasarmagnac,finearmagnac,drinkstarmagnac,armagnacnation,basarmagnac,inthegrape,vieilarmagnac,otgrandarmagnac,drinkstagram,oldarmagnac,instabar,,,
147,normindiagin,gindefrance,ginnormindia,normindiagin,coquerel,oneappleaday,normindia,coquerelcalvados,,,,,,,,,,,,,,,,,,,,,,,
148,loiclmnnr,instasunset,instagood,sunset,armagnac,drone,occitanie,igers,dji,gers,djimavicair,picoftheday,,,,,,,,,,,,,,,,,,,
149,armandrinksss,hibiki17,hibikiwhisky,シングルモルト,cardhuwhisky,samalens,サントリー,fellowshipofthedram,singlemaltscotchwhisky,chivasregal12,sweetpotatoshochu,シーバス,singlemalt,hibiki,chivasregal,singlemaltwhisky,armagnac,スコッチ,cardhu12,cardhu,bottlekillercrew,tomintoul,singlemaltscotch,響17年,焼酎,imoshochu,mywhiskywall,vsop,shochu,響,armandrinksss
150,bittersandbottles,zeroabv,brandy,craftspirits,verybitterpeople,verybitterperson,vbp,barsupplies,cognac,zeroproof,homebar,happysipping,liquorstore,armagnac,fruitbrandy,happymixing,bittersandbottles,alcoholfree,calvados,southsanfrancisco,,,,,,,,,,,
151,marziodevecchi,passionarmagnac,instabar,rarearmagnac,armagnacs,otgrandarmagnac,finearmagnac,gers,drinkstagram,armagnac,armagnacpassion,inthegrapes,drinkstarmagnac,horsdage,igersauch,guidedugers,armagnacnation,armagnacnews,instarmagnac,ducastaing,bartender,inthegrape,vicfezensac,apropositodiarmagnac,gascogne,,,,,,
152,marziodevecchi,apropositodiarmagnac,instarmagnac,armagnacnation,drinkstagram,samalensarmagnac,drinkstarmagnac,guidedugers,inthegrape,igersauch,samalens,inthegrapes,instabar,gers,millésime,armagnacs,laujuzan,coeurdarmagnac,bartender,armagnac,finearmagnac,grandmillesime,millesime,grandbasarmagnac,armagnacnews,coeurdegascogne,basarmagnac,,,,
153,gersledepartement,gascony,architecture,igersauch,gascogne,heritage,sudouest_focus_on,lumiere,igersgers,tourismecondom,condom,ilove32,abbaye,naturelovers,sudouest_photographie,sudouest,lebonheurestdanslegers,patrimoine,nature,grandssitesoccitanie,instameet,archilovers,occitanie,voute,gersmondépartement,abbayedeflaran,archi,gers,ilovegers,armagnac,sky
154,coquerelcalvados,bourbon,coquerel,coquerelcalvados,craftcocktails,cocktailhour,imbibegram,france,normindia,oneappleaday,cocktailoclock,normandy,calvados,armagnac,craftcocktail,cocktails,cognac,gin,cocktaillovers,cocktailporn,drinkstagram,mixologist,normandie,cocktailgram,distillery,mixology,cocktailoftheday,normindiagin,theoriginalapplebrandy,applebrandy,brandy
155,y.matunaga_bar_solei,armagnac,cognac,whisky,オーセンティックバー,千日前バー,難波バー,コニャック,大阪bar,soleilluna,上方,なんばバー,ウイスキー,大阪バー,バー,authenticbar,オシャレカクテル,難波bar,千日前,アルマニャック,シガー,bar,カクテル,cocktail,ソレイユルナ,なんば,フレッシュフルーツカクテル,上方ビル,難波,千日前bar,
156,lemoutonrouge,vodka,megeve,megève,whisky,calvados,wineaddict,caviste,tequila,cognac,armagnac,wineshop,lemoutonrouge,winelovers,fevertree,,,,,,,,,,,,,,,,
157,shotbarasha,bourbon,standardcocktail,singlemalt,池袋bar,葉巻,rock,bar,rum,asha飯有ります,池袋,music,cigarbar,shotbarasha,shotbar,bar飯,cognac,fruitcocktail,cigar,authenticbar,armagnac,calvados,rockbar,,,,,,,,
158,helene_carriere,claireetseb,gersledépartement,confit,pierreetfred,sia,rillettes,sudouest,armagnac,foiegras,cassoulet,adp,pierreetfredlamourestdanslepré,saloninternationaldelagriculture,fermedurantoy,armagnacsaintpastou,magret,lamourestdanslepré,flocdegascogne,gers,paris,garbure,grattons,pâtéfermier,canard,tourismegers,,,,,
159,lesalonsau,円山,vinnature,cocktailpairing,quiche,lesalonsau,armagnac,oldbottles,winter,札幌,food,maruyama,bar,vermouth,martini,gin,oldbottle,17時オープン,cocktails,dallasdhu,sapporo,,,,,,,,,,
160,lebienassis,artisanatdart,gascogne,artisanatfrancais,oiseau,bleu,rayuresmatelas,tapissierdameublement,madeinfrance🇫🇷,napoleoniii,rayures,gers,armagnac,,,,,,,,,,,,,,,,,,
161,marziodevecchi,spiritissime,drinkstarmagnac,occitanie,bartender,drinkup,otgrandarmagnac,instarmagnac,armagnac,igersauch,armagnacnews,rarearmagnac,drinkstagram,noblesse,armagnacs,inthegrape,armagnacnoblesse,instabar,finearmagnac,gascogne,apropositodiarmagnac,inthegrapes,armagnacnation,vsop,,,,,,,
162,armagnacdartigalongu,,,,,,,,,,,,,,,,,,,,,,,,,,,,,,
163,armagnac,diversity,armagnac,blends,aeroport,bottles,range,blagnac,selection,vintages,brandy,airport,toulouse,allstyles,fly,,,,,,,,,,,,,,,,
164,sergio_explains,armagnac,armagnacnation,waxtopbottles,cognaclove,armagnacs,bottlecollectors,waxtops,armagnacbrandy,cognac,woodenboxes,cognaclover,bottlecollector,laubadearmagnac,laubade,cognaclovers,bottlecollecting,waxtop,bottlecollection,brandy,,,,,,,,,,,
165,bigtsea,cherrybrandy,scrappybitters,kirschwasser,cocktails,señoritaboozehound,chocolatebitters,cherryheering,bitters,lemonjuice,armagnac,chateaudelaubade,cocktail,,,,,,,,,,,,,,,,,,
166,whisky_throughmylens,,,,,,,,,,,,,,,,,,,,,,,,,,,,,,
167,simosine,top,insta,chateaudelaubade,instagram,laubade,chateau,armagnac,xoarmagnac,xo,instagood,instalike,,,,,,,,,,,,,,,,,,,
168,peckhamchef,foodpics,londonfoodguide,londonfoodblog,dessertporn,apple,londonfoodie,bramley,foodphotography,chef,chefstagram,britishcuisine,londonfoodblogger,chefslife,peckhamkitchen,foodstagram,desserts,fooddiary,foodie,londonfood,shortbread,frenchcooking,chefathome,foodblogger,chantillycream,applecrumble,fruitdessert,armagnac,lecordonbleulondon,feedfeed,foodlondon
169,barlunarossakokubunj,armagnac,葉巻,basarmagnac,singlemaltwhisky,lunarossa,cigar,cigarbar,国分寺,bar,cognac,whisky,calvados,,,,,,,,,,,,,,,,,,
170,tablo.auch,restaurant,panoramique,auch,armagnac,tablo,mousquetaire,,,,,,,,,,,,,,,,,,,,,,,,
171,u.n.a.m,habana,cigars,juanlopez,lesvolutes,cigare,cuba🇨🇺,cigares,armagnac,cuba,soireeentreamis,,,,,,,,,,,,,,,,,,,,
172,armagnacdelacquy,armagnac,basarmagnac,craftspirits,winedistillery,chateaudelacquy,craftdistillery,weather,armagnacdelacquy,distillery,globalwarming,,,,,,,,,,,,,,,,,,,,
173,armagnac,cosy,relax,digestive,armagnaclover,armagnac,detente,feu,justthat,brandy,chiminee,fireside,chauffer,,,,,,,,,,,,,,,,,,
174,armagnacdelacquy,armagnac,craftspirit,vins,winelife,pruningvines,vines,vigneron,colombard,,,,,,,,,,,,,,,,,,,,,,
175,angry_somm,alambicbrothers,armagnac,,,,,,,,,,,,,,,,,,,,,,,,,,,,
176,hanselind on Instagr,armagnac,dartigalongue,,,,,,,,,,,,,,,,,,,,,,,,,,,,
177,sawyer_steven,france,1559,vsop,saintvivantvsop,expositionuniverselle,saintvivant1559,armagnac,saintvivant,francearmagnac,,,,,,,,,,,,,,,,,,,,,
178,loiclmnnr,eauze,nofilter,photooftheday,igers,landscape,gers,dji,armagnac,djimavicair,love,instagood,occitanie,sunset,drone,beautiful,,,,,,,,,,,,,,,
179,tablo.auch,armagnac,gers,panoramique,restaurant,tablo,auch,,,,,,,,,,,,,,,,,,,,,,,,
180,aissiracusa,degustazioni,cognac,aissicilia,wine,siracusasommelier,winelovers,zibibbodipizzocalabro,birraartigianale,sommelier,aissiracusa_________________________________________,rum,armagnac,grappa,whisky,birra,distillati,primolivelloaissr2020__________________________,birralovers,,,,,,,,,,,,
181,_na_tazzulella_e_caf,enoteca_wine,angri,instalike,winebar,vinoitaliano,instagood,campania,insta4like,lovewine,natazzulellaecafe,winestagram,sommelier,instagram,vinorosso🍷,food,whiskylove,caffe,brandylove,winelover,wine🍷,winetime,loverum,vinobianco,champagne,rum,wineblogger,wineoclock,armagnac,winelovers,instagramers
182,chateau_garreau,landes,gascogne,womeninwine,sia2020,armagnacgarreau,cognac,salondelagriculture,womeninarmagnac,luxuryspirit,armagnac,,,,,,,,,,,,,,,,,,,,
183,pierre_knp,onlyattheconnaught,pictureoftheday,winelife,followforfollowback,armagnac,sommelier,worldsbestwinelists,theconnaughtwinecollections,sommeliertableattheconnaught,likeforfollow,likeforlikes,sommeliertablexperience,worldsbestwines,luxegascon,wineporn,basarmagnac,winetime,theconnaught,theconnaughtwinecellar,finewines,finedining,finewine,london,winestagram,follow,theconnaughtsommelier,winelover,photooftheday,theconnaughtwineteam,worldsbestwinecellars
184,guillom_ski,lovemycraft,style,foodporn,chambord,drinkstagram,instagood,bar_mixology_bartender,mixologist,cocktailsandmixology,mixologists,chantilly,cocktailgram,drink,cocktaillover,justlovewhatyoudo,cocktails,spirits,drinks,bartender,cocktailpic,cocktails_and_mixology,cocktail,signaturecocktails,armagnac,drinkporn,cocktailphotography,cocktailbar,bartenderstyle,cocktailporn,craftcocktails
185,eric_cehia on Instag,porsche,monaco,gohabsgo,qatar,rolex,cigares,patek,ferrari,montreal,saintbarth,casablanca,paris,bahamas,quebec,tunis,abidjan,marrakech,cigars,milano,armagnac,225,montecarlo,cognac,yacht,paradiseisland,geneve,humidor,calvados,,
186,ravenbarcork,corkcity,vendanges2018,vsop,sigognac,cheers,armagnacnation,armagnaclover,armagnacvsop,weekendvibes,theravencork,armagnac,weekenddrinks,,,,,,,,,,,,,,,,,,
187,cafecache_official,alcohol,beerporn,cafécaché,leuven,rum,delicious,sherry,conceptbar,bartenderlife,beerstagram,belgian,broederjacob,quality,bourbon,bar,craftbeer,belgianbeer,cafécachéleuven,calvados,cozy,whisky,afterdinner,infused,localproduct,belgium,drinks,beer,lazarus,armagnac,
188,alexis_actu_animee,cuivre,armagnac,liquoristes,alambic,distilleriedenoix,brivelagaillarde,denoix,savoirfaire,apéritif,liqueur,corrèze,france,patrimoinefrancais,vin,ratafia,alcool,tradition,brive,,,,,,,,,,,,
189,vaultofspirits,singlemalt,campbeltown,armagnac,vaultofspirits,islay,brandy,instadram,lowland,rum,scotland,cognac,ron,webshop,scotch,highland,rom,vos,sherry,closeddistillery,islands,speyside,imperial,rhum,whisky,whiskey,,,,,
190,ronhadas,chef,armagnac,eilat,tokyo,camus,scubadive,redsea,cuisine,paella,wine,weekend,winery,cook,tlv,remymartin,kobe,milano,beach,sushi,vacation,hennessy,nyc,cognac,distillery,,,,,,
191,cognac_koinumafamily,brandy,コニャック大学,トリュフ,イタリア料理,bar,バーテンダー,コニャックエデュケーター,フォアグラ,キャビア,トリュフ兄さん,フレンチレストラン,アルマニャック,ハイボール,cognaclovers,armagnac,高級輸入食材,イタリアンレストラン,コニャック,高級食材,ミシュランガイド,バー,ブランデー,cognaclover,コニャック馬鹿,鯉沼商会,ミシュラン,cognac,フランス料理,鯉沼康泰,ウイスキー
192,cognac_koinumafamily,,,,,,,,,,,,,,,,,,,,,,,,,,,,,,
193,bar.stoned,singlemalt,whiskey,mixology,book,bar,grappa,cocktail,rum,slivovitz,calvados,applejack,brandy,mar,cognac,kirsch,gin,armagnac,cmirabelle,vodka,bourbon,whisky,winelover,tequila,infusion,,,,,,
194,d.bespoke,cognac,milliondoller,sherry,yokohama,rum,whiskybar,calvados,singaporebars,hammerhead,jazzbar,dbespoke,armagnac,cocktailbar,,,,,,,,,,,,,,,,,
195,y.matunaga_bar_solei,上方,千日前,ウイスキー,whisky,シガー,ソレイユルナ,authenticbar,オーセンティックバー,なんば,バー,大阪bar,難波バー,カクテル,soleilluna,大阪バー,cocktail,千日前バー,フレッシュフルーツカクテル,難波bar,なんばバー,アルマニャック,千日前bar,cognac,armagnac,コニャック,オシャレカクテル,上方ビル,bar,難波,
196,marziodevecchi,labastidedarmagnac,grandmillesime,inthegrape,igersauch,armagnacnation,grandbasarmagnac,armagnacnews,oldarmagnac,vieilarmagnac,otgrandarmagnac,finearmagnac,bartender,drinkstagram,armagnac,spiritissime,inthegrapes,millésime,armagnacs,noblesse,drinkstarmagnac,millesime,instabar,basarmagnac,instalandes,armagnacnoblesse,chateauduprada,instarmagnac,,,
197,normindiagin,ginnormindia,normindiagin,coquerel,oneappleaday,normindia,coquerelcalvados,gindefrance,,,,,,,,,,,,,,,,,,,,,,,
198,loiclmnnr,dji,instasunset,drone,sunset,igers,djimavicair,occitanie,instagood,gers,armagnac,picoftheday,,,,,,,,,,,,,,,,,,,
199,armandrinksss,hibikiwhisky,cardhuwhisky,imoshochu,hibiki17,シーバス,cardhu12,tomintoul,mywhiskywall,singlemalt,fellowshipofthedram,vsop,singlemaltwhisky,armagnac,chivasregal12,shochu,singlemaltscotchwhisky,armandrinksss,スコッチ,サントリー,響,シングルモルト,響17年,bottlekillercrew,hibiki,singlemaltscotch,sweetpotatoshochu,samalens,焼酎,chivasregal,cardhu
200,bittersandbottles,armagnac,verybitterperson,calvados,barsupplies,zeroabv,bittersandbottles,zeroproof,vbp,southsanfrancisco,alcoholfree,brandy,happymixing,happysipping,verybitterpeople,homebar,fruitbrandy,craftspirits,cognac,liquorstore,,,,,,,,,,,
201,marziodevecchi,finearmagnac,instabar,armagnac,passionarmagnac,drinkstarmagnac,ducastaing,inthegrapes,igersauch,drinkstagram,armagnacpassion,bartender,gascogne,apropositodiarmagnac,armagnacnation,horsdage,instarmagnac,otgrandarmagnac,vicfezensac,armagnacnews,gers,guidedugers,rarearmagnac,inthegrape,armagnacs,,,,,,
202,marziodevecchi,guidedugers,instabar,coeurdegascogne,grandmillesime,samalensarmagnac,inthegrape,igersauch,gers,armagnacs,drinkstagram,drinkstarmagnac,laujuzan,millesime,armagnac,samalens,millésime,armagnacnation,grandbasarmagnac,armagnacnews,bartender,basarmagnac,instarmagnac,finearmagnac,inthegrapes,apropositodiarmagnac,coeurdarmagnac,,,,
203,gersledepartement,tourismecondom,voute,igersgers,archi,igersauch,gersmondépartement,lebonheurestdanslegers,heritage,sudouest_focus_on,gers,gascogne,armagnac,instameet,nature,sky,condom,ilove32,abbaye,naturelovers,abbayedeflaran,grandssitesoccitanie,archilovers,lumiere,occitanie,sudouest,gascony,sudouest_photographie,patrimoine,architecture,ilovegers
204,whisky_throughmylens,,,,,,,,,,,,,,,,,,,,,,,,,,,,,,
205,simosine,top,insta,armagnac,instalike,xoarmagnac,laubade,chateaudelaubade,xo,chateau,instagram,instagood,,,,,,,,,,,,,,,,,,,
206,peckhamchef,apple,foodlondon,applecrumble,foodie,londonfoodie,feedfeed,londonfoodblog,foodblogger,dessertporn,chefstagram,frenchcooking,londonfoodguide,foodpics,peckhamkitchen,londonfoodblogger,chantillycream,chef,chefathome,chefslife,foodphotography,foodstagram,lecordonbleulondon,desserts,fooddiary,britishcuisine,shortbread,fruitdessert,armagnac,londonfood,bramley
207,barlunarossakokubunj,国分寺,cigar,basarmagnac,whisky,cigarbar,葉巻,armagnac,calvados,lunarossa,bar,singlemaltwhisky,cognac,,,,,,,,,,,,,,,,,,
208,tablo.auch,panoramique,auch,tablo,restaurant,armagnac,mousquetaire,,,,,,,,,,,,,,,,,,,,,,,,
209,u.n.a.m,cuba,cigare,cigares,soireeentreamis,habana,juanlopez,armagnac,cuba🇨🇺,lesvolutes,cigars,,,,,,,,,,,,,,,,,,,,
210,armagnacdelacquy,basarmagnac,armagnac,globalwarming,craftdistillery,armagnacdelacquy,chateaudelacquy,distillery,winedistillery,craftspirits,weather,,,,,,,,,,,,,,,,,,,,
211,armagnac,armagnac,digestive,detente,armagnaclover,justthat,chauffer,brandy,fireside,cosy,relax,chiminee,feu,,,,,,,,,,,,,,,,,,
212,armagnacdelacquy,craftspirit,winelife,vigneron,armagnac,pruningvines,vines,vins,colombard,,,,,,,,,,,,,,,,,,,,,,
213,angry_somm,armagnac,alambicbrothers,,,,,,,,,,,,,,,,,,,,,,,,,,,,
214,hanselind on Instagr,armagnac,dartigalongue,,,,,,,,,,,,,,,,,,,,,,,,,,,,
215,sawyer_steven,francearmagnac,armagnac,expositionuniverselle,saintvivantvsop,saintvivant,france,vsop,1559,saintvivant1559,,,,,,,,,,,,,,,,,,,,,
216,loiclmnnr,drone,sunset,instagood,dji,eauze,djimavicair,love,photooftheday,beautiful,armagnac,gers,occitanie,nofilter,landscape,igers,,,,,,,,,,,,,,,
217,tablo.auch,panoramique,restaurant,tablo,auch,gers,armagnac,,,,,,,,,,,,,,,,,,,,,,,,
218,aissiracusa,birralovers,winelovers,sommelier,birra,aissicilia,rum,degustazioni,zibibbodipizzocalabro,distillati,siracusasommelier,primolivelloaissr2020__________________________,grappa,cognac,whisky,armagnac,birraartigianale,aissiracusa_________________________________________,wine,,,,,,,,,,,,
219,_na_tazzulella_e_caf,winestagram,sommelier,enoteca_wine,instagram,loverum,armagnac,campania,instalike,vinorosso🍷,natazzulellaecafe,vinoitaliano,whiskylove,wineblogger,angri,winebar,winelovers,insta4like,vinobianco,rum,winetime,lovewine,winelover,wineoclock,wine🍷,champagne,instagramers,instagood,food,caffe,brandylove
220,chateau_garreau,armagnac,womeninwine,landes,armagnacgarreau,womeninarmagnac,gascogne,sia2020,salondelagriculture,luxuryspirit,cognac,,,,,,,,,,,,,,,,,,,,
221,pierre_knp,theconnaughtsommelier,theconnaughtwinecellar,luxegascon,theconnaughtwineteam,follow,winelover,basarmagnac,theconnaughtwinecollections,theconnaught,likeforlikes,worldsbestwines,worldsbestwinelists,finewine,winestagram,armagnac,winelife,sommelier,sommeliertablexperience,finewines,onlyattheconnaught,worldsbestwinecellars,followforfollowback,finedining,pictureoftheday,sommeliertableattheconnaught,likeforfollow,photooftheday,wineporn,london,winetime
222,guillom_ski,bar_mixology_bartender,cocktailpic,bartenderstyle,mixologists,justlovewhatyoudo,cocktailphotography,cocktails,mixologist,spirits,drinkstagram,cocktail,drinks,foodporn,style,bartender,chantilly,cocktailsandmixology,instagood,armagnac,signaturecocktails,craftcocktails,cocktailgram,cocktailbar,cocktaillover,cocktails_and_mixology,lovemycraft,cocktailporn,drinkporn,drink,chambord
223,eric_cehia on Instag,rolex,marrakech,gohabsgo,monaco,milano,armagnac,casablanca,montecarlo,humidor,ferrari,yacht,bahamas,geneve,cigares,patek,saintbarth,225,abidjan,montreal,paris,cigars,tunis,cognac,calvados,quebec,paradiseisland,porsche,qatar,,
224,ravenbarcork,sigognac,cheers,vsop,theravencork,vendanges2018,armagnaclover,armagnacvsop,corkcity,armagnac,weekenddrinks,weekendvibes,armagnacnation,,,,,,,,,,,,,,,,,,
225,cafecache_official,conceptbar,lazarus,bourbon,drinks,cafécaché,belgian,rum,cozy,belgianbeer,calvados,broederjacob,delicious,localproduct,beerstagram,beer,beerporn,sherry,whisky,quality,infused,alcohol,cafécachéleuven,bartenderlife,armagnac,bar,afterdinner,belgium,craftbeer,leuven,
226,alexis_actu_animee,brivelagaillarde,alambic,liqueur,tradition,ratafia,liquoristes,vin,cuivre,denoix,brive,distilleriedenoix,apéritif,patrimoinefrancais,corrèze,alcool,savoirfaire,armagnac,france,,,,,,,,,,,,
227,vaultofspirits,islands,scotch,closeddistillery,imperial,instadram,singlemalt,lowland,whisky,vaultofspirits,rum,rhum,whiskey,sherry,campbeltown,scotland,brandy,highland,armagnac,speyside,webshop,ron,islay,cognac,rom,vos,,,,,
228,ronhadas,tlv,beach,armagnac,weekend,paella,scubadive,nyc,milano,tokyo,cognac,chef,redsea,sushi,hennessy,cuisine,vacation,wine,remymartin,winery,camus,cook,distillery,eilat,kobe,,,,,,
229,cognac_koinumafamily,ミシュランガイド,cognac,armagnac,コニャック大学,トリュフ,コニャック,ブランデー,ウイスキー,アルマニャック,キャビア,イタリア料理,bar,鯉沼商会,コニャックエデュケーター,brandy,フランス料理,トリュフ兄さん,フレンチレストラン,バーテンダー,ハイボール,高級食材,フォアグラ,鯉沼康泰,バー,cognaclovers,コニャック馬鹿,イタリアンレストラン,高級輸入食材,cognaclover,ミシュラン
230,cognac_koinumafamily,,,,,,,,,,,,,,,,,,,,,,,,,,,,,,
231,bar.stoned,slivovitz,rum,whiskey,cmirabelle,bourbon,singlemalt,mixology,gin,winelover,kirsch,cognac,vodka,grappa,brandy,armagnac,applejack,calvados,tequila,book,mar,bar,whisky,cocktail,infusion,,,,,,
232,d.bespoke,calvados,singaporebars,hammerhead,rum,dbespoke,milliondoller,sherry,cocktailbar,whiskybar,jazzbar,yokohama,armagnac,cognac,,,,,,,,,,,,,,,,,
233,y.matunaga_bar_solei,千日前,バー,whisky,難波,シガー,アルマニャック,難波bar,なんばバー,上方,オーセンティックバー,上方ビル,オシャレカクテル,難波バー,soleilluna,なんば,armagnac,千日前bar,bar,authenticbar,ソレイユルナ,大阪バー,コニャック,cognac,ウイスキー,フレッシュフルーツカクテル,大阪bar,cocktail,千日前バー,カクテル,
234,shotbarasha,valderance,葉巻,rock,standardcocktail,singlemalt,asha飯有ります,cigarbar,armagnac,cognac,shotbarasha,cidre,池袋,fruitcocktail,shotbar,music,cigar,bar飯,rum,rockbar,bar,authenticbar,calvados,bourbon,池袋bar,,,,,,
235,cognac_koinumafamily,brandy,ブランデー,鯉沼康泰,コニャック大学,armagnac,フランス料理,アルマニャック,バーテンダー,ミシュラン,bar,ウイスキー,ハイボール,キャビア,鯉沼商会,コニャック,イタリアンレストラン,トリュフ兄さん,トリュフ,cognac,cognaclover,コニャック馬鹿,高級食材,コニャックエデュケーター,高級輸入食材,フォアグラ,ミシュランガイド,whisky,フレンチレストラン,バー,イタリア料理
236,marvic32,bazar,baco,lionelosmin,armagnac,boeuf,,,,,,,,,,,,,,,,,,,,,,,,,
237,balveniedam,france,balvenieambassador,balvenie,scotchwhisky,friendship,thebalvenie,armagnac,scotland,auldalliance,,,,,,,,,,,,,,,,,,,,,
238,marziodevecchi,spiritissime,armagnacnews,finearmagnac,instarmagnac,otgrandarmagnac,armagnac,inthegrape,bartender,gascogne,drinkstagram,vieilarmagnac,inthegrapes,instabar,noblesse,apropositodiarmagnac,armagnacs,armagnacnation,armagnacnoblesse,occitanie,rarearmagnac,drinkstarmagnac,,,,,,,,,
239,k_wu__,brandylovers,domainedejaurrey,laberdolive,afterparty,brandy,smoketime,armagnac,cognac,frenchbrandy,alcohol,,,,,,,,,,,,,,,,,,,,
240,matthieu.dinguidard,armagnac,vignoble,gers,gascogne,armagnacconfidentiel,insolite,oenotourisme,occitanie,,,,,,,,,,,,,,,,,,,,,,
241,avantageslab,avantageslab,armagnac,follow,share,vinexpoparis,avantagesparis,creation,paris10,alab,flocage,personnalisation,fabrication,showroom,broderie,teamavantages,repost,new,projets,,,,,,,,,,,,
242,armagnac,durable,tourismegers,soil,wine,biodiversité,armagnac,covercrop,engraisvert,nitrogen,vines,sustainable,ecology,springiscoming,vin,feves,health,natural,terroir,environment,vignes,ecosystem,nitrates,beans,vignobles_occitanie,,,,,,
243,whiskey_man_cave,sweetpotatoshochu,hibikiwhisky,imoshochu,chivasregal,fellowshipofthedram,singlemaltscotch,samalens,cardhu,cardhu12,hibiki17,singlemaltscotchwhisky,armandrinksss,hibiki,armagnac,tomintoul,shochu,singlemaltwhisky,bottlekillercrew,cardhuwhisky,ccto,mywhiskywall,singlemalt,chivasregal12,vsop,,,,,,
244,1877spirits,vintagearmagnac,surprise,bestbirthday,taste,birthday,bar,1877spirits,engraved,armagnac,1980,customengraved,present,1877spiritscom,notexpected,engravedgifts,gift,1877spiritsdotcom,giftlikeapro,thoughtfulgift,customengraving,honey,,,,,,,,,
245,pwfalcon,vintage,armagnac,finedining,cambridge,,,,,,,,,,,,,,,,,,,,,,,,,,
246,marziodevecchi,vieilarmagnac,armagnac,armagnacnation,instalandes,chateauduprada,bartender,noblesse,igersauch,armagnacnews,basarmagnac,instarmagnac,labastidedarmagnac,millesime,millésime,otgrandarmagnac,grandmillesime,armagnacs,drinkstagram,inthegrape,oldarmagnac,armagnacnoblesse,spiritissime,grandbasarmagnac,drinkstarmagnac,instabar,inthegrapes,finearmagnac,,,
247,normindiagin,normindiagin,oneappleaday,coquerelcalvados,gindefrance,coquerel,ginnormindia,normindia,,,,,,,,,,,,,,,,,,,,,,,
248,loiclmnnr,dji,occitanie,gers,instasunset,djimavicair,instagood,armagnac,drone,sunset,picoftheday,igers,,,,,,,,,,,,,,,,,,,
249,armandrinksss,cardhuwhisky,hibikiwhisky,armagnac,シーバス,hibiki17,fellowshipofthedram,響17年,響,シングルモルト,hibiki,cardhu,singlemaltscotchwhisky,tomintoul,imoshochu,singlemaltwhisky,スコッチ,armandrinksss,焼酎,mywhiskywall,vsop,sweetpotatoshochu,bottlekillercrew,サントリー,shochu,samalens,chivasregal,cardhu12,chivasregal12,singlemalt,singlemaltscotch
250,bittersandbottles,happysipping,barsupplies,craftspirits,zeroproof,verybitterpeople,southsanfrancisco,fruitbrandy,verybitterperson,homebar,armagnac,zeroabv,calvados,alcoholfree,cognac,liquorstore,brandy,vbp,bittersandbottles,happymixing,,,,,,,,,,,
251,marziodevecchi,armagnacs,armagnacpassion,otgrandarmagnac,passionarmagnac,armagnacnation,instarmagnac,inthegrapes,apropositodiarmagnac,vicfezensac,guidedugers,gascogne,instabar,finearmagnac,gers,horsdage,armagnacnews,drinkstarmagnac,drinkstagram,igersauch,inthegrape,armagnac,bartender,rarearmagnac,ducastaing,,,,,,
252,marziodevecchi,coeurdegascogne,instarmagnac,instabar,millesime,armagnacnews,igersauch,basarmagnac,bartender,coeurdarmagnac,inthegrape,millésime,drinkstarmagnac,armagnac,samalens,laujuzan,finearmagnac,guidedugers,armagnacnation,apropositodiarmagnac,drinkstagram,armagnacs,grandmillesime,samalensarmagnac,grandbasarmagnac,inthegrapes,gers,,,,
253,gersledepartement,lumiere,armagnac,gascony,voute,condom,heritage,archilovers,instameet,occitanie,gersmondépartement,architecture,igersauch,abbayedeflaran,archi,lebonheurestdanslegers,sudouest_focus_on,ilovegers,patrimoine,grandssitesoccitanie,gers,abbaye,ilove32,gascogne,nature,naturelovers,tourismecondom,sudouest_photographie,sudouest,igersgers,sky
254,loiclmnnr,armagnac,landscape,nofilter,love,photooftheday,drone,djimavicair,gers,beautiful,sunset,igers,occitanie,eauze,dji,instagood,,,,,,,,,,,,,,,
255,tablo.auch,restaurant,tablo,armagnac,gers,panoramique,auch,,,,,,,,,,,,,,,,,,,,,,,,
256,aissiracusa,grappa,siracusasommelier,armagnac,winelovers,sommelier,zibibbodipizzocalabro,wine,aissicilia,birraartigianale,birralovers,primolivelloaissr2020__________________________,cognac,whisky,birra,aissiracusa_________________________________________,degustazioni,distillati,rum,,,,,,,,,,,,
257,_na_tazzulella_e_caf,winebar,food,winelovers,loverum,instagram,wine🍷,lovewine,wineblogger,instagood,instalike,campania,vinorosso🍷,wineoclock,instagramers,winestagram,rum,vinoitaliano,champagne,whiskylove,enoteca_wine,winetime,insta4like,sommelier,natazzulellaecafe,caffe,vinobianco,armagnac,angri,winelover,brandylove
258,chateau_garreau,salondelagriculture,armagnacgarreau,luxuryspirit,womeninwine,armagnac,gascogne,womeninarmagnac,landes,cognac,sia2020,,,,,,,,,,,,,,,,,,,,
259,pierre_knp,winelover,worldsbestwines,pictureoftheday,sommeliertablexperience,photooftheday,likeforfollow,worldsbestwinelists,sommelier,follow,finedining,worldsbestwinecellars,luxegascon,sommeliertableattheconnaught,theconnaughtwinecollections,london,armagnac,winestagram,winelife,theconnaughtsommelier,wineporn,basarmagnac,theconnaughtwineteam,likeforlikes,onlyattheconnaught,finewines,followforfollowback,theconnaughtwinecellar,theconnaught,finewine,winetime
260,guillom_ski,instagood,chantilly,cocktaillover,lovemycraft,drinkstagram,cocktail,drink,drinks,justlovewhatyoudo,chambord,cocktails_and_mixology,cocktailsandmixology,signaturecocktails,foodporn,craftcocktails,bar_mixology_bartender,cocktailporn,bartender,cocktailpic,mixologists,armagnac,style,cocktailphotography,drinkporn,mixologist,cocktailbar,cocktailgram,cocktails,spirits,bartenderstyle
261,eric_cehia on Instag,qatar,abidjan,quebec,paris,montecarlo,casablanca,marrakech,bahamas,cigares,milano,monaco,calvados,porsche,225,paradiseisland,ferrari,cognac,armagnac,patek,rolex,gohabsgo,cigars,geneve,tunis,yacht,saintbarth,humidor,montreal,,
262,ravenbarcork,vendanges2018,weekenddrinks,weekendvibes,corkcity,cheers,theravencork,sigognac,armagnacnation,armagnacvsop,armagnaclover,armagnac,vsop,,,,,,,,,,,,,,,,,,
263,cafecache_official,leuven,bourbon,broederjacob,beerporn,conceptbar,rum,beer,drinks,craftbeer,belgian,whisky,beerstagram,delicious,sherry,quality,calvados,belgium,armagnac,bar,localproduct,belgianbeer,alcohol,cafécachéleuven,bartenderlife,afterdinner,cozy,infused,lazarus,cafécaché,
264,alexis_actu_animee,apéritif,armagnac,alambic,denoix,cuivre,vin,brive,liqueur,patrimoinefrancais,savoirfaire,corrèze,tradition,distilleriedenoix,ratafia,france,liquoristes,alcool,brivelagaillarde,,,,,,,,,,,,
265,vaultofspirits,sherry,whiskey,rhum,brandy,singlemalt,rum,ron,speyside,campbeltown,scotland,scotch,instadram,highland,closeddistillery,cognac,whisky,islay,vaultofspirits,vos,armagnac,imperial,webshop,lowland,islands,rom,,,,,
266,ronhadas,beach,chef,vacation,camus,cuisine,remymartin,cognac,redsea,scubadive,weekend,sushi,kobe,nyc,paella,distillery,cook,wine,milano,hennessy,winery,armagnac,tlv,tokyo,eilat,,,,,,
267,cognac_koinumafamily,トリュフ,フランス料理,コニャック馬鹿,高級輸入食材,高級食材,ミシュラン,バーテンダー,フレンチレストラン,ウイスキー,bar,鯉沼康泰,cognac,イタリアンレストラン,コニャックエデュケーター,鯉沼商会,イタリア料理,コニャック,cognaclovers,アルマニャック,ブランデー,キャビア,バー,ミシュランガイド,コニャック大学,brandy,ハイボール,cognaclover,armagnac,フォアグラ,トリュフ兄さん
268,cognac_koinumafamily,,,,,,,,,,,,,,,,,,,,,,,,,,,,,,
269,bar.stoned,gin,infusion,singlemalt,winelover,rum,mar,grappa,applejack,book,bar,slivovitz,bourbon,whiskey,calvados,kirsch,whisky,vodka,cognac,mixology,cmirabelle,brandy,cocktail,armagnac,tequila,,,,,,
270,d.bespoke,whiskybar,cognac,cocktailbar,milliondoller,jazzbar,armagnac,calvados,hammerhead,singaporebars,yokohama,rum,sherry,dbespoke,,,,,,,,,,,,,,,,,
271,y.matunaga_bar_solei,cocktail,コニャック,千日前バー,上方ビル,soleilluna,cognac,なんばバー,カクテル,難波bar,シガー,オーセンティックバー,大阪バー,ウイスキー,ソレイユルナ,なんば,大阪bar,bar,armagnac,千日前bar,難波バー,難波,フレッシュフルーツカクテル,オシャレカクテル,アルマニャック,authenticbar,バー,千日前,whisky,上方,
272,shotbarasha,rock,cidre,rum,葉巻,fruitcocktail,asha飯有ります,valderance,bar飯,rockbar,authenticbar,bar,bourbon,cigarbar,armagnac,cigar,cognac,singlemalt,池袋,池袋bar,standardcocktail,shotbar,shotbarasha,music,calvados,,,,,,
273,cognac_koinumafamily,armagnac,フレンチレストラン,イタリア料理,アルマニャック,フランス料理,バー,ハイボール,高級輸入食材,イタリアンレストラン,ウイスキー,bar,ミシュラン,whisky,トリュフ,フォアグラ,ブランデー,キャビア,cognac,高級食材,バーテンダー,トリュフ兄さん,cognaclover,コニャック,コニャックエデュケーター,コニャック馬鹿,鯉沼商会,鯉沼康泰,ミシュランガイド,コニャック大学,brandy
274,marvic32,bazar,lionelosmin,boeuf,baco,armagnac,,,,,,,,,,,,,,,,,,,,,,,,,
275,balveniedam,auldalliance,balvenieambassador,armagnac,france,friendship,scotchwhisky,thebalvenie,balvenie,scotland,,,,,,,,,,,,,,,,,,,,,
276,marziodevecchi,bartender,rarearmagnac,vieilarmagnac,spiritissime,inthegrapes,occitanie,inthegrape,gascogne,armagnacnation,finearmagnac,instarmagnac,armagnac,instabar,drinkstarmagnac,drinkstagram,apropositodiarmagnac,armagnacnoblesse,noblesse,armagnacs,otgrandarmagnac,armagnacnews,,,,,,,,,
277,k_wu__,laberdolive,armagnac,frenchbrandy,alcohol,domainedejaurrey,smoketime,brandylovers,brandy,cognac,afterparty,,,,,,,,,,,,,,,,,,,,
278,matthieu.dinguidard,vignoble,gascogne,oenotourisme,gers,armagnac,armagnacconfidentiel,occitanie,insolite,,,,,,,,,,,,,,,,,,,,,,
279,avantageslab,showroom,avantageslab,personnalisation,armagnac,paris10,projets,repost,new,creation,follow,alab,teamavantages,vinexpoparis,fabrication,broderie,avantagesparis,share,flocage,,,,,,,,,,,,
280,armagnac,wine,vignes,sustainable,vin,vignobles_occitanie,ecosystem,environment,covercrop,nitrogen,terroir,health,natural,tourismegers,nitrates,beans,feves,armagnac,soil,durable,engraisvert,vines,springiscoming,ecology,biodiversité,,,,,,
281,whiskey_man_cave,cardhuwhisky,imoshochu,bottlekillercrew,sweetpotatoshochu,cardhu,samalens,chivasregal,cardhu12,singlemalt,singlemaltscotch,fellowshipofthedram,shochu,chivasregal12,singlemaltwhisky,tomintoul,hibiki17,armandrinksss,ccto,singlemaltscotchwhisky,hibikiwhisky,mywhiskywall,hibiki,vsop,armagnac,,,,,,
282,1877spirits,bar,engraved,present,1877spirits,1877spiritsdotcom,customengraving,armagnac,bestbirthday,1877spiritscom,birthday,notexpected,vintagearmagnac,1980,thoughtfulgift,surprise,customengraved,taste,giftlikeapro,gift,engravedgifts,honey,,,,,,,,,
283,pwfalcon,vintage,cambridge,armagnac,finedining,,,,,,,,,,,,,,,,,,,,,,,,,,
284,vomfass_hillcrest,brandy,hillcrest,fabuloushillcrest,hub,sandiego,armagnac,vomfasshillcrest,delicious,vomfass,cognac,tasting,,,,,,,,,,,,,,,,,,,
285,barlunarossakokubunj,lunarossa,葉巻,armagnac,国分寺,basarmagnac,cigar,cigarbar,bar,singlemaltwhisky,calvados,cognac,whisky,,,,,,,,,,,,,,,,,,
286,epicurus_by_nature,bouchardpereetfils,beaunegreves,mosel,billesnoires,riedel,pauillac,burgundy,rioja,chateaulatour,champagne,reisling,sauternes,johjosprüm,bordeaux,delordarmagnac,premiercruclasse,armagnac,marquesdemurrieta,castelloygay,granreserva,wine,matthieubarret,cornas,sauternes1997,chateaurabaudpromis,charleshiedsieck,granreservaespecial,lenfantjesus,rosechampagne,
287,brandon.altamar,,,,,,,,,,,,,,,,,,,,,,,,,,,,,,
288,philippejudong,goodvibesonly,thursday,night,armagnac,goodnight,dinner,uby,enjoythemoment,goodvibes,friends,,,,,,,,,,,,,,,,,,,,
289,natachef25,lasourcebleue,duplaisiradeguster,lheraudcognac,petitechampagnecognac,armagnac,cognac,digestif,basarmagnac,charlesperrigot,,,,,,,,,,,,,,,,,,,,,
290,armagnac_ravignan,superjaja,armagnacisback,goldmedal,armagnac,,,,,,,,,,,,,,,,,,,,,,,,,,
291,travisheightswinespi,igdrinks,winemerchant,wineculture,atx,beer,winetasting,igaustintexas,drink,alcoholdelivery,armagnac,winestasting,southaustin,78704,suckerforpagne,bouldincreek,atxspirits,brandy,365thingsaustin,travisheightswinespirits,cognac,germainrobin,california,delivery,theyspeakofmydrinkingbutneverofmythirst,ouratx,travisheights,512,,,
292,domainedebile on Ins,boucherie,proximite,flocdegascogne,commerce,vinscotesdegascogne,qualité,service,armagnac,produits,,,,,,,,,,,,,,,,,,,,,
293,altamarbrands,musketeers,bartender,spirits,hautarmagnac,libations,arton,brandy,drinks,terroir,france,brandycocktails,chateauarton,domainedarton,imbibe,altamarbrands,gascony,worldsbestbar,imbibegram,craftspirits,repost,mixology,armagnac,frenchbrandy,craftcocktails,cocktails,feedfeed,drinkstagram,,,
294,meeaurelie,nouvelleaquitaine,stunning_shots,oceandecouleurs,leberetlandais,naturelovers,armagnac,roquefort,igerslandes,landscape_captures,basarmagnac,igersfrance,mabelleaquitaine,destinationna,guidedeslandes,landscape_lovers,unlimitedsunset,igersmcrontour,france3aquitaine,kindabreak,so_photo,france_focus_on,camarabayonne,sudouest,sudouest_focus_on,super_france,tourisminaquitaine,ig_landscape,topitovoyage,,
295,donpedropereira,suddelafrance,armagnac,montpellier,,,,,,,,,,,,,,,,,,,,,,,,,,,
