,0,1,2,3,4,5,6,7,8,9,10,11,12,13,14,15,16,17,18,19,20,21,22,23,24,25,26,27,28,29,30
0,wildmoonliqueurs,photooftheday,cleandrinking,love,bottles,summer,wildmoon,patioparty,lavender,flavor,drinking,mixology,rose,liqueurs,garden,drinklikeyoumeanit,craftcocktails,drinkwild,wildmoonlavender,allnatural,gardenparty,cocktails,inspiration,summercocktails,craftspirits,wildmoonrose,party,instagood,madeinct,hartfordhasit,drinkstagram
1,wildmoonliqueurs,drinklocal,experiment,womanowned,distillery,madeinct,liqueurs,drinkwild,inspiration,allnatural,cleandrinking,sustainable,garden,botanicals,herbs,supportlocal,hartfordflavor,r,research,beautiful,production,cocktails,botany,new,wildmoon,craftspirits,citrus,infusion,glutenfree,hartfordhasit,
2,wildmoonliqueurs,soontobereleased,sumac,liqueurs,ct,wildmoon,comingsoon,bartender,nongmo,distillery,wildmoonliqueurs,glutenfree,new,alcohol,happyhour,craftcocktails,mixology,flavor,allnatural,wildmoonbotanics,plantbased,hartfordflavor,sustainable,botanics,cocktails,drinkwild,hartfordflavorco,newflavor,cleandrinking,infusionary,
3,keyifgunlugu,miniature,instadrink,kingofspirits,relaxtime,holiday,absinthe,liqueurs,miniatureliquor,karlovyvary,czechrepublic,absinth,liqueur,relaxmode,becherovka,herballiqueur,miniaturebottles,,,,,,,,,,,,,,
4,antica_distilleria_q,italianheritage,mixology,vintagespirits,hazelnut,tradition,drinks,organicdistillery,hazelnutliqueur,anticadistilleriaquaglia,craft,vintageliqueurs,bartender,since1890,vintagelineliqueurs,distillery,liqueurs,spirits,,,,,,,,,,,,,
5,lavertueuse_authenti,myhauteloire,producteurs,levraigoût,local,aopbio,bio,liqueurs,nature,rhonealpesauvergne,greenlife,madeinhauteloire,ardeche,aperitifs,artisanales,fetes,kir,retour,chataigne,kirchataigne,,,,,,,,,,,
6,nobleoakspirits,nobleoakrecipes,,,,,,,,,,,,,,,,,,,,,,,,,,,,,
7,sourfisk,sourfisk,,,,,,,,,,,,,,,,,,,,,,,,,,,,,
8,asthebarflies,drinks,instadrinks,cocktails,alcoholporn,drink,cocteles,mixology,bartender,drinki,ginebra,syrups,drinkin,cocktailart,cocktail,bartending,mixologyart,kokteyl,drinks🍹,cócteles,bitters,liqueurs,drinky,gin,garnish,bitter,liqueur,cocktailbar,curacao,cocktailbars,
9,hoggnorton,winning,excited,vegan,veganmarkets,award,veganmarket,saturday,hitchinmarkets,fruitliqueurs,firsttime,liqueurs,hertfordshire,hitchinmarket,fruit,hitchin,first,time,fruitliqueur,ilovehitchin,veganmarketsuk,,,,,,,,,,
10,lapetiteteterouge,chocolatefudge,fudge,quebecfood,gourmandises,gourmandise,chocolaterie,chocolate,chocolatiere,liqueur,saintcrème,quebecfoodtour,quebecfoodie,liqueurs,lapetiteteterouge,distilleriemariana,quebeclife,fudgemagazine,patisserie,patisseries,sucrealacreme,chocolatiers,chocolatier,patisseriemaison,chocolatelover,chocolateria,saintcreme,quebec,quebecartist,quebecfoodies,chocolate🍫
11,brandconnect_asia,cocktailgarnish,hobartcocktails,summercocktails,coffeecocktails,cocktailart,drinkstagram,drinksphotography,cocktailsforyou,adelaidecocktails,worldwidemixology,classiccocktailstralia,cocktails🍹,liqueurs,cocktailporn,mixologyart,mrblack,cocktailparty,cocktailoftheday,cocktailrecipes,instadrink,perthcocktails,,,,,,,,,
12,elixcimes,savoiemontblanc,gourmandise,magic,theatre,granier,climb,mushrooms,liquor,sapinette,ski,elixir,artisanat,wild,sun,playmobil,cocktails,savoie,genepi,fleur,aventure,aromatique,elixcimes,snow,sommet,liqueurs,sauvage,2020,montagne,,
13,lacasadellanatura,liqueurs,loradelte,liquori,loradeldessert,joker,sicilia,following,torta,dolci,ambrarossa,likeforfollow,siciliabedda,followers,followforlike,food,loradellegume,sicily,carnevale,foodporn,amaronebros,arancesiciliane,liquore,,,,,,,,
14,brandconnect_vietnam,drinkstagram,classiccocktailstralia,drinksphotography,cocktailparty,hobartcocktails,instadrink,cocktailart,cocktailoftheday,cocktailgarnish,cocktailporn,adelaidecocktails,perthcocktails,liqueurs,summercocktails,coffeecocktails,mrblack,cocktails🍹,worldwidemixology,cocktailrecipes,cocktailsforyou,mixologyart,,,,,,,,,
15,association_adie,entrepreneur,entreprise,liqueurs,madzinfrance,vins,perou,entrepreneuriat,,,,,,,,,,,,,,,,,,,,,,,
16,ozgurr2002,polishvodka,cocktails,mezcal,vodka,ron,vodkalemon,licor,vodkasoda,liquor,vodkatime,vodkas,wyborowavodka,liqueurs,spirits,whisky,votka,rhum,brandy,gin,grappa,beerporn,wodka,alcohol,wyborowa,rum,whiskey,vodkalovers,vodkatonic,tequila,cocktail
17,whiskyrhumco,mixology,cavisteindependant,alcools,spiritueux,montpellier,mixologie,caviste,liqueurs,dégustations,cocktail,découvertes,whisky,languedoc,pastis,occitanie,,,,,,,,,,,,,,,
18,kingbrownespresso,liqueurs,cocktailtime,mixityourway,letsdrink,espressomartini,coffeelifestyle,strongcoffee,caffeinekick,coffeeliqueur,madeinaustralia,coffeecocktail,espressomartinisociety,espressomartinitime,australiancoffee,kingbrownespresso,,,,,,,,,,,,,,,
19,jasmineatthebar,,,,,,,,,,,,,,,,,,,,,,,,,,,,,,
20,isabelde_miranda,inmykitchen,fruit,repost,foodshare,beautifulmatters,licores,liquor,f52grams,cozinharcomosanjos,liqueurs,drinks,licor,,,,,,,,,,,,,,,,,,
