,0,1,2,3,4,5,6,7,8,9,10,11,12,13,14,15,16,17,18,19,20,21,22,23,24,25,26,27,28,29,30
0,highproofpreacher,highproofpreacher,,,,,,,,,,,,,,,,,,,,,,,,,,,,,
1,aboutdrinksandbars,,,,,,,,,,,,,,,,,,,,,,,,,,,,,,
2,cheerstohappyhour,,,,,,,,,,,,,,,,,,,,,,,,,,,,,,
3,enigmaperu,,,,,,,,,,,,,,,,,,,,,,,,,,,,,,
4,barman_academy,pisco,,,,,,,,,,,,,,,,,,,,,,,,,,,,,
5,cheerstohappyhour,,,,,,,,,,,,,,,,,,,,,,,,,,,,,,
6,davidlebovitz,bluepeaflower,pisco,citron,bar,cocktail,drinkingfrench,paris,,,,,,,,,,,,,,,,,,,,,,,
7,cheerstohappyhour,,,,,,,,,,,,,,,,,,,,,,,,,,,,,,
8,lu_tenderness,,,,,,,,,,,,,,,,,,,,,,,,,,,,,,
9,orhan.theworldtravel,pisco,limaperu,travelphotography,totravelistolive,peru,globetrotters,travelperu,lima,theworldtraveler,traveltheworld,piscosour,,,,,,,,,,,,,,,,,,,
10,fotolateando,ica,nature,pisco,dunas,verano,naturaleza,oasis,vida,desierto,huacachina,desert,lagunamoron,peru,laguna,summer,sanclemente,,,,,,,,,,,,,,
11,lindacancino8 on Ins,incaruins,pisco,machupichu,perutherichestcountry,instagood,dunes,culture,instatravel,paracasperu,amazing,chile,dunas,machupicchuperu,instagram,descubreteenperu,culturetravel,culturetrip,naturaleza,inca,worldheritage,travelgram,peru,bestintravel,temple,cultura,photooftheday,travel,visitperu,,
12,flor.qc,,,,,,,,,,,,,,,,,,,,,,,,,,,,,,
13,botilleriadelivery,beer,manuelmontt,copete,destilados,cervezaartesanal,licores,cigarros,smoke,pisco,chile,cervezas,express,bebidas,cervezaadomicilio,snacks,cocteles🍹🍹🍹,party,botilleria,ron,santiagochile,vino,tequila,whisky,delivery,espumantes,melancé,vodka,carrete,,
14,sportperuano,peruanosenrusia,pisco,piscosour,peruanosenmiami,el10delacallepronto🎥🍿🍫,peruanos,lima,cusco,arribaperú,contigoselección,peruanosenelmundo,peruvianontour,machupicchu,moscowrussia,contigoperu,peruanosenusa,peruanosenchile,vamospormas,peruanosporelmundo,vamosperú,perú,,,,,,,,,
15,caffeprincipebra,uve,vigne,distillazione,mixologist,acqua,pisco,cocktail,haciendaofsantacruzdelanchas,distillation,caffeprincipebra,mixology,cocktailporn,mixologyart,lima,piscococktails,fragranza,1615,distillato,caffeprincipe,succo,piscococktail,distillate,uva,,,,,,,
16,gemelas.boutique,smile,limaperu,igerstrujillo,igerspiura,felizfindesemana,lima,piuraperu,felizsabado,sonrie,amor,verano2020,upao,love,exitos,frasesmotivadoras,instaperu,pisco,positiva,arequipaperu,trujilloperu,trujillo,piura,peru,loveperu,nuevochimbote,feliz,,,,
17,mostoverde_tokyo,pisco,ピスコサワー,スピリッツ,プレミアムピスコ,ピスコ,バーテンダー,静岡洋食器,viñasdeoro,第5のスピリッツ,カクテル,,,,,,,,,,,,,,,,,,,,
18,reichertpatrick7,urbexfrance,pisco,strasbourgstreetart,urbexalsace,,,,,,,,,,,,,,,,,,,,,,,,,,
19,kcoret,gay,fisicuturismo,valledeelqui,pisco,cupido,coquimbo,camasdecuarzo,outfits,fit,chile,papayas,patiperros,degustaciones,astronomia,gym,superman,2020,comiccon,newlook,viaje,stargate,,,,,,,,,
20,highproofpreacher,highproofpreacher,,,,,,,,,,,,,,,,,,,,,,,,,,,,,
21,aboutdrinksandbars,,,,,,,,,,,,,,,,,,,,,,,,,,,,,,
22,cheerstohappyhour,,,,,,,,,,,,,,,,,,,,,,,,,,,,,,
23,enigmaperu,,,,,,,,,,,,,,,,,,,,,,,,,,,,,,
24,barman_academy,pisco,,,,,,,,,,,,,,,,,,,,,,,,,,,,,
25,cheerstohappyhour,,,,,,,,,,,,,,,,,,,,,,,,,,,,,,
26,davidlebovitz,citron,pisco,bluepeaflower,cocktail,bar,drinkingfrench,paris,,,,,,,,,,,,,,,,,,,,,,,
27,cheerstohappyhour,,,,,,,,,,,,,,,,,,,,,,,,,,,,,,
28,lu_tenderness,,,,,,,,,,,,,,,,,,,,,,,,,,,,,,
29,orhan.theworldtravel,globetrotters,travelperu,totravelistolive,limaperu,travelphotography,traveltheworld,pisco,piscosour,lima,peru,theworldtraveler,,,,,,,,,,,,,,,,,,,
30,fotolateando,desert,huacachina,verano,desierto,nature,naturaleza,sanclemente,oasis,dunas,peru,laguna,ica,pisco,lagunamoron,vida,summer,,,,,,,,,,,,,,
31,lindacancino8 on Ins,peru,dunes,machupichu,culturetravel,pisco,machupicchuperu,visitperu,inca,instatravel,dunas,photooftheday,instagram,worldheritage,perutherichestcountry,cultura,culture,travel,culturetrip,amazing,chile,temple,bestintravel,naturaleza,descubreteenperu,instagood,incaruins,travelgram,paracasperu,,
32,flor.qc,,,,,,,,,,,,,,,,,,,,,,,,,,,,,,
33,botilleriadelivery,pisco,copete,express,carrete,cervezaartesanal,manuelmontt,melancé,cocteles🍹🍹🍹,bebidas,vino,espumantes,delivery,whisky,destilados,party,licores,ron,santiagochile,cervezaadomicilio,tequila,snacks,smoke,cigarros,beer,cervezas,vodka,chile,botilleria,,
34,sportperuano,contigoselección,cusco,pisco,peruanosenelmundo,peruanosenmiami,peruanosporelmundo,moscowrussia,peruanos,vamosperú,perú,machupicchu,peruanosenrusia,piscosour,el10delacallepronto🎥🍿🍫,contigoperu,arribaperú,lima,peruanosenchile,peruanosenusa,vamospormas,peruvianontour,,,,,,,,,
35,caffeprincipebra,uve,distillazione,cocktail,mixologyart,fragranza,1615,acqua,caffeprincipebra,cocktailporn,mixologist,distillato,distillation,uva,distillate,piscococktail,caffeprincipe,haciendaofsantacruzdelanchas,mixology,piscococktails,vigne,lima,pisco,succo,,,,,,,
36,gemelas.boutique,love,positiva,piuraperu,trujillo,nuevochimbote,igerstrujillo,limaperu,upao,igerspiura,loveperu,piura,pisco,feliz,verano2020,exitos,peru,arequipaperu,trujilloperu,felizsabado,instaperu,lima,smile,frasesmotivadoras,felizfindesemana,amor,sonrie,,,,
37,mostoverde_tokyo,バーテンダー,プレミアムピスコ,スピリッツ,カクテル,第5のスピリッツ,ピスコ,静岡洋食器,pisco,viñasdeoro,ピスコサワー,,,,,,,,,,,,,,,,,,,,
38,reichertpatrick7,urbexfrance,pisco,strasbourgstreetart,urbexalsace,,,,,,,,,,,,,,,,,,,,,,,,,,
39,kcoret,gay,gym,stargate,fit,astronomia,camasdecuarzo,viaje,superman,degustaciones,cupido,fisicuturismo,pisco,2020,coquimbo,comiccon,chile,valledeelqui,outfits,newlook,papayas,patiperros,,,,,,,,,
40,pisqulondon,soho,vegetarian,lunch,pisco,wine,londonrestaurants,peruvianrestaurant,ceviche,glutenfree,dinner,fitzrovia,vegan,london,foodie,perufood,,,,,,,,,,,,,,,
41,stone_age_minerals,,,,,,,,,,,,,,,,,,,,,,,,,,,,,,
42,piscocompanytics,piscocompanytics,programafunerario,formacion,neiva,remanso2020,softwarefunerario,clientes,convencion,masquefunerario,sectorfunerario,confianza,innovacionfuneraria,containersfunebres,comerciales,pisco,sistemafunerario,corporemanso,contenedordecremacion,,,,,,,,,,,,
43,bairesdrunk,partyeveryday,whisky,licores,tragos,vinos,party,bebidas,vodka,gin,distribuidoradebebidas,juntada,aperitivos,absenta,cervezas,coniac,wine,amigos,beer,previa,tequila,ron,ramosmejia,barras,stockeate,pisco,whiskey,bairesdrunk,fiesta,,
44,piscoperrin,instadog,amigosdecuatropatas,conmihumana,swet,littlepoodle,ojosperrunos,ojos,pequeperro,miradasperrunas,peluche,amiguis,piscoperro,littledog,withmyhuman,bestfriend,littlefriend,dog,perritos,poodle,dogeyes,perrodepeluchedeverdad,perro,caniche,perros,instaperro,hocicos,amigos,pisco,,
45,chmetw,goodbye,凝聚力展演空間,farewellparty,kevin,pisco,凝聚力音樂娛樂,貪婪黑洞,,,,,,,,,,,,,,,,,,,,,,,
46,yka_bar,guidemichelin,lyon,brotteaux,miraflores,carloscamino,yka,perou,ceviche,restaurantlyon,piscobar,food,pisco,peruvian,pinacolada,ykabaretceviche,bar,gastonomie,ykabar,cocktails,newtable,mirafloreslyon,restaurantetoile,peruvianfood,peru,cevichero,,,,,
47,estellita__s,peru,good,travelphotography,panamericanos2020,titicaca,travel,sony,nice,nasca,линиинаска,ica,huacachina,foto,travelling,machupicchu,перу,paracas,arequipe,playaroja,pisco,gopro,top,live,likeforlike,look,lima,nasko,мачупикчу,,
48,promperu_paris,,,,,,,,,,,,,,,,,,,,,,,,,,,,,,
49,__cute_creations__,latinamericanfood,weekendsaremyfav,yum,piscosour,itsfringetime,adelaidefringe2020,pisco,latinos,,,,,,,,,,,,,,,,,,,,,,
50,sapabeirut on Instag,pisco,piscocinco,dontcompromise,sapabeirut,,,,,,,,,,,,,,,,,,,,,,,,,,
51,ristorantemitierra,,,,,,,,,,,,,,,,,,,,,,,,,,,,,,
52,highproofpreacher,highproofpreacher,,,,,,,,,,,,,,,,,,,,,,,,,,,,,
53,aboutdrinksandbars,,,,,,,,,,,,,,,,,,,,,,,,,,,,,,
54,cheerstohappyhour,,,,,,,,,,,,,,,,,,,,,,,,,,,,,,
55,enigmaperu,,,,,,,,,,,,,,,,,,,,,,,,,,,,,,
56,barman_academy,pisco,,,,,,,,,,,,,,,,,,,,,,,,,,,,,
57,cheerstohappyhour,,,,,,,,,,,,,,,,,,,,,,,,,,,,,,
58,davidlebovitz,pisco,paris,bar,bluepeaflower,drinkingfrench,cocktail,citron,,,,,,,,,,,,,,,,,,,,,,,
59,cheerstohappyhour,,,,,,,,,,,,,,,,,,,,,,,,,,,,,,
60,lu_tenderness,,,,,,,,,,,,,,,,,,,,,,,,,,,,,,
61,orhan.theworldtravel,theworldtraveler,limaperu,peru,globetrotters,travelphotography,pisco,totravelistolive,lima,piscosour,travelperu,traveltheworld,,,,,,,,,,,,,,,,,,,
62,fotolateando,lagunamoron,pisco,verano,ica,naturaleza,peru,nature,desierto,huacachina,oasis,desert,summer,sanclemente,vida,laguna,dunas,,,,,,,,,,,,,,
63,lindacancino8 on Ins,paracasperu,instagood,photooftheday,worldheritage,culturetravel,cultura,amazing,bestintravel,culture,temple,culturetrip,peru,perutherichestcountry,chile,inca,machupicchuperu,instagram,dunas,dunes,incaruins,descubreteenperu,machupichu,travel,travelgram,pisco,instatravel,visitperu,naturaleza,,
64,flor.qc,,,,,,,,,,,,,,,,,,,,,,,,,,,,,,
65,botilleriadelivery,snacks,delivery,beer,santiagochile,cigarros,pisco,licores,smoke,cervezaadomicilio,vodka,tequila,ron,copete,manuelmontt,express,espumantes,cervezas,whisky,carrete,cocteles🍹🍹🍹,botilleria,party,vino,destilados,cervezaartesanal,chile,melancé,bebidas,,
66,sportperuano,peruanosenchile,lima,cusco,peruanosenmiami,piscosour,el10delacallepronto🎥🍿🍫,peruanosenrusia,peruanosenusa,arribaperú,peruanos,peruanosenelmundo,vamosperú,pisco,peruvianontour,perú,peruanosporelmundo,contigoselección,machupicchu,vamospormas,contigoperu,moscowrussia,,,,,,,,,
67,caffeprincipebra,caffeprincipe,pisco,uve,mixologist,distillate,haciendaofsantacruzdelanchas,acqua,piscococktails,cocktail,succo,vigne,1615,mixologyart,mixology,distillation,fragranza,distillazione,piscococktail,uva,lima,caffeprincipebra,cocktailporn,distillato,,,,,,,
68,gemelas.boutique,pisco,love,loveperu,sonrie,amor,felizsabado,trujilloperu,exitos,verano2020,limaperu,lima,instaperu,felizfindesemana,nuevochimbote,upao,trujillo,igerspiura,frasesmotivadoras,igerstrujillo,smile,peru,piuraperu,piura,feliz,positiva,arequipaperu,,,,
69,mostoverde_tokyo,プレミアムピスコ,viñasdeoro,バーテンダー,ピスコサワー,スピリッツ,pisco,カクテル,ピスコ,静岡洋食器,第5のスピリッツ,,,,,,,,,,,,,,,,,,,,
70,reichertpatrick7,strasbourgstreetart,urbexalsace,urbexfrance,pisco,,,,,,,,,,,,,,,,,,,,,,,,,,
71,kcoret,stargate,coquimbo,outfits,valledeelqui,gay,patiperros,camasdecuarzo,gym,chile,cupido,fit,papayas,comiccon,2020,viaje,fisicuturismo,degustaciones,newlook,astronomia,superman,pisco,,,,,,,,,
72,pisqulondon,vegan,london,pisco,fitzrovia,londonrestaurants,peruvianrestaurant,glutenfree,dinner,perufood,soho,foodie,wine,ceviche,vegetarian,lunch,,,,,,,,,,,,,,,
73,stone_age_minerals,,,,,,,,,,,,,,,,,,,,,,,,,,,,,,
74,piscocompanytics,comerciales,corporemanso,confianza,formacion,sistemafunerario,piscocompanytics,sectorfunerario,clientes,softwarefunerario,pisco,neiva,masquefunerario,remanso2020,programafunerario,contenedordecremacion,convencion,containersfunebres,innovacionfuneraria,,,,,,,,,,,,
75,bairesdrunk,tragos,stockeate,beer,absenta,bairesdrunk,amigos,ron,party,juntada,cervezas,whisky,barras,distribuidoradebebidas,bebidas,coniac,whiskey,ramosmejia,aperitivos,previa,wine,vinos,pisco,fiesta,vodka,gin,partyeveryday,tequila,licores,,
76,piscoperrin,amigosdecuatropatas,pisco,perros,miradasperrunas,amiguis,withmyhuman,perritos,bestfriend,pequeperro,caniche,dog,littledog,peluche,hocicos,instadog,perrodepeluchedeverdad,perro,instaperro,conmihumana,ojos,piscoperro,poodle,littlefriend,ojosperrunos,dogeyes,littlepoodle,swet,amigos,,
77,chmetw,goodbye,凝聚力音樂娛樂,kevin,凝聚力展演空間,貪婪黑洞,farewellparty,pisco,,,,,,,,,,,,,,,,,,,,,,,
78,yka_bar,cocktails,bar,peruvianfood,cevichero,restaurantlyon,perou,guidemichelin,lyon,ykabaretceviche,ceviche,miraflores,pisco,mirafloreslyon,newtable,peru,gastonomie,food,piscobar,ykabar,carloscamino,restaurantetoile,yka,brotteaux,peruvian,pinacolada,,,,,
79,estellita__s,nice,gopro,мачупикчу,good,sony,titicaca,travel,look,playaroja,перу,ica,huacachina,nasca,lima,foto,likeforlike,peru,machupicchu,paracas,travelphotography,линиинаска,nasko,panamericanos2020,top,pisco,live,travelling,arequipe,,
80,promperu_paris,,,,,,,,,,,,,,,,,,,,,,,,,,,,,,
81,__cute_creations__,pisco,piscosour,latinos,adelaidefringe2020,itsfringetime,yum,latinamericanfood,weekendsaremyfav,,,,,,,,,,,,,,,,,,,,,,
82,sapabeirut on Instag,dontcompromise,pisco,piscocinco,sapabeirut,,,,,,,,,,,,,,,,,,,,,,,,,,
83,ristorantemitierra,,,,,,,,,,,,,,,,,,,,,,,,,,,,,,
84,souling_bar,karaoke,bailoteo,ron,happyhour,soulingbar,vodka,pisco,cubetazoversus,whisky,ambienteclimatizado,cubetazowhiskys,cubetazopremium,,,,,,,,,,,,,,,,,,
85,misterashantifood,spaghetti,shop,fashion,sun,ashantigalleria,misterashantifood,food,breakfast,biclazio,ashantiroma,pastis,rome,roma,menstyle,misterashanti,sugo,bionda,foodporn,ashantizzati,holiday,luxury,italy,gentlemanlife,pisco,viadelboschetto,pasta,luxuryservice,style,madeinitaly,cibo
86,bar_supernova,sarcay,横浜バー,pisco,barsupernova,関内バー,バースーパーノヴァ,,,,,,,,,,,,,,,,,,,,,,,,
87,saskiawensink,neon,fridaynightlights,roses,pisco,,,,,,,,,,,,,,,,,,,,,,,,,,
88,pucarapisco,pucarapisco,pisco,nopisconoparty,itspiscotime,chilcano,cocktails,,,,,,,,,,,,,,,,,,,,,,,,
89,goldilocksrooftopbar,hibisco,cocktailbar,cocktails,melbournebars,cocktail,goldilocksmelbourne,hibiscus,justright,spanish,rooftopbar,melbournecbd,craftbeer,melbournelife,melbourne,piscola,goldilocksrooftopbar,melbournerooftop,pisco,,,,,,,,,,,,
90,mauricio_g1,getoutthere,pisco,reñaca,wintervacation,homeland,vino,pasteldechoclo,chile,moe80,,,,,,,,,,,,,,,,,,,,,
91,marianna.surfwtheflo,lifeisart,tastes,black,patterns,pisco,vibes,doha,arabic,peru,,,,,,,,,,,,,,,,,,,,,
92,emerge_fest,揺らぎ,pisco,拍謝少年,paranoidvoid,brokenbythescream,1976,還有高鐵套票,有安杏果,早鳥票,agefactory,sexmachineguns,obsess,lampinterren,sheherherhers,早割チケット,脫拉庫,soldout,cy8er,toconoma,全部soldout,體熊專科,thetelephones,3月1號預售開賣,the冠,康士坦的變化球,魏嘉瑩,,,,
93,suhaib__shakz,kasautiizindagiikay2,travelblogger,catsofinstagram,instadaily,dogsofinstagram,fashiondesigner,throwback,beautifuldestinations,malteseofinstagram,keralawedding,pico,kasa,fashionphotography,bachelor,kochigram,quotes,myprincess,kas,vintage,daysoff,parakeet,daily,dance,starbucks,pisco,nova,explore,kochidairies,kochi,days
94,shinyonemura,ペルー人おなべ,バーピスコ,lush好き,bar,静岡おなべ,米村,ftm,静岡葵区紺屋町クニヨシビル7階,外人,pisco,しんちゃんでした,おなべ,外国人オナベ,,,,,,,,,,,,,,,,,
95,trestrancas,pisco,piscosour,piscoperuano,trestrancas,peru,piscoperu,,,,,,,,,,,,,,,,,,,,,,,,
96,highproofpreacher,highproofpreacher,,,,,,,,,,,,,,,,,,,,,,,,,,,,,
97,aboutdrinksandbars,,,,,,,,,,,,,,,,,,,,,,,,,,,,,,
98,cheerstohappyhour,,,,,,,,,,,,,,,,,,,,,,,,,,,,,,
99,enigmaperu,,,,,,,,,,,,,,,,,,,,,,,,,,,,,,
100,barman_academy,pisco,,,,,,,,,,,,,,,,,,,,,,,,,,,,,
101,cheerstohappyhour,,,,,,,,,,,,,,,,,,,,,,,,,,,,,,
102,davidlebovitz,paris,bar,citron,drinkingfrench,bluepeaflower,cocktail,pisco,,,,,,,,,,,,,,,,,,,,,,,
103,cheerstohappyhour,,,,,,,,,,,,,,,,,,,,,,,,,,,,,,
104,sportperuano,peruanosenmiami,peruanosenelmundo,peruanosenchile,pisco,lima,cusco,peruanosenrusia,contigoselección,perú,contigoperu,arribaperú,peruanosporelmundo,peruanos,el10delacallepronto🎥🍿🍫,vamospormas,moscowrussia,machupicchu,vamosperú,peruvianontour,piscosour,peruanosenusa,,,,,,,,,
105,caffeprincipebra,distillation,piscococktails,distillate,caffeprincipebra,1615,lima,fragranza,cocktailporn,haciendaofsantacruzdelanchas,distillazione,acqua,uve,cocktail,mixologist,pisco,vigne,caffeprincipe,mixology,piscococktail,uva,mixologyart,distillato,succo,,,,,,,
106,gemelas.boutique,felizsabado,arequipaperu,piura,smile,trujilloperu,lima,piuraperu,igerspiura,peru,loveperu,upao,exitos,instaperu,igerstrujillo,pisco,felizfindesemana,love,amor,trujillo,frasesmotivadoras,nuevochimbote,feliz,limaperu,positiva,sonrie,verano2020,,,,
107,mostoverde_tokyo,カクテル,静岡洋食器,スピリッツ,バーテンダー,pisco,ピスコサワー,viñasdeoro,第5のスピリッツ,ピスコ,プレミアムピスコ,,,,,,,,,,,,,,,,,,,,
108,reichertpatrick7,pisco,strasbourgstreetart,urbexfrance,urbexalsace,,,,,,,,,,,,,,,,,,,,,,,,,,
109,kcoret,gay,fisicuturismo,patiperros,comiccon,astronomia,2020,valledeelqui,degustaciones,newlook,camasdecuarzo,cupido,fit,viaje,gym,papayas,superman,coquimbo,outfits,stargate,pisco,chile,,,,,,,,,
110,pisqulondon,lunch,vegetarian,wine,london,soho,vegan,pisco,fitzrovia,ceviche,foodie,dinner,londonrestaurants,peruvianrestaurant,glutenfree,perufood,,,,,,,,,,,,,,,
111,stone_age_minerals,,,,,,,,,,,,,,,,,,,,,,,,,,,,,,
112,piscocompanytics,formacion,programafunerario,containersfunebres,innovacionfuneraria,comerciales,sistemafunerario,clientes,convencion,pisco,contenedordecremacion,remanso2020,confianza,sectorfunerario,piscocompanytics,masquefunerario,corporemanso,neiva,softwarefunerario,,,,,,,,,,,,
113,bairesdrunk,vinos,licores,vodka,whiskey,beer,juntada,gin,cervezas,tequila,bairesdrunk,absenta,pisco,bebidas,wine,fiesta,party,previa,amigos,ron,partyeveryday,aperitivos,stockeate,barras,whisky,distribuidoradebebidas,coniac,ramosmejia,tragos,,
114,piscoperrin,piscoperro,littlefriend,dog,perrodepeluchedeverdad,hocicos,instadog,littledog,pequeperro,amigosdecuatropatas,conmihumana,instaperro,ojosperrunos,miradasperrunas,perro,peluche,caniche,dogeyes,withmyhuman,ojos,perros,littlepoodle,perritos,bestfriend,swet,poodle,amigos,amiguis,pisco,,
115,chmetw,凝聚力音樂娛樂,凝聚力展演空間,farewellparty,kevin,貪婪黑洞,goodbye,pisco,,,,,,,,,,,,,,,,,,,,,,,
116,yka_bar,mirafloreslyon,food,peruvian,cevichero,pinacolada,cocktails,newtable,guidemichelin,ykabar,bar,restaurantetoile,peruvianfood,brotteaux,yka,piscobar,gastonomie,ceviche,peru,perou,pisco,miraflores,ykabaretceviche,carloscamino,lyon,restaurantlyon,,,,,
117,estellita__s,foto,travelphotography,линиинаска,nice,sony,look,peru,machupicchu,good,ica,pisco,top,gopro,playaroja,titicaca,huacachina,nasca,arequipe,перу,мачупикчу,panamericanos2020,likeforlike,nasko,lima,travelling,live,travel,paracas,,
118,promperu_paris,,,,,,,,,,,,,,,,,,,,,,,,,,,,,,
119,__cute_creations__,piscosour,itsfringetime,latinos,pisco,weekendsaremyfav,yum,latinamericanfood,adelaidefringe2020,,,,,,,,,,,,,,,,,,,,,,
120,sapabeirut on Instag,piscocinco,dontcompromise,sapabeirut,pisco,,,,,,,,,,,,,,,,,,,,,,,,,,
121,ristorantemitierra,,,,,,,,,,,,,,,,,,,,,,,,,,,,,,
122,souling_bar,cubetazopremium,ambienteclimatizado,cubetazoversus,ron,soulingbar,vodka,bailoteo,happyhour,pisco,cubetazowhiskys,karaoke,whisky,,,,,,,,,,,,,,,,,,
123,misterashantifood,ashantizzati,madeinitaly,luxury,bionda,sun,food,foodporn,ashantiroma,fashion,misterashanti,ashantigalleria,pasta,spaghetti,luxuryservice,misterashantifood,breakfast,style,italy,pastis,gentlemanlife,biclazio,menstyle,rome,sugo,holiday,shop,pisco,cibo,roma,viadelboschetto
124,bar_supernova,sarcay,barsupernova,バースーパーノヴァ,pisco,横浜バー,関内バー,,,,,,,,,,,,,,,,,,,,,,,,
125,saskiawensink,roses,neon,fridaynightlights,pisco,,,,,,,,,,,,,,,,,,,,,,,,,,
126,pucarapisco,nopisconoparty,pisco,pucarapisco,itspiscotime,chilcano,cocktails,,,,,,,,,,,,,,,,,,,,,,,,
127,goldilocksrooftopbar,spanish,justright,melbournecbd,hibisco,rooftopbar,melbourne,cocktail,piscola,melbournebars,craftbeer,melbournelife,cocktailbar,goldilocksrooftopbar,goldilocksmelbourne,melbournerooftop,pisco,cocktails,hibiscus,,,,,,,,,,,,
128,mauricio_g1,reñaca,getoutthere,wintervacation,vino,pisco,moe80,pasteldechoclo,chile,homeland,,,,,,,,,,,,,,,,,,,,,
129,marianna.surfwtheflo,pisco,patterns,doha,arabic,tastes,black,lifeisart,peru,vibes,,,,,,,,,,,,,,,,,,,,,
130,emerge_fest,魏嘉瑩,還有高鐵套票,paranoidvoid,sheherherhers,全部soldout,lampinterren,thetelephones,早割チケット,脫拉庫,體熊專科,obsess,1976,cy8er,揺らぎ,brokenbythescream,早鳥票,agefactory,3月1號預售開賣,toconoma,有安杏果,康士坦的變化球,拍謝少年,the冠,pisco,soldout,sexmachineguns,,,,
131,suhaib__shakz,daysoff,kas,daily,dogsofinstagram,beautifuldestinations,instadaily,bachelor,fashionphotography,explore,quotes,dance,kasautiizindagiikay2,pico,parakeet,kochigram,keralawedding,myprincess,starbucks,vintage,kochidairies,catsofinstagram,nova,kochi,kasa,travelblogger,malteseofinstagram,pisco,days,fashiondesigner,throwback
132,shinyonemura,静岡おなべ,lush好き,米村,おなべ,bar,外国人オナベ,ペルー人おなべ,しんちゃんでした,バーピスコ,外人,pisco,静岡葵区紺屋町クニヨシビル7階,ftm,,,,,,,,,,,,,,,,,
133,trestrancas,piscoperu,trestrancas,piscosour,pisco,peru,piscoperuano,,,,,,,,,,,,,,,,,,,,,,,,
134,trestrancas,trestrancas,peru,piscoperuano,pisco,piscosour,,,,,,,,,,,,,,,,,,,,,,,,,
135,trestrancas,pisco,peru,lima,trestrancas,,,,,,,,,,,,,,,,,,,,,,,,,,
136,trestrancas,pisco,trestrancas,,,,,,,,,,,,,,,,,,,,,,,,,,,,
137,restaurante_tres_gen,cocinaperuana,lomosaltado,pisco,chefperuano,papasfritas,tresgeneracioneschile,fries,ceviche,,,,,,,,,,,,,,,,,,,,,,
138,nikkei_sydney,surryhills,worldmargaritaday,peruvianjapanese,sydneybars,cocktails,australianproduce,japaneseperuvian,peruvianpisco,nikkei,pisco,japanese,peruvian,piscococktails,sydneyrestaurants,nikkeisydney,nikkeicuisine,newrestaurants,nikkeibar,nikkeifood,,,,,,,,,,,
139,memestibles,followme,playa,navidad,chile,verano,chilememes,futbol,instasantiago,ron,badluck,lol,viernes,naturaleza,hailgrasa,hangover,sabado,like4like,thesimpsons,chilegram,party,memeschilenos,pisco,memes,viajes,memesespañol,daddyyankee,instaviña,carrete,memasos,vacaciones
140,five.twelve.four,alcohol,imbibegram,anchoreyes,cilantro,pisco,drinkgram,cocktailporn,cocktails,instadrink,mixology,refreshing,cocktail,muddled,mojito,imbibe,instadrinks,pineapple,soda,drinks,drinkpic,drink,brandy,,,,,,,,
141,hotelmelialima,cool,febrero,mascara,cerveza,lima,bar,colegas,amigos,musica,pisco,antifaz,party,fiesta,bebidas,dj,carnavales,gin,diversion,bestoftheday,happyhour,oficina,baile,carnavales2020,melialima,igerslima,globos,,,,
142,barrio_sunset on Ins,instavalpo,pisco,sunset,melon,valpo,chela,instagram,barrio,instavalparaiso,cerveza,barriosunset,friends,vino,melonconvino,valparaiso,chile,piscola,amigos,,,,,,,,,,,,
143,pisco_sps,pisco,platillo,peru,sps,honduras,delicioso,camarones,,,,,,,,,,,,,,,,,,,,,,,
144,kkrysttlll on Instag,newyork,tiffany,pisco,kaws,latepost,,,,,,,,,,,,,,,,,,,,,,,,,
145,densopalimpsesto,wine,pisco,,,,,,,,,,,,,,,,,,,,,,,,,,,,
146,highproofpreacher,highproofpreacher,,,,,,,,,,,,,,,,,,,,,,,,,,,,,
147,aboutdrinksandbars,,,,,,,,,,,,,,,,,,,,,,,,,,,,,,
148,cheerstohappyhour,,,,,,,,,,,,,,,,,,,,,,,,,,,,,,
149,enigmaperu,,,,,,,,,,,,,,,,,,,,,,,,,,,,,,
150,barman_academy,pisco,,,,,,,,,,,,,,,,,,,,,,,,,,,,,
151,cheerstohappyhour,,,,,,,,,,,,,,,,,,,,,,,,,,,,,,
152,davidlebovitz,paris,citron,cocktail,bluepeaflower,bar,drinkingfrench,pisco,,,,,,,,,,,,,,,,,,,,,,,
153,cheerstohappyhour,,,,,,,,,,,,,,,,,,,,,,,,,,,,,,
154,yka_bar,mirafloreslyon,pisco,miraflores,restaurantetoile,yka,food,pinacolada,ykabaretceviche,carloscamino,ykabar,gastonomie,piscobar,cocktails,lyon,peru,perou,bar,peruvianfood,guidemichelin,peruvian,restaurantlyon,brotteaux,newtable,ceviche,cevichero,,,,,
155,estellita__s,travelling,линиинаска,titicaca,paracas,nasca,nasko,lima,good,live,peru,huacachina,pisco,gopro,перу,top,foto,travelphotography,мачупикчу,likeforlike,machupicchu,travel,panamericanos2020,playaroja,arequipe,sony,look,ica,nice,,
156,promperu_paris,,,,,,,,,,,,,,,,,,,,,,,,,,,,,,
157,__cute_creations__,piscosour,adelaidefringe2020,weekendsaremyfav,pisco,latinamericanfood,itsfringetime,latinos,yum,,,,,,,,,,,,,,,,,,,,,,
158,sapabeirut on Instag,piscocinco,pisco,sapabeirut,dontcompromise,,,,,,,,,,,,,,,,,,,,,,,,,,
159,ristorantemitierra,,,,,,,,,,,,,,,,,,,,,,,,,,,,,,
160,souling_bar,cubetazoversus,ambienteclimatizado,pisco,karaoke,happyhour,cubetazopremium,cubetazowhiskys,soulingbar,vodka,bailoteo,whisky,ron,,,,,,,,,,,,,,,,,,
161,misterashantifood,pastis,misterashantifood,misterashanti,pasta,foodporn,roma,food,breakfast,ashantiroma,shop,menstyle,sun,luxury,rome,ashantizzati,spaghetti,ashantigalleria,viadelboschetto,cibo,gentlemanlife,holiday,biclazio,pisco,style,luxuryservice,madeinitaly,fashion,bionda,sugo,italy
162,bar_supernova,pisco,sarcay,バースーパーノヴァ,barsupernova,関内バー,横浜バー,,,,,,,,,,,,,,,,,,,,,,,,
163,saskiawensink,fridaynightlights,neon,pisco,roses,,,,,,,,,,,,,,,,,,,,,,,,,,
164,pucarapisco,nopisconoparty,chilcano,itspiscotime,pucarapisco,cocktails,pisco,,,,,,,,,,,,,,,,,,,,,,,,
165,goldilocksrooftopbar,rooftopbar,melbournebars,goldilocksrooftopbar,craftbeer,justright,hibiscus,hibisco,cocktailbar,pisco,melbournecbd,goldilocksmelbourne,melbourne,melbournerooftop,cocktail,cocktails,spanish,piscola,melbournelife,,,,,,,,,,,,
166,mauricio_g1,moe80,chile,getoutthere,pasteldechoclo,homeland,vino,pisco,reñaca,wintervacation,,,,,,,,,,,,,,,,,,,,,
167,marianna.surfwtheflo,doha,pisco,arabic,tastes,peru,vibes,black,patterns,lifeisart,,,,,,,,,,,,,,,,,,,,,
168,emerge_fest,康士坦的變化球,soldout,揺らぎ,3月1號預售開賣,obsess,lampinterren,拍謝少年,早鳥票,brokenbythescream,pisco,脫拉庫,1976,sexmachineguns,toconoma,還有高鐵套票,agefactory,cy8er,體熊專科,paranoidvoid,魏嘉瑩,thetelephones,全部soldout,the冠,sheherherhers,有安杏果,早割チケット,,,,
169,suhaib__shakz,nova,parakeet,kas,kochidairies,throwback,travelblogger,bachelor,days,instadaily,daysoff,fashiondesigner,daily,myprincess,dogsofinstagram,fashionphotography,pisco,explore,beautifuldestinations,kochigram,kochi,catsofinstagram,quotes,vintage,keralawedding,kasautiizindagiikay2,pico,starbucks,kasa,dance,malteseofinstagram
170,shinyonemura,ftm,バーピスコ,pisco,bar,ペルー人おなべ,静岡葵区紺屋町クニヨシビル7階,米村,しんちゃんでした,外国人オナベ,外人,静岡おなべ,おなべ,lush好き,,,,,,,,,,,,,,,,,
171,trestrancas,trestrancas,pisco,peru,piscoperuano,piscoperu,piscosour,,,,,,,,,,,,,,,,,,,,,,,,
172,trestrancas,piscoperuano,pisco,peru,trestrancas,piscosour,,,,,,,,,,,,,,,,,,,,,,,,,
173,trestrancas,lima,trestrancas,peru,pisco,,,,,,,,,,,,,,,,,,,,,,,,,,
174,trestrancas,trestrancas,pisco,,,,,,,,,,,,,,,,,,,,,,,,,,,,
175,restaurante_tres_gen,ceviche,papasfritas,tresgeneracioneschile,cocinaperuana,chefperuano,lomosaltado,fries,pisco,,,,,,,,,,,,,,,,,,,,,,
176,nikkei_sydney,japanese,cocktails,australianproduce,worldmargaritaday,peruvianjapanese,nikkei,piscococktails,sydneybars,nikkeibar,surryhills,sydneyrestaurants,peruvian,peruvianpisco,nikkeisydney,newrestaurants,nikkeicuisine,japaneseperuvian,pisco,nikkeifood,,,,,,,,,,,
177,memestibles,viajes,thesimpsons,memesespañol,like4like,followme,chile,badluck,playa,naturaleza,carrete,memes,vacaciones,lol,sabado,memasos,navidad,chilememes,instasantiago,ron,chilegram,futbol,memeschilenos,pisco,instaviña,verano,daddyyankee,party,hangover,hailgrasa,viernes
178,five.twelve.four,pineapple,soda,alcohol,anchoreyes,brandy,mixology,mojito,instadrink,drinkgram,refreshing,muddled,drinkpic,drink,cocktails,drinks,cocktailporn,instadrinks,pisco,cilantro,imbibe,cocktail,imbibegram,,,,,,,,
179,hotelmelialima,oficina,diversion,baile,gin,bestoftheday,cerveza,melialima,happyhour,dj,lima,mascara,globos,bar,fiesta,antifaz,colegas,musica,carnavales2020,igerslima,amigos,bebidas,carnavales,cool,pisco,party,febrero,,,,
180,barrio_sunset on Ins,pisco,instavalparaiso,piscola,chile,amigos,chela,friends,valparaiso,barriosunset,valpo,instagram,instavalpo,melon,vino,cerveza,sunset,melonconvino,barrio,,,,,,,,,,,,
181,pisco_sps,peru,honduras,pisco,sps,camarones,platillo,delicioso,,,,,,,,,,,,,,,,,,,,,,,
182,kkrysttlll on Instag,tiffany,latepost,pisco,kaws,newyork,,,,,,,,,,,,,,,,,,,,,,,,,
183,densopalimpsesto,wine,pisco,,,,,,,,,,,,,,,,,,,,,,,,,,,,
184,licoreriablackandwhi,peru,vivaperu,promo,johnniewalkerbluelabel,chincha,30,delivery,licor,johnniewalker,licorería,licores,whisky,licoreriablackandwhite,pisco,viernes,,,,,,,,,,,,,,,
185,pamov,peru,love,vacation,partnerincrime,ica,familia,pisco,familyfirst,travel,vacaciones,vacationmode,viajes,vino,,,,,,,,,,,,,,,,,
186,licoreselgitano,piscoperuano,vino,whiskey,whisky,wine,licores,follow,food,oldparr,smile,like,gitanofertas,love,ron,instalike,f4f,pisco,beautiful,like4like,followme,picoftheday,instagood,fashion,jhonnywalker,,,,,,
187,losmuroshablan_uy,artlovers,colores,artist,pisco,artsy,photo,cultura,piscoelqui,painting,pintura,photography,igers,streetart,chile,graffiti,urbanart,arte,mural,art,colors,artecallejero,,,,,,,,,
188,bolivarrestobar,vodka,bolivarrestobar,afteroffice,pisco,instadrink,igersperu,restobar,lima,laverdaderacatedraldelpiscosour,,,,,,,,,,,,,,,,,,,,,
189,diablopiscobar,friendsnotfood,foodhi,peruvianfood,sydneyeats,meatfree,plantbaseddrinks,diablopiscobar,vegan,vegansinaustralia,piscobar,sydneyvegans,newtownsydney,whatveganseat,dairyfree,shareplantbased,sydneybars,plantbased,lagerita,govegan,nationalmargaritaday,callerey,sydneyveganguide,pisco,vegantacos,crueltyfree,plantbasedliving,veganfoodshare,cocktails,,
190,adalmarquezbartender,cocktail,follower,art,bartender,lima,black,photooftheday,shooting,tweegram,follow,picoftheday,bcn,pisco,followme,s4s,drinkporn,tagsforlikes,r4r,instagramer,white,instapic,ootd,instafollow,editorial,instadaily,peru,f4f,drinks,,
191,emerge_fest,the冠,sheherherhers,obsess,cy8er,sexmachineguns,thetelephones,agefactory,brokenbythescream,1976,早鳥完售,揺らぎ,pisco,拍謝少年,3月1日預售票和高鐵套票開賣,lampinterren,體熊專科,toconoma,康士坦的變化球,脫拉庫,soldout,paranoidvoid,魏嘉瑩,有安杏果,,,,,,,
192,el_mercadito_dresden,pisco,cerveza,cafedecolombia,molepoblano,yerbamate,ajiamarilloperuano,,,,,,,,,,,,,,,,,,,,,,,,
