,0,1,2,3,4,5,6,7,8,9,10,11,12,13,14,15,16,17,18,19,20,21,22,23,24,25,26,27,28,29,30
0,chpaulus,fridayryeday,,,,,,,,,,,,,,,,,,,,,,,,,,,,,
1,subourbia,snowday❄️,whisky,snow,blendedryewhiskey,rye,highwestdistillery,atlanta,ryewhiskey,highwestwhiskey,bourbon,snowphoto,whiskey,midnightwintersdram,,,,,,,,,,,,,,,,,
2,bourbonlens,bedandbreakfast,sandiego,flights,kentuckyowl,f,whisky,kentuckystraightbourbon,kentuckyowlrye,blendedwhisky,bourbon,travel,rye,kentuckystraightbourbonwhiskey,ryewhisky,hotel,product,harrodsburgky,ryewhiskey,kentuckyowlbourbon,kentucky,whiskey,,,,,,,,,
3,sparklebunnies,,,,,,,,,,,,,,,,,,,,,,,,,,,,,,
4,drinkingcaveman,americansinglemalt,whisky,utah,rye,utahwhiskey,whiskys,americanwhisky,whiskey,whiskybusiness,singlemaltwhskey,drinkhighwest,whiskybottle,whiskylover,highwest,instamalt,whiskyphotography,highwestcampfire,rainbowinthebottle,highwestwhiskey,campfiresmoke,slaintemhath,dramming,smokywhiskey,instadram,ryewhiskey,,,,,
5,maxdramage on Instag,bourbon,whiskey,rye,whiskeywednesday,highwestwednesday,highwestwhiskey,highwestdistillery,jackalope,ryewhiskey,portfinish,americanprairiebourbon,limitedrelease,parkcity,bourye,whiskeygram,blendedwhiskey,whiskeylover,utahwhiskey,midwinternightsdram,,,,,,,,,,,
6,apartment_bartender,,,,,,,,,,,,,,,,,,,,,,,,,,,,,,
7,seandrinksbourbon,whiskeyoftheday,ryewhiskey,drinkhighwest,thebourbonleague,whiskey,dram,whiskeylover,highwestdistillery,delicious,dramgood,seandrinkswhiskey,act6scene3,straightryewhiskey,drinks,whiskeyporn,amidwinternightsdram,whiskeylife,whiskeygram,,,,,,,,,,,,
8,whiskeywithwhiskey,bottlekill,bourbon,whiskeygram,pewpew,dram,thebourbonalliance,rye,alcohol,ryewhiskey,whiskeythedog,bourbonhunting,michterswhiskey,whiskey,whiskeycommunity,targetpractice,michtersrye,thebourbonleague,,,,,,,,,,,,,
9,_this_is_me_randy,whiskeylover,neat,ryewhiskey,whiskey,whiskeycollection,bourboncollection,kentucky,kentuckybrownwater,whiskeybourbon,glencairn,woodfordreserve,woodford,brownwater,whisky,rye,whiskeytasting,dram,whiskeygram,whiskeytribe,whiskeyporn,,,,,,,,,,
10,lilo_vape,whiskyporn,whiskeygram,miniliquor,minialcohol,drinksofinstagram,minibottle,whiskyminiature,whiskytasting,whiskygeek,miniaturebottles,instawhiskey,allaboutwhisky,miniwhiskey,minicollector,smallbottles,drinkporn,whisky,jackdaniels,ryewhiskey,minibottlecollection,5cl,whiskeylover,50ml,miniature,whiskeydrinker,,,,,
11,beveragepix,whiskey,bourbonlover,whiskeyporn,whiskyporn,stogie,stogielife,cigarlife,cocktail,whisky,whiskeygram,friday,cigar,thebourbonalliance,bourbons,thirsty,beveragepix,bourbonwhiskey,cigaraficionado,thebourbonleague,whiskeylover,cigarporn,cigars,ryewhiskey,bourbonporn,rye,friyay,whiskygram,bourbongram,bourbon,
12,whiskey.p.washington,instawhiskey,whiskeyontherocks,whistlepig,cigarsandwhiskey,cigarsandwhiskeys,whiskeyshots,whiskeybar,whiskeylife,ryewhiskey,whiskeygram,drinkwhiskey,bourbonwhiskey,whiskeybarrel,,,,,,,,,,,,,,,,,
13,danthebourbonman,bourbon,latenight,latergram,mixologist,wellerbourbon,blantonsbourbon,nightcap,homebar,homebartender,smallbatch,leftorright,latepost,weller,limitededition,whiskeygram,ryewhiskey,blantons,singlebarrel,buffalotracedistillery,late,topshelf,rye,cocktails,gold,latenightthoughts,whisky,pillowtalk,drinkstagram,whiskey,buffalotrace
14,josephamberik,oldforester,fryeday,ryewhiskey,whiskeyneat,,,,,,,,,,,,,,,,,,,,,,,,,,
15,bourbon_drinking_pit,sendmorenaan,indianfood,lambcurry,tikkamasala,tandoori,kentuckyrye,ryewhiskey,honeywine,meaditnerd,,,,,,,,,,,,,,,,,,,,,
16,gm.yoshi,ryewhiskey,luv,cocktails,fridaynight,,,,,,,,,,,,,,,,,,,,,,,,,,
17,il_whiskey_dave,michterswhiskey,whiskey,bourbonwhiskey,ryewhiskey,bourbonlover,cheers,bourbon,whisky,michterstoastedbarrel,bourbongram,happyfryeday,thebourbonalliance,bourbonenthusiast,michtersrye,michters,,,,,,,,,,,,,,,
18,dramgoodbourbon,sony,prohibition,drinks,dram,thankgoditsfriday,finedrams,bestoftheday,instawhisky,bourbonwhiskey,outdoors,tgif,distillery,ryewhiskey,scotch,alcohol,whisky,1920,instawhiskey,whiskeygram,lush,whiskey,friday,rye,photooftheday,oldforester,kentucky,scotchwhisky,whiskygram,bourbon,spirits
19,tnwhiskeyguy on Inst,thebourbonalliance,fryeday,whiskeyporn,merica,whiskey,rye,ryewhiskey,bourbongram,,,,,,,,,,,,,,,,,,,,,,
20,chpaulus,fridayryeday,,,,,,,,,,,,,,,,,,,,,,,,,,,,,
21,subourbia,midnightwintersdram,whiskey,whisky,highwestwhiskey,blendedryewhiskey,ryewhiskey,snowphoto,atlanta,highwestdistillery,snow,rye,snowday❄️,bourbon,,,,,,,,,,,,,,,,,
22,bourbonlens,product,harrodsburgky,travel,sandiego,ryewhisky,kentuckyowl,blendedwhisky,whiskey,kentuckyowlrye,flights,kentuckystraightbourbonwhiskey,f,kentucky,whisky,rye,bedandbreakfast,kentuckyowlbourbon,hotel,ryewhiskey,bourbon,kentuckystraightbourbon,,,,,,,,,
23,sparklebunnies,,,,,,,,,,,,,,,,,,,,,,,,,,,,,,
24,drinkingcaveman,smokywhiskey,whiskybottle,whiskys,whiskybusiness,whiskylover,americanwhisky,whiskyphotography,americansinglemalt,slaintemhath,whiskey,ryewhiskey,utah,singlemaltwhskey,dramming,campfiresmoke,highwest,rainbowinthebottle,rye,highwestwhiskey,instadram,drinkhighwest,utahwhiskey,highwestcampfire,instamalt,whisky,,,,,
25,maxdramage on Instag,americanprairiebourbon,bourbon,whiskeywednesday,rye,highwestwednesday,limitedrelease,jackalope,ryewhiskey,parkcity,blendedwhiskey,highwestdistillery,utahwhiskey,whiskeygram,midwinternightsdram,whiskey,whiskeylover,portfinish,highwestwhiskey,bourye,,,,,,,,,,,
26,apartment_bartender,,,,,,,,,,,,,,,,,,,,,,,,,,,,,,
27,seandrinksbourbon,seandrinkswhiskey,whiskeyporn,whiskeylover,thebourbonleague,delicious,whiskeylife,drinks,drinkhighwest,highwestdistillery,straightryewhiskey,whiskeygram,dramgood,ryewhiskey,whiskey,dram,amidwinternightsdram,whiskeyoftheday,act6scene3,,,,,,,,,,,,
28,whiskeywithwhiskey,targetpractice,pewpew,whiskeycommunity,dram,ryewhiskey,thebourbonleague,alcohol,bottlekill,whiskeygram,michtersrye,bourbonhunting,bourbon,whiskey,michterswhiskey,thebourbonalliance,whiskeythedog,rye,,,,,,,,,,,,,
29,_this_is_me_randy,whiskeyporn,dram,whiskey,neat,whiskeylover,rye,kentuckybrownwater,whiskeytasting,brownwater,kentucky,bourboncollection,woodfordreserve,woodford,glencairn,whiskeytribe,whiskeygram,ryewhiskey,whiskeybourbon,whiskeycollection,whisky,,,,,,,,,,
30,lilo_vape,instawhiskey,allaboutwhisky,miniaturebottles,5cl,minicollector,miniature,miniwhiskey,50ml,whisky,whiskeylover,whiskyporn,jackdaniels,drinksofinstagram,whiskytasting,smallbottles,whiskeygram,minibottle,minialcohol,ryewhiskey,whiskygeek,whiskeydrinker,drinkporn,whiskyminiature,miniliquor,minibottlecollection,,,,,
31,beveragepix,whiskey,beveragepix,stogie,bourbonwhiskey,cigaraficionado,friday,bourbon,bourbons,cigars,whiskyporn,stogielife,cigarlife,whiskeyporn,whiskeygram,friyay,whisky,rye,cigar,thirsty,bourbongram,bourbonporn,ryewhiskey,thebourbonalliance,cigarporn,whiskeylover,thebourbonleague,bourbonlover,cocktail,whiskygram,
32,whiskey.p.washington,cigarsandwhiskey,bourbonwhiskey,whiskeyontherocks,whiskeylife,ryewhiskey,cigarsandwhiskeys,whiskeyshots,drinkwhiskey,whiskeybar,whistlepig,whiskeybarrel,whiskeygram,instawhiskey,,,,,,,,,,,,,,,,,
33,danthebourbonman,gold,buffalotrace,latenightthoughts,cocktails,whiskeygram,leftorright,singlebarrel,bourbon,latergram,homebartender,ryewhiskey,whisky,limitededition,smallbatch,nightcap,wellerbourbon,blantons,weller,latepost,mixologist,buffalotracedistillery,late,homebar,drinkstagram,whiskey,blantonsbourbon,topshelf,rye,latenight,pillowtalk
34,josephamberik,whiskeyneat,fryeday,oldforester,ryewhiskey,,,,,,,,,,,,,,,,,,,,,,,,,,
35,bourbon_drinking_pit,indianfood,tikkamasala,lambcurry,ryewhiskey,tandoori,kentuckyrye,meaditnerd,honeywine,sendmorenaan,,,,,,,,,,,,,,,,,,,,,
36,gm.yoshi,cocktails,luv,fridaynight,ryewhiskey,,,,,,,,,,,,,,,,,,,,,,,,,,
37,il_whiskey_dave,bourbon,happyfryeday,ryewhiskey,bourbonlover,bourbonwhiskey,whiskey,michters,thebourbonalliance,bourbongram,michterstoastedbarrel,michterswhiskey,bourbonenthusiast,cheers,michtersrye,whisky,,,,,,,,,,,,,,,
38,dramgoodbourbon,oldforester,dram,distillery,sony,tgif,prohibition,instawhisky,whisky,instawhiskey,scotchwhisky,whiskey,bourbon,photooftheday,thankgoditsfriday,whiskygram,friday,finedrams,scotch,kentucky,1920,bourbonwhiskey,outdoors,alcohol,lush,ryewhiskey,whiskeygram,drinks,spirits,rye,bestoftheday
39,tnwhiskeyguy on Inst,rye,bourbongram,merica,fryeday,whiskeyporn,thebourbonalliance,ryewhiskey,whiskey,,,,,,,,,,,,,,,,,,,,,,
40,caskandcarryon,thebourbonalliance,ryewhiskey,wfe,rye,whiskeytribe,whiskey,willettfamilyestate,instabourbon,americanwhiskey,caskstrength,fryeday,whiskeygram,willettdistillery,,,,,,,,,,,,,,,,,
41,brownwaterbrowndog,rye,barrelproof,bourbon,whiskey,caskstrength,ryewhiskey,michters,,,,,,,,,,,,,,,,,,,,,,,
42,jasonocc,,,,,,,,,,,,,,,,,,,,,,,,,,,,,,
43,esanchez0809,ryewhiskey,smallbatch,blackmaplehillrye,whiskeylover,oregonwhiskey,oregon,blackmaplehillbourbon,dram,whiskey,imbibe,nightcap,rye,bourbon,,,,,,,,,,,,,,,,,
44,mervtones on Instagr,technics,whiskeyandvinyl,mervdrams,rabblerouser,vinyl,catoctincreek,ryewhiskey,createfromlove,marvingaye,lifeisjazz,,,,,,,,,,,,,,,,,,,,
45,mekkidc,,,,,,,,,,,,,,,,,,,,,,,,,,,,,,
46,billywjarrell,localbusiness,texaswhiskey,rye,texasproud,ryewhisky,supporttexasbusiness,whiskeybusiness,whiskey,whiskylover,texasentrepreneur,whiskeys,texas,localwhiskey,whisky,ryewhiskey,,,,,,,,,,,,,,,
47,pourboyswhiskey,kentuckybourbon,ryewhiskey,bourbon,bourbonfinds,whiskeyporn,bourbonwhiskey,walkingdeadbourbon,whiskey,whiskeybourbon,whisky,rye,,,,,,,,,,,,,,,,,,,
48,cadeedistillery,whiskeygram,deceptivusbourbonwhiskey,bourbon,whiskeycocktail,repost,weekendvibes,medusa,fridays,whiskeylife,rye,bourbonenthusiast,cascadiaryewhiskey,epicshitgin,exceptionalmaritimewhiskeys,bloodygoodgin,rarebourbon,bourbonpairing,bestbourbon,bloodygoodvodka,tastetheislanddifference,bourbonphotography,bourbondrinker,bourbonbarrel,wickedbourbonkid,ryewhiskey,thebourbonalliance,instabourbon,medusaamericanwhiskey,intriguegin,
49,sheshedspirits on In,ryewhiskey,highwestdistillery,midwinternightsdram,,,,,,,,,,,,,,,,,,,,,,,,,,,
50,iputtheericinusa,rye,michterswhiskey,bourbon,ryewhiskey,,,,,,,,,,,,,,,,,,,,,,,,,,
51,knott.john,emeraldgiantrye,ryewhiskey,redwoodempirewhiskey,happyfriday,oldfashioned,winshipsbitters,oldfashionedcocktail,cocktails,,,,,,,,,,,,,,,,,,,,,,
52,chpaulus,fridayryeday,,,,,,,,,,,,,,,,,,,,,,,,,,,,,
53,subourbia,whisky,highwestdistillery,highwestwhiskey,blendedryewhiskey,bourbon,midnightwintersdram,whiskey,ryewhiskey,snowday❄️,atlanta,rye,snow,snowphoto,,,,,,,,,,,,,,,,,
54,bourbonlens,bedandbreakfast,rye,harrodsburgky,kentuckyowlrye,ryewhiskey,ryewhisky,blendedwhisky,travel,product,f,kentucky,flights,whisky,sandiego,bourbon,kentuckyowl,hotel,kentuckyowlbourbon,whiskey,kentuckystraightbourbon,kentuckystraightbourbonwhiskey,,,,,,,,,
55,sparklebunnies,,,,,,,,,,,,,,,,,,,,,,,,,,,,,,
56,drinkingcaveman,americanwhisky,whiskybottle,campfiresmoke,whiskylover,drinkhighwest,dramming,whiskys,slaintemhath,ryewhiskey,whiskybusiness,rainbowinthebottle,highwestwhiskey,utahwhiskey,singlemaltwhskey,instadram,highwest,whiskyphotography,instamalt,whiskey,whisky,rye,smokywhiskey,americansinglemalt,utah,highwestcampfire,,,,,
57,maxdramage on Instag,rye,whiskeylover,parkcity,whiskeygram,americanprairiebourbon,whiskey,jackalope,highwestwhiskey,midwinternightsdram,utahwhiskey,highwestdistillery,ryewhiskey,whiskeywednesday,bourye,limitedrelease,portfinish,bourbon,highwestwednesday,blendedwhiskey,,,,,,,,,,,
58,apartment_bartender,,,,,,,,,,,,,,,,,,,,,,,,,,,,,,
59,seandrinksbourbon,delicious,drinkhighwest,act6scene3,whiskey,drinks,thebourbonleague,dramgood,whiskeyporn,dram,ryewhiskey,whiskeylife,whiskeygram,whiskeylover,whiskeyoftheday,amidwinternightsdram,straightryewhiskey,seandrinkswhiskey,highwestdistillery,,,,,,,,,,,,
60,whiskeywithwhiskey,alcohol,bourbon,bourbonhunting,ryewhiskey,whiskey,whiskeygram,thebourbonleague,michtersrye,whiskeycommunity,targetpractice,whiskeythedog,dram,thebourbonalliance,rye,pewpew,michterswhiskey,bottlekill,,,,,,,,,,,,,
61,_this_is_me_randy,kentucky,neat,glencairn,whiskeylover,woodfordreserve,rye,whiskeygram,woodford,whisky,whiskeybourbon,brownwater,whiskeyporn,kentuckybrownwater,whiskeytribe,whiskeycollection,bourboncollection,ryewhiskey,whiskeytasting,dram,whiskey,,,,,,,,,,
62,lilo_vape,miniliquor,5cl,whiskeylover,50ml,whiskyporn,drinkporn,instawhiskey,jackdaniels,smallbottles,minibottlecollection,drinksofinstagram,whiskyminiature,allaboutwhisky,whiskygeek,miniwhiskey,minicollector,minibottle,whiskytasting,whisky,miniature,minialcohol,whiskeygram,whiskeydrinker,miniaturebottles,ryewhiskey,,,,,
63,beveragepix,cigars,whiskey,friday,thebourbonalliance,thirsty,cigarlife,stogielife,beveragepix,whiskeygram,bourbonlover,bourbonwhiskey,bourbons,whiskygram,stogie,bourbon,friyay,cigar,thebourbonleague,cocktail,whiskeyporn,whisky,cigaraficionado,ryewhiskey,rye,bourbonporn,cigarporn,whiskyporn,bourbongram,whiskeylover,
64,whiskey.p.washington,ryewhiskey,cigarsandwhiskey,whistlepig,instawhiskey,bourbonwhiskey,whiskeyontherocks,whiskeyshots,whiskeylife,cigarsandwhiskeys,whiskeybar,whiskeygram,whiskeybarrel,drinkwhiskey,,,,,,,,,,,,,,,,,
65,danthebourbonman,cocktails,ryewhiskey,whiskey,gold,nightcap,smallbatch,weller,mixologist,homebartender,whiskeygram,homebar,pillowtalk,latergram,leftorright,topshelf,bourbon,limitededition,buffalotrace,singlebarrel,rye,blantons,latenightthoughts,blantonsbourbon,drinkstagram,late,latepost,buffalotracedistillery,latenight,whisky,wellerbourbon
66,josephamberik,ryewhiskey,fryeday,whiskeyneat,oldforester,,,,,,,,,,,,,,,,,,,,,,,,,,
67,bourbon_drinking_pit,indianfood,ryewhiskey,tandoori,honeywine,sendmorenaan,lambcurry,meaditnerd,kentuckyrye,tikkamasala,,,,,,,,,,,,,,,,,,,,,
68,gm.yoshi,fridaynight,ryewhiskey,cocktails,luv,,,,,,,,,,,,,,,,,,,,,,,,,,
69,il_whiskey_dave,thebourbonalliance,happyfryeday,bourbongram,michterswhiskey,cheers,bourbonlover,whiskey,ryewhiskey,michters,michtersrye,bourbon,michterstoastedbarrel,whisky,bourbonenthusiast,bourbonwhiskey,,,,,,,,,,,,,,,
70,dramgoodbourbon,whisky,whiskeygram,finedrams,bourbonwhiskey,scotch,alcohol,scotchwhisky,rye,thankgoditsfriday,prohibition,1920,dram,oldforester,sony,photooftheday,friday,whiskey,distillery,bestoftheday,tgif,lush,kentucky,instawhiskey,outdoors,bourbon,ryewhiskey,whiskygram,spirits,instawhisky,drinks
71,tnwhiskeyguy on Inst,whiskey,ryewhiskey,rye,thebourbonalliance,merica,bourbongram,fryeday,whiskeyporn,,,,,,,,,,,,,,,,,,,,,,
72,caskandcarryon,instabourbon,willettfamilyestate,whiskeygram,wfe,fryeday,thebourbonalliance,ryewhiskey,caskstrength,whiskey,americanwhiskey,willettdistillery,rye,whiskeytribe,,,,,,,,,,,,,,,,,
73,brownwaterbrowndog,bourbon,rye,ryewhiskey,caskstrength,whiskey,michters,barrelproof,,,,,,,,,,,,,,,,,,,,,,,
74,jasonocc,,,,,,,,,,,,,,,,,,,,,,,,,,,,,,
75,esanchez0809,whiskey,oregonwhiskey,ryewhiskey,smallbatch,blackmaplehillbourbon,whiskeylover,oregon,rye,blackmaplehillrye,dram,bourbon,nightcap,imbibe,,,,,,,,,,,,,,,,,
76,mervtones on Instagr,marvingaye,mervdrams,createfromlove,vinyl,lifeisjazz,rabblerouser,technics,whiskeyandvinyl,catoctincreek,ryewhiskey,,,,,,,,,,,,,,,,,,,,
77,mekkidc,,,,,,,,,,,,,,,,,,,,,,,,,,,,,,
78,billywjarrell,localwhiskey,texaswhiskey,whiskey,ryewhiskey,texasentrepreneur,texasproud,whisky,localbusiness,whiskylover,rye,supporttexasbusiness,whiskeybusiness,texas,whiskeys,ryewhisky,,,,,,,,,,,,,,,
79,pourboyswhiskey,whisky,bourbon,bourbonwhiskey,whiskey,bourbonfinds,kentuckybourbon,whiskeyporn,whiskeybourbon,ryewhiskey,walkingdeadbourbon,rye,,,,,,,,,,,,,,,,,,,
80,cadeedistillery,weekendvibes,repost,fridays,bourbondrinker,rye,thebourbonalliance,medusa,epicshitgin,bourbonbarrel,wickedbourbonkid,bourbon,tastetheislanddifference,medusaamericanwhiskey,cascadiaryewhiskey,whiskeygram,bloodygoodgin,intriguegin,bloodygoodvodka,deceptivusbourbonwhiskey,rarebourbon,bourbonphotography,bestbourbon,whiskeycocktail,whiskeylife,bourbonpairing,ryewhiskey,bourbonenthusiast,exceptionalmaritimewhiskeys,instabourbon,
81,sheshedspirits on In,highwestdistillery,midwinternightsdram,ryewhiskey,,,,,,,,,,,,,,,,,,,,,,,,,,,
82,iputtheericinusa,ryewhiskey,bourbon,rye,michterswhiskey,,,,,,,,,,,,,,,,,,,,,,,,,,
83,knott.john,oldfashioned,redwoodempirewhiskey,winshipsbitters,oldfashionedcocktail,happyfriday,ryewhiskey,emeraldgiantrye,cocktails,,,,,,,,,,,,,,,,,,,,,,
84,nizv,whiskeyporn,originalsinglebarrel,whiskeycollection,bourbonwhiskey,whiskyporn,whiskeylibrarian,calibourbon,whiskeygram,drinkbourbon,whiskey,lostmonarch,pipedream,bourbon,liquidgold,kentuckybourbon,mood,whiskeymylife,bar,emeraldgiant,bourbonfinds,redwoodempire,bourbongram,whisky,neat,homebar,thebourbonleague,whiskygram,ryewhiskey,california,rarewhiskey
85,whiskey_connoisseur,2019,parkersheritage,,,,,,,,,,,,,,,,,,,,,,,,,,,,
86,jasonocc,whiskeyporn,whiskey,whiskeygram,ryewhiskey,whiskeylover,,,,,,,,,,,,,,,,,,,,,,,,,
87,southernwhiskeysocie,bourbon,caskstrength,southernmade,whiskey,kentuckybourbon,eatlikeasoutherner,southern,barrelproof,southernfood,highproof,smallbatch,tennessee,southernwhiskeysociety,tnwhiskey,madesouth,ryewhiskey,franklintn,hardees,tennesseewhiskey,southernmakers,singlebarrel,kentucky,whisky,kybourbon,,,,,,
88,no_bad_whiskey,heavenhilldistillery,ryelover,whiskeygram,ryeporn,whiskeylover,rye,pikesvillerye,whiskeyporn,heavenhill,pikesville,whiskey,ryegram,ryewhiskey,,,,,,,,,,,,,,,,,
89,jamie_t_hall,bourbon,bhfyp,singlemalt,bourbongram,drink,dram,instawhisky,whiskylover,ryewhiskey,whiskyporn,bourbonporn,rye,instawhiskey,whiskey,whiskeylover,beer,scotchwhisky,cocktails,whiskeygram,distillery,whiskeylife,liquor,drinks,whisky,whiskeyporn,bourbonwhiskey,bar,whiskygram,scotch,alcohol
90,subourbonguy,fryeday,whisky,whiskylover,whiskygram,whiskeylover,ryewhiskey,dramgram,ryewhisky,whiskey,whiskylife,rye,whiskeylife,fewwhiskey,straightryewhiskey,whiskeygram,,,,,,,,,,,,,,,
91,ncpes16 on Instagram,調酒,whiskey,coffeeliqueur,rye,ryewhiskey,cocktails,craftcocktails,,,,,,,,,,,,,,,,,,,,,,,
92,therealmikeymoney,,,,,,,,,,,,,,,,,,,,,,,,,,,,,,
93,bourbonwithasideofwh,thebourbonleague,canadianwhiskey,whiskey,fryeday,lot40,whiskyneat,weekendwhiskey,whisky,liquor,ryewhiskey,canadianrye,lot40rye,whiskeyneat,spirits,canadianwhisky,rye,neat,weekendwhisky,whiskeygram,ryewhisky,thebourbonalliance,whiskygram,,,,,,,,
94,elimasonsyrups,nashvilletn,whiskies,tnwhiskey,kentuckybourbon,whiskey,cocktail,elimasonoldfashioned,elioldfashioned,barrelproof,whiskeys,tennesseewhiskey,oldfashionedcocktail,madeinnashville,bourbons,cocktails,elimason,whisky,oldfashionedfriday,caskstrength,kybourbon,ryewhiskey,bourbon,oldfashioned,nashville,oldfashioneds,,,,,
95,njbyc_official,fryeday,lockstockandbarrelrye,njbyc,canadianrye,thegoodstuff,ryewhiskey,rye,hochstadters,hochstadters16,,,,,,,,,,,,,,,,,,,,,
96,chpaulus,fridayryeday,,,,,,,,,,,,,,,,,,,,,,,,,,,,,
97,subourbia,rye,ryewhiskey,atlanta,whiskey,snow,blendedryewhiskey,midnightwintersdram,snowday❄️,snowphoto,highwestwhiskey,highwestdistillery,bourbon,whisky,,,,,,,,,,,,,,,,,
98,bourbonlens,whiskey,kentuckystraightbourbonwhiskey,product,ryewhisky,harrodsburgky,rye,kentuckyowlrye,kentuckyowlbourbon,f,travel,kentuckyowl,bourbon,ryewhiskey,hotel,sandiego,kentuckystraightbourbon,whisky,kentucky,bedandbreakfast,blendedwhisky,flights,,,,,,,,,
99,sparklebunnies,,,,,,,,,,,,,,,,,,,,,,,,,,,,,,
100,drinkingcaveman,whiskyphotography,instamalt,rye,whisky,whiskybusiness,campfiresmoke,smokywhiskey,whiskys,americansinglemalt,whiskey,dramming,whiskylover,instadram,singlemaltwhskey,americanwhisky,utah,whiskybottle,highwest,drinkhighwest,utahwhiskey,highwestcampfire,rainbowinthebottle,ryewhiskey,slaintemhath,highwestwhiskey,,,,,
101,maxdramage on Instag,whiskeywednesday,parkcity,jackalope,highwestdistillery,portfinish,bourbon,limitedrelease,rye,americanprairiebourbon,midwinternightsdram,whiskeygram,whiskey,bourye,blendedwhiskey,whiskeylover,highwestwednesday,utahwhiskey,highwestwhiskey,ryewhiskey,,,,,,,,,,,
102,apartment_bartender,,,,,,,,,,,,,,,,,,,,,,,,,,,,,,
103,seandrinksbourbon,amidwinternightsdram,dramgood,whiskeygram,drinkhighwest,seandrinkswhiskey,whiskeyporn,drinks,straightryewhiskey,dram,whiskeyoftheday,highwestdistillery,ryewhiskey,delicious,act6scene3,thebourbonleague,whiskeylover,whiskey,whiskeylife,,,,,,,,,,,,
104,josephamberik,fryeday,oldforester,ryewhiskey,whiskeyneat,,,,,,,,,,,,,,,,,,,,,,,,,,
105,bourbon_drinking_pit,lambcurry,indianfood,tikkamasala,honeywine,tandoori,kentuckyrye,sendmorenaan,meaditnerd,ryewhiskey,,,,,,,,,,,,,,,,,,,,,
106,gm.yoshi,fridaynight,ryewhiskey,cocktails,luv,,,,,,,,,,,,,,,,,,,,,,,,,,
107,il_whiskey_dave,happyfryeday,michters,whisky,bourbonenthusiast,michtersrye,thebourbonalliance,bourbonwhiskey,ryewhiskey,michterswhiskey,cheers,whiskey,bourbonlover,michterstoastedbarrel,bourbon,bourbongram,,,,,,,,,,,,,,,
108,dramgoodbourbon,tgif,photooftheday,1920,oldforester,whisky,bourbonwhiskey,distillery,whiskygram,sony,dram,friday,drinks,instawhiskey,thankgoditsfriday,spirits,alcohol,ryewhiskey,prohibition,whiskey,scotch,finedrams,outdoors,rye,instawhisky,kentucky,lush,bestoftheday,whiskeygram,bourbon,scotchwhisky
109,tnwhiskeyguy on Inst,whiskeyporn,thebourbonalliance,whiskey,merica,bourbongram,fryeday,ryewhiskey,rye,,,,,,,,,,,,,,,,,,,,,,
110,caskandcarryon,whiskeytribe,caskstrength,ryewhiskey,whiskeygram,americanwhiskey,whiskey,fryeday,thebourbonalliance,willettfamilyestate,wfe,willettdistillery,instabourbon,rye,,,,,,,,,,,,,,,,,
111,brownwaterbrowndog,bourbon,rye,barrelproof,michters,ryewhiskey,whiskey,caskstrength,,,,,,,,,,,,,,,,,,,,,,,
112,jasonocc,,,,,,,,,,,,,,,,,,,,,,,,,,,,,,
113,esanchez0809,imbibe,ryewhiskey,rye,smallbatch,bourbon,oregon,whiskeylover,blackmaplehillbourbon,nightcap,whiskey,dram,blackmaplehillrye,oregonwhiskey,,,,,,,,,,,,,,,,,
114,mervtones on Instagr,vinyl,lifeisjazz,ryewhiskey,whiskeyandvinyl,technics,mervdrams,catoctincreek,rabblerouser,createfromlove,marvingaye,,,,,,,,,,,,,,,,,,,,
115,mekkidc,,,,,,,,,,,,,,,,,,,,,,,,,,,,,,
116,billywjarrell,localbusiness,texasproud,whiskeys,whiskey,texaswhiskey,supporttexasbusiness,texasentrepreneur,whiskylover,rye,ryewhisky,whisky,localwhiskey,ryewhiskey,texas,whiskeybusiness,,,,,,,,,,,,,,,
117,pourboyswhiskey,walkingdeadbourbon,rye,whisky,whiskeyporn,whiskey,kentuckybourbon,whiskeybourbon,bourbon,bourbonfinds,ryewhiskey,bourbonwhiskey,,,,,,,,,,,,,,,,,,,
118,cadeedistillery,medusa,exceptionalmaritimewhiskeys,bourbonpairing,fridays,wickedbourbonkid,intriguegin,rarebourbon,bourbonenthusiast,cascadiaryewhiskey,bourbonphotography,bourbonbarrel,repost,medusaamericanwhiskey,tastetheislanddifference,whiskeycocktail,bloodygoodgin,deceptivusbourbonwhiskey,weekendvibes,thebourbonalliance,epicshitgin,instabourbon,bourbondrinker,whiskeylife,ryewhiskey,whiskeygram,rye,bloodygoodvodka,bestbourbon,bourbon,
119,sheshedspirits on In,highwestdistillery,ryewhiskey,midwinternightsdram,,,,,,,,,,,,,,,,,,,,,,,,,,,
120,iputtheericinusa,rye,michterswhiskey,ryewhiskey,bourbon,,,,,,,,,,,,,,,,,,,,,,,,,,
121,knott.john,ryewhiskey,redwoodempirewhiskey,cocktails,oldfashionedcocktail,winshipsbitters,happyfriday,oldfashioned,emeraldgiantrye,,,,,,,,,,,,,,,,,,,,,,
122,nizv,bourbon,whiskeylibrarian,mood,whiskyporn,kentuckybourbon,lostmonarch,bar,ryewhiskey,whiskeygram,whiskeymylife,whiskey,redwoodempire,originalsinglebarrel,whiskeycollection,whiskeyporn,liquidgold,bourbonfinds,homebar,whisky,calibourbon,bourbonwhiskey,emeraldgiant,thebourbonleague,california,whiskygram,rarewhiskey,drinkbourbon,neat,pipedream,bourbongram
123,whiskey_connoisseur,parkersheritage,2019,,,,,,,,,,,,,,,,,,,,,,,,,,,,
124,jasonocc,whiskeygram,whiskeylover,ryewhiskey,whiskey,whiskeyporn,,,,,,,,,,,,,,,,,,,,,,,,,
125,southernwhiskeysocie,hardees,singlebarrel,whiskey,madesouth,southernfood,caskstrength,bourbon,tnwhiskey,kybourbon,tennessee,tennesseewhiskey,southern,southernmade,barrelproof,kentucky,highproof,southernwhiskeysociety,franklintn,southernmakers,kentuckybourbon,eatlikeasoutherner,smallbatch,whisky,ryewhiskey,,,,,,
126,no_bad_whiskey,heavenhill,heavenhilldistillery,whiskeygram,ryelover,ryeporn,whiskeyporn,ryegram,whiskey,pikesvillerye,ryewhiskey,rye,whiskeylover,pikesville,,,,,,,,,,,,,,,,,
127,jamie_t_hall,whiskeygram,whiskyporn,whiskeylife,cocktails,singlemalt,beer,bourbongram,distillery,drink,whiskylover,liquor,bourbon,dram,bar,instawhiskey,whiskeyporn,whiskygram,bourbonporn,bhfyp,ryewhiskey,bourbonwhiskey,alcohol,scotch,rye,drinks,whisky,whiskey,whiskeylover,scotchwhisky,instawhisky
128,subourbonguy,whisky,whiskygram,dramgram,ryewhiskey,fryeday,whiskeylife,whiskylife,fewwhiskey,whiskeylover,straightryewhiskey,whiskey,whiskeygram,whiskylover,rye,ryewhisky,,,,,,,,,,,,,,,
129,ncpes16 on Instagram,coffeeliqueur,ryewhiskey,cocktails,craftcocktails,whiskey,調酒,rye,,,,,,,,,,,,,,,,,,,,,,,
130,therealmikeymoney,,,,,,,,,,,,,,,,,,,,,,,,,,,,,,
131,bourbonwithasideofwh,weekendwhisky,ryewhiskey,thebourbonleague,whiskyneat,thebourbonalliance,canadianrye,lot40,weekendwhiskey,whiskeygram,neat,whiskygram,spirits,canadianwhisky,whiskey,rye,liquor,lot40rye,canadianwhiskey,fryeday,whiskeyneat,ryewhisky,whisky,,,,,,,,
132,elimasonsyrups,nashvilletn,whiskey,oldfashioned,cocktail,elimasonoldfashioned,oldfashionedfriday,oldfashioneds,madeinnashville,whiskeys,elioldfashioned,tnwhiskey,kentuckybourbon,whisky,ryewhiskey,bourbons,whiskies,kybourbon,tennesseewhiskey,nashville,barrelproof,bourbon,caskstrength,cocktails,oldfashionedcocktail,elimason,,,,,
133,njbyc_official,rye,hochstadters16,hochstadters,thegoodstuff,ryewhiskey,canadianrye,fryeday,njbyc,lockstockandbarrelrye,,,,,,,,,,,,,,,,,,,,,
134,whiteselixirs,sourmix,grocery,ryewhiskey,nashvillemade,makethedrinkdrinkthedrink,nashville,cocktailmixes,nationsnashville,giftideas,drinks,liquorstore,whiteselixirs,cocktailporn,cocktails,drinksofinstagram,simplesyrup,quickcocktails,craftcocktails,homebartender,heybartender,drinkstagram,drinksondrinks,tennessee,whiskey,cocktailmix,,,,,
135,theliquoristblog,topseller,rye,amber,instawhiskey,amazing,ryewhiskey,cigar,singlemaltwhiskey,bourbon,whiskeygram,candles,malt,irishwhiskey,whiskeylover,maltwhiskey,whiskey,maltwhisky,balvenie,whisky,bourbonvanilla,whiskeylife,madagascarvanilla,wickitcandlefactory,whiskeylove,drinks,musk,acrylicpainter,,,
136,artofthespirits,ryewhiskey,bourbonwhiskey,caskstrength,,,,,,,,,,,,,,,,,,,,,,,,,,,
137,fatdrunkandfancy,theinspirationalfoodies,happyhour,manhattans,summithouse,rye,njfoodblogger,foodgasmic,foodbloggers,thepowerofthekitchentable,brownliquor,willtravelforfood,njfoodie,foodgasmicconversations,ryewhiskey,cranfordareahappenings,weekendvibes,inspo,njfoodies,bestsellingauthor,njevents,njspots,mixology101,foodiecouple,cranfordnj,fatdrunkandfancy,,,,,
138,unplug_coffee,mariafeliz,coffeestand,california,nerudrip,taitoukutokyo,davidecoffee,davidecustomservice,ryewhiskey,iriya,cafelegs,coffee,losangeles,easttokyo,faemae61,singleoriginespresso,coffeestop,amores,mezcal,espresso,sandiego,davidevintagestorage,downtown,入谷カフェ,入谷,davide,espressobar,davidecoffeestop,cafe,,
139,alchemyandatwist,bitters,cocktail,knobcreek,stirrednotshaken,cocktails,homemadebitters,ramazzotti,whiskey,buddhahandbitters,happyhour,ryewhiskey,homebartender,rye,ramazzottirosato,homebar,,,,,,,,,,,,,,,
140,yargi._01,,,,,,,,,,,,,,,,,,,,,,,,,,,,,,
141,yargi._01,,,,,,,,,,,,,,,,,,,,,,,,,,,,,,
142,bourbon.social.club,2,,,,,,,,,,,,,,,,,,,,,,,,,,,,,
143,wicked_bourbon_kid,bourbonpodcast,bourbondrinker,bourbonpics,bourbonhunter,whiskeylife,wickedbourbonkid,whiskeyglass,rarebourbon,rye,bourboncollection,instabourbon,bourbonenthusiast,bourbon,whiskeygram,bourbonbarrel,whiskeycocktail,fridayryeday,sagamorespirit,whiskeytasting,thebourbonalliance,bestbourbon,bourbonphotography,bourbonpairing,doubleoak,ryewhiskey,,,,,
144,thebourbonbinge on I,bourbongram,willettrye,whiskey,willettfamilyestate,kentuckystraightrye,ryewhiskey,bourbonporn,willett,willettrye7yr,rye,whisky,heymike,barrelproof,singlebarrel,bourbon,barrelstrength,kentuckystraightryewhiskey,willettdistillery,,,,,,,,,,,,
145,eatsleepcraftbeer,,,,,,,,,,,,,,,,,,,,,,,,,,,,,,
146,chpaulus,fridayryeday,,,,,,,,,,,,,,,,,,,,,,,,,,,,,
147,subourbia,whisky,atlanta,bourbon,highwestdistillery,snow,ryewhiskey,blendedryewhiskey,midnightwintersdram,rye,whiskey,highwestwhiskey,snowphoto,snowday❄️,,,,,,,,,,,,,,,,,
148,bourbonlens,hotel,kentuckystraightbourbon,whiskey,kentucky,whisky,kentuckyowlbourbon,product,kentuckystraightbourbonwhiskey,kentuckyowl,harrodsburgky,kentuckyowlrye,flights,ryewhisky,f,blendedwhisky,sandiego,bedandbreakfast,travel,bourbon,ryewhiskey,rye,,,,,,,,,
149,sparklebunnies,,,,,,,,,,,,,,,,,,,,,,,,,,,,,,
150,drinkingcaveman,americanwhisky,whiskey,smokywhiskey,drinkhighwest,americansinglemalt,whiskyphotography,dramming,utah,whiskybottle,slaintemhath,whisky,instamalt,highwestwhiskey,instadram,rye,campfiresmoke,whiskybusiness,whiskys,whiskylover,rainbowinthebottle,highwest,ryewhiskey,singlemaltwhskey,highwestcampfire,utahwhiskey,,,,,
151,maxdramage on Instag,midwinternightsdram,highwestwhiskey,portfinish,blendedwhiskey,limitedrelease,highwestdistillery,whiskey,bourbon,whiskeywednesday,parkcity,utahwhiskey,ryewhiskey,highwestwednesday,whiskeylover,americanprairiebourbon,jackalope,whiskeygram,bourye,rye,,,,,,,,,,,
152,apartment_bartender,,,,,,,,,,,,,,,,,,,,,,,,,,,,,,
153,seandrinksbourbon,dramgood,seandrinkswhiskey,whiskeyoftheday,whiskeylife,whiskeylover,highwestdistillery,whiskey,straightryewhiskey,whiskeyporn,ryewhiskey,amidwinternightsdram,drinks,dram,thebourbonleague,drinkhighwest,delicious,act6scene3,whiskeygram,,,,,,,,,,,,
154,billywjarrell,ryewhiskey,whiskylover,whiskeybusiness,whisky,texaswhiskey,texasproud,rye,ryewhisky,localbusiness,whiskey,whiskeys,supporttexasbusiness,localwhiskey,texasentrepreneur,texas,,,,,,,,,,,,,,,
155,pourboyswhiskey,bourbonwhiskey,whiskeyporn,whiskeybourbon,bourbonfinds,whisky,bourbon,ryewhiskey,walkingdeadbourbon,rye,kentuckybourbon,whiskey,,,,,,,,,,,,,,,,,,,
156,cadeedistillery,bourbonenthusiast,bloodygoodgin,cascadiaryewhiskey,tastetheislanddifference,bestbourbon,exceptionalmaritimewhiskeys,thebourbonalliance,bourbondrinker,instabourbon,repost,rye,epicshitgin,ryewhiskey,bourbonbarrel,fridays,wickedbourbonkid,rarebourbon,bourbon,whiskeycocktail,medusaamericanwhiskey,bourbonphotography,medusa,whiskeygram,weekendvibes,deceptivusbourbonwhiskey,bourbonpairing,intriguegin,bloodygoodvodka,whiskeylife,
157,sheshedspirits on In,highwestdistillery,midwinternightsdram,ryewhiskey,,,,,,,,,,,,,,,,,,,,,,,,,,,
158,iputtheericinusa,bourbon,michterswhiskey,rye,ryewhiskey,,,,,,,,,,,,,,,,,,,,,,,,,,
159,knott.john,emeraldgiantrye,ryewhiskey,winshipsbitters,cocktails,redwoodempirewhiskey,oldfashionedcocktail,happyfriday,oldfashioned,,,,,,,,,,,,,,,,,,,,,,
160,nizv,bourbongram,whisky,whiskeylibrarian,whiskeygram,pipedream,whiskygram,liquidgold,mood,emeraldgiant,whiskey,redwoodempire,calibourbon,thebourbonleague,bourbon,whiskeyporn,bourbonwhiskey,homebar,lostmonarch,bar,whiskeymylife,kentuckybourbon,neat,drinkbourbon,bourbonfinds,ryewhiskey,originalsinglebarrel,california,rarewhiskey,whiskyporn,whiskeycollection
161,whiskey_connoisseur,2019,parkersheritage,,,,,,,,,,,,,,,,,,,,,,,,,,,,
162,jasonocc,whiskeyporn,whiskeygram,whiskey,ryewhiskey,whiskeylover,,,,,,,,,,,,,,,,,,,,,,,,,
163,southernwhiskeysocie,southernmade,bourbon,tennesseewhiskey,caskstrength,whiskey,singlebarrel,southern,kybourbon,eatlikeasoutherner,whisky,tennessee,ryewhiskey,franklintn,kentuckybourbon,madesouth,southernmakers,kentucky,barrelproof,tnwhiskey,southernfood,hardees,highproof,smallbatch,southernwhiskeysociety,,,,,,
164,no_bad_whiskey,heavenhill,whiskeygram,heavenhilldistillery,whiskey,ryelover,pikesvillerye,ryewhiskey,pikesville,ryeporn,rye,whiskeyporn,whiskeylover,ryegram,,,,,,,,,,,,,,,,,
165,jamie_t_hall,drink,bourbon,bourbonporn,drinks,distillery,cocktails,alcohol,bourbongram,whiskylover,rye,bhfyp,instawhisky,bourbonwhiskey,instawhiskey,dram,whiskey,whisky,bar,beer,whiskeylife,scotchwhisky,singlemalt,scotch,whiskyporn,whiskeyporn,whiskeylover,liquor,ryewhiskey,whiskeygram,whiskygram
166,subourbonguy,dramgram,fryeday,straightryewhiskey,whiskygram,whiskylover,ryewhiskey,whiskylife,ryewhisky,rye,whiskey,whiskeylover,whisky,whiskeylife,fewwhiskey,whiskeygram,,,,,,,,,,,,,,,
167,ncpes16 on Instagram,rye,ryewhiskey,調酒,whiskey,craftcocktails,cocktails,coffeeliqueur,,,,,,,,,,,,,,,,,,,,,,,
168,therealmikeymoney,,,,,,,,,,,,,,,,,,,,,,,,,,,,,,
169,bourbonwithasideofwh,lot40,whiskygram,weekendwhiskey,spirits,thebourbonleague,neat,whiskyneat,ryewhiskey,whisky,fryeday,weekendwhisky,rye,lot40rye,canadianrye,liquor,whiskeyneat,canadianwhisky,ryewhisky,whiskey,canadianwhiskey,thebourbonalliance,whiskeygram,,,,,,,,
170,elimasonsyrups,cocktail,bourbon,cocktails,nashvilletn,nashville,whiskies,elimason,bourbons,kentuckybourbon,oldfashioned,tennesseewhiskey,kybourbon,whiskey,barrelproof,tnwhiskey,caskstrength,oldfashioneds,oldfashionedcocktail,ryewhiskey,whisky,whiskeys,oldfashionedfriday,madeinnashville,elimasonoldfashioned,elioldfashioned,,,,,
171,njbyc_official,hochstadters16,ryewhiskey,thegoodstuff,fryeday,rye,njbyc,canadianrye,hochstadters,lockstockandbarrelrye,,,,,,,,,,,,,,,,,,,,,
172,whiteselixirs,cocktailmixes,cocktailporn,nashville,craftcocktails,grocery,drinks,tennessee,whiteselixirs,nationsnashville,quickcocktails,homebartender,drinksondrinks,giftideas,drinkstagram,cocktails,sourmix,drinksofinstagram,makethedrinkdrinkthedrink,simplesyrup,nashvillemade,cocktailmix,ryewhiskey,heybartender,liquorstore,whiskey,,,,,
173,theliquoristblog,bourbon,whiskeylife,whiskeylove,whisky,ryewhiskey,madagascarvanilla,cigar,maltwhiskey,drinks,rye,singlemaltwhiskey,musk,maltwhisky,balvenie,wickitcandlefactory,malt,candles,irishwhiskey,amazing,whiskeylover,acrylicpainter,whiskeygram,instawhiskey,topseller,amber,bourbonvanilla,whiskey,,,
174,artofthespirits,bourbonwhiskey,ryewhiskey,caskstrength,,,,,,,,,,,,,,,,,,,,,,,,,,,
175,fatdrunkandfancy,ryewhiskey,cranfordnj,foodbloggers,foodgasmic,willtravelforfood,bestsellingauthor,foodgasmicconversations,theinspirationalfoodies,inspo,mixology101,njfoodblogger,njspots,njevents,njfoodie,njfoodies,foodiecouple,thepowerofthekitchentable,fatdrunkandfancy,summithouse,weekendvibes,happyhour,rye,manhattans,brownliquor,cranfordareahappenings,,,,,
176,unplug_coffee,davidecoffee,davidecustomservice,nerudrip,losangeles,taitoukutokyo,sandiego,california,coffeestand,davidevintagestorage,ryewhiskey,入谷,mezcal,davide,espressobar,davidecoffeestop,easttokyo,downtown,cafelegs,coffee,faemae61,入谷カフェ,amores,coffeestop,espresso,mariafeliz,iriya,singleoriginespresso,cafe,,
177,alchemyandatwist,homemadebitters,ryewhiskey,rye,homebartender,whiskey,cocktail,cocktails,stirrednotshaken,ramazzotti,happyhour,homebar,bitters,knobcreek,ramazzottirosato,buddhahandbitters,,,,,,,,,,,,,,,
178,yargi._01,,,,,,,,,,,,,,,,,,,,,,,,,,,,,,
179,yargi._01,,,,,,,,,,,,,,,,,,,,,,,,,,,,,,
180,bourbon.social.club,2,,,,,,,,,,,,,,,,,,,,,,,,,,,,,
181,wicked_bourbon_kid,whiskeylife,bourbon,instabourbon,fridayryeday,sagamorespirit,bourbonpodcast,bourbonhunter,thebourbonalliance,bourbonbarrel,rye,rarebourbon,bourboncollection,whiskeycocktail,bourbonenthusiast,ryewhiskey,doubleoak,bourbondrinker,whiskeytasting,bourbonphotography,bourbonpairing,wickedbourbonkid,bourbonpics,bestbourbon,whiskeygram,whiskeyglass,,,,,
182,thebourbonbinge on I,willettfamilyestate,heymike,bourbon,barrelproof,bourbongram,willettrye7yr,barrelstrength,kentuckystraightryewhiskey,willettdistillery,willett,singlebarrel,kentuckystraightrye,whisky,willettrye,rye,bourbonporn,ryewhiskey,whiskey,,,,,,,,,,,,
183,eatsleepcraftbeer,,,,,,,,,,,,,,,,,,,,,,,,,,,,,,
184,bourbondoctor,americanspirit,ryewhiskey,whiskygram,whiskeygram,bourbongram,distillery,bourbondoctor,instawhiskey,bourbonreview,whiskeyreview,dram,rye,oak,whisky,alcohol,whiskey,bourbon,distill,spirits,bourbonisthebest,bourboncandy,america,alcoholicbeverage,whiskeycollection,bourbonwhiskey,kentucky,liquor,,,
185,skipsliquors,craftwhiskey,skipsnewbraunfels,skipssanantonio,willettfamilyestaterye,willettdistillery,ryewhiskey,,,,,,,,,,,,,,,,,,,,,,,,
186,bourbon_pour on Inst,bourbonwhiskey,bourbonporn,bourbongram,cheers,whiskygram,bourbonlife,whiskeygram,kentucky,whiskyporn,instawhiskey,whisky,instabourbon,cocktails,bourbonlover,kentuckybourbon,whiskey,whiskeylover,ryewhiskey,bar,rum,bourbon,bhfyp,dram,singlemalt,whiskeyporn,distillery,scotchwhisky,drinks,rye,scotch
187,daddyneedshismedicin,,,,,,,,,,,,,,,,,,,,,,,,,,,,,,
188,the_blue_ale on Inst,whiskeygram,whisky,bourbongram,distillery,bar,dram,bourbonwhiskey,singlemalt,cheers,rum,scotchwhisky,drinks,whiskyporn,instabourbon,cocktails,scotch,bourbonporn,whiskeyporn,whiskygram,bourbon,whiskeylover,ryewhiskey,bhfyp,whiskey,instawhiskey,kentuckybourbon,bourbonlife,kentucky,bourbonlover,rye
189,1844liquormarket,packagestore,downtownbrenham,texaspackagestore,boutiqueliquorstore,1844fineliquor,fineliquor,texasboutiqueliquorstore,1844liquorstore,brenham,willettryewhiskey,washingtoncounty,ryewhiskey,handcraftedspirits,boutiquebottleshop,liquorstore,storeinbrenham,texasfineliquorstore,brenhamtexas,texasbottleshop,brenhamliquorstore,smalltownrevival,bottleshop,texasliquorstore,willettdistillery,texasfineliquor,brenhamfineliquors,,,,
190,specialistmarcano_mi,diageorep,coralgables,iworkonbulleit,ryewhiskey,miami,whiskey,rye,whisky,cocktails,bulleit,,,,,,,,,,,,,,,,,,,,
191,vanbrunt_whiskey,bourbonlife,bourbonbarrel,distillery,whiskey,singlemalt,bourbonwhiskey,whiskeygram,whisky,whiskeylife,whiskeydrinker,bourbongram,bourbon,brooklyn,whiskygram,singlemaltwhisky,nydistilled,craftspirits,instawhiskey,hooch,cheers,instradram,instawhisky,kanpai,slainte,craftwhiskey,ryewhiskey,,,,
192,bourbinsane,youtube,mixdrinks,whiskey,whiskeyreview,knobcreek,rye,bourbonporn,bourbinsane,cocktailsofinstagram,bourbongram,1,bourbon,instawhiskey,ryewhiskey,bourbonreview,whiskeyporn,oldforester,wildturkey,highwestdistillery,rittenhouse,,,,,,,,,,
193,wevodka,hemp,bixbybridge,craftdistillery,whiskeyporn,whiskey,cannabis,ryewhiskey,hempflower,ginstagram,terpenes,pch,distillery,hempedbourbon,sativa,bourbon,craftcocktails,gin,hempseed,rye,cbd,indica,craftdistillers,ginandtonic,bourbonporn,,,,,,
194,whiskymanworld,whiskycollection,cigar,whiskyporn,irishwhisky,johnniewalker,japanesewhiskey,cigarsociety,whiskylover,ryewhiskey,blacklabel,blendedwhisky,cigaraficionado,scotch,whisky,collection,bourbon,whiskygram,,,,,,,,,,,,,
195,xulf13 on Instagram:,heavenhilldistillery,bardstown,ryeday,whiskey,kentuckybourbon,110proof,whisky,monumentaldistillery,tonala,ryewhiskey,americanwhiskey,kentucky,ryewhisky,happyfriday,pikesvillerye,rye,heavenhill,mexicanpottery,tostado,bourbonlover,pikesville,,,,,,,,,
196,chpaulus,fridayryeday,,,,,,,,,,,,,,,,,,,,,,,,,,,,,
197,subourbia,whisky,snowphoto,highwestwhiskey,snowday❄️,rye,highwestdistillery,ryewhiskey,midnightwintersdram,snow,bourbon,whiskey,blendedryewhiskey,atlanta,,,,,,,,,,,,,,,,,
198,bourbonlens,kentuckyowl,f,kentuckyowlrye,whisky,kentuckystraightbourbon,blendedwhisky,rye,flights,kentuckystraightbourbonwhiskey,product,kentuckyowlbourbon,kentucky,hotel,travel,sandiego,bourbon,whiskey,harrodsburgky,ryewhisky,ryewhiskey,bedandbreakfast,,,,,,,,,
199,sparklebunnies,,,,,,,,,,,,,,,,,,,,,,,,,,,,,,
200,drinkingcaveman,slaintemhath,highwestwhiskey,smokywhiskey,rye,whiskylover,drinkhighwest,highwest,instamalt,singlemaltwhskey,campfiresmoke,americanwhisky,instadram,whisky,whiskybusiness,highwestcampfire,whiskys,ryewhiskey,whiskey,utah,americansinglemalt,whiskybottle,utahwhiskey,whiskyphotography,dramming,rainbowinthebottle,,,,,
201,maxdramage on Instag,jackalope,americanprairiebourbon,rye,whiskeygram,whiskeylover,parkcity,whiskey,ryewhiskey,highwestdistillery,bourbon,whiskeywednesday,limitedrelease,portfinish,midwinternightsdram,utahwhiskey,highwestwhiskey,blendedwhiskey,highwestwednesday,bourye,,,,,,,,,,,
202,apartment_bartender,,,,,,,,,,,,,,,,,,,,,,,,,,,,,,
203,seandrinksbourbon,ryewhiskey,drinkhighwest,highwestdistillery,drinks,delicious,thebourbonleague,whiskeylover,seandrinkswhiskey,whiskey,whiskeyoftheday,straightryewhiskey,dramgood,whiskeyporn,dram,amidwinternightsdram,act6scene3,whiskeygram,whiskeylife,,,,,,,,,,,,
204,subourbonguy,whiskey,whiskylover,whiskygram,whiskeygram,whisky,whiskylife,fryeday,fewwhiskey,dramgram,ryewhisky,straightryewhiskey,whiskeylover,ryewhiskey,whiskeylife,rye,,,,,,,,,,,,,,,
205,ncpes16 on Instagram,ryewhiskey,coffeeliqueur,craftcocktails,whiskey,rye,調酒,cocktails,,,,,,,,,,,,,,,,,,,,,,,
206,therealmikeymoney,,,,,,,,,,,,,,,,,,,,,,,,,,,,,,
207,bourbonwithasideofwh,canadianwhisky,lot40rye,spirits,neat,canadianwhiskey,thebourbonleague,whiskeyneat,whiskeygram,weekendwhiskey,rye,ryewhiskey,lot40,whiskygram,thebourbonalliance,whiskey,weekendwhisky,ryewhisky,whiskyneat,canadianrye,whisky,liquor,fryeday,,,,,,,,
208,elimasonsyrups,kybourbon,elimasonoldfashioned,elimason,bourbon,whisky,nashville,oldfashionedcocktail,oldfashioneds,caskstrength,madeinnashville,ryewhiskey,whiskey,cocktail,nashvilletn,kentuckybourbon,cocktails,bourbons,tnwhiskey,whiskies,whiskeys,oldfashioned,oldfashionedfriday,tennesseewhiskey,barrelproof,elioldfashioned,,,,,
209,njbyc_official,rye,njbyc,thegoodstuff,hochstadters,hochstadters16,ryewhiskey,lockstockandbarrelrye,canadianrye,fryeday,,,,,,,,,,,,,,,,,,,,,
210,whiteselixirs,drinkstagram,grocery,whiteselixirs,makethedrinkdrinkthedrink,sourmix,ryewhiskey,heybartender,craftcocktails,nationsnashville,liquorstore,cocktailmixes,cocktailmix,simplesyrup,drinksofinstagram,drinksondrinks,whiskey,drinks,nashville,cocktails,quickcocktails,giftideas,cocktailporn,tennessee,homebartender,nashvillemade,,,,,
211,theliquoristblog,maltwhisky,acrylicpainter,whiskeylife,amazing,whiskeylover,irishwhiskey,balvenie,whiskeylove,rye,drinks,wickitcandlefactory,bourbon,malt,amber,topseller,whiskeygram,candles,instawhiskey,musk,ryewhiskey,whisky,maltwhiskey,singlemaltwhiskey,bourbonvanilla,cigar,whiskey,madagascarvanilla,,,
212,artofthespirits,caskstrength,bourbonwhiskey,ryewhiskey,,,,,,,,,,,,,,,,,,,,,,,,,,,
213,fatdrunkandfancy,summithouse,njfoodblogger,weekendvibes,brownliquor,willtravelforfood,thepowerofthekitchentable,njspots,njfoodie,theinspirationalfoodies,fatdrunkandfancy,foodiecouple,foodgasmicconversations,rye,mixology101,foodgasmic,happyhour,njfoodies,foodbloggers,njevents,cranfordareahappenings,inspo,bestsellingauthor,ryewhiskey,manhattans,cranfordnj,,,,,
214,unplug_coffee,mariafeliz,california,ryewhiskey,singleoriginespresso,downtown,coffeestop,davidecoffeestop,davidecustomservice,nerudrip,amores,入谷カフェ,easttokyo,davidevintagestorage,cafelegs,mezcal,iriya,cafe,coffee,入谷,davide,espresso,faemae61,losangeles,coffeestand,davidecoffee,taitoukutokyo,sandiego,espressobar,,
215,alchemyandatwist,homemadebitters,cocktail,buddhahandbitters,cocktails,homebartender,stirrednotshaken,knobcreek,rye,bitters,homebar,happyhour,ramazzotti,whiskey,ryewhiskey,ramazzottirosato,,,,,,,,,,,,,,,
216,yargi._01,,,,,,,,,,,,,,,,,,,,,,,,,,,,,,
217,yargi._01,,,,,,,,,,,,,,,,,,,,,,,,,,,,,,
218,bourbon.social.club,2,,,,,,,,,,,,,,,,,,,,,,,,,,,,,
219,wicked_bourbon_kid,instabourbon,bestbourbon,fridayryeday,bourbondrinker,whiskeycocktail,whiskeygram,ryewhiskey,bourbonphotography,bourbonpics,whiskeytasting,bourbonbarrel,bourbonenthusiast,doubleoak,bourboncollection,sagamorespirit,whiskeyglass,whiskeylife,bourbonpairing,bourbonpodcast,bourbonhunter,thebourbonalliance,wickedbourbonkid,rarebourbon,bourbon,rye,,,,,
220,thebourbonbinge on I,kentuckystraightrye,ryewhiskey,bourbon,whiskey,rye,whisky,willett,kentuckystraightryewhiskey,willettfamilyestate,bourbonporn,heymike,barrelstrength,bourbongram,barrelproof,willettdistillery,singlebarrel,willettrye7yr,willettrye,,,,,,,,,,,,
221,eatsleepcraftbeer,,,,,,,,,,,,,,,,,,,,,,,,,,,,,,
222,bourbondoctor,bourbongram,bourbon,spirits,oak,kentucky,bourbonisthebest,bourbondoctor,rye,alcohol,america,dram,whiskey,distillery,bourboncandy,distill,instawhiskey,ryewhiskey,whiskeyreview,alcoholicbeverage,americanspirit,whiskeycollection,bourbonreview,bourbonwhiskey,liquor,whisky,whiskeygram,whiskygram,,,
223,skipsliquors,willettfamilyestaterye,skipsnewbraunfels,craftwhiskey,willettdistillery,skipssanantonio,ryewhiskey,,,,,,,,,,,,,,,,,,,,,,,,
224,bourbon_pour on Inst,kentucky,cheers,dram,bourbon,rum,bourbonwhiskey,singlemalt,bourbonlife,bourbonporn,rye,scotch,distillery,whiskeylover,bourbongram,bhfyp,whiskygram,bar,scotchwhisky,whiskeyporn,ryewhiskey,kentuckybourbon,whiskeygram,instabourbon,whisky,whiskey,cocktails,whiskyporn,bourbonlover,instawhiskey,drinks
225,daddyneedshismedicin,,,,,,,,,,,,,,,,,,,,,,,,,,,,,,
226,the_blue_ale on Inst,bourbonlover,whiskygram,scotchwhisky,scotch,cocktails,cheers,whiskeylover,kentucky,bhfyp,bar,singlemalt,rum,whiskeygram,whiskyporn,bourbon,bourbongram,drinks,bourbonlife,ryewhiskey,instawhiskey,distillery,dram,whiskey,rye,instabourbon,bourbonwhiskey,whiskeyporn,kentuckybourbon,whisky,bourbonporn
227,1844liquormarket,willettryewhiskey,texaspackagestore,boutiquebottleshop,bottleshop,liquorstore,storeinbrenham,handcraftedspirits,packagestore,texasfineliquor,texasfineliquorstore,texasboutiqueliquorstore,washingtoncounty,texasliquorstore,brenhamliquorstore,fineliquor,boutiqueliquorstore,brenham,downtownbrenham,texasbottleshop,1844liquorstore,brenhamtexas,1844fineliquor,willettdistillery,smalltownrevival,brenhamfineliquors,ryewhiskey,,,,
228,specialistmarcano_mi,miami,bulleit,iworkonbulleit,whiskey,ryewhiskey,coralgables,diageorep,whisky,cocktails,rye,,,,,,,,,,,,,,,,,,,,
229,vanbrunt_whiskey,craftwhiskey,bourbon,instawhisky,bourbonlife,nydistilled,instradram,singlemaltwhisky,singlemalt,whisky,craftspirits,instawhiskey,bourbonbarrel,slainte,bourbongram,whiskeygram,cheers,bourbonwhiskey,whiskeydrinker,brooklyn,whiskeylife,kanpai,hooch,whiskey,whiskygram,ryewhiskey,distillery,,,,
230,bourbinsane,ryewhiskey,instawhiskey,bourbon,bourbonreview,oldforester,whiskey,wildturkey,cocktailsofinstagram,mixdrinks,whiskeyporn,bourbinsane,rittenhouse,rye,1,whiskeyreview,bourbonporn,knobcreek,bourbongram,highwestdistillery,youtube,,,,,,,,,,
231,,,,,,,,,,,,,,,,,,,,,,,,,,,,,,,
