,RowSum
0,1
1,1
2,1
3,1
4,1
5,1
6,1
7,1
8,1
9,1
10,1
11,1
12,1
13,1
14,1
15,1
16,1
17,1
18,1
actoress,1
adidas,1
aislinnderbez,1
aislinnderbezfc,1
aitanaderbez,1
alessandrarosaldo,1
ankaraevolution,1
ankarafashiongallery,1
asia,1
asoebi,1
asoebispecial,1
autoslalom,1
ayanskidistributor,1
barstockholm,1
behappy,1
behindthechair,1
bellagiolasvegas,1
betbh,1
biblee,1
bokjoo,1
bossbabe,1
btconeshot2020_balayage,1
btconeshot2020_platinum,1
btcskp,1
cabincrew,1
chema,1
chemavenegas,1
churchwear,1
coffeeandchampagne,1
cosmoindia,1
cosmopolitan,13
cosmopolitanclub,1
cosmopolitanclubab,1
cosmopolitanclubstockholm,1
cosmopolitanexlusivekutusu,1
cosplay,1
crew,1
dear_sungkyoung,1
denebunu,1
denebunucom,1
diosa,1
dnepr,1
dnepr_ukraine,1
doctor_kristina on I,1
elchema,1
elchemavenegas,1
elegance,1
eleganceroom,1
elegant,1
ellemagazine,2
elseñordeloscielos,1
enriqueiglesias,1
esdlc,1
fabricnation,1
fabricsinlagos,1
fashion,1
fashionable,1
fashionblogger,3
fashiondesigner,1
fashionflare,1
fashiongram,1
fashionista,2
fashionphotography,1
fashionstyle,2
flightattendant,1
forcloud322,1
foreigners,1
friends,1
frozzled_by_bankable,1
frozzledbybankables,1
glamur,1
globetrotter,1
gogodans,1
gooreumi.entertaimen,1
growingbusiness,1
happyhumpday🐫,1
hasungwoon,1
helloshein,1
helloshein1million,1
hermosa,1
heybiblee,1
iamquintera,2
igoravibrance,1
instaglam,2
instylemagazine,2
jessicascotthair,4
joy_ua,1
kailaniochmann,1
karolg,1
kendalljenner,1
kesfet,1
khloekardashian,1
kica_46,1
kimkardashian,1
kourtneykardashian,1
kyliejenner,1
laduradelasduras,1
lagosliving,1
laneige,1
lasvegas,1
lasvegasstrip,1
layover,1
leesungkyoug,1
leesungkyoung,1
leesungkyung,1
lfc,1
liverpoolfc,1
maluma,1
mat,1
mauochmann,1
mauricioochmann,1
model,3
modeling,2
modellife,2
mordernchic,1
mosalah,1
multicultural,1
multiculturalfamily,1
muslimah,1
mycrewisbetterthanyours,1
nattinatasha,1
nevergiveup,1
nonla,1
ootd,1
ootdfashion,1
outfitinspiration,1
outfitoftheday,1
owambearena,1
party,1
partystockholm,1
photographer,1
photooftheday,1
photoshoot,1
picoftheday,1
playboy,1
plixxoblogger,1
polkanatropie on Ins,1
popxo,1
restaurant,1
restrang,1
revista,1
ricefields,1
rådmansgatan46,1
schwarzkopfusa,1
secondlastday,1
show,1
showartist,1
showstockholm,1
sightseeing,1
sincity,1
sportygirl,1
stewardess,1
sthlm,1
stockholm,1
stockholmgogo,1
stockholmloungebar,1
stockholmnattliv,1
stopover,1
streetstyle,1
stureplan,1
style,2
styleblogger,3
styleinfluencer,2
styleinspiration,1
stylish,2
sungwoon,1
the_couple_who_trave,1
thebtcteam,1
thereds,1
thetop,1
travelblogger,1
travelphotography,2
urbanchic,1
vallpi,1
vietnam,1
view,1
viewpoint,1
viewsfordays,1
vivalasvegas,1
wednesday,1
weightliftingfairykimbokjoo,1
wietnam,1
winter,1
winteroutfit,1
yg,1
ygad,1
yogitagoyal_,1
zaloga,1
zehranin_onerileri,1
витаминд,1
днепр,1
настроение,1
скоровесна,1
ซองอุน,1
อีซองคยอง,1
イソンギョン,1
キムボクジュ,1
ハソンウン,1
河成雲,1
걸캅스,1
라네즈,1
성운,1
어바웃타임,1
역도요정김복주,1
이성경,1
코스모폴리탄,2
하성운,1
