,RowSum
0,1
1,1
2,1
3,1
4,1
5,1
6,1
7,1
8,1
9,1
10,1
11,1
12,1
13,1
14,1
15,1
16,1
17,1
18,1
19,1
20,1
21,1
22,1
23,1
24,1
25,1
26,1
27,1
28,1
29,1
30,1
31,1
32,1
33,1
34,1
35,1
36,1
37,1
38,1
39,1
40,1
41,1
42,1
43,1
44,1
45,1
46,1
47,1
48,1
49,1
50,1
51,1
52,1
53,1
54,1
55,1
56,1
57,1
58,1
59,1
60,1
61,1
62,1
63,1
64,1
65,1
66,1
67,1
68,1
69,1
70,1
71,1
72,1
73,1
74,1
75,1
76,1
77,1
78,1
79,1
80,1
81,1
82,1
83,1
84,1
85,1
86,1
87,1
88,1
89,1
90,1
91,1
92,1
93,1
94,1
95,1
96,1
97,1
98,1
99,1
100,1
101,1
102,1
103,1
104,1
105,1
106,1
107,1
108,1
109,1
110,1
111,1
112,1
113,1
114,1
115,1
116,1
117,1
118,1
119,1
120,1
121,1
122,1
123,1
124,1
125,1
126,1
127,1
128,1
129,1
130,1
131,1
132,1
133,1
134,1
135,1
136,1
137,1
138,1
139,1
140,1
141,1
142,1
143,1
144,1
145,1
146,1
147,1
148,1
149,1
150,1
151,1
152,1
153,1
154,1
155,1
156,1
157,1
158,1
159,1
160,1
161,1
162,1
163,1
164,1
165,1
166,1
167,1
168,1
169,1
170,1
171,1
172,1
173,1
174,1
175,1
176,1
177,1
178,1
179,1
180,1
181,1
182,1
183,1
184,1
185,1
186,1
187,1
188,1
189,1
190,1
191,1
192,1
193,1
194,1
195,1
196,1
197,1
198,1
199,1
200,1
201,1
202,1
203,1
204,1
205,1
206,1
207,1
208,1
209,1
210,1
211,1
212,1
213,1
214,1
215,1
216,1
217,1
218,1
219,1
220,1
221,1
222,1
223,1
224,1
225,1
226,1
227,1
228,1
229,1
230,1
231,1
232,1
233,1
234,1
235,1
236,1
237,1
238,1
239,1
240,1
241,1
242,1
243,1
244,1
245,1
246,1
247,1
248,1
249,1
250,1
251,1
252,1
253,1
254,1
255,1
256,1
257,1
258,1
259,1
260,1
261,1
262,1
263,1
264,1
265,1
266,1
267,1
268,1
269,1
270,1
271,1
272,1
273,1
274,1
275,1
276,1
277,1
278,1
279,1
280,1
281,1
282,1
283,1
284,1
285,1
286,1
287,1
288,1
289,1
290,1
291,1
292,1
293,1
294,1
295,1
296,1
297,1
298,1
299,1
300,1
301,1
302,1
303,1
304,1
305,1
306,1
307,1
308,1
309,1
310,1
311,1
312,1
313,1
314,1
315,1
316,1
317,1
318,1
319,1
320,1
321,1
322,1
323,1
324,1
325,1
326,1
327,1
328,1
329,1
330,1
331,1
332,1
333,1
334,1
335,1
336,1
337,1
338,1
339,1
340,1
341,1
342,1
343,1
344,1
345,1
346,1
347,1
348,1
349,1
350,1
351,1
352,1
353,1
354,1
355,1
356,1
357,1
358,1
359,1
360,1
361,1
362,1
363,1
364,1
365,1
366,1
367,1
368,1
369,1
370,1
371,1
372,1
373,1
374,1
375,1
376,1
377,1
378,1
379,1
380,1
381,1
382,1
383,1
384,1
385,1
386,1
387,1
388,1
389,1
390,1
391,1
392,1
393,1
394,1
395,1
396,1
397,1
398,1
399,1
400,1
401,1
402,1
403,1
404,1
405,1
406,1
407,1
408,1
409,1
410,1
411,1
412,1
413,1
414,1
415,1
416,1
417,1
418,1
419,1
420,1
421,1
422,1
423,1
424,1
425,1
426,1
427,1
428,1
429,1
430,1
431,1
432,1
433,1
434,1
435,1
436,1
437,1
438,1
439,1
440,1
441,1
442,1
1,1
2020,10
603,3
6thstreetaustin,3
Null,3
acarcajadas,3
adelaide,3
adulting,11
adventure,2
agirlsguidetodrinkin,4
aiolornis,3
alps,2
amarenafabbri,4
amateurcocktailmaker,12
amateurmixologist,23
amazingflavors,3
amazinglydelicious,3
americanwhiskey,15
angelsenvybourbon,3
angosturabitters,7
antiquesandgardenshowky,11
antiqueshow,11
aproperpour,6
artofvisuals,2
atlanta,3
atx,27
atxdrinks,27
austin,27
australiatoalaska,2
austria,2
bacon,3
ballymahon,4
barclassics,3
barkiev,4
barman,3
barrelhouse,7
barrelproof,3
barrelshot,4
barrie,3
barrieeats,3
barriefood,3
barriefoodie,3
barrielicious,3
barrieontario,3
barrierestaurants,3
bartender,21
bartenderchristian,3
bartenderlife,8
bartenders,7
bartenderslife,3
bartending,6
basilhaydens,4
bayviewmke,4
bbq,6
beautifuldestinations,2
beerbar,4
beezy757,4
bestchristmascocktails,3
bestoldfashioned,8
bethereirl,3
bigicecube,2
bittersmattertoo,3
bj.krueger,3
blackfriday,4
blantons,4
blendedbyus,3
blog,4
blogger,4
bloodymary,4
bluegrasstrust,11
bocaraton,3
boobies,3
booze,4
bottedinbond,3
bottledcocktail,4
bottledcocktails,27
bottledown,4
bottlekill,4
bourbon,191
bourbonbarrelfoods,1
bourboncocktail,6
bourboncocktails,23
bourbongram,9
bourbonheritagemonth,2
bourbonhertitagemonth,1
bourbonhunter,2
bourbonlife,5
bourbonlove,2
bourbonlover,3
bourbonlovers,4
bourbonmanhattan,14
bourbonolddashioned,3
bourbonoldfashion,3
bourbonoldfashionbrown,3
bourbonoldfashioned,386
bourbonoldfashionedcandle,3
bourbonoldfashioneddonut,3
bourbonoldfashionedglazedpecans,3
bourbonoldfashioneds,3
bourbonoldfashionedsour,6
bourbonoldfashionedsweet,3
bourbonoldfashionfacial,3
bourbonoldfashions,3
bourbonoldfashionsweetwithorange,3
bourbonporn,9
bourbonsmash,4
bourbonsour,11
bourbontrail,1
bourbonwhiskey,20
brandy,26
brandyoldfashioned,53
brannanfilter,3
brushpark,4
buffalotrace,4
buffalotracebourbon,4
buffalotracedistillery,4
bulleit,7
bulleitbourbon,24
bulleitoldfashioned,4
bulleitwhiskey,7
burgertheory,6
burgertheory_joliet,6
burgertheoryjoliet,6
burtonsgrill,3
ca,1
cabanaboy13 on Insta,3
calhounsumrall,3
californiadreamin,1
callmeoldfashioned,7
canfoot,2
carbotech,3
careeradvice,3
careersandcocktails,3
carnivalcruise,2
carnivallegend,2
caviar,3
cdmx,3
centerparcsireland,4
chattanoogafun,2
chattanoogawhiskey,2
chattwhiskey,2
cheers,15
chefseries,3
cherry,10
cherryoldfashioned,4
chiberia,3
chief_grappling_offi,1
chill,3
chippendale,3
chips,3
christmas,11
christmascocktail,4
christmascocktails,3
christmasdecor,11
christmasdecorations,11
christmasoldfashioned,4
chuck_the_setter,3
cigar,3
cinnamon,3
cinnamonbourbon,3
ciro_almd,3
cityscape,2
classiccocktails,27
clearice,5
clearicecubes,2
cleariceweek,3
cocktail,37
cocktailbar,4
cocktailflight,3
cocktailgram,29
cocktailing,8
cocktailmaking,23
cocktailoclock,6
cocktailoftheweek,4
cocktailporn,3
cocktails,126
cocktails_by_tempus,3
cocktailsanywhere,22
cocktailsathome,23
cocktailsofinstagram,46
cocktailspecial,3
cocktailsphotography,3
cocktails🍸,23
coctails,3
cocteles,3
coffin,3
confessionsofaserialdiyer,3
coolbar,3
cooneyshotel,4
countryfarmlife,3
cozyandbright,3
cradleglass,3
craftcocktails,44
craftedmixology,2
craftspirits,8
crescent_bar_finnies,3
cueball2010,3
custserv,3
cws,6
cwslw,31
cylon_number_six,4
daneson,3
dangit,4
dayglowbeige,3
decemberflavors,3
degustation,3
delicious,3
deliciousness,3
designingdrunk,11
detroit,4
deviledeggs,1
dgreen9290,1
dgspirits,8
didyouearnit,4
dineocandbeyond,1
dineocii,2
dinnerparty,3
dinnerpartyepisode,4
discoverlarnaka,3
disney,3
disneybeard,3
disneyfood,3
disneyfoodie,3
disneysprings,3
divebar,4
dixiebellepaint,3
diychristmas,11
doorcountycherries,3
doorcountywi,1
downtown,3
draaaaanks,1
drank,3
driftlessdistillery,8
driftlessglen,10
driftlessglenbrandy,1
drink,4
drinkalone,4
drinking,23
drinkingalone,4
drinkingbuddies,3
drinks,35
drinksathome,12
drinksofinstagram,3
drinkspecials,3
drinksphotography,3
drinkstagram,17
drinkswithfriends,3
drinkup,3
drinkwisconsibly,3
drybar,4
dudleysonshort,1
earlybird,1
earlytimes,3
earlytimesbottledinbond,3
earlytimeswhiskey,3
earthpix,2
eatanddrinkwell,1
eater,1
eateroc,1
eaterseattle,4
eeeeeats,1
endofsummer,1
entertaining,11
eureka,3
evanwilliams,3
expectations,3
exploregvl,3
fall,3
familyportrait,7
farmstyle,3
fatherofdogphoto,2
feminism,4
feminist,4
fewbourbon,3
filmgirlfilm,3
filthycherries,3
finallycooledoff,3
finnieston,3
finniestonstrip,3
fireplacelove,3
firstclass,1
fishfry,3
foodcrawler,1
foodie,10
foodiegram,3
foodieofinstagram,3
foodisdelicious,3
foodlove,3
foodlover,3
foodporn,4
foodsnob,3
foodstagram,3
forkyeah,3
fourrosesoldfashioned,3
friday,6
fridayfunday,11
fridayharbour,3
fridaynight,3
friedchickensandwich,3
friends,4
friendship,3
frites,3
friyay,34
gadzooks77 on Instag,3
gadzooksgetaway,3
gardenshow,11
gardentips,11
garnish,5
garnished,2
garnishgame,2
gastropost,3
gastropub,4
gccocktaillove,45
gccocktails,11
gff_wait4it_life,4
gifts,4
ginandtonic,4
glasgowdrinks,3
glasgownightlife,3
glorrainek,1
gmail (@starcrib,4
goldcoast,23
goldcoastcocktaillove,12
goldcoastcocktails,11
goldcoastlife,23
goldcoastmixologist,11
graintoglass,8
grato,2
gratowpb,2
greenvillesc,3
gurublend,3
h_ache_h,3
halloweencocktail,11
handcrafted,3
handcraftedcocktails,3
happiness,3
happy,3
happyfriday,6
happyhalloween,9
happyhour,41
happynewyear,7
happythanksgiving,3
heavenhill,3
highlandparkliquors,3
historicpreservation,11
holidaydrink,4
holidayflavors,3
holidaygifts,3
holidayinnjoliet,3
homebar,29
homebartender,26
homebartending,3
homemade,4
homemadecocktails,23
hotellavabeach,3
houndsblackvodka,3
howdoyouoldfashioned,23
hudsonbabybourbon,3
hughma on Instagra,3
ianslessor,3
iliveforfood,3
illbetheguineapig,11
illinois,37
ilovemkefoods,8
ilovewinter❄️,3
imacsweb,3
imbibegram,4
importantwhiskies,7
indianmotorcycles,3
innisfil,3
innisfileats,3
innisfilontario,3
innsbruck,2
instacocktails,3
instadrinks,3
instafood,3
instafriends,3
instagood,7
instagram,3
instahappy,3
instalife,3
instalike,3
instalove,3
instawhiskey,4
irelandhiddenheartlands,4
ironsmoke,2
ironsmokewhiskey,2
irvine,1
istillgotit,3
its5oclocksomewhere,11
itsallaboutthecherries,3
itsthelittlethings,3
j_a_s_e1989,2
jimbeamblack,3
job,3
johnald90,3
jolanda.vd.meijden,4
joliet,3
jolietillinois,3
jonbanister,3
joncarloftis,11
joncarloftisfinegard,11
joncarloftisfinegardens,11
joseluisgonzalezfdz,3
joseph_la_macchia,15
josephlamacchia,11
junellen,3
junellenn,3
justanotherday,3
keepongroovin,3
kentuckybourbon,4
kentuckybourbontrail,1
kentuckycollins,3
kentuckyfood,1
kentuckyfoodie,1
kentuckyhomeandgarden,11
kentuckylifestyle,11
kentuckymule,3
knobcreek,1
l4l,3
lacyaok,3
lakeworth,6
lakeworthfl,6
landscapephotography,2
larcenybarrelproof,3
larcenybourbon,3
larnaca,3
larnaca_city,3
larnaka,3
lavabeach,3
lensbible,2
letthemusicplay,3
lexingtonfoodie,1
lexingtonkentucky,1
lexingtonky,1
liddletrucker on Ins,4
life,3
likesforlikes,3
lingerlongerloungeaz,4
lion_named_lucas,3
liqpic,3
livingmybestbourbonlife,3
livingmybestlife,6
londonspiritscompetition,1
longford,4
longfordhotel,4
lorikcakes,4
love,3
luxardo,3
luxardocherries,1
luxardomaraschino,3
m.ellish_,7
madeinwisconsin,8
madison,10
makersmark,12
makersmark46,1
makeyourown,3
manchvegas,3
mandown,4
manhattan,16
manhattandrink,9
maoricocktailbar,3
mardigras,3
marmenor,3
marymcnelispvt,3
maxxrepp,11
mbar,1
meats,1
meetmeatthelondon,1
meloree_melo,4
merci,3
miamismith305,4
michelebydesign,11
michigan,44
midlandsireland,4
midweekhustle,3
midweekmotivation,3
midwestdistillery,8
mike_kd123,3
milwaukee,40
mindo,1
minnesota,37
mission_bottle_kill,4
missionbottlekill,4
mixed,4
mixologists,3
mixology,41
mixologyathome,4
mixologyice,2
mkamuda,4
mkeeats,4
mkefood,4
mmoment,1
mobilebartendingservice,3
monday,3
mondayblues,3
moneyforallmusic,3
mongo_maduro,3
moodygrams,2
morning,1
mototrip,2
mountainstones,2
mr.duffleupagus,3
mstyled,1
murcia,3
my_food_adventures,3
myfirstoldfashioned,4
myfoodadventures,3
nailedit,11
negroni,3
neighborhoodbar,4
newyearnewme,4
nh,12
niagarafallscanada,3
nineteen09_,3
nofilter,3
noms,3
noogagram,2
noogamade,2
northitalia,1
northofthe6ix,3
northofthesix,3
november,4
novicecocktailmaker,23
nw.mama,3
nyisc,1
oc,1
offthehook,3
oldezra,2
oldfahionedcocktail,2
oldfashion,7
oldfashioned,169
oldfashionedatx on I,27
oldfashionedcocktail,17
oldfashionedcocktails,3
oldfashionedflight,3
oldfashionedfriyay,23
oldfashioneds,3
oldschool,3
oldtown,3
ontherocks,6
opendoorstudio,1
opendoorstudio 🔰 (@o,1
orangepeel,3
ourcrewknowshowtoparty,3
ourplanetdaily,2
outofworkbum,3
outofworkbum on Inst,3
palmbeach,6
palmbeacheats,6
palmbeachlife,6
palmbeachliving,6
pam616,3
pamgreer,2
panerai,3
paneristi,3
partage,3
partyon,3
peakyblinder,3
pelusa1286,3
photoftheday,3
photooftheday,26
pigoutsundays,3
planet_helen,3
podcast,3
politepigorlando,3
pomegranate,11
poncedeleon,3
pourandenjoy,43
premiumpour,4
presss_play,3
presswaffle,4
presswaffles,4
primenewyorkstrip,3
privateparty,3
prohibitionparty,3
pumpkinspice,11
readytodrink,33
recipes,7
redeye,1
repost,4
resignation,3
reversehappyhour,12
rinoartdistrict,4
ripadrenaline,3
riseandsidecar,3
rittenhouserye,3
rooftopbar,2
rr0123,3
rumoldfashioned,4
rustynail,3
rye,1
ryecocktails,3
ryeoldfashioned,34
ryewhiskey,34
sagabar,3
salmon,3
sandiegogifts,3
sanjavier,3
santaclaramobilebartendingservices,3
santiagodelaribera,3
saturdaynight,4
saturdayvibes,11
savor,3
sayitwithsoulboxer,3
sbcocktails,6
sbfan,3
sbmanhattan,4
scotchcocktails,3
scotcholdfashioned,3
scottromijn,1
scottsdaledrinks,3
scottsdalevibe,3
seattledrinks,4
seattleeats,4
seattlefoodie,4
secondbest,4
secondbestbar,4
secretsanté,4
sewswedish68,3
shemustwantsomething,3
shortribs,3
shotsshotsshots,2
sidecar,3
sidecardoughnuts,3
simcoecounty,3
simcoecountyeats,3
simcoecountyliving,3
singaporesling,4
skydivetomorrow,3
smallbatchbourbon,6
smokedoldfashioned,3
smokeyquartz,3
smokeyquartzdistillery,3
smokyquartzdistiller,3
socal,1
sofia_rivar,3
sonrie,3
sonyalpha,2
soph_skydivingchick,3
soulboxer,3
soulboxercocktailco,86
southernhospitality,3
southshorefarmersmarket,4
spirits,8
sriracha,1
sriracha2go,1
staugustine,3
staugustinebourbon,3
staugustinedistillery,3
staugustinedoublecaskbourbon,3
stbernardus,3
steakdinner,3
streetcorn,3
strongwomendrinkalone,4
sunday,1
sundayfunday,4
sundaynight,3
sundaynightvibes,3
sundaysipper,3
sunset,2
supportlocal,3
sustainable,7
sydney,3
talesofthecocktail,3
talltalesbrewery,4
talltalesbrewing,4
tangledhickory,6
tastetheamericanspirit,8
tasty,10
tb,3
texas,27
tghdub,3
tgif,11
thankful,3
thankyou,3
thebourbonalliance,4
thebourbonleague,4
thegrayscalelife,4
theoffice,4
thepolitepig,3
thesilhouette,3
thevibereports,3
thewhiskeyculture,3
thirstythursday,4
throwbackthursday,4
tnwhiskeytrail,2
topsoilrestaurant,3
traveler,1
travelersrestsc,3
travelingsriracha🌶,1
travelsizedcocktails,3
trevorfelch,1
trickortreat,9
trio,4
turkeyday,3
twentyyearsago,3
tx,27
unbiased,3
unsolicited.opinion ,3
up,3
urbanbourbonfervor,4
valentine,3
valentines,3
valentinescocktails,3
valentinesday,3
valentinesday2020,3
valentinesdinner,3
vesper,3
visitgreenvillesc,3
visittravelersrestsc,3
vodka,4
vomfass_hillcrest,3
vomfasshillcrest,3
waffle,4
waitinforcybermonday,4
waltdisneyworld,3
wanderingfeet,1
wanderlust,2
wanderwisely,1
wantitnow,1
wdw,3
wednesday,1
weekend,7
weekenddrinks,3
weekendfun,3
weekends,3
welivetoexplore,2
welovemondays,4
weroamabroad,2
whereismodrinking,4
whiseylover,2
whiskey,99
whiskeycocktail,18
whiskeycocktails,4
whiskeydudeswithatti,3
whiskeygram,22
whiskeylife,7
whiskeylover,3
whiskeyoldfashioned,12
whiskeyporn,14
whiskeywednesday,3
whisky,46
whiskycocktail,8
whiskycocktails,7
whiskycorner,4
whiskygram,4
whiskylover,3
whiskyoldfashioned,4
whiteelephantgift,11
whocares,3
willtravelforfood,1
winebar,3
winter,4
wintercocktails,3
wisco,8
wisconsin,43
woodfordreserve,18
woolsweater,3
wow,3
yeahthatgreenville,3
yeahthatsbourbon,3
yeahthattr,3
баркиева,4
виски,4
коктейль,4
ржанойвиски,4
