,RowSum
0,1
1,1
2,1
3,1
4,1
5,1
6,1
7,1
8,1
40,1
alliecat922,1
babe,1
barbonbkk,1
basmatirice,1
birthdaybehavior,1
blogger,1
booze,1
bourbon,1
bourbonbabe,1
bourbonbabes,2
bourbonhouse,1
bourbonrootbeer,8
bourbonwhiskey,1
browntown,1
cancancocktails,2
cannedcocktails,1
chicity,1
chicken,1
chillin,1
cilantro,1
cooking,1
danbury,1
drinkwhiskey,1
fedorasandmaxiskirts,1
festcola,1
food,1
garlic,1
greekyogurt,1
habeneromargarita,1
happyhour,2
hisandhers,1
itsmybirthdaycelebration,1
itsmyweekend,1
jessicamacias13,1
jj_fraser10,1
kaleighgurlprof,1
kentuckybourbon,1
lentils,1
lillypulitzer,1
lumberjackcody,1
ma.ma.mar,1
midtownsac,1
neworleansfresh,2
nola,1
oysters,1
pilaf,1
pinkcolony,1
rhd_jrow,1
rootbeer,1
sacbourbonbabes,1
salt,1
tikkapaste,1
turmic,1
vacation,1
visitsacramento,1
whiskey,1
whiskeywomen,1
whisky,1
