,RowSum
0,1
1,1
2,1
3,1
4,1
5,1
6,1
7,1
8,1
9,1
10,1
11,1
12,1
13,1
14,1
15,1
16,1
17,1
18,1
19,1
20,1
21,1
22,1
23,1
24,1
25,1
26,1
27,1
28,1
29,1
30,1
31,1
32,1
33,1
34,1
35,1
36,1
37,1
38,1
39,1
40,1
41,1
42,1
43,1
44,1
45,1
46,1
47,1
48,1
49,1
50,1
51,1
52,1
53,1
54,1
55,1
56,1
57,1
58,1
59,1
60,1
61,1
62,1
63,1
64,1
65,1
66,1
67,1
68,1
69,1
70,1
71,1
72,1
73,1
74,1
75,1
76,1
77,1
78,1
79,1
80,1
81,1
82,1
83,1
84,1
85,1
86,1
87,1
88,1
89,1
90,1
91,1
92,1
93,1
94,1
95,1
96,1
97,1
98,1
99,1
100,1
101,1
102,1
103,1
104,1
105,1
106,1
107,1
108,1
109,1
110,1
111,1
112,1
113,1
114,1
115,1
116,1
117,1
118,1
119,1
120,1
121,1
122,1
123,1
124,1
125,1
126,1
127,1
128,1
129,1
130,1
131,1
132,1
133,1
134,1
135,1
136,1
137,1
138,1
139,1
140,1
141,1
142,1
143,1
144,1
145,1
146,1
147,1
148,1
149,1
150,1
151,1
152,1
153,1
154,1
155,1
156,1
157,1
158,1
159,1
160,1
161,1
162,1
163,1
164,1
165,1
12pm,3
2020,9
36,2
4demayo,5
aboutdrinksandbars,5
acarigua,3
aceite,1
acero,3
agenciadeviaje,9
alcohol,3
allthatglitters,3
almuerzo,5
altavista,3
amazonas,4
amigos,3
anything__personal,3
anythingpersonal,3
anzoategui,12
anzoátegui,7
apure,6
arabeelbacha,5
aragua,6
argentina,3
arizona,2
asuncion,3
aveia,1
aveia_hs,1
avena,1
bachelorette,3
bacheloretteparty,3
bar,6
barcelona,7
barinas,12
barquisimeto,18
baseball,4
batonrouge,3
beautiful,13
beer,1
bicolor,13
bicolorpintatucasa,13
blackfoodbloggers,3
blossom,3
bna,1
boleteria,9
bolivar,7
bottomlessbrunch,1
boutique,4
boutiquedeniñosentachira,2
bridalparty,3
bridesmaidgift,3
bridesmaidgifts,3
brumate,3
brunchtime,1
bryantpark,1
buckhead,3
buckheadatlanta,3
buenosaires,3
buenosdiasvenezuela,2
buenprecio,3
burger,1
caballero,3
cafeconbike,1
caipirinha,1
calidad,3
calledaonyc,1
calzadocrocsvzla,3
calzadodedama,3
calzadodemoda,3
calzadoscolombianos,7
calzadosmariangels,3
carabobo,3
caracas,50
caracascity,3
carne,5
casio,3
castillito,3
cbo,3
ccs,11
celebratorydrinks,1
changeiscoming,1
cheese,1
chelsea,1
chicasdashandreina,3
chichiriviche,2
chile,3
chorizo,5
choroni,2
ciudadbolivar,8
ciudadbolívar,6
ciudadguayana,3
clio,2
coachwifelife,4
cocina,3
cocktailhour,3
cocktailoftheday,3
cocktails,1
cojedes,6
comersanoyrico,1
comida,3
compartir,6
compras,3
conjuntosniños,2
conmigonyc,3
conocevenezuela,2
cookies,1
copa,3
core,3
cotizacion,9
craftcocktails,3
criserraurb,3
cubanchinese,1
cubanfood,1
cumana,9
cumaná,3
cute,13
cuzco,5
daiquiri,1
dannageen,1
dashandreina,6
decoracion,3
delivery,3
deltaamacuro,6
deportivos,7
desert,2
desertlife,2
designersvenezuela,3
discovercharlottetown,3
diseñovenezolano,3
disney,3
disneydrinking,6
disneyfoodblog,3
disneyworld,3
donde_ir_antes_de_mo,2
downtownnashville,1
dradianarodriguez.pz,1
drink,4
drinking,3
drinkingaroundtheworldepcot,3
drinkingatdisney,3
drinkingdisney,3
drinkoftheday,3
drinks,3
dulceria,5
dulceriaarabe,5
dulceriaarabepuertolacruz,5
dulces,5
dulcesarabeselbacha,5
easter,4
eeeeeatie,1
eeuu,4
elbacha,5
eltigre,9
eltocom,3
eltocomrd,6
encomiendas,5
epcot,3
epcotdrinks,3
epcoteats,3
españa,2
estadosunidos,4
europa,2
experiencia,9
experiencia_losroque,1
explorepei,3
falcon,10
falcón,4
familia,3
fashion,3
fashionshoes,7
febrer,3
february29,4
feedfeedcocktails,3
felicidad,3
flower,3
flowerandgardenfestival,3
follow,2
followme,13
food,2
foodporn,1
foto,1
friday,4
fun,3
galletas,1
gincocktail,3
girly,3
glitter,3
glittery,3
glutenfree,1
gonzalosanmartin_,4
grageas,3
graphictees,4
gshock,3
guanare,3
guanta,1
guarena,3
guarico,3
guatire,3
guayana,5
guayanacity,3
guárico,4
hamburger,1
hamburguesas,1
hannahgabrielle91,2
happy,13
healthy,1
healthylife,1
hechoconamor,3
hechoenvenezuela,6
hechoenvzla,3
instacollage,1
instagood,14
instagram,3
internacionales,9
islademargarita,9
islademargaritavenezuela,5
islademargarita🌴,5
islamargarita,10
istafood,3
italianmargarita,3
italy,3
jean,3
joyeriavieneza26,3
katarzyna.kla,4
kylie,13
kyliejenner,13
laasuncion,6
laparadadelicho,3
laparadadelicho on I,3
lara,9
lashuertasproduce,3
leapday,7
leapyear,7
lecheria,27
lefkadiya,1
libredeazucar,1
libredegluten,1
licores,3
like,2
likes4like,13
lima,5
liquor,3
lookatusgrowingup,1
losbuenossomosmas,5
losroques,2
losteques,3
love,13
lubricante,1
lubrico,1
lubricoriente,1
lubricoriente on Ins,1
madrid,5
maneiro,5
mangonada,3
mangonadas,3
manhattan,1
maniceriasanjose,6
maracaibo,52
maracay,28
margarita,130
margarita_ve,5
margaritagastronomica,5
margaritagrillca,5
margaritaisland,5
margaritaproductiva,1
margaritas,3
margs,1
margtini,3
martini,3
martinis,3
maturin,11
maturín,4
mcbo,13
meccysc.a,2
meccysca,2
mercadoonline2015,4
merida,16
mgta,1
miami,4
miranda,6
mixology,3
mixologyguide,3
moda,3
modacolombiana,3
modaonlinevzla,3
mojito,4
momlife,4
monagas,5
monogram,3
monogrameverything,3
monogrammed,3
monogrammedgifts,3
morrocoy,13
motor,1
muebles.venezuela,3
nacionales,9
naguanagua,3
nashville,1
nashvillefood,1
nashvilletn,1
nationalmargaritaday,3
natural,1
navidad,1
nike,13
notasyalgomas,5
nuevaesparta,10
nyc,1
nycbrunch,1
nycdining,1
nycfoodie,1
oferta,6
onbikemargarita,1
opstoremcbo,13
paintingwithatwist,3
pampatar,1
panaderiabolivar,2
panchoandleftys,1
panes,1
parrilla,5
parrillada,3
parrillas,5
pasatiempo,3
pavel_a.ru,1
pechuga,3
pei,3
peiliquor,3
personalizedgifts,3
peru,5
peruanos,5
petal,3
phoenix,2
phoneeatsfirst,3
phoneservice.ca,2
photooftheday,13
piscina,2
pizza,1
pizzanapoletana,4
pizzeria,4
playa,2
playasdevenezuela,15
plazamayor,3
plc,1
pollo,5
porlamar,19
pornfood,1
portuguesa,7
produce,3
ptolacruz,3
ptoordaz,6
puertoayacucho,4
puertolacruz,20
puertoordaz,10
puertordaz,3
pwat,3
pwatbatonrouge,6
pycha,4
pzo,3
pzocity,3
quecomerenlaisla,5
quecomerenmargarita,5
quehacerenlaisla,5
regalos,3
regalosbonitos,3
regalosparaniños,2
reloj,3
relojeria,3
reserva,9
restaurant,7
restaurante,3
ropa,3
ropaimportada,3
ropanacional,3
ropaparaniñosensancristobal,2
sale,4
salsas,1
salt,2
salud,1
saludable,1
sancarlos,6
sancristobal,10
sandalias,7
sanfelipe,7
sanfelix,3
sangría,3
saturday,4
saturdayevents,3
semanasanta2020,3
shopping,5
short,3
sinculpas,1
skinnyjeans,3
snaks,3
soloenvenezuela,3
solomo,5
solvuelo3.0,9
sonlas12,3
sparkle,3
spring,5
streetfood,1
sucre,7
sudamerica,3
sugarfree,1
sun,2
sundayfunday,1
sunshine,2
superautosav,3
sylvanpark,1
tachira,11
tacolove,1
tacos,1
tacostequilabeer,1
tailgate,3
talentovenezolano,3
tarde,3
tastetestatl,6
tbt,13
tendencia,3
tequila,3
teresa_gamo,3
teresagarciamolins,3
the_margarita_mum,5
theeclecticpeach,8
theniadoulkeridou,3
tiendas,2
tiendasparaniños,2
tortas,3
tourismpei,3
toyota,3
tragos,3
travel,9
trujillo,17
tu_calzadofavorito,3
tucacas,13
turismo,9
unare,3
vacaciones,11
valbori.shop,7
valencia,36
valera,3
vargas,6
variedad,1
vegetables,3
venezolanas,3
venezolanos,5
venezolanosenargentina,5
venezolanosenchile,5
venezolanosencolombia,5
venezolanosenecuador,5
venezolanosenelexterior,5
venezolanosenelmundo,8
venezolanosenespaña,5
venezolanosenlima,5
venezolanosenmiami,5
venezolanosenorlando,5
venezolanosenperu,5
venezuela,40
venezuela_captures,2
venezuelan_places,2
venta,3
ventas,9
ventasalmayor,3
ventasvenezuela,6
viajar,9
viajetricolor,5
vidasaludable,1
visitanos,1
viveres,3
vuelos,9
vzla,3
wdw,3
weblogforfood,3
wellness,1
weloveatlanta,3
wine,1
workout,1
xiaomi,1
yaracuy,9
yum,3
yummy,4
zapatos,7
zulia,12
блины,1
весна,1
вино,1
гриль,1
еда,1
лефкадия,1
маргарита,1
масленица2020,1
пицца,1
стритфуд,1
сыр,1
сяоми,1
шашлык,1
ярмарка,1
