,RowSum
0,1
1,1
2,1
3,1
4,1
5,1
6,1
7,1
8,1
9,1
10,1
11,1
12,1
13,1
14,1
15,1
16,1
17,1
18,1
19,1
20,1
21,1
22,1
23,1
24,1
25,1
26,1
27,1
28,1
29,1
30,1
31,1
32,1
33,1
34,1
35,1
36,1
37,1
38,1
39,1
40,1
41,1
42,1
43,1
44,1
45,1
46,1
47,1
48,1
49,1
50,1
51,1
52,1
53,1
54,1
55,1
56,1
57,1
58,1
59,1
60,1
61,1
026,2
12daysofchristmas,2
187,2
187strassenbande,2
187tabak,2
187tobacco,2
2019,2
24thdecember,3
666satherial666,2
adventnivylet,2
adventsmarkt,2
aimsleynoodle,1
alcohol,3
alicahlavenkova,2
alldaybrunch,1
aperitivotime,3
aroundtheworld,2
austria,2
beefeater,2
beerpresident,2
beerpresidenttitle,2
bellstolling,2
besties,1
bestpartypunch,3
beverage,3
bevvies,1
bexxistence,2
bhfyp,2
blackiechan,3
blessed🙏,1
bliss,1
bnw,2
bożenarodzenie,3
breakfast,2
brunch,1
carlottaeilbassotto,6
carol,2
celebrating,3
celebratingchristmas,2
celebration,2
champagne,1
champagnerose,2
checkmate,3
cheeseandcrackers,1
choinka,3
christmas,14
christmas2019,2
christmasball,2
christmascarols,2
christmasdecorations,2
christmaself,3
christmasinvienna,2
christmasiscoming,3
christmasmarket,5
christmasmarkets,2
christmasmarketvienna,1
christmasmood,2
christmasparty,3
christmaspunch,54
christmasstar,3
christmastime,8
christmastree,2
chtistmas,2
chunchandesu,1
cocktailbar,3
cocktailhour,2
cocktailpainting,2
cocktailrecipes,3
cocktails,6
cocktalesonthecouch,3
coconutcreations,1
coconutcreationsyeg,2
coffee,1
cointreau,2
collectmomentsnotthings,2
crafting,1
craftlove,1
create_your_cozy,2
cricut,1
cricutcrafts,1
cricutcreated,1
cricutmade,1
customerlove,1
cím,2
dates,1
deadly,1
december,5
december2019,2
demkaffeezumtrotz,2
diekleinedorfmusik,2
dirtroadpoet,1
diy,1
dladzieci,3
driedcranberries,1
drink,6
drinkphotography,3
drinks,4
drinkstyling,3
drinkstylist,3
drinkup,2
ds9,1
eatcaptureshare,3
eatseasonal,3
ellen.lev,1
europe,2
europetravel,2
europetravel180days,2
f52grams,3
family,3
familytime,1
farmonfranklin,2
farmonfranklinporkonfork,1
feedfeed,3
festivalseason,2
festiveseason,3
feuerzangenbowle,2
fingerfood,3
firetong,2
foodblog,3
foodblogger,3
foodphotographer,3
foodphotography,3
foodstyling,6
foodstylist,3
fotografie,2
francescacmorello on,3
freerangeheritagepasturedforestedpork,1
friendswhofish,1
fromscratch,1
fullblack,2
gameplay,2
gamer,2
gamers,2
garch,2
gastronomcocktails,2
german,1
gingerbread,3
girlsmom,3
gl,2
glittering,2
gløgg,1
glühwein,3
goodmorning,2
guild,2
gutenmorgenliebesorgen,2
hana,2
handwerkskunst,2
happyholidays,1
happynewyear,2
happynewyear2020,1
havingfun,1
heimenkirch,2
herbsandbutter,1
holidaydrinks,3
holidays,1
holidayseason,2
homemade,2
hookah,2
hookahtobacco,2
hotcocktails,1
huffposttaste,3
hwein,2
hweinzeit,2
hydromel,1
idąświęta,3
immerwiedersch,2
indianbackpacker,2
infoodwetrust,3
instafood,3
instagood,2
itsbeginningtolookalotlikechristmas,2
itsthemostwonderfultimeoftheyear,2
janicajocka,3
jinglebells,5
karácsonyipuncs,2
kavarnaõde,2
kbfoodstyling,3
kdconor,2
keter,2
klidvruchu,2
kreativmarkt,2
lecker,2
leftoversforlunch,1
letnikinoolomouc,2
letsgetlit,1
letsgetlost,2
lifeandthyme,3
liveyourdreams,2
lovelyday,3
lovewhereilive,1
lubimnajviac,3
lugano,3
madewithlove,1
magicmoments,3
magnaktiasoldiersdistrict,2
malkeinenkaffee,2
martiniasti,2
meister,1
merrychristmas,3
mexsi72,1
mimosa,1
mięta,3
mobilephotography,2
mojelasky,3
mulledwine,3
n,2
nachweihnachtenistvorweihnachten,2
nasecafe,2
nasecafeolomouc,2
nastya_kuznetsova_1,2
natale,3
natgeoyourshot,2
nation,2
neujahr,2
newyeardecor,2
newyearlights,2
newyearscelebration,2
newyearsday,1
newyearseve,2
nightwalker,2
ninjaeffect,2
nobiggie,3
nobiggieholidays,3
nobiggierecipes,3
nuneaton,2
nw,2
offit,3
oiloncanvas,2
oilpainting,2
ololod,2
olomouc,2
olomoucunesco,2
olopunc,2
orangeromulan,1
orphanxmas17,3
outofqueue,2
p4story,2
partypunch,3
pepperminticecream,2
peppermintpunch,2
poncz,3
ponorkaolomouc,2
poprad,2
prague,2
pragueham,2
propstyling,3
propstylist,3
prosecco,2
prosectura,2
proudmom,3
przepisy,3
punc,2
punch,11
punchrecipe,3
puncs,2
puncvolomouci,2
punč,2
quartadomenicadellavvento,3
raindeer,3
raspberry,3
realfood,3
recipe,3
refreshing,1
ricettina,3
rodinajenajviac,3
rodzina,3
ronnefeldt,2
santa,3
santababy,3
satherial™,2
sayitinpictures_,2
selfmaderecord,2
shareyourtable,3
shisha,2
shishatabak,2
shishatobacco,2
shishatobaccogermany,2
shoplocal,1
snowflakes,3
specialtitle,2
speciáliscím,2
spolu,3
still_life,2
stilllifepainting,2
stillyummy,1
stollen,1
strahanfising,1
stroh,2
ststephenscathedral,2
supportlocal,1
supportlocalbusiness,1
supportsmallbusiness,1
sörelnök,2
sörelnökcím,2
t,2
t23,2
tabak,2
tasfoodie,1
tassiecherries,1
tastingtable,3
tasty,1
tastydrinks,2
teatime,2
tee,2
teljesenfekete,2
thechristmasling on ,2
timeforrelaxing,3
tipsbylouise,3
title,2
tobacco,2
totravelistolive,2
townsquare,2
travelexplorecelebrate,2
travelmemories,2
ukudeje,2
ukudejeolomouc,2
valerie_corriveau,1
valorian,2
vampygirl1994,2
verityvintagestudio,2
vianoce2019,3
vianocnypunc,2
vienna,2
vinchaud,1
vinepair,6
viny1984,2
wachenroth,2
wakeup,1
wanderingprashant,4
wayneandtom,3
weekend,3
weihnachten,4
weihnachtlicheblasmusik,2
weihnachtsmarkt,2
weihnachtspunsch,2
weihnachtszeit,2
wigilia,3
wildcaughtatlanticsalmon,1
winebar,2
winelovers,2
winter,6
wintertime,2
withfriends,2
withlove,2
workinglife,2
xmas,5
xmaspunch,2
yeg,1
yum,1
zuzi.herpakova,2
éjjeljáró,2
święta,3
рождество2020,2
グリューワイン,1
シュトーレン,1
ドイツクリスマスマーケット,1
ドイツシュトーレン,1
温葡萄酒,1
