,RowSum
0,1
1,1
2,1
3,1
4,1
5,1
6,1
1943pizzabar,1
acocktaillife,1
alcohol,1
allscroogedup,1
appletonrum,1
avosheep,2
babyitscoldoutside,1
bartender,1
bartenderlife,1
besteggnogrecipes,1
bestofdante,1
booze,1
bourbon,2
bourbonandbranch,1
bringingbackthepunchbowl,1
brixandrye,4
cardamaro,1
cheerstothefreakinweekend,1
christmas,1
christmasdrinks,1
classiccocktails,1
cocktailsathome,1
daledegroff,2
dantenyc,1
delicious,1
downtownvancouver,1
drinkporn,1
drinks,2
eggnog,4
fancy,1
festivedrinking,1
forkandshaker,1
fourrosesbourbon,1
fridayfunday,1
fridaynight,1
friyay,1
gay,1
getyourbrixfix,1
greenport,1
happyfriyay,1
holiday,1
holidaycocktails,2
holidaycocktailsgetusthroughtheholidayseason,1
holidaydrinkporn,1
holidaydrinks,1
holidayparty,1
homechef,1
homemade,1
instadrink,1
instagay,1
kingcocktail,1
limitedtimeonly,1
livemusic,2
loungebar,1
macdougalst,1
makersmark,1
markinsella,1
mixologist,1
mulledwine,1
musicinthedark,1
nightclubbar,1
northfork,1
nutmeg,1
oldbrew75,1
prohibition,1
remymartin,1
rollingindoughpizza,2
rosewoodhotelgeorgia,1
santaspipe,1
spicedrum,2
tipsy,1
tistheseason,2
uncleangeloseggnog,7
vancouver,1
weekend,1
weekendvibes,1
weirdeggnog,1
yvr,1
