,RowSum
0,1
1,1
2,1
3,1
4,1
5,1
6,1
7,1
8,1
9,1
10,1
11,1
12,1
13,1
14,1
15,1
16,1
17,1
18,1
19,1
20,1
21,1
22,1
23,1
24,1
25,1
26,1
27,1
28,1
29,1
30,1
31,1
32,1
33,1
34,1
35,1
36,1
37,1
38,1
39,1
40,1
41,1
42,1
43,1
44,1
45,1
46,1
47,1
48,1
49,1
50,1
51,1
52,1
53,1
54,1
55,1
56,1
57,1
58,1
59,1
60,1
61,1
62,1
63,1
64,1
65,1
66,1
67,1
68,1
69,1
70,1
71,1
72,1
73,1
74,1
75,1
76,1
77,1
78,1
79,1
80,1
81,1
82,1
83,1
84,1
85,1
86,1
87,1
88,1
89,1
90,1
91,1
92,1
93,1
94,1
95,1
96,1
97,1
98,1
99,1
100,1
101,1
102,1
103,1
104,1
105,1
106,1
107,1
108,1
109,1
110,1
111,1
112,1
113,1
114,1
115,1
116,1
117,1
118,1
119,1
120,1
121,1
122,1
123,1
124,1
125,1
126,1
127,1
128,1
129,1
2020,3
26,3
26yearsold,3
34683126,2
57bistro,1
___ems___,3
abudhabi,2
acaibowl,3
addominali,3
afterparty,2
aftershave,3
agedrum,3
aie,3
allaboutfood,4
aman,4
amanpuri,4
amazing,3
amazingplaces,1
amazon,3
americana,3
aoyamabar,3
aperitif,3
apero,3
aperolspritz,3
aperotime,3
appetizer,4
apéro,3
arcteryx,3
artindia,3
auralee,3
avocadobrighton,8
avocadoislife,4
ayame,3
backday,3
baleares,1
balmcream,3
banana,3
bangkok,4
baraddict,3
barelcubano,3
bartender,3
batchedcocktails,3
batchology,3
bayankuaförü,3
bbqburger,2
bdシャツ,3
beattheheat,3
beautiful,8
beautifuldestinations,1
beauty,3
beautyproducts,3
beefburger,4
bennys,3
bennys_okinawa,3
best,3
bestvacations,1
beverages,1
bhfyp,4
biere,3
bigshot,3
birthday,3
birthdaycake,3
birthdayfun,3
bistro,1
bistro57,1
blogger,3
bluelagoonmojito,3
bodybuilding,3
bodybuildingitalia,3
bodygoals,3
boncoura,3
booze,3
boquetofflowers,3
botl,3
brightonlesands,4
brunch,4
brunchislife,4
bunnyskitchenhisar,3
burger,9
burgerandbeer,3
burgerheaven,3
burgerista,3
burgerking,5
burgermania,3
burgerporn,2
burgershack,2
burgerworld,2
burger🍔,3
cafe,1
cafedelhi,1
cafeindia,1
calasaona,1
celebrate,3
celebrations,3
chappedlips,3
cheese,4
cheeseburger,2
chef,4
chicken,4
chickenburger,2
chickenpizza,3
chilcanos,2
cigaraficionado,3
cigarian,3
cigarlife,3
cigarlover,3
cigaroftheday,3
cigarsociety,3
cinoh,3
citation,3
citationdujour,3
citations,3
classiccar,4
club,3
cocktails,2
cocktailsofinstagram,3
coffee,1
cohiba,3
cold,2
coldcoffee,1
comique,3
comoli,3
connaughtplace,4
corner,4
cosmetics,3
cp,4
cpbars,4
cprestaurant,4
crab,3
cuba,7
cuba_habana_autentic,4
cubalibre,4
cubalove,4
cuban,4
cubancigar,3
cubanos,4
cubatravel,4
dance,3
datewithbhojan,4
ddbluek,3
delhi,1
delhibars,4
delhicafe,1
delhifoodbloggeres,4
delhifoodie,4
delicious,8
deliciousdinner,3
delightful,1
descenteallterrain,3
desifood,4
desifoodie,4
dining,1
dinner,7
distilled,3
draughtcocktails,3
drink,1
drinks,3
drinksofeatopia,3
drole,3
droplicious,2
droplicious.om,2
drylips,3
dubai,2
dubaiblogger,2
dubaidelivery,2
dubaidrinks,2
dubaievents,2
dubaifood,2
dubaifoodie,6
dubaigifts,2
eat,9
eatingfortheinsta,4
eatopiafest,3
educate,3
eeuu🇺🇸,2
emojis,3
energy,3
enjoy,1
erkekkuaförü,3
essentialoils,3
estate2020,1
exclusivelyforeveryone,3
facetoface,3
faites.l.apero.pas.l,3
faites_l_apero_pas_la_guerre,3
faiteslaperopaslaguerre,3
falafel,3
familytime,3
fancy,3
felipebayuela,2
fiance,3
fiance💍,3
fidelscafe,3
fidelscafeoncubastreet,3
finedining,4
fitfamily,3
fitfood,3
fitness,3
fitnessitalia,3
fivestarhotell,4
flatlay,3
flowers,3
focus,3
followme,4
food,6
foodanddrink,4
foodanddrink_oman,4
foodblog,4
foodblogger,8
foodexplorer,2
foodfest,3
foodgasm,2
foodhunt,4
foodie,20
foodie4life,2
foodiebordas,2
foodieferrie,8
foodieforlife,4
foodiegram,6
foodies,5
foodism,2
foodlover,8
foodography,2
foodphoto,3
foodphotography,16
foodpic,3
foodpics,4
foodporn,12
foods,4
foodstagram,12
foodtalkindia,3
foodvlogs,2
formentera,1
friends,5
fries,4
fruits,3
funtotrip,4
ga.rance,3
gatheringbox,2
giveme.cosmetics,3
goodfood,4
gourmet,4
greatlife,4
greenapple,2
gundogdu_kozmetik_se,3
gym,3
gymitalia,3
habana,4
habanos,3
habanoslover,3
habanossa,3
hanasakimarche,3
happiness,4
happy,7
happynewyear,3
harrysbarsg,4
havana,4
havanaclub,3
hawaiian,3
healthy,7
healthyfood,10
healthylife,3
healthylifestyle,3
hechoenperu,2
henderscheme,3
holiday,1
homemade,3
homemadepasta,3
hospolife,3
hotel,4
humour,3
humourdemerde,3
humournoir,3
iamdir_,2
iannn_life,3
ibiza,1
icecream,3
iletişim,3
imatabiキャンペーン8,4
in,2
indiacafe,1
indianblogger,4
indianfoodblogger,3
ink,3
inmykitchen,3
instafood,15
instagood,4
instarybnik,3
ipad,4
iphonephotography,4
islabonita,1
italian,6
italiancooking,3
italianfood,7
italianpasta,3
italianpizza,3
jatinchopra__,3
jtbで旅したい,4
juicecocktail,3
kaptainsunshine,3
keralafoodblogger,4
kindal,3
kindal_katata,3
kindal堅田,3
kirabase,1
kolonya,3
kozhikodediaries,4
kuaför,3
kvilelaus,4
ladestileria,2
lahabana,4
lapinozpizza,4
lapinozpizzasion,4
larustica,3
lcdh,3
lemonmojito,3
levantine,3
levantinecuisine,3
lifebyclau,4
lifeisbalance,3
lima,2
linguine,3
lipbalm,3
lipcare,3
lipkit,3
lipsense,3
lipsmacking,4
liquor,3
localite,3
localitecosmetics,3
loftman,3
lol,3
love,10
lovecooking,3
lovefordubai,4
lunch,11
lunchmenu,4
lurin,2
lychee,4
maherlami,4
maid,1
makeuptips,3
manolo.habanos,3
marrant,3
mastihashop_uae,2
mdr,3
mediterraneo,1
meme,3
memefrancais,3
memes,3
mexico,3
miami,2
miamibeach,2
milano,1
mint,7
mintmojito,3
mixologist,3
mixology,3
mmm.note,4
mocktails,6
mojito,111
mojitocosmetics,3
mojitoparty,3
mojitos🍹,5
montecristo,3
morefuninthephilippines,3
motobu,3
mouthwatering,4
mr_bannaji_302,3
msjaniceeats,4
msjaniceeats_bars,4
msjaniceeats_drinks,4
msjaniceeats_westernrestaurants,4
muaythai,3
mumbaifoodie,4
murthal,1
myhabanosmoment,3
myuae,4
napoli,1
neat,3
needles,3
nico_fit_91,3
nicofit91,3
night,3
nightlife,3
ninetree99,1
noime_hospitality,2
nolifewithoutfood,4
noriei,3
norwegianrain,3
okinawa,3
oldhavana,4
oldrum,3
oldtimer,4
omotesandobar,3
onmytable,3
orangemojito,3
oreoshake,1
oxydantcream,3
palestra,3
papparicotta,4
parmigiano,3
parmigianoreggiano,3
party,5
partypackages,2
partytime,3
pastalover,3
pastis,3
peru,2
phuket,4
picoftheday,8
pinkdrinks,3
piscolovers,2
piscoperuano,2
piscosour,2
pizza,4
pizzafreak,3
pizzalovers🍕,3
pizzaplace,3
placetobe,1
placetovisit,1
polishboys,3
polishgirls,3
porterclassic,3
prawns,3
previosc,2
previoscyb,2
preworkout,3
prozis,3
ptdr,3
pump,3
punch,3
qba,4
qbaconnaughtplace,8
refresher,4
refreshingdrink,3
repost,4
restaurant,4
restaurantsinkozhikode,4
rhum,3
ricard,3
rire,3
roma,1
ron,6
rum,6
rum_bar_shibuya_toky,3
rumbar,3
rumcocktails,3
rumcollection,3
rumcollector,3
rumdrinks,3
rumlove,3
rumlovers,3
rumpunch,3
saebom_c_,4
sandwich,3
sandwiches,3
sandwichtime,3
saturday,3
sausageburger,2
saç,3
saçaçıcı,3
saçbakımyağı,3
saçboyama,3
saçkremi,3
saçmaskesi,3
saçserumu,3
seidiformenterasesin,1
seidiformenterasesince2014,1
selfiee,3
selfieofinstagram,3
selﬁeoftheday,3
shake,3
shakes,3
shakeshack,3
shibuyabar,3
shrimppasta,3
sightseeing,4
skincare,3
slice,4
smokersrd,3
smoothlips,3
softlips,3
solocosebelle,1
sommelier,3
sotl,3
sourdough,4
south2west8,3
southeastasia,4
spagetti,3
special,4
spicyburger,2
spinachpasta,3
spirits,3
spotted_face2face,3
standup,3
stiamolavorandopervoi,1
strenght,3
summer,6
summerdrinks,4
sunset,7
sunsetsofinstagram,3
sunsetsoftheday,3
sustainability,3
sydneycafe,4
sydneyeats,4
tabijyo_sunset,4
tabinikki,4
taco,3
tacos,3
tailscocktails,6
tailsontap,3
taste,2
tasty,8
taurina,3
tbt,4
teatora,3
tequila,2
terminal__c,1
terminalc,1
texte,3
thai,4
thailand,8
thailovers,4
the_passionatefoodie,3
thebrotherscoldpress,6
thedeck,4
thedeckbyarunresidence,4
thursdaynightdrinks,3
toptansatış,3
trapsday,3
travel,9
traveler,4
travelling,4
treatyoself,3
trending,3
trinidad,4
trip,4
uae,2
uaefoodbloggers,4
uaefoodie,4
vacanze,1
vadakara,4
valueformoney,2
vanilla,3
varadero,4
vehiclewraps,3
viaggiare,1
vintagerum,3
virgin,3
virginmojito,11
walk_on_cuisine,3
watarun,4
watermelon,5
we,2
wellington,3
whisky,3
withhighschoolbff🤪,3
workout,3
wrap,3
xxiifestivalhabano,3
youngandolsen,3
yuji_carter,4
yum,3
yummy,9
zomato,4
zomatoin,4
zomatoreviewer,4
zomatouae,6
şampuan,3
ابوظبي,2
الخميس,1
العين,2
تجمعات,1
تجمعات_بنات,1
تخرج,1
توزيعات,1
ثيمات,1
جميرا,2
حفلات,1
دبي,2
عصائر,1
عماني,1
عمانيات_ستايل,1
مناسبات,2
مواليد,1
موكتيل,2
موهيتو,3
نكهات,1
こんなタイ知らなかった,4
やんばる,3
アイパッド,4
アサイーボウル,3
アズールレーン,1
アマン,4
アマンプリ,4
カインドオル,3
ガーリックシュリンプ,3
サンセット,4
タイ,8
タイ好きな人と繋がりたい,4
タビジョ,4
チャオプラヤ川,4
ハナサキマルシェ,3
バナナシェイク,3
バンコク,4
ブランド古着,3
プーケット,4
ベニーちゃん,3
ホテルl,4
ボンクラ,3
メイド,1
モヒート,4
ラムバー,3
ラム好き,3
ラム酒,3
ラム酒好きな人と繋がりたい,3
ロフトマン,3
ワットアルン,4
三創生活園區,1
五つ星ホテル,4
今だからできる旅,4
北部旅,3
古宇利島,3
咖哩,1
女僕,1
女僕咖啡廳,1
女僕餐廳,1
旅スタグラム,4
旅好きな人と繋がりたい,4
旅行,4
旅行の思い出,4
旅行好きな人と繋がりたい,8
本部,3
本部町カフェ,3
東南アジア,4
沖縄,3
沖縄カフェ,3
沖縄美ら海水族館,3
海外旅行,8
海外旅行好きな人と繋がりたい,4
海洋博公園,3
海軍咖哩,1
渋谷バー,3
牛丼,1
牛肉丼飯,1
碧藍航線,1
莫西多西瓜蘇打,1
藍色椰林蘇打,1
表参道バー,3
謹賀新年,3
買取2020,3
青山バー,3
링귀니,3
멜버른,3
멜번,3
멜번간호사,3
새우파스타,3
시금치파스타,3
오늘뭐먹지,3
오일파스타,3
집밥,3
파르미지아노레지아노,3
파스타,3
홈메이드,3
홈메이드파스타,3
홈쿡,3
휴가는즐거워😎,3
📷,1
