,RowSum
0,1
1,1
2,1
3,1
4,1
5,1
6,1
7,1
8,1
9,1
10,1
11,1
12,1
13,1
14,1
15,1
16,1
17,1
18,1
19,1
20,1
21,1
22,1
23,1
24,1
25,1
26,1
27,1
28,1
29,1
30,1
31,1
32,1
33,1
34,1
35,1
36,1
37,1
38,1
39,1
40,1
41,1
42,1
43,1
44,1
45,1
46,1
47,1
48,1
49,1
50,1
51,1
52,1
53,1
54,1
55,1
56,1
57,1
58,1
59,1
60,1
61,1
62,1
63,1
64,1
65,1
66,1
67,1
68,1
69,1
70,1
71,1
72,1
73,1
74,1
75,1
76,1
77,1
78,1
79,1
80,1
81,1
82,1
83,1
84,1
85,1
86,1
87,1
88,1
89,1
90,1
91,1
92,1
93,1
94,1
95,1
96,1
97,1
98,1
99,1
100,1
101,1
102,1
103,1
104,1
105,1
106,1
107,1
108,1
109,1
110,1
111,1
112,1
113,1
114,1
115,1
116,1
117,1
118,1
119,1
120,1
121,1
122,1
123,1
124,1
125,1
126,1
127,1
128,1
129,1
130,1
131,1
132,1
133,1
134,1
135,1
136,1
137,1
138,1
139,1
140,1
141,1
142,1
143,1
144,1
145,1
146,1
147,1
148,1
149,1
150,1
151,1
152,1
153,1
154,1
155,1
156,1
157,1
158,1
159,1
160,1
161,1
162,1
163,1
164,1
165,1
166,1
167,1
168,1
169,1
170,1
171,1
172,1
173,1
174,1
175,1
176,1
177,1
178,1
179,1
180,1
181,1
182,1
183,1
184,1
185,1
186,1
187,1
188,1
189,1
190,1
191,1
192,1
193,1
194,1
195,1
196,1
197,1
198,1
199,1
200,1
201,1
202,1
203,1
204,1
205,1
206,1
207,1
208,1
209,1
210,1
211,1
212,1
213,1
214,1
215,1
216,1
217,1
218,1
219,1
220,1
221,1
222,1
223,1
224,1
225,1
226,1
227,1
228,1
229,1
230,1
231,1
232,1
233,1
234,1
235,1
236,1
237,1
238,1
239,1
240,1
241,1
242,1
243,1
244,1
245,1
246,1
247,1
248,1
249,1
250,1
251,1
252,1
253,1
254,1
255,1
256,1
257,1
258,1
259,1
260,1
261,1
262,1
263,1
264,1
265,1
266,1
267,1
268,1
269,1
270,1
271,1
272,1
273,1
274,1
275,1
276,1
277,1
278,1
279,1
280,1
281,1
282,1
283,1
284,1
285,1
286,1
287,1
288,1
289,1
290,1
291,1
292,1
293,1
294,1
295,1
296,1
297,1
298,1
299,1
300,1
301,1
302,1
303,1
304,1
305,1
306,1
307,1
308,1
309,1
310,1
311,1
312,1
313,1
314,1
315,1
316,1
317,1
318,1
319,1
320,1
321,1
322,1
323,1
324,1
325,1
326,1
327,1
328,1
329,1
330,1
331,1
332,1
333,1
334,1
335,1
336,1
337,1
338,1
339,1
340,1
341,1
342,1
343,1
344,1
345,1
346,1
347,1
348,1
349,1
350,1
351,1
352,1
353,1
354,1
355,1
356,1
357,1
358,1
359,1
360,1
361,1
362,1
363,1
364,1
365,1
366,1
367,1
368,1
369,1
370,1
371,1
372,1
373,1
374,1
375,1
376,1
377,1
378,1
379,1
380,1
381,1
382,1
383,1
1964,4
2020,3
50bestbars,1
Null,30
aboutdrinksandbars,10
aboutthatbarlife,4
absinthe,4
achievementhunter,2
afterwork,3
afzal_kaba,4
ahiddenlife,3
aikigin,2
alcohol,10
alcoholfree,3
alcoholfreelife,3
alcoholicbeverage,3
alish.a.dish,5
allthelimes,3
ambamarlay on Instag,3
apple,8
applepodcasts,2
art,4
artisanal,2
artofmixology,4
asiangin,2
atl,3
atlanta,3
atlfoodie,3
atlrestaurants,3
atmosphere,3
ayearofcocktails,4
ayktivist,4
badassbarboos,4
balance,3
ballantines,4
bar,30
baramericain,4
baririe,1
barlavapies,1
barlife,5
barmadrid,1
barmoray,5
barservice,7
bartender,47
bartenderlife,4
bartenders,4
bartime,3
bar巡り,1
basil,9
beautifulbooze,10
beefeatergin,4
beercocktail,3
beers,3
behindthebar,4
best,3
bestbar,19
bestofhartford,3
bettydraper,4
beverage,10
beverageconsultant,3
beverageprogram,3
blackberry,4
blanco,3
blckowned,4
blogto,3
bloodoranges,2
bluedrink,10
bluerice🍚,3
bodeguita_prague,3
bodeguitadelmedio,3
bombaysapphire,4
bombaysapphiregin,3
bonvoyage,3
bookdrunkendreadhead,4
bootleggregcocktails,3
booze,10
boozefree,3
boozytalk,3
botanistgin,5
bottledcocktail,3
bourbon,3
bourboncocktails,4
bowmore,4
brandambassador,4
breakfast,3
brighton,4
brightondistillery,4
brightongin,4
brightonginstergram,4
brunchdrinks,3
bucfutter,3
buenosaires,4
butter,8
butterflyeffectgin,3
butterpod,20
buzzfeeddrinks,3
cadenhead,4
caipirinha,3
caipiroska,3
callmeoldfashioned,3
canadianspirits,3
cardamom,3
caricature,4
carvingknife,4
casino,4
casinoparty,4
casio,3
catheryngrivna,3
changseoki,3
charlit,4
charlotte,4
chasing_cocktales on,2
cheers,7
cheers🥂,3
chef,8
chicago,3
chicagoeats,3
chicagoloop,3
chilli,5
chinese,3
chivasgraduates,4
chocolateoverload,3
chompchompchomp,3
christmasdrinks,4
christophercannan,4
chuuk.restaurant,3
cigars,3
citizen,3
citrus,5
ck,3
clasico,10
classic,19
classiccocktail,3
classiccocktails,13
classicocktail,10
classics,4
club,3
cocchiamericano,4
cockles,3
cocktail,92
cocktailartist,4
cocktailbar,3
cocktailbartender,10
cocktailgarnish,4
cocktailgram,13
cocktailhour,14
cocktaillovers,4
cocktailmaking,7
cocktailmasterclass,3
cocktailmonday,4
cocktailnight,2
cocktailoftheday,13
cocktailparty,7
cocktailphotography,14
cocktailpic,10
cocktailporn,3
cocktailprogram,3
cocktailrecipe,14
cocktailrecipes,10
cocktails,166
cocktails.of.the.wor,4
cocktailsanddreams,2
cocktailsbar,4
cocktailsculture,1
cocktailsforyou,4
cocktailslavapies,1
cocktailsmadrid,1
cocktailsofinstagram,23
cocktails🍸,4
cocktailtime,10
cocobolo,4
coctel,9
cocteles,9
coldones,2
coldpressedjuice,3
coleburn,4
connoisseur,2
conshy,3
conshygirlsrestaurantgroup,3
convivialist,4
cook,8
cooking,8
coppercraftdistiller,4
coppercraftdistillery,4
costatica,3
craft,3
craftcocktail,6
craftcocktails,45
crafted,3
craftedcocktails,3
craftedmixology,10
craftgin,2
craftmocktail,3
craftspirits,4
crapshackcondo,3
createyourownadventures,2
ctcocktails,3
ctdatenight,3
ctdinnerdate,3
ctdrinks,3
cteats,3
ctpizza,3
ctrestaurants,3
cubanrestaurant,3
cucumber,4
customcocktails,7
czechboy,3
dallas,4
dallasdrinks,4
dallaseatmore,4
dallaseats,4
dallasfood,4
dallasfoodie,4
dallasnewgirl,4
dark,2
daytimedrinking,1
dbespoke,3
dbworkandlifestyle,3
dclassic,3
dclassicjakarta,3
decatur,3
deepeddyvodka,4
deldiego,19
dfw,4
diageobaracademy,4
different,2
dinner,2
dinner🍴,3
dipti.vaswani,3
dirtylittlesecret,5
dirtylittlesecretroo,5
dishoommcr,4
distilledbeverage,3
distillery,6
distributor,3
dondetomakome,4
dondraper,4
donetsk,2
drink,35
drinkblogger,4
drinkgr,4
drinking,10
drinkingthings,3
drinklovers,3
drinkphotography,10
drinkpic,10
drinkporn,15
drinks,25
drinkstagram,31
drinkswithfriends,1
drinks🍹,4
drinkup,21
drinkwell,4
dropdeaddames,8
drunkendreadhead,4
drunkendreadhead__,4
dry,10
drygin,10
drymartini,10
durhamregion,3
dynasty2020,5
earbiscuits,2
eastofthesix,3
eatdallas,4
eaterdallas,4
eatstagram,4
ecluse.edmundston,3
eclusehaltegourmande,3
edinburghbloggers,4
edinburghlife,4
editorial,10
editorialphotography,10
edmundston,3
elegant,3
empress1908gin,20
empressgin,20
englishgin,4
ennui,2
ennuitalkextra,2
ennuitalkpodcast,2
ennuitv,2
entertainmentcenter,5
entertainmentcenter.,5
espritmodernmelon,3
estileconceptstore o,2
eventstaffing,4
experience,2
explore,4
familytime,2
fancycocktails,2
farmdogjuices,6
farmdogjuicesheb,3
fashion,4
fbinnovation,1
fbinnovationgroup,2
fgarci17,3
fish,3
fitnessmejoraconstan,1
florida,3
followforfollow,3
followforrecipes,4
followme,3
food,17
foodie,13
foodiegram,3
foodiesofinstagram,6
foodphotography,3
foodporn,36
forkme,3
fortune,3
frankia_minil,3
freshwasabi,4
friendsdrinksdance,10
fruitscocktail,3
fruitsmartini,3
fun,2
funfact,3
gandt,2
gardentoglass,3
garnishgame,18
gasometer,5
geisha,3
geishagimlet,3
geschmackvoll,5
getincocktails,3
gimlet,321
gimmeallthecheese,1
gimmegimme,1
gimmie,1
gimnastyka,1
gin,120
ginandjuice,2
ginandtonic,18
ginbase,1
gincocktail,28
gincocktails,26
ginga_ninja_kitchen,4
ginganinja,4
ginganinjakitchen,4
gingimlet,8
gingirl,2
ginjourneyliv,1
ginlove,4
ginoclock,6
ginoubliable,4
ginsour,7
ginspiration,8
ginstagram,19
gintigin,3
gintonic,12
glassware,4
glastonburyct,3
glenfiddich,4
glenkimkim,6
good,10
goodfoods,3
goodlife😎,3
goodmedicine,3
goodmythicalmorning,2
gordonsgin,3
gorganzola,3
gourmand,2
gourmet,2
gradient,1
granvia,19
granviamadrid,19
green,4
greensalad,3
grit_songpilates,4
gshock,3
guatemagica,1
guatemala,1
guatemaya,1
guestappreciationweek,4
gulfshores,2
gulfshoresalabama,2
gypsy,3
gypsysaloon,3
gypsysaloonconshohoc,3
h3podcast,2
hachirestaurant,3
hamstererer___ on In,2
handcraftedcocktails,4
handmade,4
handmadestraps,3
happybartendersday,4
happyhour,9
happymonday,5
hartfordct,3
heartawarenessmonth,3
hearthealth,3
hearthealthyrecipes,3
heb,3
hedonism,3
hendricks,4
hendricksgin,4
hiroshima,1
hochwertig,5
hollandmi,4
homemade,4
homemadebitters,4
homerecipe,4
hongkonggin,2
horeca,3
humpday,3
humphreymediasolutio,4
hungrykya😋,3
huntersheadtavern,5
iceland,4
illustration,4
ilovemyjob,4
imbibe,13
imbibegram,11
implex24,1
ineedadrink,3
info.barman,3
ingredient,3
innnovationgroup.asi,3
inspiration,3
instacocktail,23
instadrink,4
instadrinks,8
instafood,3
instagin,4
instagood,13
italesse,3
italesseglassware,3
italessewormwood,3
itsnotworkitsalifestyle,3
iworkd4diageo,4
jacqueline_chaton,2
jakartabar,3
jamesbeard,3
japan,5
japanese,3
japanesebar,3
job,4
joerogan,2
joeroganexperience,2
juice,3
justavittlebite,3
kamnasklenicku,3
kansascity,3
kazonuma,3
kc,3
kccocktails,3
ketelone,4
ketelonebotanicals,4
ketelonevodka,4
keylime,3
kimballhouse,3
kimlet,3
kimulabo,3
kindred,2
kindredsandiego,2
koktejl,3
kryshabar,10
kumquat,3
laiba,3
laibabeverages,6
lavapies,1
leawoodks,3
legendary,3
lemon,3
lemonade,3
lemonsoda,3
libations,4
licenciadoencantinas,1
life,4
lifestyle,6
light,10
like4like,3
lima,10
lime,18
limeade,3
limecordial,3
limejuice,3
limitededition,3
limon,10
limonana,3
lingandlouies,6
linkinbio,3
liqour,4
liqpic,10
liquor,4
london,4
londondrygin,4
london🇬🇧,4
longdrinks,5
lovequotes,3
lowabv,3
lowestgreenville,4
lujo,19
lunch,3
luxury,9
luxurystile,10
luxurystyle,9
maddinbeam,2
madeinbrooklyn,4
madeinnyc,4
madmen,4
madrid,20
madridfood,10
madridnight,9
madridnightlife,9
magazine,10
malfygin,3
manchestereats,4
manhattan,9
margarine,8
margarita,3
marjoleinjansonius,4
marlowe_bar,3
marquesberlin,3
martini,24
martinidry,10
martukomesu,4
marymsweeney on Inst,4
matbar,4
maxfishct,3
maxhasit,3
maxrestaurantgroup,3
mayraguirag,2
mcm,3
media,8
michelin,2
milly.b_tokyo,1
miriamnini,4
misfitspodcast,2
mixeddrinks,7
mixologist,48
mixologists,8
mixologistservice,4
mixology,58
mixologyalert,4
mixologyguide,14
mixologymonday,3
mobilebartending,4
mobileservice,4
mocktail,3
mocktailrecipes,3
mocktails,6
modern,3
modernlifestyle,3
mojito,3
mojitos,3
mom,4
mondaymonday,4
mondaymotivation,5
monsieurcocktail,3
mood,4
moscowmule,3
movingon,3
mrbenstewart,4
music,8
musitevyzkouset,3
muskoka,3
muskoka_spirits,3
muskokaspirits,3
myriam_divina,2
nathan,8
nationalgallerysingapore,3
nature,2
ne1,4
nealko,3
nealkoalkohol on Ins,3
neat,1
negroni,10
negronilover,1
nellieandjoeskeywestlimejuice,4
newamsterdam,5
newcastlecocktails,4
newenglandcomfortfood,3
newfriends,3
newmilford,3
newregularspot,3
niceyspicey,4
nightlife,4
nolyftneeded,3
non,3
nonalcoholic,3
nonalcoholicdrink,3
nonalcoholicspirit,3
nonnaangelascrofton,4
nordicwasabi,4
northcarolina,4
notboringnation,3
nyc,2
nydistilled,4
officialpodcast,2
offtopicpodcast,2
okinawa,2
oldfashion,7
oldfashioned,4
oldfashionedcocktail,4
oldschool,13
omc,4
ontariogin,3
ootd,3
osvezeni,3
pairings,3
pairingscigarbar,3
pairingstestkitchen,3
paloma,6
panasiancuisine,3
pancetta,3
paris,4
pariscocktails,4
party,6
passion,4
pekohara on Instagra,5
pepetarrres,3
pernodricard,4
photooftheday,3
photoshooting,3
pickeringontario,3
picoftheday,6
pinkdrink,3
pinkpeppercorn,3
pinkspider0228,4
pintapom,3
pizza,3
pizzalover,3
plymouthgin,4
podcast,10
podcasts,8
podcastshow,8
pom,5
pomegranate,9
pomegranatearils,3
pomegranatejuice,3
pomegranatelove,3
porcelaingin,2
positivevibez_xo,3
pour,3
pourmeaglass,1
prague,3
praha,3
properenglishgin,4
r,4
rappiness0708,1
readytodrink,3
realwasabi,4
recipetotry,4
recoleta,4
redalderranch,3
replyall,2
repost,13
reservebar,5
reseslejuicecordial,3
restaurant,6
rhettandlink,2
rickey,3
rivas,8
rixey,8
rocksteadydenver,4
rodedun,1
rokugin,3
rolex,3
rolling,4
romago,2
ron,10
rooftop,5
roosterteeth,2
rosemary,5
rosemarysimplesyrup,4
roseslimejuice,5
rtpodcast,2
rumpunch,3
rye,3
saintvincentncl,4
saturdaynight,3
saturdaynightin,2
savasbarmad,1
savoycocktails,6
savoycocktailsnyc,6
scotch,4
scottishgin,3
scottishproduce,3
scurvyproofyourself,3
seafood,3
seangillisphotos,3
seiko,3
seikofansclubofficial,3
seikowatchjapan,3
selfie,3
servers,4
shadesofgreen,4
shake,6
shaken,3
shaker,3
shanghaidrinks,3
shanghaidrygin,2
shanghaifestyle,3
shanghaigin,4
shanghailife,3
shibuyabar,1
shochu,3
shoppingworldwide,3
sidecar,4
signaturecocktails,4
simple,1
simplesyrup,5
singapore,3
sip,3
sippin,3
sipsavoycocktailsnyc,6
siroplime,3
slovakia,3
sobercurious,3
soberdrinks,3
sobo,8
sobomobile,8
soco,1
soft,3
sommelier,2
southerncomfort,1
southmumbairestaurant,3
spicecocktail,3
spiritofbrighton,4
spirits,10
spiritsbranding,5
spotify,10
spring,4
springcocktails,4
spritzer,3
srpc99j1,2
ssa387j1,3
staffing,4
standardwormwooddist,4
standardwormwooddistillery,4
stephendevriesphoto,10
stevejobs,1
stevia,5
steviacocktails,5
stgermain,3
sumer2020,3
sundayfunday,4
sundayvibes,4
sunset,3
suntoryrokugin,3
supperclub,4
supportlocal,3
sussex,4
sweetandsour,3
sweetsour,4
tagomatic,4
talkshow,2
tanqueray,4
taste,2
tasty,3
tavernatmissionfarms,3
tearsheet,10
tequila,10
tequilacocktails,3
texasweather,4
tflera,3
thaicurry,3
the_alcoholic_enthus,4
the_bower_house,3
the_public_eight,6
thebotanistginnz,5
thebotanistnz,5
thebowerhouse,3
thecreateunknown,2
thedearborn,3
thedickshow,2
thegimlet,3
theginbirds,10
thegroundupshow,2
themixologists,4
themixologists.ca,4
thepubliceight,3
theroyaloyster,2
thewestmount,10
thirdchildadventures,2
thirsty,3
throwing,4
ti,3
tinymeatgang,2
tipple,4
tonic,4
tonight,3
top,3
torontobars,3
torontoeats,3
torontolife,3
trainer,3
traveltheworld,4
tuesday,3
tulumsoon,3
upcoming,3
uterni,3
vacation,2
vanillaicecream🍨,3
veggesushi,3
ventureoffthebeatenpath,3
verandaproject,4
vidimesenabaru,3
vinepair,10
visitdallas,4
vodka,28
vodkaandtonic,3
vodkacocktails,3
waitress,4
walnut,4
watches,3
weareennui,2
weekend,2
weekendlunch,3
weekendvibes,1
welikedrinks,4
whiskey,8
whiskeycocktails,3
whiskeysour,3
whisky,22
whiskyporn,2
white,3
wholesale,3
wien,5
wildturkey,1
wishme_luck on Insta,4
witch,2
witchyvibes,2
worldbartenderday,4
worldbarterdsday,4
worldclass2020,4
worldclasscocktails,1
worldclasslac,1
worldwideshopping,3
wormwood,4
yokohama,3
yourfavebartender,4
yukikonyc on Instagr,3
yummy,14
yummyyummy,3
zaishanghai,3
zeroalcohol,3
вышлазамужзабар,10
коктейльпушка,10
пейрояльзажигай,10
самаякрасиваявмурке,10
おいしい,2
お酒,1
お酒好きな人と繋がりたい,1
きむラボ,3
イタレッセ,3
ウイスキーがお好きでしょ,1
ウイスキー女子,1
ウイスキー好きな人と繋がりたい,1
ウイスキー愛好家,1
カクテル,8
カクテル🍸,3
ギムレット,10
シンガポール,3
ジン,2
ジンベース,1
バー,4
バーイリエ,1
バーテンダー,3
ファインダー越しの私の世界,1
フランシスアルバート,1
ワイルドターキー,1
ワイルドターキー8年,1
八王子,5
六ジン,3
名もなき生涯,3
夜景,1
天空のギムレット,1
宮島が見える,1
広島の夜景,1
日本,2
日本のジン,2
日本🇯🇵,3
東カレ倶楽部,1
横浜吉田町,3
沖縄,2
瀬戸内海,1
瀬戸内海の夕焼け,1
瀬戸内海を眺めながら,1
酒,2
飲酒タグラム,1
강남,4
고든스진,3
공방이필요해,4
김렛,8
김밥,3
마름송곳,4
뭐든만들어,4
바,2
베란다프로젝트,4
분위기무엇,4
송곳,4
술,2
시카고피자,4
아침,3
어글리바,4
월넛,4
위스키,2
집밥,3
창스바,3
출근,3
카빙나이프,4
칵테일,5
칵테일맛집,4
코로나19물러가라,4
코코볼로,4
햄스터어어_수루루울,2
행복한우리집,3
홈바,6
홈쿡,3
후카바,4
