,RowSum
0,1
1,1
2,1
3,1
4,1
5,1
6,1
7,1
8,1
9,1
10,1
11,1
12,1
13,1
14,1
15,1
16,1
17,1
18,1
19,1
20,1
21,1
22,1
23,1
24,1
25,1
26,1
27,1
28,1
29,1
30,1
31,1
32,1
33,1
34,1
35,1
36,1
37,1
38,1
39,1
40,1
41,1
42,1
43,1
44,1
45,1
46,1
47,1
48,1
49,1
50,1
51,1
52,1
53,1
54,1
55,1
56,1
57,1
58,1
59,1
60,1
61,1
62,1
63,1
64,1
65,1
66,1
67,1
68,1
69,1
70,1
71,1
72,1
73,1
74,1
75,1
76,1
77,1
78,1
79,1
80,1
81,1
82,1
83,1
84,1
85,1
86,1
87,1
88,1
89,1
90,1
91,1
92,1
93,1
94,1
95,1
96,1
97,1
98,1
99,1
100,1
101,1
102,1
103,1
104,1
105,1
106,1
107,1
108,1
109,1
110,1
111,1
112,1
113,1
114,1
115,1
116,1
117,1
118,1
119,1
120,1
121,1
122,1
123,1
124,1
125,1
126,1
127,1
128,1
129,1
130,1
131,1
132,1
133,1
134,1
135,1
136,1
137,1
138,1
139,1
140,1
141,1
142,1
143,1
144,1
145,1
146,1
147,1
148,1
149,1
150,1
151,1
152,1
153,1
154,1
155,1
156,1
157,1
158,1
159,1
160,1
161,1
162,1
163,1
164,1
165,1
166,1
167,1
168,1
169,1
170,1
171,1
172,1
173,1
174,1
175,1
176,1
177,1
178,1
179,1
180,1
181,1
182,1
183,1
184,1
185,1
186,1
187,1
188,1
189,1
190,1
191,1
192,1
193,1
194,1
195,1
196,1
197,1
198,1
199,1
200,1
201,1
202,1
203,1
204,1
205,1
206,1
207,1
208,1
209,1
210,1
211,1
212,1
213,1
214,1
215,1
216,1
217,1
218,1
219,1
220,1
221,1
222,1
223,1
224,1
225,1
226,1
227,1
228,1
229,1
230,1
231,1
232,1
233,1
234,1
235,1
236,1
237,1
238,1
239,1
240,1
241,1
242,1
243,1
244,1
245,1
246,1
247,1
248,1
249,1
250,1
251,1
252,1
253,1
254,1
255,1
256,1
257,1
258,1
259,1
260,1
261,1
262,1
263,1
264,1
265,1
266,1
267,1
268,1
269,1
270,1
271,1
272,1
273,1
274,1
275,1
276,1
277,1
278,1
279,1
280,1
281,1
282,1
283,1
284,1
285,1
286,1
287,1
288,1
289,1
290,1
291,1
292,1
293,1
294,1
295,1
296,1
297,1
298,1
299,1
300,1
301,1
302,1
303,1
304,1
305,1
306,1
307,1
308,1
309,1
310,1
311,1
312,1
083,3
1320mosey,6
2gm,3
2ndplace,4
2pac,1
2ww,3
313,3
350z,2
357z,2
370z,2
3rd,3
3reich,3
400cc,8
50cent,15
7,6
8mile,43
9x9thailandtourchiangmai,3
Null,3
_._marshall._.mather,9
_bogstomper_,8
_marshall_detroit_,3
abam_ranggi_vs_sisto_rare,6
abhistan16,3
act431,3
ad_autodetail,3
adidas,3
adri,1
aftermathentertainment,1
agoraz,1
agoraz._,1
airsoft,3
aiwa,1
album,2
alcodrift,3
alcohol,3
alvaroldan_3,2
amuse,2
amusecsl,2
aperifriends🔥✨,3
armee,3
army,3
art,5
artgallery,2
artist,3
artista,1
artofinstagram,2
artoftheday,2
arty,2
ask77,3
aspielife,2
aspiepower,2
aum_patchrapa,7
bagan363,3
ball,3
bandkids,6
bandkidsthamovement,6
bank_thiti,7
bar95,3
barcelona,4
bartender,3
battleofstalingrad,3
battleofthebulge,3
battleship,3
bboylife,3
bboynippon,3
beastieboys,2
beautiful,2
beer,12
beerporn,12
believe,2
best,1
bf109,3
biggboss,3
biggiesmalls,1
bigproof,9
bigproof4ever,9
bikersbr,8
bikersofinstagram,8
blackhumor,3
bless,1
blink182,4
brtt,1
bugatti,3
burungkicau,3
burungnews,3
bussdowncartier,6
caffeine,3
caffeintedhead,3
cagliari,3
cali_vegas_prince,11
campus,1
canibuscommunity,1
canon,3
carbonfiber,2
cardetailing,4
carlovers,4
casteddu,3
caviar,3
cbloiro,1
cblol,1
cblol2020,1
cbw_kamikaze,6
cendet,3
cendeters,3
cendetjuara,3
cendetmadura,3
cendetmania,3
cendetmaniaindonesia,3
championship,3
cinthiaalzogaray,1
classic,6
cocktail,3
coffee,3
coffeebooktag,3
coffeekw,3
coffeelove,3
coffeelover,3
coffeemagazine,3
coffeemug,3
coffeeq8,3
coffeetable,3
coffeetime,3
colectorwatch,1
college,1
collegedays,1
collegelife,1
collegeparty,1
concours_delegance,3
craftbeer,12
cristianoronaldo,3
csgo,3
csgodadepressao,3
csgofunnyclips,3
csgoknife,3
csgomemesvideos,3
csgoskins,3
csgovine,3
cuma,1
curtaincall,10
d12,14
d12world,3
daido,1
dancer,3
daradaily,7
davikah,7
day,3
deangelobailey,3
defjam,2
desafiante,4
desafio,4
detailing,3
detailingcars,4
detroit,6
disciplina,1
djamal_djoglo,3
doluck,2
dontoliver,3
drdre,28
driftunited,3
drop,3
dubai,3
dunia.pancingselayar,1
duniapancing,1
dve,1
e_juice,3
eazye,1
eb110ss,3
ecuador,1
edwinjanssen,2
eiji_0122_,4
eimiinem,8
el,4
elgato,4
elite,3
em1nem.ig,31
emiinembae,3
eminem,60
eminem.drawings,3
eminem.fan.girl,4
eminem.weirdo,1
eminem.word,4
eminem2020,3
eminem4ever,7
eminem_gold,8
eminem_king,4
eminem_nova,3
eminemconcert,3
eminemculture,1
eminemedits,6
eminemfan,20
eminemfanpage,14
eminemfans,9
eminemforever,15
eminemkamikaze,14
eminemking,3
eminemlyrics,3
eminemmemes,11
eminemmtbmb,3
eminemmusic,3
eminemqoutes,3
eminemquotes,7
eminems,4
eminemshow,3
eminemsproof,8
eminemstan,3
eminemvideos,4
eminemxjoynerlucas,1
enameldial,1
encore,5
eunos,4
eunos100,4
evildeeds,2
explorkicaumania,3
fairlady,2
fairladyz,2
faker,1
fan,11
faneminem,3
fashion,1
feels,1
festival,1
fiber,1
fishing,1
fishingindonesia,1
fishinglife,1
fitness,2
flamengo,5
follow,23
follow4followback,2
followalways,2
followforfollowback,5
followme,6
fredag,1
freedom,1
freefire,4
freefirebrasil,4
freekari,6
freekilo,6
freitag,1
friday,4
friends,1
friendship,1
fuckfreeworld,9
fun,1
furia,1
fw190,3
föstudagur,1
gainparty,11
gainpost,11
gainposts,11
gains,8
gaintrain,11
gaintrick,11
gainz,8
gallery,2
garage_beary,2
garagebeary,2
gee_na_fishing_angle,3
genius,11
germany,3
ggeasynoobb,1
gmm25,7
goals,1
godzilla,6
godzillachallenge,3
godzillaeminem,3
gold,6
goodday,3
goodtime,3
goodvibes,2
gopain,1
got2bninja,4
green,3
greether,6
gtwing,2
gudangkicau,3
guerra,3
gwalk,6
gwalkchallenge,6
hailiescott,8
haninstan,3
happiness,1
hard,1
healthy.byeye,1
healty,1
helmets,3
hennyhenn702619,10
hiphop,24
historia,3
hobikamimahal,6
hollywood,3
icecube,2
icecubeedits,1
ilovelife,1
imnotafraid,8
india,3
indian,3
indian.stans_yo,3
indianphotography,3
infinite,3
ings,2
instagain,11
instagamer,3
instagood,1
instagram,1
instamotogallery,8
instamotos,8
instapic,3
interscoperecords,1
italianarmy,3
japan,3
japan_historia,3
japanese,3
japanesenavy,3
jdm,2
jdmfairladyz,2
jdmlifestyle,4
jdmlove,4
jdmnation,4
jdmsqwd,4
jentera_duaroda,6
jentera_fly,6
jentera_kapcai1,6
jenteradarat,6
jenterahighway,6
jenterakita,6
jenterapadu,6
jenterapejuang,6
jenteraperang17,3
jenteraspeed_,6
jigging,1
jimcarrey,3
job_online_byeye,3
josebaiano27,3
juicewrld,15
jukes,1
k3,3
kami,1
kamikaze,190
kamikaze_thai_fight,1
kamikazecafekw,3
kamikazelilmosey,6
kamikazewatch,1
kamitakramai,6
kapcai135lc,6
kapcaiborneo,6
kapcaijahat,6
kapcaijahatkakitapau,6
kapcailc135kapcai,6
kapcailc135malaysia,6
kapcaimalaya,6
kapcaisado,6
kawasaki,8
kawasaki400,8
kawasakigirls,8
kawasakiindia,8
kawasakikerala,8
kawasakininja,8
kawasakininjabrasil,8
kennyandreas on Inst,1
kenzi,1
kevinhart,8
kicau,3
kicaumania,3
kicaumania_omkicau,3
kicaumaniaaceh,3
kicaumaniabali,3
kicaumaniaindonesia,3
kicaumaniajakarta,3
kicaumaniajawara,3
kicaumaniajogja,3
kicaumanianusantara,3
kicaumaniasemarang,3
kicaumaniasolo,3
kichijoji,6
kichijoji_coconut,6
killshot,1
kingmeiler,3
km20,3
knilwatch,1
komi,3
koschi_88,3
ktf,1
kucingmerah,3
kursk,3
kuwait,3
kuwaitcoffee,3
kw,3
kwcafe,3
ladybirdstradingcompany,6
lapat,3
lapatngamchaweng,3
lasegundaguerramundi,3
lausitz,3
lausitzring,3
leagueoflegends,1
leagueoflegendsbrasil,1
leagueoflegendsmemes,1
lebanon,3
legueoflegendsmemes,1
life,1
lifestyle,1
likeforfollow,3
likeforlikes,5
likes,4
likesforlike,2
lilmosey,6
lilmosey.love,3
lilmoseyconcert,6
lilmoseyedits,6
lilmoseyfans,6
lilmoseyfreestyle,6
lilmoseymemes,6
lilmoseynoticed,6
lilmoseypics,6
lilmoseysnippets,6
lilmoseytour,6
lincensedtoill,2
liquidart,3
liquidart2020,3
littlemoseyx,9
live,1
locandacaddeo,3
lolbr,1
lolsports,1
lolzinho,1
loseyourself,17
loucospormotos,8
love,5
lovethewayyoulie,3
lyric,11
lyrics,11
m,8
m4t_ar1p_,3
macarel,1
maguro,1
maitai,6
majalahkicau,3
mancingaja,1
mancingmania,1
mandm,8
manford2000,4
marcial,1
margarita,3
markkim,7
marshall,27
marshallbrucemathers,3
marshallmathers,52
marshallmatherslp2,4
marshalmathers,3
martialartist,1
mathers,31
mazda,4
mazdaclubsrilanka,4
mcr,2
mcren,1
memes,1
memeslol,1
midway,3
militaria,3
missing._.feel,3
mmiimy.pp,3
mmlp,14
mmlp1,1
mmlp2,2
molecularmixology,3
momsspaghetti,9
morning,3
moseygang,6
mosh,4
motorbike,8
motorcycle,8
motos,8
mototerapia,8
ms__diver,3
mtbmb,9
muayboran,1
muaythai,1
music,9
musictobemurdered,3
musictobemurderedby,26
musictobemurderedbyeminem,9
myart,2
myartstyle,2
myartwork,2
mystudio,2
nakmuay,1
namaste,1
naui,3
navy,3
nf_and_eminem_,3
ngamchaweng,3
night,1
ninja,8
ninja400,8
ninja400brasil,8
ninja400fans,8
ninja400fi,8
ninja400gallery,8
ninjinha,8
nipponormus,3
nismo,2
nissan,2
nk.realize.726,4
nn_fishing_shop,3
nobrutv,4
nolifeshaq,1
noregrets,3
northsbest,6
notafraid,9
notgivingup,2
noticed,6
notoriousbig,1
nova,3
nurul.dahlia.100,3
nwa,2
officailfairladyz,2
oilpainting,2
oldseiko,1
olieverfschilderij,2
omkicau,3
oobrewing,6
otp,8
pacific,3
pacificwar,3
painting,3
paintingoftheday,2
pamasmalaysia,3
pandowolim5,1
panzer,3
patek,1
pcgamer,3
pecintamiliter,1
pedobear,3
pentet,3
pentetmania,3
pentetmaniaindonesia,3
perfection,4
perjantai,1
petak,1
phenomenal,2
photography,4
photograpy,1
photooftheday,3
pilotwatch,1
pinklady,3
piwiarnia_warki_wars,4
planet_kartcross.me,3
porto,3
portodicagliari,3
profile,3
proleague,4
proreifen,3
proreifencom,3
protection,4
pubg,3
pubgbrasil,3
pullup,6
puma,3
pushingtheboundaries,4
q8,3
quito,1
rainydays,9
rap,34
rapgame,11
rapgod,37
rapmonster,4
rapper,18
rappers,8
rarewatch,1
rawboy,3
razergaming,3
rdhdetails,4
realslimshady,1
recovery,3
red,6
redzhongfamily,3
reebok,3
reisbrennen,3
relapse,2
relixnusantara,1
repost,3
respect,1
revival,3
rhyme,11
rihanna,3
rocketbunny,2
rollinoud,6
royce,9
royceda59,6
saltwater,1
sani0824,3
sardegna,3
schilderij,2
school,1
secondeguerremondiale,3
seikomilitary,1
seikosha,1
seikosubsecond,1
seikowatch,1
selayarangler,1
sempreflamengo,4
seniors,1
sextafeira,1
shady,39
shady.ru,8
shadybeats4real_,3
shadyrecords,14
shadyrecords💽,9
shadyxv,4
shimano,1
shots,4
skinnymargarita,3
skipjack,1
sks,1
skylargrey,3
slim,12
slimshady,53
slimshadyfans,3
slimshadylp20,2
slimshdy,3
snoopdogg,2
song,11
songlyrics,3
sonhos,3
sound,1
speedtest,3
spirit,3
spoon,3
sportbike,8
sportcar,2
sportfishing,1
spy,6
spyワイン,6
squad,1
sslp,10
sslp1,1
sslp20,4
stalingrad,3
stan,34
stan4ever,3
stanfamily,3
stans,26
stigbergetsbryggeri,6
stronger,1
stuckinadreamchallenge,6
student,1
students,1
study,1
sukanduaroda,6
sukanpermotoran,6
summer,1
sun,3
sunny_suwanmethanont,7
superleggera,2
supermanjalanan,6
superwoman,1
takeoffyourpantsandjacket,4
tarmac,3
tbt,1
tenggiri,1
terror,1
testing,3
tetsuya.y4 on Instag,6
thai,6
thai_superstar29,3
thaiboxer,1
thaifight,1
thaifood,6
thanks,1
theeminemshow,11
therealslimshady,11
thesickmonster,3
third,3
third_9by9th_fan,3
third_kz,6
third_lapat_brazil,3
third_trinity_fan,3
thirdd,6
thirdkamikaze,3
thirdkz,3
thirdlapat,3
tillicollapse,1
tolove,1
training,1
travel,1
tricktrick,9
trinity_tnt,3
tripy,1
trivianight,4
try,4
tupac,10
tupacshakur,1
tvkicau,3
twilight_tnt,3
twitch,3
twitchbrasil,3
ultralight,1
ultralightjigging,1
uniforms,3
unrealesed,6
usanavy,3
usarmy,3
v6generation,6
vape,3
varis,2
varisarising2,2
veilside,2
vendredi,1
venerdi,1
venom,9
versus,1
vibe,3
victor_marquez_04,1
viernes,1
vintage,1
vintagewatchcollector,1
vintagewatchcompany,1
viratkohli,3
vodka,3
voltex,2
voute.esnaquizar_min,4
vrijdag,1
wahahstyle96,3
war,6
wayofeminem,11
weapon,3
weed,4
westcoast,3
westcoasthiphop,3
what,3
whiskeysour,3
white,6
wolves,1
wordwar2,1
work,2
workout,1
workpoint23,7
worldofwarships,3
ww1,4
ww2,7
wwi,3
wwii,3
xc_crosscar,3
xmario.ff,4
xxl,6
xxlfreshman2019,6
yasdagram472,3
yayaurassaya,7
yoda,1
yokamikaze,1
youre,4
z32,2
z33,2
z34,2
zaxniz,4
zedidia_mathers on I,3
zlover,2
дрифт,3
ниссан,3
педобир,3
петък,1
пушка,3
пушкагонка,3
пятница,1
الخليج,3
الكويت,3
قهوة,3
كويت,3
กามิกาเซ่,7
กูจะไม่ยอมเห็นรูปนี้คนเดียว,7
คันkomi,3
ช่องone31,7
ดารา,7
ดาราเดลี่,7
นักร้อง,4
นักร้องเกาหลี,3
น่ารัก,7
รักติดไซเรน,7
ร้านอุปกรณ์ตกปลาท่ามะนาว,3
ร้านอุปกรณ์ตกปลาปากช่อง,3
ละคร,7
สาระดีๆ,7
เบลล่าราณี,7
เพลงไทย,7
เรซซิ่งลูกแม่แพท,7
แบงค์ธิติ,7
แพทณปภา,7
แพรวาณิชาภัทร,7
โอ๊ตปราโมทย์,7
ใต้เตียงดารา,7
ใบเฟิร์นพิมพ์ชนก,7
ใหม่ดาวิกา,7
アジア料理,6
アジア食堂ココナッツ,6
インスタ映え,6
ウオッカ,4
カミカゼ,4
クライナー,3
クラフトビール,12
シェーク,4
スクーバーダイビング,3
ススキノ,3
ストロベリー味,6
スナックバーrealize,4
スパイ,6
スーパーハードメンソール,3
タイ,6
タイ料理,6
ハーモニカ横丁,6
ホワイト,4
マイタイ,6
ライム,4
ワイン,6
ワインクーラースパイ,6
勝手にタイ王国アンバサダー,6
吉祥寺,6
吉祥寺のみ,6
吉祥寺タイ料理,6
吉祥寺ディナー,6
吉祥寺ハモニカ横丁,6
吉祥寺ランチ,6
四ツ橋,12
堀江,12
夏のカケラ,4
手が冷たい,4
振ってみた,4
札幌,3
浜松市南区若林町,4
海,3
神風,4
西大橋,12
飲み屋,3
🥂,6
