,RowSum
0,1
1,1
2,1
3,1
4,1
5,1
6,1
7,1
8,1
9,1
10,1
11,1
12,1
13,1
14,1
15,1
16,1
17,1
18,1
19,1
20,1
21,1
22,1
23,1
24,1
25,1
26,1
27,1
28,1
29,1
30,1
31,1
32,1
33,1
34,1
35,1
36,1
37,1
38,1
39,1
40,1
41,1
42,1
43,1
44,1
45,1
46,1
47,1
48,1
49,1
50,1
51,1
52,1
53,1
54,1
55,1
56,1
57,1
58,1
59,1
60,1
61,1
62,1
63,1
64,1
65,1
66,1
67,1
68,1
69,1
70,1
71,1
72,1
73,1
74,1
75,1
76,1
77,1
78,1
79,1
80,1
81,1
82,1
83,1
84,1
85,1
86,1
87,1
88,1
89,1
90,1
91,1
92,1
93,1
94,1
95,1
96,1
97,1
98,1
99,1
100,1
101,1
102,1
103,1
104,1
105,1
106,1
107,1
108,1
109,1
110,1
111,1
112,1
113,1
114,1
115,1
116,1
117,1
118,1
119,1
120,1
121,1
122,1
123,1
124,1
125,1
126,1
127,1
128,1
129,1
130,1
131,1
132,1
133,1
134,1
135,1
136,1
137,1
138,1
139,1
140,1
141,1
142,1
143,1
144,1
145,1
146,1
147,1
148,1
149,1
150,1
151,1
152,1
153,1
154,1
155,1
156,1
157,1
158,1
159,1
160,1
161,1
162,1
163,1
164,1
165,1
166,1
167,1
168,1
169,1
170,1
171,1
172,1
173,1
174,1
175,1
176,1
177,1
178,1
179,1
180,1
181,1
182,1
183,1
184,1
185,1
186,1
187,1
188,1
189,1
190,1
191,1
192,1
193,1
194,1
195,1
196,1
197,1
198,1
199,1
200,1
201,1
202,1
203,1
204,1
205,1
206,1
207,1
208,1
209,1
210,1
211,1
212,1
213,1
214,1
215,1
216,1
217,1
218,1
219,1
220,1
221,1
222,1
223,1
224,1
225,1
226,1
227,1
228,1
229,1
230,1
231,1
232,1
233,1
234,1
235,1
236,1
1800tequila,6
_silviame_ on Instag,3
adriano_tb,4
aftergym,2
agave,6
aleluya,3
alfresco,3
alish.a.dish,4
alivewellnutrition,12
alkaline,3
allthehashtags,3
almorzar,3
altostequila,4
amazing,2
americansouthwest,3
americanwest,3
anijig,1
antalya,3
anturium,3
anturiumflower,3
aperitivotime,3
atleastitried,2
avacado,3
avakado,3
avocado,4
balance,6
bamboo,6
bambus,3
bar,3
barhopping,2
bartender,3
beautiful,15
beautifuldestinations,6
beer,5
bestriverwalkdining,3
bidermajer,9
bilyana_diary,11
blanco,2
bluelongislandiced,3
bluemargarita,6
bolthousefarmsjuice,6
booze,4
boquet,17
boquete,11
boqueteofmargaritas,7
boquetevideo,17
boquetofflowers,37
bowl,3
bridal,3
bridalbouquet,10
bridalshowerdecor,3
bride,10
buket,3
bunchofflowers,3
cacti,3
cactus,3
cage,3
calahorra,3
caricaturelife,2
caricatures,2
catchuswearinggreen,1
celebrate,1
celeryjuice,4
centralflorida,3
cheapdrinks,3
cheers,6
chelseanyc,6
christmasdecor,3
christmastree,3
clover,2
cocktail,3
cocktailartist,6
cocktailhour,3
cocktailoftheday,6
cocktailoftheweek,3
cocktailrecipe,6
cocktailrecipes,3
cocktails,16
cocktails🍸,3
coctails🍹,3
combattereilcaldo,3
cookingclass,3
cookingwithfriends,3
cowboycocktails,3
cowgirlcocktails,3
cucumber,3
cucumbermargarita,3
cvece,3
cvijece,13
cvjecara,13
daddydaughtertime,6
dailyphotos,34
danispuhler,3
datenight,3
dawnaskombucha,3
dawnc929,1
decor,22
decoracion,21
decoration,4
decorationideas,3
dekoracijavencanja,3
delicioso,2
delicious,4
deportista,3
design,4
dilla,1
dinner,2
dish,2
downtownsatx,3
draaaanks,6
dragshow,3
drinkofthemonth,2
drinks,3
drinkyourgreens,3
dtsa,3
dumaguetecity,3
eatdrinkandbemerry,2
eatingnyc,6
eeeeeats,6
eldorado,2
eldoradorestaurant,2
emeralddumplings,3
entrenous,3
escapetolocale,3
euclid,3
everyonesirishonstpattysday,1
everything,1
failureisnotanoption,2
fino,2
finotequila,4
fitlivingeats,6
fknugget,2
florist,4
floristsofinstagram,7
florlatinahernandez,3
floweandpg,4
flowerbasket,3
flowerbox,3
flowerist,3
flowerland,7
flowerlandpg,120
flowers,26
flowersandfashion,25
flowershop,15
flowerstagram,17
flowervideo,31
follow4followback,3
followers,3
food,4
fooder,2
foodie,5
foodienation,3
foodinsta,2
foodphotography,3
foodpic,1
foodporn,6
foodstagram,3
freshness,3
fresno,2
fresnocalifornia,2
fresnomexicanfood,2
fridaydrinks,2
friyay,6
gaydaddy,3
getdrunk,1
getlucky,1
gift,3
gin,3
ginger,6
gipsophila,3
gokokuji,3
good,2
gooddrinks,3
grandezaliqueur,6
green,32
greenbeer,10
greeneverything,1
greeneyes,1
greenishdrink,2
greenjuice,8
greenlips,1
greenmargarita,198
greenmargaritaaaa,3
greenmargaritas,6
greenmargaritas🍀,3
greenmargherita,6
greennails,1
greenorchidea,13
greenpants,1
greens,3
greentequila,2
greenvodka,1
haciendaplayadelrey,2
hadiyemegegidelim,6
hadiyemegidelim,3
hadiyemekyiyelim,3
happyhalloween,3
happystpatricksday,9
happystpatricksday🍀,6
harmony,3
harryspune,3
health,2
healthycocktail,6
healthymargarita,3
heliconia,3
helpmeimpoor,2
hi_lovely,6
hiltonbridge,3
historic,3
historicdining,3
historicplace,3
historicsteaks,3
historicviews,3
hollywoodshenanigans,1
hoppingbars,2
hopsnshine,3
hosenji,3
howiweekend,6
icreatedamonster,3
iguanafrozzen,3
illbeyourtourguide,3
imanjeknjaz,3
imaybepoorbutatleastiaintsober,2
imbrokebutimhappy,3
impoorbutimkind,3
infatuationnyc,6
inmycup,6
instacocktails,3
instadaily,3
instadrag,3
instaflower,19
instafood,3
instagay,3
instagood,3
instamontenegro,3
instaphoto,3
instaphotos,13
ireland,2
irish,8
isadub23,2
ishouldbeamexican,2
istebu,3
itsadpov,4
ixtapa,2
jalapeno,3
jalapenomargarita,3
jalapenorecipes,3
jalepenomargarita,4
jalepenos,4
jandeevanpatten,2
jennyjennjenn22,2
jensencantu,1
jimduhe,2
joeyalde,3
justagayboy,3
kale,6
keepitlush on Instag,1
kissmeimirish,1
kissmeimtexanordrunkorwhatever,2
kisstokiss,3
lastshot,3
latina,6
leahmarieyogini,3
leprechaun,2
leprejuan,2
likeandlike,3
likeandshare,3
likeforlikes,3
lilium,19
limejuice,6
limemargarita,3
liquor,4
lisianthus,6
lisianthusflower,7
lisianthusflowers,7
littlerhein,6
littlerheinsteakhouse,3
looksugly,3
losangeles,2
lover,2
lubinchef,3
march,2
marchdays,1
margarete,3
margarita,69
margaritaideas,3
margaritapanaderia,3
margaritapizza,2
margaritas,25
margaritashots,3
margaritasnight,3
margaritaville,3
margs,6
mayajon88,2
melivingreen,3
melon,3
melonmargarita,3
mexican,2
mexicana,6
mexicanfood,5
mexico,2
mezcal,3
mhimie84,3
minirose,3
miniroses,10
miss_sum,2
mix,3
mixologist,3
mixology,3
mockinbird,3
mocktails,3
moment,2
monday,3
mondaymotivation,3
montegro,3
montenegro,49
montenegro🇲🇪,3
morerubens,1
morganmccahren,1
mozerella,3
munchies,2
napoli,3
nashville,1
nomnom,1
nomnomnom,1
norules,1
notdoingtoobad,3
nowyouhavethesonginyourhead,3
nunuizm,2
nutrition,2
nyceats,6
ocala,3
ocalafl,3
ocalagay,3
ole,3
ontherocks,4
orangecounty,2
orchidea,4
orchids,4
otsukatakakogo,3
out,1
parade,2
patio,3
patiodining,3
pdrlocals,2
petitejoys,6
photo,2
photobyme,3
photographer,6
photography,3
photographyislifee,23
photooftheday,38
photoshoot,3
photoshootideas,13
photoshooting,21
physicaltherapy,3
piazzetta_time_via_p,3
piazzettatime,3
pinkflowers,3
pinkroses,14
pizza,5
pizzalocale,23
pizzalover,5
pizza🍕,3
pizzeria,2
plymouthgin,3
podgorica,46
podgoricamontenegro,26
portlandfood,3
portlandfoodies,3
protea,3
proteabouquet,3
proteínas,3
puertorican,3
punebars,3
puneclubs,3
punecocktails,3
punedrinks,3
punefoodbloggers,3
punefoodguide,3
punefoodie,3
punemodels,3
punenightlife,3
puneri,3
puro_chukii,12
quesadilla,1
quesadillasofnashvil,1
rainbow,3
raquel_rickey,6
red,4
redlilium,3
redrose,6
romantic,7
ronhk89,3
rose,21
roses,28
saborsocal,2
saintpatricksday,2
saludable,3
sanantonio,3
sanantonioriverwalk,3
sanfranciscosaltcompany,4
santafeeats,3
sar_bauer,6
sariverwalk,3
satx,3
seeyoutonight,1
shamrock,2
shamrockdrinks,1
siemprepurochukii,6
siempretequila,6
skbulut07,3
smokedsalt,4
socal,2
socaleateries,2
sofancy,2
southerncaliforniafood,2
southtownsatx,3
southwest.style,3
southwestcocktails,3
southwesteats,3
southwestliving,3
southweststyle,3
spicy,4
spicycocktail,4
spicydrinks,4
spirits,3
springintospring,1
steak,3
steaknight,3
stevia,4
steviacocktails,4
stpaddysday,2
stpatricks,6
stpatricksday,28
stpatricksday2019,1
stpats,2
stpattys,5
stpattysday,9
strelitzia,3
strelizia,7
studybreak,2
summerchillers,3
summerdrinks,3
sunburnmartini,4
sunday,2
sundayfunday,10
tacologist,3
tacologistcle,3
tacomaya,2
taquila,4
taste,2
tastesgreat,3
teddy,3
teddyandflower,3
teglasacvijecem,3
tequila,20
teresitalivingreen,3
texas,3
thehappynow,6
thewildson,6
thewildsonnyc,6
tips,2
tipsybartender,6
tipsychick3 on Insta,2
tipyourartist,2
todaysspecial,3
toledosmexicanrestau,2
toledosmexicanrestaurant,2
traderjoes,4
trailokyavijaya,3
treatyourself,6
triplesec,3
turkey,3
ukrashakan77,3
uptown,3
veneziapalacedeluxeresort,3
viapiave20,3
visitalexandriava,3
visitdelray,3
weddingbouquet,10
weddingdecor,16
weddingdecorations,9
weddingphotography,3
weekend,2
weekenddrinks,3
weekender,6
weekendvibes,3
whiteflowers,33
whitemargarita,6
whitemargaritas,3
whiteroses,18
wildwest,3
win,2
wine,3
winning,2
work,3
yum,3
zihua,2
zihuatanejo,2
☘️,6
♥️,3
マルガリータ,3
決意の日,3
虹,3
護国寺,3
🌈,6
🍀,6
💚,6
