,RowSum
0,1
1,1
2,1
3,1
4,1
5,1
6,1
7,1
8,1
9,1
10,1
11,1
12,1
13,1
14,1
15,1
16,1
17,1
18,1
19,1
20,1
21,1
22,1
23,1
24,1
25,1
26,1
27,1
28,1
29,1
30,1
31,1
32,1
33,1
34,1
35,1
36,1
37,1
38,1
39,1
40,1
41,1
42,1
43,1
44,1
45,1
46,1
47,1
48,1
49,1
50,1
51,1
52,1
53,1
54,1
55,1
56,1
57,1
58,1
59,1
60,1
61,1
62,1
63,1
64,1
65,1
66,1
67,1
68,1
69,1
70,1
71,1
72,1
73,1
74,1
75,1
76,1
77,1
78,1
79,1
80,1
81,1
82,1
83,1
84,1
85,1
86,1
87,1
88,1
89,1
90,1
91,1
92,1
93,1
94,1
95,1
96,1
97,1
98,1
99,1
100,1
101,1
102,1
103,1
104,1
105,1
106,1
107,1
108,1
109,1
110,1
111,1
112,1
113,1
114,1
115,1
116,1
117,1
118,1
119,1
120,1
121,1
122,1
123,1
124,1
125,1
126,1
127,1
128,1
129,1
130,1
131,1
132,1
133,1
134,1
135,1
136,1
137,1
138,1
139,1
140,1
141,1
142,1
143,1
144,1
145,1
146,1
147,1
148,1
149,1
150,1
151,1
152,1
153,1
154,1
155,1
156,1
157,1
158,1
159,1
160,1
161,1
162,1
163,1
164,1
165,1
166,1
167,1
168,1
169,1
170,1
171,1
172,1
173,1
174,1
175,1
176,1
177,1
178,1
179,1
180,1
181,1
182,1
183,1
184,1
185,1
186,1
187,1
188,1
189,1
190,1
191,1
192,1
193,1
194,1
195,1
196,1
197,1
198,1
199,1
200,1
201,1
202,1
203,1
204,1
205,1
206,1
207,1
208,1
209,1
210,1
211,1
212,1
213,1
214,1
215,1
216,1
217,1
218,1
219,1
220,1
221,1
222,1
223,1
224,1
225,1
226,1
227,1
228,1
229,1
230,1
231,1
232,1
233,1
234,1
235,1
236,1
237,1
238,1
239,1
240,1
241,1
242,1
243,1
244,1
245,1
246,1
247,1
248,1
249,1
250,1
251,1
252,1
253,1
254,1
255,1
256,1
257,1
258,1
259,1
260,1
261,1
262,1
263,1
264,1
265,1
266,1
267,1
268,1
269,1
270,1
271,1
272,1
273,1
274,1
275,1
276,1
277,1
278,1
279,1
280,1
281,1
282,1
283,1
284,1
285,1
286,1
287,1
288,1
289,1
290,1
291,1
292,1
293,1
294,1
295,1
296,1
297,1
298,1
299,1
300,1
301,1
302,1
303,1
304,1
305,1
306,1
307,1
308,1
309,1
310,1
311,1
312,1
313,1
314,1
315,1
316,1
317,1
318,1
319,1
320,1
321,1
322,1
323,1
324,1
325,1
326,1
327,1
328,1
329,1
330,1
331,1
332,1
333,1
334,1
335,1
336,1
337,1
338,1
339,1
340,1
341,1
342,1
343,1
344,1
345,1
346,1
347,1
348,1
349,1
350,1
351,1
352,1
353,1
354,1
355,1
356,1
357,1
358,1
359,1
360,1
361,1
362,1
363,1
364,1
365,1
366,1
367,1
368,1
369,1
370,1
371,1
372,1
373,1
374,1
375,1
376,1
377,1
378,1
379,1
380,1
381,1
382,1
383,1
384,1
385,1
386,1
387,1
388,1
389,1
390,1
391,1
392,1
393,1
394,1
395,1
396,1
397,1
398,1
399,1
400,1
401,1
402,1
403,1
1lill._,3
20s,3
30000feet,3
5years,3
_gauchecaviar_,1
aboutdrinksandbars,10
absencemakestheheartgrowfonder,3
absinthe,3
acolorstory,9
addalcohol,4
afternoontea,1
afternoontipple,4
airmail,2
alancumming,2
alcohol,10
alcoholicbeverage,3
alcol_0,3
alcol_0.2 on Instagr,3
alcoolismemondain,3
alishajsp,4
alittlebitofthebubbly,3
alwayslearning,3
amuse,3
andreagilbeyphotogra,3
angostura,23
angosturabitters,3
anhalterbahnhof,6
animeartist,3
annarbor,9
annarbormichigan,9
antidotesg,3
any_excuse_for_a_par,1
ardnamurchan,3
artistsofinstagram,3
artofdrinks,10
ashblake_winelover_,3
askmeaboutfynbos,2
asvof,1
asvoff,1
athomebrunch,1
austin,3
aviation,3
babyface,3
babyfacebar,6
bacardicocktail,3
backwardglances on I,3
bakedandwired,3
bakedandwireddc,3
bar,40
bar_adonis,3
bar_malowd,3
baradonis,3
baravin,1
barbord,4
barbrno,3
barfavorites,3
barlife,6
barmalowd,3
barman,13
barman_academy,10
barpotion,4
barstyle,6
bartender,29
bartenderclasses,3
bartenderlife,16
bartenderlove,4
bartenders,3
bartending,10
bartendingservices,3
barvogn,4
basmiley,3
baybreeze,3
bcchf,1
bcchildrenshospital,1
beachlife,3
beachvibes,3
beads,3
beautiful,4
beermeetsworld,1
bellamilano,1
bellini,9
belliniaddicts,3
bellinicocktail,3
bellinis,3
bellmedia,1
benedictine,3
berlin,12
berlinale,6
berlinale2020,6
bermar,3
bermar_uk,3
bestbars,3
beyourownboss,3
bfb,3
birt_the_imbiber,3
birthdayparty,1
bistro101.mounthoreb,1
bitters,4
blackberries,3
blackcod,3
blackhat,2
blackpearla2,9
blackvelvet,4
blaegrovebarn (@blae,4
blended,18
blogger,10
blogpost,3
bloodorange,1
bluebar,4
bluelabel,18
bobler,4
bobleriglasset,4
bombaysapphire,4
booze,9
boozeandvinyl,3
boozeblogger,4
boozetime,4
boozyweekend,3
boss,10
bosschicks,3
bosses,3
bottle,18
bowdenswentek,1
bowie,3
breakfast,6
breakfastdrink,6
breakfastideas,6
brno,3
brnobar,3
broadway,2
broadwaymusicals,2
brombæris,3
brownstheflorist,1
brunch,3
brunchcocktailparty,3
brunchcocktails,3
brunching,3
brunchvibes,3
brut,6
bubbles,19
bubbly,5
bubblybar,2
bubblycocktails,6
bubblysideoflife,12
bubblywater,3
buildyourempire,3
buylocal,3
cachaca,3
caerdydd,3
caipirinha,3
cake,1
californiaroll,3
camp,3
canwerestartsummerplease,4
caperslemons,3
capetowncocktails,2
capetowncocktailspots,2
capetownfoodie,2
capetowntourism,2
cardiff,3
carnaval,6
carnival,4
carryoncocktail,3
catherineregehr,1
causeandeffect,2
causeeffectbar,4
cava,8
caviar,3
celebratelife,3
certifiedretailthera,3
cfax1070,1
champagne,131
champagne_and_canape,3
champagne_pn,16
champagneaddict,16
champagneblogger,3
champagneblonde,3
champagnebreakfast,6
champagnebrunch,10
champagnecampaign,23
champagnecandle,2
champagnecandles,2
champagnecocktail,315
champagnecocktails,30
champagnecocktails🍸,3
champagnecoupes,3
champagneday,16
champagnediet,22
champagnedrinks,3
champagneeveryday,3
champagneflute,3
champagneglas,4
champagneglass,3
champagneglasses,6
champagnelife,22
champagnelifestyle,22
champagnelove,16
champagnelover,39
champagnelovers,10
champagnemami,16
champagnemoments,26
champagnenutrition,20
champagneonice,2
champagneparty,17
champagnepop,23
champagnequotes,2
champagner,17
champagnerosé,16
champagneskål,4
champagneskåle,4
champagnestagram,3
champagnestemware,3
champagnestudy,16
champagnesupernova,3
champagnetasting,22
champagnetherapy,3
champagnetime,20
champagnetoast,21
champagneweekend,3
champagneworldwide,16
champagne🍾,19
champers,3
champs,1
characterdesigner,3
charliestemp,2
cheers,21
cheeseboard,2
cheeselover,2
chicagocandles,2
chicislander,1
chocolatebomb,3
chokolademousse,3
chrissie_beth,3
chy_na_2000,2
clams,1
classicclaridges,4
classiccocktail,3
classiccocktails,13
clinical,10
cloud3,1
clouds,3
cocktail,80
cocktailart,14
cocktailbar,13
cocktailbars,4
cocktailcateringservice,3
cocktailcollection,2
cocktailcourier,8
cocktailcreations,9
cocktailculture,10
cocktaildiet,6
cocktailgarnish,6
cocktailglas,4
cocktailgram,4
cocktailhour,9
cocktailideas,3
cocktailing,3
cocktailkitchen,2
cocktaillounge,3
cocktaillove,6
cocktailoftheday,16
cocktailoftheweek,9
cocktailparty,6
cocktailparty🍸,3
cocktailphotography,17
cocktailporn,6
cocktailreception,3
cocktailrecipe,18
cocktailrecipes,21
cocktails,131
cocktailsanyone,3
cocktailscherries,3
cocktailsforyou,16
cocktailslovers,3
cocktailsofinstagram,21
cocktailsonthebeach,3
cocktails🍸,3
cocktails🍹,10
cocktailtime,9
coffeecocktail,3
cognac,10
cognaccocktail,3
conchrepublicbodyess,2
conchrepublicbodyessentials,2
connormcpherson,2
cornwall,4
cosmopolitan,3
craftbar,3
craftcocktail,10
craftcocktails,16
craftedmixology,24
cranberry,10
cranberrycocktail,10
cranberryjuice,3
crazybeautiful,3
creativecocktails,3
creativeentrepreneur,3
cremedeviolette,6
crossleyst,3
crudebitters,6
cruise,4
cruiselife,4
cruologyvines,3
crèmedecassis,3
crüologyvines,3
crüologyvinesbubblybrunchinsundays,3
crüologyvineslifestyle,3
ctv,1
cuvee,2
cvitamin,4
dailydrinks,4
daiquiri,3
danielradcliffe,2
darkbeer,4
daydrinking,2
daydrinkingatitsfinest,2
dcl,4
dcweddingplanner,3
debbiesteeper,1
delightfuldrinks,20
designinspiration,1
dessert,4
diageo,6
dietitian,10
dietitiansofinstagram,10
digitalartist,3
diningout,1
dinner,3
dinnerdate,3
disney,4
disneycruise,4
disneydream,4
disneydrinks,4
disneyfantasy,4
disneygram,4
disneylife,4
disneyvacation,4
distilledbeverage,3
docbsrestaurant,3
domperignon,4
donjulio,6
drawingpractice,3
drawtoimprove,3
drbombaycomerightaway,3
dreamyscocktails,4
drink,16
drinking,19
drinkoftheday,4
drinkphotography,9
drinkpic,10
drinkpink,10
drinkporn,19
drinks,34
drinkslc,3
drinksofinstagram,6
drinkstagram,20
drinkup,13
drinkware,3
drjoycebrothers,3
durham,3
durhamnc,3
eatdrink,9
eatlocal,1
ecofriendlycandles,2
effervescent,4
elegant,4
elysium.wood on Inst,4
empirestateofmind,6
empress1908gin,10
empressgin,10
empressgin1908,1
endgame,2
enotecavinicolarotondi,3
entertaining,3
ernesthemingway,3
espressooldfashioned,3
everyday,6
everythingyouwant,3
fairmontempress,1
fan,3
fancysoap,2
fashion,1
fashionblogger,7
fashionista,4
fashionnova,1
fashionshow,1
fashionstyle,1
fashionweek2020,1
fashionweeklondon,1
fashionweeknyc,1
fashionweekparis,1
fattuesday,13
femin.esque,3
fennel,3
ferrari,3
ferraribrut,3
ffionpearson,3
filetmignon,1
filmfestival,6
fineartweddingphotography,3
finedining,1
fireplace,3
fizzy,6
flair_camp,3
flaircamp,3
flaircampcocktails,3
flashpackermax,4
fllfashionweek,3
flute,4
food,3
foodblog,10
foodhospitality,3
foodie,4
foodiebehavior,1
foodieescapade,1
foodiegloria,3
foodiegloria_central,3
foodielife,1
foodporn,4
foodtographyschool,3
foodtravel,3
forgirlsbygirls,10
forret,3
fortlauderdalebeach,3
fortnumandmason,2
frederiksberg,4
french75,12
frenchchampagne,3
frenchfries,3
frenchfryday,3
frenchmartini,1
frequentflyer,3
freshcocktails,4
freshpressed,4
freshseafood,1
friday,3
fridayvibes,3
friends,1
frieswithbeef,1
friyay,6
friyaynightdrinks,3
fromatodrink,8
fruitscocktail,3
fsbeforeandafter,3
ftlauderdale,3
fundraiser,1
fynbos,2
gagged,2
gastro,3
gatsby,3
gauchecaviar,1
gauchecaviarmilano,1
gautiercognac,3
georgetown,3
gestsareexpensive,1
ghmumm,6
ghmummchampagne,3
gimlethighball,3
gin,25
ginandtonicly,1
gincocktails,13
gingerale,2
gingin,1
gingingin,1
ginlovers,15
ginoclock,4
ginsaturday,1
gintastic,4
gintime,3
girlfromthenorthcountry,2
givemebeads,6
glamourpuss1962 on I,1
glass,3
glimmer,3
gloriaferrer,2
gloriafusidati,18
gloriainhk,3
glycerinsoap,2
gogetit,3
gogetter,3
goldcoastcocktails,10
goldcoastlifestyle,10
goldcocktail,3
grandmarnier,1
grapefruit,6
grapefruitcocktail,3
greentea,6
guests,1
guinness,4
hanamuke,3
handpoured,2
handpouredcandles,2
handsinframe,3
happinessishomemade,4
happyfriday,4
happyhour,37
happyhourallday,6
happyhoureveryday,4
happyhourfavorites,3
hardworker,3
harrypotter,2
hatstyle,2
hawaiiwedding,3
hawaiiweddingvendors,3
hawaiiweddingvenue,3
hennessycocktail,4
holiday,10
holidaycocktails,10
holidaydrinks,10
holidayparty,10
holidays,10
holidayseason,10
hollywood,3
homebar,20
homebartender,14
homebartending,4
homemadebrunch,1
homemadecocktails,8
honey,6
honolulubarservice,3
hotelbar,3
hotels,3
housecocktails,3
housemade,3
hovedret,3
hsp,3
hu_ching,2
humpday,3
hurricane,3
hwevents,3
hweventsdc,6
i,3
iceball,3
igdrinks,4
imbibe,13
imbibegram,13
imbluedabadeedabadie,4
imsofancy,2
instabreakfast,6
instacocktail,3
instadrink,3
instafood,1
internationalwomensday,10
inthepink,3
iphonexs,3
irvingstkitchen,3
irvingstreetkitchen,3
iskclassic,3
issathefish,3
italy,18
itkillseverything,4
itsmybirthday,4
itsthefreakinweekend,3
jackrose,3
janninielsen83,3
japanese_food,3
jjjanka on Instagram,3
johnniewalker,18
justinecg12,4
kalveculotte,3
kate.the.baker,10
keepitclassy,9
kernow,4
kernowfornia,4
kernowlife,4
kiks,3
killeverygram,9
kindaclassykindahood🌸‼️,2
kirroyal,1
kirroyale,3
knockingpointwines,3
krabbe,3
kreuzberg,6
krystalglas,4
laguapa,10
latenightdrinks,3
latenightdrinkswithisk,3
latergram,1
lauren_disneytravelp,4
laurenjadekey,3
laurentperrier,6
laurentperrierchampagne,2
lechampion,3
lemonzest,1
letsgetcrunk,3
lfw,1
lfw2020,1
libations,13
licor43,6
lifestyle,6
lime,15
liqpic,23
liquor,10
livingmybestlife,7
lobster,1
lobstermacandcheese,1
london,3
londonbars,4
londoncocktails,4
londoneveryday,3
londontheatre,2
londontown,4
loofahsoap,2
lounge,3
loveandsoulalways,3
lovecocktails,6
lovecornwall,4
lovelocal,3
lovenewquay,4
lovenewquaylife,4
lukeandcocktails,6
lunch,3
lux,3
luxury,3
luxurylifestyle,3
luxurysoap,2
lørdag,3
macro,1
madeincocktails,10
madeinfrance,3
madeinmykitchen,1
maitre_for_life,6
makeup,1
makeupartist,1
makeupartists_worldwide,1
maki,3
malowd,3
maltgingerale,3
manhattan,1
maquillage,1
mardicocktail,6
mardigras,9
mardigras2020,4
mardigrass,6
margarita,9
mariadumas,4
marias_gin_travels,3
markbittman,1
marksandspencer,1
marmalade,6
martini,7
martiniglass,3
marypoppins,2
marypoppinsmusical,2
mask,6
masks,6
masomartis,18
matthewbourne,2
mayfair,3
me,3
medibang,3
mediumrarecharred,3
megan_j_thomas,2
megsmdb,1
melbournebars,3
meparty,3
metime,3
miami,3
michigan,9
milaphotography.sa,3
miles,3
mimosa,17
mimosas,15
mimosasunday,3
mindsetiseverything,3
missioninnriverside,1
missmaaji,2
missrsg,4
mixo,3
mixologist,29
mixology,34
mixologyart,4
mixologyguide,4
mns,1
mocktail,3
mocktaillife,3
mocktailrecipes,3
mocktails,3
mocktailsandcocktails,3
modernclassiccocktails,10
modernlife,3
moegreenebar.bln,6
moet,10
moetchampagne,6
moetchandon,12
moetmoments,1
mohobistro,1
mojito,9
monalisahomebar,1
mondayfunday,4
motivator,3
mumm,3
mummchampagne,3
musicandbooze,3
musicandboozewithmo,3
mussoandfrank,3
myself,3
napastyle,2
napavalleywine,2
napawinery,2
nathalimari,4
nationaldrinkwineday,3
newblogpost,3
neworleans,3
neworleansbeverage,3
neworleansvibes,6
newquay,4
newquaylife,4
newyork,6
newyorktimescooking,1
nickwertzzz,3
night,12
nightlife,6
nightout,6
no3gin,1
no3ginclub,1
nofilter,3
non,3
notamimosa,3
nutritionist,10
nyceats,1
nychampagnelovers,12
nyfw,1
oahubarservice,3
oceanprime,1
oceanprimenyc,1
ohlala,4
ohmycocktails,4
ohpolly,10
oldfashioned,3
oldhauntsupgraded,3
oldman,4
oldvic,2
oldwhisky,3
onceuponatimeinhollywood,3
onthego,3
orange,2
orangegarnish,3
orangepeel,3
originalcocktail,3
osakabar,3
owl_and_willow,3
oyster,1
oysterbar,1
oysters,1
paintingthetownred,4
palmbeach,3
palmbeachlife,3
palmbeachstyle,3
papagedesbar,3
parkstreetcompanies,7
pasoportwineco,4
pdgmarket,3
pdgrocks,3
pdx,3
peach,3
peachbellini,6
peachbellinicocktail,3
peachbellini🍑,3
peaches,3
pendraysdistillery,8
percaso,4
pfw,1
pfw2020,1
phoenix,3
phx,3
physcology,3
physiotherapy,3
picpouldepinet,3
pinetavern,4
pink,4
pinkchampagne,6
pinkcocktails,10
pinkdrink,13
pinkgin,3
pinkgrapefruit,4
pinkie,3
pinklady,3
pinotmeunier,4
plantbased,10
platinumdininggroup,3
podcast,3
podcastersofinstagram,3
poesia,18
pomegranate,3
poolsidevibes,1
portlandcocktails,3
portrait,3
posh,6
postibelli,1
presidentiallounge,1
presidentsday,4
prettyday,3
prosecco,17
proseccococktails,3
proseccotime,3
proseccotime🍾,3
prosecco🍾,3
prost,4
prunetguinard,7
purple,9
purpledrink,3
quercus,3
quercus_and_tallusch,3
rablixt22rn,1
rachelward_e,10
raleigh,3
raleighnc,3
ratafia,3
rawbeetsugar,3
recettescocktail,3
recycled,2
reducereuserecycle,2
referenceused,3
relax,3
relaxing,3
repost,10
restaurant,3
restaurants,3
ringofbubbles,4
roaringcocktails,3
rocketrelics,2
rocketrelicscandles,2
romeolane,6
romyheijkoop,4
rose,3
rosegold,3
rosè,3
roséallday,6
saltlakecity,3
samuelbeckett,2
saturday,1
saturday1015,3
saturdaynight,1
saturdaynightcocktails,4
saturdayvibes,1
scotchwhisky,18
seafood,4
seattle,10
seattlefoodie,10
secretbar,3
selfaware,3
selfawareness,3
selfcare,3
selfemployed,10
selfstyled,3
selfstyledgeneration,3
shibuya,3
shinefashiontea,1
shreddedloofah,2
shrimpscampi,1
shunasendall,3
signaturecocktail,9
signaturecocktails,9
signaturedrink,3
simple,4
singaporebars,3
single,1
singlelife,1
singlelifeproblems,1
skønaften,3
smallartistsofinstagram,3
sne_dc,10
sonny,3
southernliving,3
southflorida,3
soycandles,2
sparking,4
sparkleup,2
sparkling,6
sparklingwater,3
sparklingwine,15
sparklingwinecocktail,3
sparklingwines,2
specialitycocktails,3
spumantebrut,3
stagey,2
steak,4
steakhouse,1
steakhouserestaurant,1
stemware,3
stillontrend,3
stillwine,3
stirbeverage,6
stones,3
stonesoriginal,3
stout,4
strawberries,3
studioseptimiuskrogh,8
styling,1
stylist,3
subscriptionbox,4
sugar,3
sugarcube,19
sultrylife,1
summerincrossleyst,3
sundaybrunch,1
sundayfunday,10
sundown,6
sundowner,6
sunshine,3
supercalifragilisticexpialidocious,2
sushi,3
sushidaily,3
sustainable,3
takamayfair,3
takeabreak,4
teamzebra,3
teganmcmartinphotography,1
tequila,6
tequiladrinks,6
tequilakahluah,3
thatsdarling,4
theatreclubpodcast,2
theatrefan,2
theatrekid,2
theatrelife🎭,2
theberkeley,4
thecocktaildreamteam,10
thecocktailstory,10
thecolonyhotel,3
thedeadcanary,3
thediplomathk,3
thedottsyz,3
theeffected,2
thefeedfeed,10
theflappercocktail,4
thegirlinthehat,2
thegoodparty,1
theivy,3
theivycardiff,3
theroaring20s,3
theworstsince1985,4
timwestphotography,1
toast,1
toddtalbot,1
tomcollins,10
tomthumbnewquay,4
toschi,3
toschicherries,3
travelagent,4
travelandchampagne,16
travelinghoppy,4
travelnurseadventures,2
travelpack,3
treatyoself,3
trentodoc,18
treviso,18
treyertreyert,3
twist,1
udemedskønne,3
utahgram,3
valentines,1
valentinesday,1
valleyofthedolls,3
vandawaterfront,2
vandawaterfrontcapetown,2
vandawatershed,2
venetianmask,6
venetogram,18
veuve,1
veuveclicquot,3
veuveclicquotchampagne,2
veuveclicquotrich,2
veuveclicquotrichrose,2
veuvecliquot,2
veuvelove,2
veuvelover,2
villaascentigin,6
vintagebar,1
vintagechampagne,2
vintagechampagneglas,4
vintageglas,4
virginradio,1
viticulture,3
vodkamango,3
volo,1
voque,1
washingtondc,3
washingtondcwedding,3
waterfrontcapetown,2
waterfrontrestaurant,2
webtoonart,3
weddingcatering,3
weddingcocktails,3
weddingeditorial,3
weddinginspiration,3
weddinginspo,3
weddingplanning,3
weekend,3
weekendaway,3
weekendfun,3
weekendvibes,10
weprepyoupour,4
westend,5
westendmusical,2
whatimdrinking,4
whatsmarisadrinking,10
whatsonmyplate,3
wheelsup,3
whiskeyrose624 on In,3
whisky,3
whiskyclub,18
whiskyclubitalia,18
whiskyfacile,18
whiskygram,18
whiskylover,18
whiskytasting,18
whitehorseslc,6
whotelaustin,3
whotels,3
wine,6
wineblogger,6
winebytheglass,3
winecocktail,3
wineconnoisseur,3
winecountrystyle,2
winegeek,3
wineglass,3
winelover,3
wineoclock,12
wines,3
winestagram,3
winestoppersau,3
winestoppersaust,3
winestoppersaustrali,3
winestoppersaustralia,3
winetasting,3
wino,9
womeninspiringwomen,10
womensupportingwomen,3
womensupportwomen,10
womenwhohustle,3
woodwick,2
woodwickcandle,2
woowoo,3
worklifebalance,3
worldbartenderday,3
xopherthp,1
yes,3
yoshitaka.enomoto,3
yyjevents,1
zebrachampagne,17
zebrachampagnebyair,3
zebrachampagnecocktails,3
zebrachampagneratafia,3
zebrachampagnerosé,3
zebracocktails,3
zebragala2020,3
zebraphilosophy,3
zebrasighting,7
zebrastyle,7
ziggystardust,3
zizistrallen,2
あることがたし,3
はなむけ,3
ウイスキー,3
エスプレッソオールドファッションド,3
オーガニックパスタ,3
オールドファッションド,3
カクテル,7
ギムレットハイボール,3
クエルクス,3
コーヒーカクテル,3
ザクロ,3
シャンパン,3
シャンパンカクテル,6
ジン,3
テイクアウトコーヒー,3
バー,3
バーアドニス,3
バーテンダー,4
バーマロウド,3
今宵もよしなに,3
佐佐倉溜,4
午後之死,2
客人と書いてマロウドと読む,3
感謝多謝,3
拝,3
旬のカクテル,3
旬の果物,3
昭和スタイルのショットバー,3
水曜日定休,3
渋谷,3
無添加ホットサンド,3
王牌酒保,4
神の杯,4
綺麗なカクテルの写真,4
邑楽,3
邑楽郡,3
酒肆客人,3
館林,3
館林カフェ,3
館林グルメ,3
館林バー,3
館林ランチ,3
館林市,3
館林駅から徒歩13分,3
🌸,3
🌺,3
🍹,3
🍾🥂,3
🥂🥂,3
🧚🏽,3
