,RowSum
0,1
1,1
2,1
3,1
4,1
5,1
6,1
7,1
8,1
9,1
10,1
11,1
12,1
13,1
14,1
15,1
16,1
17,1
18,1
19,1
20,1
21,1
22,1
23,1
24,1
25,1
26,1
27,1
28,1
29,1
30,1
31,1
32,1
33,1
34,1
35,1
36,1
37,1
38,1
39,1
40,1
41,1
42,1
43,1
44,1
45,1
46,1
47,1
48,1
49,1
50,1
51,1
52,1
53,1
54,1
55,1
56,1
57,1
58,1
59,1
60,1
61,1
62,1
63,1
64,1
65,1
66,1
67,1
68,1
69,1
70,1
71,1
72,1
73,1
74,1
75,1
76,1
77,1
78,1
79,1
80,1
81,1
82,1
83,1
84,1
85,1
86,1
87,1
88,1
89,1
90,1
91,1
92,1
93,1
94,1
95,1
96,1
97,1
98,1
99,1
100,1
101,1
102,1
103,1
104,1
105,1
106,1
107,1
108,1
109,1
110,1
111,1
112,1
113,1
114,1
115,1
116,1
117,1
118,1
119,1
120,1
121,1
122,1
123,1
124,1
125,1
126,1
127,1
128,1
129,1
130,1
131,1
132,1
133,1
134,1
135,1
136,1
137,1
138,1
139,1
140,1
141,1
142,1
143,1
144,1
145,1
146,1
147,1
148,1
149,1
150,1
151,1
152,1
153,1
154,1
155,1
156,1
157,1
158,1
159,1
160,1
161,1
162,1
163,1
164,1
165,1
166,1
167,1
168,1
169,1
170,1
171,1
172,1
173,1
174,1
175,1
176,1
177,1
178,1
179,1
180,1
181,1
182,1
183,1
184,1
185,1
186,1
187,1
188,1
189,1
190,1
191,1
192,1
193,1
194,1
195,1
196,1
197,1
198,1
199,1
200,1
201,1
202,1
203,1
204,1
205,1
206,1
207,1
208,1
209,1
210,1
211,1
212,1
213,1
214,1
215,1
216,1
217,1
218,1
219,1
220,1
221,1
222,1
223,1
224,1
225,1
226,1
227,1
228,1
229,1
230,1
231,1
232,1
233,1
234,1
235,1
236,1
237,1
238,1
239,1
240,1
241,1
242,1
243,1
244,1
245,1
246,1
247,1
248,1
249,1
250,1
251,1
252,1
253,1
254,1
255,1
256,1
257,1
258,1
259,1
260,1
4thstreetantiques,3
6emearrondissement,2
7thanniversarygift,2
absolutvodka,3
adventure,3
adventures,4
adventuretime,3
airbnb,4
airbnbexperience,4
airbnbriga,4
allnatural,2
allthatfoodtho on In,4
alsogleich,4
altodagloria,1
altodospassos,3
amazonprime,2
aniversario,1
anshevela,7
anthrohome,4
antiquedecor,3
antiquefurniture,3
apartmentwarming,2
apartmentwarminggift,2
aperolmule,1
arizonablogger,7
athomestores,4
bananeneis,4
bao,2
bar,14
barbalada,7
barbarmes,2
barcabinet,4
bardedrink,7
barforhire,3
bargirl,3
barman,12
barmaxcolfax,1
barmes,2
barmescocktails,2
barril,3
barril.jf,3
barriljf,3
bartender,19
bartenderlife,3
bartenders,3
bartenderschoice,4
bc,3
bcisbeautiful,3
beachlife,3
beautifulgifts,3
bebidas,4
beer,4
beerstagram,3
belvederemoscowmule,3
belvederevodka,3
bestcocktails,1
besteverfoodreviewshow,9
bestmoscowmule,2
bestplacetoshop,3
betterhomesandgardens,7
bhghome,4
birthday,7
birthdayboy,7
birthdaycake,7
birthdaygift,3
birthdaygirl,7
birthdayparty,7
birthdaysurprise,7
bkk,3
blackandwhitephotography,1
blackhills,3
blog,9
blogger,9
bloggerduo,7
bloodorange,1
bloodymarys,3
bnw_captures,1
bnw_photography,1
bnw_zone,1
bodas,3
boisewedding,3
bonfire,3
bonsdrinks,2
botellasdecobre,3
brammen,4
breakfast,3
breakfastnook,4
brindespersonalizados,3
britishcolumbia,3
brunch,3
brutal,3
buchanans.drinks.bar,1
bucketlist,4
buenasdias,3
buenasdiasmundo,3
buffalochickenwrap,3
caesarsalad,4
caipirinha,4
caipirinhasgourmet,6
caipivodka,3
california,3
cambé,1
campfire,3
camping,3
canada,3
cannedcocktails,8
car,3
cardiff,3
cardiffcastle,3
carstyle,3
cartadedrinks,7
carteladedrink,2
casamento,7
casorio,6
casou,6
catering1two5 on Ins,1
celebraramesa,14
celestesolarbar,4
centraliawashington,3
cg,7
chandlerarizona,7
cheers,7
chilli,3
chinelluspersonaliza,3
chinelluspersonalizados,3
chopp,1
chowder,4
churrasco,1
clientesbarmes,2
clinq_barware,3
cobre,3
cocinatragosamigos,3
cocktail,7
cocktailbar,7
cocktailbartender,1
cocktailblog,3
cocktailgifts,3
cocktailinacan,2
cocktailparty,3
cocktailphotography,1
cocktails,20
cocktailsofinstagram,3
cocktailtime,4
cococola,3
coffee,7
coffeearea,7
coffeebar,7
coffeetime,3
compassgroup,1
coogee,3
cooking4aclassicldc,1
cookingtips,3
coolcollectibles,3
coopperbottles,3
copper,9
copperbarware,3
copperglasses,3
coppermakesitbetter,2
coppermug,7
coppermugs,3
coppermulemug,2
coppertumblers,3
copperware,3
coqueteis,9
coqueteisexclusivos,6
coquetel,6
cores,3
cosmo,1
cottagecharm,2
countrylife,3
cozyminimalism,7
craftcocktail,3
craftcocktails,8
crafthousevicwest,2
cubalibre,6
cubiertos,3
cuca.home,3
cucahome,3
cuiaba,3
cultureofcraft,2
cup,3
cutecup,3
cutlery,3
cutleryset,3
deadwoodsd,3
deannaalittle,4
delicious,3
delucious,1
demchenkomarie,1
destinationwedding,3
details,3
detallesentumesa,3
dicascba,3
dicascuiaba,3
dimsum,2
din,4
diner,3
dinner,3
discoverunder1k,7
discoverunder500,7
discoverunder5k,7
dj,3
djcamejo,7
dobradinha,1
dogfriendlyrestaurant,3
doltforthegram,4
downtown,4
downtownsandiego,3
dragodrinks,2
drink,23
drinkblogger,7
drinkdrankdrunk,7
drinking,6
drinklocal,6
drinkoftheday,3
drinks,31
drinksimplicity,6
drinkslandbar,3
drinkslovers,2
drinkspecials,3
drinkstagram,3
drinkup,7
drone,9
ecofrendly,3
elcaminorestaurant,3
engagementgift,3
engenhariacivil,3
enjoycanada,3
entspannung,4
epic_eats_reviews,3
epic_shots_vvip,3
epiceatsreviews,9
epicshotsvvip📸,9
equine,3
equipe,3
espetinhos,1
eurestculinary,1
europe,4
eurotrip,4
eventbar,3
evento,1
eventos,6
eventosdesucesso,2
exclusividade,6
exclusivo,6
explorebc,3
explorecanada,3
facebook,9
family,3
familytime,3
familytravelers,3
fanatkalovemur,3
fancydrinks,3
farmhouse,3
farmhousedecor,3
farmhousestyle,3
farmtocup,3
fastda,4
feijoada,3
fernandopolis,3
festa,10
fevertree,3
finditstyleit,2
fire,3
fitzroy,3
flair,6
flairbartender,6
follow4follow,4
food,16
foodblogger,7
foodfeed,4
foodguide,7
foodhall,3
foodie,10
foodlovers,3
foodporn,13
forkya,4
formatura,3
formaturaengenharia,3
fortitudevalley,3
fortworth,4
fortworthhomes,4
fourthstreetvintage,3
fresh,4
friends,3
furnitureredo,3
gambas,2
garnish,3
gastronomie,2
getoutside,3
giftforhusband,2
giftforwife,2
giftinspo,3
gifts,3
giftsforhubby,2
giftsforwifey,2
giftsthatguyslove,2
gin,9
ginandtonic,3
ginger,3
gingerbeer,9
ginhighball,3
gintonic,3
gintonica,8
gintonicabrasil,6
glassware,4
glutenfree,2
glutenfreevodka,3
goiania,1
gokootenays,3
goodday,1
gooddrinks,2
goodmorning,3
goodmorningart,3
goodmorningcall,3
goodmorninginsta,3
goodmorningpost,3
goodmorningworld,3
goodmorning🌞,3
gopro,9
greatfinds,3
greyhound,3
gutenmorgen,3
gutenmorgenwelt,3
gyoza,2
halifax,4
hammeredcopper,3
hangry,4
happyhour,16
healthy,3
healthyfood,3
healthyish,4
hearthandhand,7
hearthandhandwithmagnolia,7
hellobc,3
herbozoborrero,3
heritagedistilling,1
heygirlhey,3
hgtv,4
hgtvoneofakind,4
hier,4
highball,3
highfive,3
higor_fagundes10,3
holidaycheer,3
home,3
homebartender,3
homecooking,3
homedecor,9
homegoods,3
homegoodsfinds,3
homegoodshappy,4
homestager,4
homestaging,4
homestagingworks,4
horsedecor,3
horseenthusiasts,3
horselovers,3
horsestatue,3
housewarminggift,2
humpday,2
hygge,7
hyggebome,7
iceland,3
ig_shotz_bw,1
iglobal_photographers,1
ilovecopper,3
ilustração,3
imagesofcanada,3
innovate,3
inspiring,3
inst_puck,4
instablackandwhite,1
instacocktail,4
instadaily,7
instadrink,7
instagood,11
instagram,9
instagramanet,25
instamoscow,17
instatag,25
interior,3
interiordesign,7
interiors,3
interiorstyling,4
interiorstylist,4
island,3
islandlife,3
italianfood,7
itsthelittlething,3
jantinha,1
jardimgoias,1
jeffreyk107,3
jessandnatpresets,7
jetztfolgennurhashtags,4
jf,3
joepestos,1
juizdefora,3
july2018,3
junemountain,3
kainaboca,2
kansascitystylebbq,3
karaelli5 on Instagr,1
keepitlocal,3
ketchumidaho,3
keto,3
ketoalcohol,3
ketoalcoholicbeverage,3
ketococktail,3
ketococktails,3
ketodiet,3
ketolife,3
ketolifestyle,3
kevin_haberlin,3
kiff,2
kitchen,3
kitchendecor,3
kitchendesign,3
kitcheninspo,7
kitchenisland,3
kitchenlife,3
kitchenremodel,3
kitchens,3
kitchenset,3
kitchenshelves,7
kootenaybc,3
kootenaymountainculture,3
kootenaynationalpark,3
kootenays,3
kootrocks,3
krd_v_teme,3
krdinsta,6
kyra333,3
l4l,4
lemon,3
lenha,1
lgbtqbar,7
life_is_scene,1
lifeontheroad,3
lifestyle,7
lifestyleblogger,7
lifh,3
lightheartedliving,7
lime,2
liquor,3
littleitalyfoodhall,6
littleitalysandiego,3
littleitalysd,3
liveauthentic,4
liveedge,4
liveedgewood,4
livethelittlethings,4
livewithkris,6
livingroom,3
livingroomdecor,3
livingroomdesign,3
livingroomideas,3
livingroominspiration,3
livingroominspo,3
local,4
localfirstutah,3
localvibes,3
localvodka,3
londommule,1
londrina,1
look,6
loppen,7
loppenbauru,7
loppencafebar,14
loppendrinks,7
loungedragodrinks,2
lov,3
lowcalmoscowmule,3
lowcarb,3
luxurygiftset,2
makehomeyours,2
mancavegift,2
mango,9
manik_oksi,3
mantri_aditi,3
marblecanyon,3
mediterraneanmule,7
meilleurdessert,2
mg,3
miniature,3
mixeventospacaembu,3
mixologist,3
mixology,8
mixologyart,4
mixologybrasil,3
mixologyguide,4
mixologymovement,4
mobilebar,3
moc_obyavlenie,7
modernorganic,7
mojito,6
momsunite,3
morning,3
mornings,3
moscow,64
moscow865,11
moscow_baraxolka,6
moscow_city,3
moscow_detka,14
moscow_life,42
moscowcity,54
moscowdays,45
moscowfashion,27
moscowgirl,48
moscowgirls,25
moscowlife,31
moscowmarathon,17
moscowmetro,32
moscowmoscow,45
moscowmule,217
moscowmulecoppermugs,2
moscowmulecups,2
moscowmulegiftset,2
moscowmulemug,5
moscowmulemugs,2
moscowmulequeen,3
moscowmules,25
moscowmulesandiego,3
moscowmulesd,3
moscowneversleep,17
moscowneversleeps,31
moscownight,23
moscowraceway,32
moscowregion,42
moscowriver,25
moscowroadlook,3
moscowstyle,20
moscowviews,17
moscowzoo,17
moscow🇷🇺,3
msk,6
mugrack,7
mule,3
mustangsallys,3
mydomaine,4
myhousebeautiful,4
nationaltoastday,3
neni,1
nenifood,1
neutralhomedecor,7
newbloggers,7
nika_make_up,4
noiteembauru,7
noivas2020,6
nonstopstreet,1
nopunintended,3
notaseltzer,3
nowbooking,3
o.s.tattoo,2
ocean,3
oldmoscowmugs,4
oldtowntemecula,3
organic,2
outdoorrestaurant,3
panacottasesamenoir,2
paradise,3
paris6,2
parkscanada,3
party,6
partyanimal,3
partyanimalvodka,3
paulunterwegs,4
personalizados,3
phoenixarizona,7
photo,6
photograph,9
photographer,9
photography,13
photooftheday,13
photos,9
photoshoot,9
photostylework,3
piazzadellafamiglia,3
picanha,1
picoftheday,11
pictureoftheday,4
pier1lovr,7
pochivalova.design,3
pochivalova_designer,3
pool,3
pools,3
poolsidecocktails,3
potatovodka,3
potd,4
powlster_,4
premixedcocktails,2
quinta,3
quintou,3
radium,3
radiumbc,3
radiumhotsprings,3
raedunn,10
raedunncollection,7
raedunndisplay,7
raviolisvapeur,2
recipe,3
recipes,3
recipeshare,3
recycle,3
redlabel,3
refuelwiththemule,2
restaurant,3
restaurante,1
restaurantebrutal,3
restaurantesmedellin,3
ribs,3
rigacity,4
rigailoveyou,4
rio,7
riversidecountyca,3
road,3
roadbars,3
roadbike,3
roadcycling,3
roadglide,3
roadhouse,3
roadie,3
roadkill,3
roadking,3
roads,3
roadtohana,3
roadtosuccess,3
roadtrip,3
roadtrippin,3
roadtripping,3
roadtrips,3
roadwarrior,3
robinson.farmhouse.d,3
robinsonfarmhousedesign,3
ruesabot,2
rum,1
russia,3
russian,3
russiangirl🇷🇺,3
russianstandard,3
russianstandardvodka,3
russia🇷🇺,3
ruthchrissteakhouse,9
safari,7
safariburger,7
safariburgergrill,7
saltlakecity,3
saltpoint,3
saltpoint_co,3
saltpointco,3
saludable,3
sand,3
sandiego,3
santiagodechile,3
seafood,4
seeksunvalley,3
self_guided_brewery_,3
selfguidedbrewerytour,3
servilleteros,3
seventhanniversarygift,2
sexonthebeach,6
shoplocal,3
shotoniphone,1
shots,3
show,3
show_bar_oficial,3
socal,3
socalantiques,3
socalliving,3
socialhouse,1
solander_diningandba,4
solanderdiningandbar,4
som,3
southernvibe,2
southernvibes,2
spicollective,1
spicollective_bw,1
spicydrinks,3
spirits,3
spoon,3
stammtisch,4
stars___666,6
starving_paris,2
starvingparis,2
steakhouse,3
steakhousemedellin,3
steambar,2
stemlesswineglass,3
storiedstyleinteriors,4
stories,3
streetfinder,1
streetizm,1
streetphoto,1
streetphotographer,1
streetphotographers,1
streetphotography,1
streetphotorussia,1
streets_storytelling,1
streetscenemag,1
styledbysusanna,4
succulents,7
sunvalley,3
sunvalleyidaho,3
sunvalleywedding,3
supportlocal,11
supportyourlocalshops,3
svetikfetka,7
sydneylocals,4
table,3
tablescapes,3
tablesettings,3
tableware,3
tais1320,4
target,7
targetfinds,4
targetstyle,7
tb,1
tbt,1
temeculaantiques,3
tflers,3
tgif,4
thai,3
thailand,3
thatsdarling,4
thecoppercan,2
thecoppercanco,2
thepantryrvc,1
thesebootsweremadefo,3
thesicilianbutcher,7
thesocialny,6
thesocialny_cocktails,3
thick_jen,3
thirstythursday,4
thoughtfulgifts,3
throwbackthursday,3
timeless_streets,1
tiny,3
tony_epic_shots,3
tonyepicshots,9
top,3
tourcanada,3
tourism,1
travel,20
travel_through_my_ba,3
traveladdict,4
travelblog,3
travelblogger,4
travelbloggers,7
travelgirl,4
travelgram,7
traveling,9
traveller,4
travellover,4
travelphotography,17
travelthroughmybabyblues,3
travelwithcookies,14
travelwomen,4
treatyourself,4
trio,1
triptochile,3
tropical,6
truelime,3
truelimedrink,3
truffe,2
turulina.yulia,7
typicalmoscow,6
unitedbyblue,3
urban,1
urbanstreetphotogallery,1
urbanvintagela,4
utah,3
v.buslova,1
vegan,3
veganfoodie,3
vemprobarril,3
vermicelles,2
victoria,3
video,9
videographer,9
videography,9
vienna,1
vintagecollectibles,3
vintagecrates,3
vintagedecor,3
vintagestyle,3
visitca,3
visitsandiego,3
vlogger,9
vodka,14
votu,3
votuporanga,3
wasatchfront,3
wayfair,7
waynotugwell,3
weddingdetails,3
weddinggift,3
weddingplanner,3
weekendvibes,11
westkootenays,3
whatimdrinking,4
wine,3
winegift,3
winegifts,3
winelovergift,3
wisconsinblogger,7
work,6
working,6
workingflair,6
yesplease,4
yolo,9
yum,4
zevia,3
zeviagingerbeer,3
zeviamixer,3
zeviamixers,3
дети,4
домодедово,6
дополнительный_доход,4
доставкапорф,6
доход,4
инстаграм_порусски,8
инстаграманет,8
инстаграмнедели,8
инстатаг,1
интернетмагазин,6
люберцы,6
мамочки_в_декрете,4
мкад,6
москва,17
москваонлайн,6
москварека,8
москвасегодня,6
москвасейчас,1
москвасити,14
москваялюблютебя,8
московская,8
московский,8
мск,6
мытищи,6
нарофоминск,6
новости,3
одинцово,6
работа_дома,4
раменское,6
рига,4
россия,3
серпухов,6
студентки,4
фриланс,4
химки,6
