,RowSum
0,1
1,1
2,1
3,1
4,1
5,1
6,1
7,1
8,1
9,1
10,1
11,1
12,1
13,1
14,1
15,1
16,1
17,1
18,1
19,1
20,1
21,1
22,1
23,1
24,1
25,1
26,1
27,1
28,1
29,1
30,1
31,1
32,1
33,1
34,1
35,1
36,1
37,1
38,1
39,1
40,1
41,1
42,1
43,1
44,1
45,1
46,1
47,1
48,1
49,1
50,1
51,1
52,1
53,1
54,1
55,1
56,1
57,1
58,1
59,1
60,1
61,1
62,1
63,1
64,1
65,1
66,1
67,1
68,1
69,1
70,1
71,1
72,1
73,1
74,1
75,1
76,1
77,1
78,1
79,1
80,1
81,1
82,1
83,1
84,1
85,1
86,1
87,1
88,1
89,1
90,1
91,1
92,1
93,1
94,1
95,1
96,1
97,1
98,1
99,1
100,1
101,1
102,1
103,1
104,1
105,1
106,1
107,1
108,1
109,1
110,1
111,1
112,1
113,1
114,1
115,1
116,1
117,1
118,1
119,1
120,1
121,1
122,1
123,1
124,1
125,1
055,3
35mm,4
35mmphotography,4
Null,4
_caskett.always_,3
_mrplumber2u_,3
acrylic,3
aerialprimeshot,4
aesthetic,3
agameoftones,3
agency,1
alegria,1
alexahampton,3
alldefcomedy,4
amaranth,1
ambition,2
amel_masic91,3
america,14
american,1
americana,1
americaneagle,1
americans,1
americanstyle,1
americantraditional,1
anicasamonte,4
antiquejewelry,3
arboles,3
archilovers,4
architecture,18
architecturephotography,11
area,3
aroundtheworld,1
arquitectura,3
art,8
artclassified,1
artistsoninstagram,3
artofvisuals,3
assistant,1
ballerina,3
ballet,5
beautiful,3
beauty,4
beverlyhills,5
bhfyp,3
bigapple,9
blogger,5
blue,5
bluesky,6
bombero,3
boozybrunch,1
boston,4
bowery,3
bracelet,3
breakfast,1
bridge,4
broadway,3
bronx,8
brooch,3
brooklyn,30
brooklynbridge,11
bryantpark,4
building,5
business,3
california,4
calle,3
calltoday,3
camera,3
capture,2
centralpark,7
chain,3
chicago,4
chilaquiles,1
chinatown,3
christmasiscoming,4
christmaslights,1
cinematography,1
city,9
cityscape,3
citythatneversleeps,3
ciudad,3
clockwisefromabove,6
clouds,3
colorado,4
colorphoto,4
comedy,4
comedycentral,4
comedyskit,4
comicview,4
composition,2
contax,4
corttheater,3
costumejewelry,3
cravingcrusher on In,1
create,2
creativedirector,1
crewlife,3
crossfit,1
dance,3
dancelife,2
dancer,2
dancing,2
darchefa,5
daydreaming,4
defcomedyjam,4
democrat,4
deparisalsur,3
designer,1
detail,5
detroit,4
downtown,3
dr__dee,4
dreamermagazine,1
dumbo,7
dumbobrooklyn,3
earrings,3
easthampton,3
eaterny,1
editorial,1
editorialphotography,1
emmap41 on Instagram,3
empirestatebuilding,14
empirestateofmind,7
entrepreneur,3
equinox,1
erin_monteleone,2
explorenyc,3
fashion,5
fashionlove,3
fashionphotography,1
fdny,3
ferias,5
festival,1
fif127,3
filmisnotdead,4
filmphotography,4
fireman,3
fitnesslife,2
fitnessmodels,2
florida,4
fog,5
foggy,5
food,2
foodie,2
foodnyc,1
foodphotography,1
foodporn,1
freedomtower,3
future,3
gandalf,3
garybuglass,3
gayamerica,3
gayny,3
georgia,4
girlborntotravel,4
glacier,3
globetrotters,1
gmaromagazine,1
gossipgirl,3
greenwichvillage,1
guacamole🥑,1
habanerobluesnyc,1
haha,4
hairstylist,1
hamletsvintage,2
hamptons,3
harlem,4
haroldpinter,3
hbo,4
healthyeating,1
hole,5
holidays,5
homme,1
honeycomb,3
hudsonyards,5
hustle,2
ianmckellen,3
icapture_nyc,7
ifyouleave,1
ig,7
ig_nycity,7
iheartny,3
ileniagentile_,3
iloveamerica,1
ilovenewyork,3
iloveny,7
ilovetravel,1
imagenarymagnitude,1
ingemorath,1
inspection,3
instadance,2
instafood,1
instagood,3
instagram,4
instagramnyc,4
instaphoto,3
instapic,6
intuneent,4
investor_berverly18,3
invierno,3
i❤️ny,6
jan_pieter_smith,1
jazz,2
joethommas,4
joey_mollica,1
jokes,4
jonn2santosph,4
jump,2
jumping,2
justgoshoot,1
kalinkakapinka,3
kentucky,4
landscape,1
landscapelover,1
landscapephotography,1
larrybell,3
leap,5
leapday,5
leapyear,2
likenewyorkcity,3
lincolncenter,3
lizorkinaofficial,1
lmao,4
locustvalley,3
lol,4
lookingup,3
lordoftherings,3
losangeles,4
lotr,3
love,3
loveamerica,1
lovenyc,3
lovetolivehere,3
lowereastside,3
made_in_ny,4
magicseason,1
magneto,3
majesticcasual,1
makeupartist,1
manhasset,3
manhattan,94
manhattanbridge,3
manhattanfoodie,1
manhattanview,3
margaritas🍹,1
marinpompier,3
menswear,1
mexican,1
miami,1
michigan,4
midtown,3
midtownmanhattan,7
mimosas,1
minnesota,4
moda,1
model,4
moment,2
music,1
mylife,3
nature,1
natureprimeshot,4
nbc4ny,4
necklace,3
newjersey,4
newmuseum,3
news,4
newyork,48
newyork_eyes,8
newyork_ig,10
newyork_instagram,4
newyorkarchitecture,3
newyorkcity,40
newyorkcityangles,3
newyorkdaytoday,1
newyorker,4
newyorkfood,1
newyorklife,4
newyorklifestyle,3
newyorknewyork,3
nightshooters,4
nightview,3
nikon,3
nomansland,3
nowherediary,1
ny,14
nyc,55
nyc_explorers,3
nycdotgram,4
nyceats,1
nycfood,1
nycfoodie,1
nycgo,3
nycity,3
nycphotographer,6
nycphotography,7
nycprime_ladies,4
nycprimeshot,8
nycprimeshots,4
nycps_jswimmer2010,4
nycrestaurants,1
nycstyle,2
nyfw2020,3
nyny,3
ontrails,4
ootd,1
panama,4
paulfuentes,1
peinjahnlahn,4
pellicolamag,1
pennsylvania,4
philadelphia,4
photo,2
photoart,1
photocinematica,1
photographer,2
photography,20
photographyaddict,1
photographydaily,1
photographylover,1
photooftheday,7
picoftheday,7
plantbased,1
plumbing,3
pompier,3
pompiere,3
pompiersdeparis,3
portbox,4
portrait,5
primeshotlove,4
primeshotmag,4
protein,1
queens,8
quesadilla,1
radiocity,3
radiocitymusichall,3
reflexoes,4
reframedmag,1
republican,4
ring,3
robertmoor,4
rue,3
s0niarana,3
sangria,1
saturday,1
saturdayvibes,3
sculpture,3
seeyourcity,3
sendapeatonal,3
senekamagazine,1
service,3
showtime,4
sirianmckellen,3
sjde53,1
skilledtrades,3
skyline,9
skyscape,3
skyscrapers,6
smith,1
snake,3
snl,4
society6,1
soho,4
somewheremagazine,4
spooner,3
spottedleopardphotog,3
spottedleopardphotography,3
standup,4
standupcomedy,4
statenisland,3
stateofmind,4
statueofliberty,3
street,3
streetphotography,7
streetsofnewyork,4
style,1
stylist,1
submitblasfemia,4
subway,3
sunnyday,3
superfood,1
tacos,1
taintedmag,1
talentharris,8
tallbuildings,3
tanu_shetty,4
taylorimagesnyc,6
tennessee,4
texas,4
theater,3
thebigapple,6
thenameisveronica,1
theunitedstates,1
thevessel,5
timeless,1
timessquare,3
timessquareny,4
toasty,1
topnewyorkphoto,4
travel,15
travelbug,1
traveler,1
travelgram,3
traveling,1
travelling,1
travelphoto,1
travelphotography,7
travelpics,1
travelscenes,1
traveltheworld,1
trees,3
trevordnorris,3
trevornorrisphotography,3
tritti_land on Insta,3
tvmlsm666,4
unitednations,4
unitedstates,5
unitedstatesofamerica,1
up,3
urban,3
urbanism,3
urbanphotography,3
urbanview,3
usa,17
usaprimeshot,4
usatravel,1
valleyattic,3
vanessabryant,4
vintage,4
vintage_jewelry_nyc,3
vintagecostumejewelry,3
vintagefashion,3
vintagejewelry,3
vintageusa,3
visitnewyork,3
visitnewyorkcity,3
vsco,1
wanderlust,1
wardrobe,1
washingtondc,4
water,3
way2ill,3
weekendvibes,4
welcometonyc,3
west4th,1
westvillage,3
westvillagenyc,1
what_i_saw_in_nyc,15
whatisawinnyc,3
winter,3
winterinnewyork,4
winterwonderland,4
wisconsin,4
worldplaces,1
worldprimeshot,4
wtc,4
wyldstallyns99,4
x,3
xmen,3
xoxo,3
yalla_bshader,1
yesplease,1
youngtalent,4
youshallnotpass,3
zeiss,4
винтажнаябижуткрия,3
винтажнаяброшь,3
винтажныеукрашения,3
вінтажніприкраси,3
