,RowSum
0,1
1,1
2,1
3,1
4,1
5,1
6,1
7,1
8,1
9,1
10,1
11,1
2019,1
adobe,1
adobephotoshop,1
aerographix,1
amazingcocktail,1
art,1
banana,2
bananafurgonetera,1
bananas_van,2
bananasurfer,11
biggestbananaever,1
comericoenjaco,1
coralreef,1
costarica,1
couplebanana,1
d.john__,1
denmaksimof,1
design,1
designer,1
diadelpadre,1
digital,1
digitalart,1
donperrigino,1
dope,1
elfinaround,1
elfontheshelf,1
energiaysalud,1
ensaladasfrutasfrescas,2
frutasytablas,1
frutasytablasjacocr,2
gottahavefun,1
graphic,1
graphicdesign,1
hashtag,1
iloveart,1
imnothigh,1
jacobeach,1
jacobeachcostarica,1
labrand.r,1
limonadas,1
livin,1
nosugar,1
ocean,1
paintmist,1
palomitasdemaiz,1
pankovision on Insta,1
playajaco,2
portugal,1
puppyinfluencer,1
pvs_lutsk,1
rangergraphix,1
repost,1
rodizioricobirmingha,1
sallyvindas,2
salud,1
seasanimals,1
surfer,1
turnup,1
vonbontastic,1
wakesurf,1
water,1
whithoutelectricity,1
