,RowSum
0,1
1,1
2,1
3,1
4,1
5,1
6,1
7,1
8,1
9,1
10,1
11,1
12,1
13,1
14,1
15,1
16,1
17,1
18,1
19,1
20,1
21,1
22,1
23,1
24,1
25,1
26,1
27,1
28,1
29,1
30,1
31,1
32,1
33,1
34,1
35,1
36,1
37,1
38,1
39,1
40,1
41,1
42,1
43,1
30again,2
absolut,1
absolutpeppar,1
anaheim,2
anna.t.pham,2
annualpassholder,2
asia,2
bacon,5
baconbaconbacon,2
baconboquet,2
bartender,1
bartenderlife,4
bartending,1
bayou,2
bayoubloodymary,42
bdayweek,2
beads,2
benanakitchen,2
bestfriedchicken,2
birthday,2
bloodymary,15
bloodymarycontest,1
bookofmormon,2
boozybrunch,2
brunch,6
brunching,2
bunch,2
candiedbacon,2
carnivalpunch,4
celebrate,4
cheers,2
chocolatelabradors,2
cocktails,3
coffee,2
coonhound,2
cornerstarwineandliquor,2
cornerstarwineliquor,2
costumes,2
craftcocktails,4
crescentcitycucumber,2
dapperday,2
dapperday2017,2
dapperdaydisneyland,2
datbayou,2
denverliquorstores,2
disney,2
dogpeoplearedope,2
dontjudgeme,1
downtowndisney,2
drinklocal,4
drinklocalbeer,4
dtd,2
evolutionofabutterfly,2
fahkqbish on Instagr,2
fast_eddies_billiard,2
favorite,4
floridakeys,2
french75,2
fresh,4
garens58,1
greenhurricane,4
guestofthemonthcontest,2
halfshellrawbar,2
hanksgrilleandcateri,2
hankshumpdayhappyhour,2
happybirthday,2
happyhour,2
harrys,2
hilton,1
homemadejumbalaya,1
housemade,4
hurricane,4
hurricanecocktail,4
hurricanes,2
itsreallyhappening,2
jacqui_marie_dabell,2
jalapenoinfused,2
jazzkitchen,2
jeffandthejarretts,2
joetuffmudder,2
ketelonebotanicals,2
ketelonevodka,2
keywest,2
kingcake,4
kingcakebaby,4
kingcakecocktail,4
lakehartwell,4
lakehartwellsc,4
lemonjuice,2
libation_report,2
local,4
localbar,4
localtucker22,4
lokal,2
louisiana,2
louisianacookin,4
marcusbp,2
mardigras,2
mardigras2017,2
mardigras2019,4
mardigraskiss,4
mardiparty,2
marihammm,1
mdcstillkickin2016,2
mississippimudtini,2
msmarci_lynn,2
natalia_ann_wood,2
nueskees,1
oc,2
pleasevote,1
pocketpittie,2
posthomecoming,2
ramosginfizz,4
rhythmandbluesmargarita,2
rlb7783 on Instagram,2
sappybark,2
saturdaybrunch,2
sazerac,4
sbdrsun1,2
seasonalcocktails,4
shungite,2
singapore,2
sistersistertime,2
sogood,1
southcarolina,4
southernhospitality,2
southernhospitalitynyc,2
southernmule,2
specialtycocktails,4
sundayfunday,3
tellyourfriends,1
theflambeaux,4
thelibationreport,2
thelocalpubandeatery,4
theremedy,2
thewhetpalette,2
thrillist,1
tiptuesday,2
tobasco,2
tomatojuice,2
ubonsbbq on Instagra,2
ubonsbbqbloody,2
ubonsbbqfamily,2
vacation,2
vodka,2
vote,1
