,RowSum
0,1
1,1
2,1
3,1
4,1
5,1
6,1
7,1
8,1
9,1
10,1
11,1
12,1
13,1
14,1
15,1
16,1
17,1
18,1
19,1
20,1
21,1
22,1
23,1
24,1
25,1
26,1
27,1
28,1
29,1
30,1
31,1
32,1
33,1
34,1
35,1
36,1
37,1
38,1
39,1
40,1
41,1
42,1
43,1
44,1
45,1
46,1
47,1
48,1
49,1
50,1
51,1
52,1
53,1
54,1
55,1
56,1
57,1
58,1
59,1
60,1
61,1
62,1
63,1
64,1
65,1
66,1
67,1
68,1
69,1
70,1
71,1
72,1
73,1
74,1
75,1
76,1
77,1
78,1
79,1
80,1
81,1
82,1
83,1
84,1
85,1
86,1
87,1
88,1
89,1
90,1
91,1
92,1
93,1
94,1
95,1
96,1
97,1
98,1
99,1
100,1
101,1
102,1
103,1
104,1
105,1
106,1
107,1
108,1
109,1
110,1
111,1
112,1
113,1
114,1
115,1
116,1
117,1
118,1
119,1
120,1
121,1
122,1
123,1
124,1
125,1
126,1
127,1
128,1
129,1
130,1
131,1
132,1
133,1
134,1
135,1
136,1
137,1
138,1
139,1
140,1
141,1
142,1
143,1
144,1
145,1
146,1
147,1
148,1
149,1
150,1
151,1
152,1
153,1
154,1
155,1
156,1
157,1
158,1
159,1
160,1
161,1
162,1
163,1
164,1
165,1
166,1
167,1
168,1
169,1
170,1
171,1
172,1
173,1
174,1
175,1
176,1
177,1
178,1
179,1
180,1
181,1
182,1
183,1
184,1
185,1
186,1
187,1
188,1
189,1
190,1
191,1
192,1
193,1
194,1
195,1
196,1
197,1
198,1
199,1
200,1
201,1
202,1
203,1
204,1
205,1
206,1
207,1
208,1
209,1
210,1
211,1
212,1
213,1
214,1
215,1
216,1
217,1
218,1
219,1
220,1
221,1
222,1
223,1
224,1
225,1
226,1
227,1
228,1
229,1
230,1
231,1
232,1
233,1
234,1
235,1
236,1
237,1
238,1
239,1
240,1
241,1
242,1
243,1
244,1
245,1
246,1
247,1
248,1
249,1
250,1
251,1
252,1
253,1
254,1
255,1
256,1
257,1
258,1
259,1
260,1
261,1
262,1
263,1
264,1
265,1
266,1
267,1
268,1
269,1
270,1
271,1
272,1
273,1
274,1
275,1
276,1
277,1
278,1
279,1
280,1
281,1
282,1
283,1
284,1
285,1
286,1
287,1
288,1
289,1
290,1
291,1
292,1
293,1
294,1
295,1
296,1
297,1
298,1
299,1
300,1
301,1
302,1
303,1
304,1
305,1
306,1
307,1
308,1
309,1
310,1
311,1
312,1
313,1
314,1
315,1
316,1
317,1
318,1
319,1
320,1
321,1
322,1
323,1
324,1
325,1
326,1
327,1
328,1
329,1
330,1
331,1
332,1
333,1
334,1
335,1
336,1
337,1
338,1
339,1
340,1
341,1
342,1
343,1
344,1
345,1
346,1
347,1
348,1
349,1
350,1
351,1
352,1
353,1
354,1
355,1
356,1
357,1
358,1
359,1
360,1
361,1
362,1
363,1
364,1
365,1
366,1
367,1
368,1
369,1
370,1
371,1
372,1
373,1
374,1
375,1
376,1
377,1
378,1
379,1
380,1
381,1
382,1
383,1
384,1
385,1
386,1
387,1
388,1
389,1
390,1
391,1
392,1
393,1
394,1
395,1
396,1
397,1
398,1
399,1
400,1
401,1
402,1
403,1
404,1
405,1
406,1
407,1
408,1
409,1
410,1
411,1
412,1
413,1
414,1
415,1
416,1
417,1
418,1
419,1
420,1
421,1
422,1
423,1
424,1
425,1
426,1
427,1
428,1
429,1
430,1
431,1
432,1
433,1
434,1
435,1
436,1
437,1
438,1
439,1
440,1
441,1
442,1
443,1
444,1
445,1
446,1
447,1
448,1
449,1
450,1
451,1
452,1
453,1
454,1
455,1
456,1
457,1
458,1
459,1
460,1
461,1
462,1
463,1
464,1
465,1
466,1
467,1
468,1
469,1
470,1
471,1
472,1
473,1
474,1
475,1
476,1
477,1
478,1
479,1
480,1
481,1
482,1
483,1
484,1
485,1
486,1
487,1
488,1
489,1
490,1
491,1
492,1
493,1
494,1
495,1
496,1
497,1
498,1
499,1
500,1
501,1
502,1
503,1
504,1
505,1
506,1
507,1
508,1
509,1
510,1
511,1
512,1
100agave,7
123organictequila,3
123spirits,3
1800,4
2016noreaster,4
5mincocktail,3
adelaideoysterhouse,3
agaveblu,4
agavemakesyousmarter,3
agavetequila,3
agedcocktail,2
agedtequila,3
ahab564,3
ahatoro,4
alcohol,7
alcoholics,3
allthetequilla,3
alvearsherry,3
amaro,3
amazing,3
amazingmeal,3
amendmentxxi,3
amormio,3
an9rum,4
anejo,14
anejotequila,6
anejoyyc,4
angastorabitters,4
angostura,4
angosturabitters,4
aperitif,3
apronfamily,3
aretteanejo,4
aretteanejotequila,4
astorcenternyc,3
aurorarealestate,4
añejo,3
badabing,3
bambi2madethem,2
banditosbk,6
bar,23
baracocktail,3
barfrida,3
barhappy_app,3
barman,3
barrelaged,4
barrelagedcocktail,4
barrelaging,3
bartend,3
bartender,9
bartenderflow,3
bartenderlife,7
bartending,4
bebueno,4
becausenicoleh,11
bemelmans,3
bemelmansbar,9
bespokeleather,4
bestbartenderever,4
bestglass,3
bestsquidinmylife,3
bestsummerever,3
bethefunone,4
beverlyblvd,8
bitter,3
bittercube,3
bitters,11
bitterslab,4
blackbarrel,3
blackbarreltequila,3
blake_flann,3
blancotequila,3
bloodyfeet,3
bobmarley,4
bonnieclydesgrapevin,12
booze,9
bosfeed,3
bostonigers,3
boulvardier,3
bourbonsmokedsyrup,4
brinywellfleetoysters,3
brittjsutton,2
broadway,3
brunomars,4
bse,3
buffalotacos,4
cafe,4
calgary,6
california,3
camarenasilver,3
cantina,3
carblover,3
carlylehotel,3
carsbeerkpop on Inst,3
casaamigosmezcal,3
casanoble,2
case_see,4
catalinamargarita,4
ceresio7,3
chalinospecial,12
chance,3
charshaff,3
checksinthemail,3
cheers,13
cheersdetroit,4
cheerstolife,3
cherry,3
chicagomarathon2017,3
chicagomarathon2017training,3
chilanospecial,3
chocolatevanillachilli,2
christmaseve,4
christophercramer1,3
cincodedrinko,3
cincodemayo,6
citymarketsouth,3
citythatneversleeps,3
claseazul,8
claseazulreposado,4
claseazultequila,12
classiccocktail,4
classiccocktails,15
classycocktails,3
cliftonscafeteria,3
cloudsfordays,4
cocktail,35
cocktailculture,3
cocktailgram,6
cocktailhour,6
cocktailporn,13
cocktails,72
cocktailsathome,7
cocktailsbyhawk,12
cocktailsfromtheedge,3
cocktailswithaview,4
cocktails🍹,4
cocktailtime,4
codigo1530,4
codigo1530tequila,4
cointreau,4
collegestudent,4
comegetit,3
comment,3
commercialactor,3
corazonold22,3
corgurl,4
corn,4
corralejotequila,3
craftcocktails,20
craigweir,3
cuchillo,2
cuervo,4
curethebarrel,2
curio,3
custom,4
customdesigned,4
cynar,4
dai,3
dallastravellers,4
danny_huggins91,4
datenight,6
davey.wavey.marshall,4
daydrinking,3
decaturpackagestore,3
decor,4
defuckinglicious,2
deleontequila,4
delicious,3
delicious_craic,4
denverrealestate,4
detroit,3
dimlight,3
distractie,3
distriofederal,4
distritofederal,6
distritofederalcocktail,3
docksac,3
docksoysterhouseac,3
dolinvermouth,4
donamadolargo,3
dondy on Instagram: ,4
donjulio,3
donjulioplata,4
donjuliotequila,3
donpilar,4
donpilarextraañejo,4
donpilartequila,12
dontdrinkalone,3
dontstoprunning,3
dosartestequila,3
doubleanejo,4
dougrago,3
downriverdrinks,3
downrivermichigan,3
downtowndetroit,3
downtownsomerville,4
dragolm,4
drcommish,4
dreaming,2
drink,6
drinkgod,4
drinking,3
drinkinganddrunk,3
drinklocal,12
drinkmamarabbit,3
drinkoftheweek,3
drinkporn,6
drinkresponsibly,3
drinks,15
drinksrecipes,3
drinkstagram,7
drinktequila,4
drunkenwinnie,4
drunks,3
durangocolorado,4
eatac,3
eatexploreexperience,3
eatlocal,3
eav_bartender92,3
edsheeran,4
eljefe,4
eljimador,7
eljimadortequila,4
elmorotavern,4
emilyzuzik,6
entouragemovie,4
espi2828,4
espolontequila,4
fall,3
fallcocktails,3
faves,3
favoritedrink,4
federalhill,3
federico_limonta,3
fidenciopechuga,3
flemings,2
flemingssteakhouse,2
foldedduffel,4
follow,3
foodhall,3
frallu90,3
fredericyarm,3
fredoestrada,3
fridabordeaux,3
friday,4
fridaydrinking,3
fridaydrinks,3
friendsfromallover,4
friskykitty,4
friyeah,12
fyicheerstolife,3
gabriel.rov,3
gentleman,4
giacomoloris_,2
giffardasiapacific,12
ginger,3
gingerjoe,3
gingerpride,3
giordanobrothers,3
girlsnoghtout,3
goodtimes,4
goorganic,3
grandrapidsdaily,4
grandrapidsfoodie,4
grandrapidsmi,4
grandrapidsmichigan,4
granmarnier,4
grapeandgrain,12
grapevinetx,12
gratitude,3
gravy,3
greatlakes,4
handcut,4
handmade,4
handpunched,4
handstitched,4
happyhour,20
hazeinsf,3
hazepopart,3
hazetheater,6
heathernottheshrub,4
herradura,7
herraduraanejo,3
herradurasuprema,3
hickorychips,3
holidayparty,4
hollywood,3
hollywoodlife,3
holymole,4
homebartender,3
honeyhopsbitters,4
hornitos,3
hornitosblackbarrel,3
hornitoscanada,6
hornitospov,3
hubbiepost,3
humpdaycocktail,4
husbandtime,3
iasi,3
iasicity,3
icarriedawatermelon,3
icesphere,3
ichmagdas,3
idrinkvino,3
igboston,3
igcocktail,3
igdrink,3
igsomerville,3
ilikeit,3
illusionist2177,6
ilovemyjob,4
ilovethisdrink,3
imaluckyguy,3
imbibe,4
imbibegram,3
imraynegiles,2
indiaynoche on Insta,3
inspired,4
instadrink,3
instadrinks,3
instafamous,3
italian,3
italianfood,3
italy,3
itsathing,12
jalisco,4
jangling.jacks,3
janglingjacks,3
japaneseicemold,3
jazzbar,3
jessi_moore_10_5,4
jjs,3
joebee1kanobi,3
josecuervo,4
jsqlounge,4
justkidding,4
kaique_guimaraes,3
kgiovannini_sews,3
kiko_baker,3
kjboubou on Instagra,3
labreablvd,4
labreadistrict,4
lacuidad,4
ladies,4
lagunabeach,4
lake.girl,7
laurajane57,3
lbsteak,2
ldubzdaburna,3
leather,4
leatherduffel,4
leatherfoldedduffel,4
leatherrolledduffel,4
leathertote,4
leatherwallet,4
legal,3
letmebemyself,3
libation,4
libations,7
liberte,3
librettiandlibations,4
licguy,3
like,3
lime,6
lips,3
liquor,3
liquorland,3
liquorstore,3
live,4
livemusic,7
livingwithflavour,2
lois_must_die,4
loud,4
lovemyjob,3
loveyounewyorkcity,3
lush,3
luxardocherries,4
luxhotel,4
luxmunich,4
madeintexas,4
mademoiselle_jessie,4
makeitdirty,3
makingmondaybetter,3
manhattan,71
manhattanbariasi,6
manhattancocktail,6
manhattandrink,11
manhattanmonday,7
manhattanup,11
manhattanvariation,3
mapleoldfashioned,3
margarita,3
margaritas,14
marguerita,3
markcsgreen,3
marlenevmartinez,7
martedisera,3
martini,4
martinivermouth,4
megoxfordphoto,3
mescalsour,4
mexicanmule,3
mexico,4
mezcal,7
michaellotenero,3
michigan,7
michigandrinks,3
michiganmargarita,4
michiganmexicanfood,4
michigantacos,4
minnesotafamily,3
mitts_madness,4
mittsgastronomy,4
mixeddrinks,4
mixinitup,3
mixologist,3
mixology,19
modernclassics,4
mojitoblanco,12
mokro_,12
molemanhattan,4
montenegroamaro,3
movienight,7
mrandmrsb,3
mrboston,3
mundocuervo,3
muskegon,4
muskegonmi,4
muskegonmichigan,4
muskegonriver,4
myfavvice,4
másmezcal,3
mástequila,3
napavalley,3
nashvillefashiondude,4
nationaltequiladay,8
nepalisongs,4
nevergonnasurviveunlesswegetalittlecrazy,3
nevertoomanyfriends,4
newbalance1400v4,3
newfoundland,3
newmexico,4
newtoy,3
newyork,3
newyorkcity,3
newyorknewyork,3
nightlife,7
ninitta,3
nolaguys,23
notallspiritsarecreatedequal,4
notmycircusnotmymonkeys,3
nyc,6
oaktown,4
ocholalatilla,3
odysandpenelope,4
olmeca,4
olmecaaltostequila,3
oneofakindleather,4
orangebitters,4
organicnaturally,3
osteriacapri,4
ourwaitresswasdefinitelyhigh,3
outlinedcloth,12
oy,3
oystersfordinner,3
papabuenotequila,4
papparabbit_mgm,3
party,3
passionfruitmargarita,3
patron,11
patrongranburdeos,4
patrontequila,3
peanuts.ufo,4
penrose,4
pettycashtaqueria,8
photography,6
picofthenight,3
pin.toro,12
piscosour,3
pizza,4
plusone,3
pollen,3
porching,7
pranci84,4
pretendingtobeanadult,4
pretheater,3
prettysurewearedrunk,2
proofgastropub,3
propercocktails,3
psk017,4
puebloviejo,3
puremichigan,7
purodeagave,4
puss_n_booch,12
queenbeemixology,24
querico,4
quiyoco,3
qweddingsphotography,3
r3ddhawtr3b3l,3
randyfoster_ on Inst,2
raoshollywood,3
recognition,6
regansbitters,3
reidumstattd,3
reignsupreme,3
reposado,8
reposadotequila,3
repost,3
riogrande,2
ritzcarlton,4
roadtrip,3
rocketleatherworks,4
rocknroll,3
rocks,3
rolledduffel,4
romania,3
rootandflower,3
rossoblu,3
royerhometeam,4
rumoldfashioned,3
runrunrun,3
salt,3
saltedlime,4
saludalavida,3
sancerre,4
sanfrancisco,6
sangría,3
santafe,4
santanarow,2
sapphirelaguna,8
saturdaynight,6
sauce,3
schwäbischhall,3
scrappysbitters,12
searchandrescuedenim,6
second_toe,3
secondhome,4
sepicileather,4
seranthian_kg,6
sf,3
sfbayarea,3
sieteleguasanejo,3
simplefoods,3
singersongwriter,3
sinsation1,3
sippingtequila,5
sketch,4
skyla007,3
smoke,4
smokincocktails,3
smokingcloche,4
smokinggun,4
smoky,4
sogood,3
somervillenj,4
sonoma,3
sorryforcrappyiphonepix,3
soup,4
southphilly,3
spanishvermut,4
speakeasy,3
speakeasystyle,3
spicedcherrybitters,4
spinonaclassic,3
spiritseducation,3
sponsorship,3
stayclassy,3
staythirstymyfriends,3
steakhouse,3
stfelixhwd,3
stgalla on Instagram,3
stirred,3
stjohns,3
stl,7
stopfollowingus,4
storeboughtice,4
streettacos,4
style,3
suavecito,4
summer,3
summermenu,3
sundaycocktails,4
sundaydrinks,4
sundayfunday,3
sundaysupper,3
sweaterweather,3
sweetvermouth,7
tacosandtequila,4
taisin,3
tapas,3
tapatioexcelencia,4
tattoo,4
teeqtequila,11
tequila,134
tequila.sapporo,3
tequilaanejo,15
tequilablanco,12
tequilabutcher,3
tequilacocktails,13
tequiladinner,4
tequiladrinks,3
tequilaelrey,3
tequilaeverway,3
tequilalover,3
tequilalovers,4
tequilamanhattan,400
tequilaoclock,3
tequilaoldfashioned,9
tequilapaloma,12
tequilapunch,3
tequilareposado,12
tequilas,3
tequilashots,6
tequilasunrise,18
tequilatuesday,12
tha1jay,3
thanks,3
thanksgiving,3
thanksjoel,3
thanku,3
thankyou,3
thecarlyle,3
thefarmersspoon,3
thefoxandcrowcafe (@,6
thegrandfinale,3
thenthuk,4
theotherbarusa,8
thepaloma,3
theseattletequila,4
thinkoutsidethebox,3
thukpa🍜,4
thursday,4
tikibar,3
tikis,3
tipsy,6
tobeingabetterdrinker,3
tomford,4
tommybitters,8
tonightsforecast,3
topshelf,3
toyourhealth,3
travel,4
treat,3
tres,3
turnup,3
twistorange,3
ultrapremium,6
underaged_alcoholics,3
underagedalcoholics,3
upnorthmichigan,3
upperpeninsulamichigan,3
utahopera,4
utahoperasips,4
vermouth,11
vermutlacuestarojo,3
vidamezcal,4
visitdurango,4
visitlaguna,4
visitlagunabeach,4
watchmuskegon,4
waynecounty,3
weekendvibes,3
wehavemargstoo,3
wellfleetoysters,3
westmichigan,7
westmichiganfoodie,4
whattodotuesday,12
whenarewegoingcamping,3
whiskey,4
whiskyseason,3
willrunformoney,3
wimg,3
wine,3
wineclubliquorland,3
woodenleg,4
workview,4
worldtravel,4
worthit,3
xjc1396,4
youknowyoulikeitdirty,3
yourbarmaui,3
yyc,5
yyceats,3
zephyrbarsyd,4
zerospecbebop,12
zhang_yui,3
вкуснатеньтаеще,4
впонедельник,4
дегустационныезаметки,4
новости,4
отдохнинескучай,4
アペリティフ,3
オルメカ,4
カクテル,14
クエルボ,4
テキーラ,7
テキーラマンハッタン,22
ドンフリオ,3
バー,4
マンハッタン,7
三連休,3
上海,3
中田ママ,4
奈良ホテル,3
宅テル,4
宮崎剛志,3
常熟路,3
釣り,4
釣りビジョン,4
🍅,4
🍸,4
🍺,4
🥃,3
