,RowSum
0,1
1,1
2,1
3,1
4,1
5,1
6,1
7,1
8,1
9,1
10,1
11,1
12,1
13,1
14,1
15,1
16,1
17,1
18,1
19,1
20,1
21,1
22,1
23,1
24,1
25,1
26,1
27,1
28,1
29,1
30,1
31,1
32,1
33,1
34,1
35,1
36,1
37,1
38,1
39,1
40,1
41,1
42,1
43,1
44,1
45,1
46,1
47,1
48,1
49,1
50,1
51,1
52,1
53,1
54,1
55,1
56,1
57,1
58,1
59,1
60,1
61,1
62,1
63,1
64,1
65,1
66,1
67,1
68,1
69,1
70,1
71,1
72,1
73,1
74,1
75,1
76,1
77,1
78,1
79,1
80,1
81,1
82,1
83,1
84,1
85,1
86,1
87,1
88,1
89,1
90,1
91,1
92,1
93,1
94,1
95,1
96,1
97,1
98,1
99,1
100,1
101,1
102,1
103,1
104,1
105,1
106,1
107,1
108,1
109,1
110,1
111,1
112,1
113,1
114,1
115,1
116,1
117,1
118,1
119,1
120,1
121,1
122,1
123,1
124,1
125,1
126,1
127,1
128,1
129,1
130,1
131,1
132,1
133,1
134,1
135,1
136,1
137,1
138,1
139,1
140,1
141,1
142,1
143,1
144,1
145,1
146,1
147,1
148,1
149,1
150,1
151,1
152,1
153,1
154,1
155,1
156,1
157,1
158,1
159,1
160,1
161,1
162,1
163,1
164,1
165,1
166,1
167,1
168,1
169,1
170,1
171,1
172,1
173,1
174,1
175,1
176,1
177,1
178,1
179,1
180,1
181,1
182,1
183,1
184,1
185,1
186,1
187,1
188,1
189,1
190,1
191,1
192,1
193,1
194,1
195,1
196,1
197,1
198,1
199,1
200,1
201,1
202,1
203,1
204,1
205,1
206,1
207,1
208,1
209,1
210,1
211,1
212,1
213,1
214,1
215,1
216,1
217,1
218,1
219,1
220,1
221,1
222,1
223,1
224,1
225,1
226,1
227,1
228,1
229,1
230,1
231,1
232,1
233,1
234,1
235,1
236,1
237,1
238,1
239,1
240,1
241,1
242,1
243,1
244,1
245,1
246,1
247,1
248,1
249,1
250,1
251,1
252,1
253,1
254,1
255,1
256,1
257,1
258,1
259,1
260,1
261,1
262,1
263,1
264,1
265,1
266,1
267,1
268,1
269,1
270,1
271,1
272,1
273,1
274,1
275,1
276,1
277,1
278,1
279,1
280,1
281,1
282,1
283,1
284,1
285,1
286,1
287,1
288,1
289,1
290,1
291,1
292,1
293,1
294,1
295,1
296,1
297,1
298,1
299,1
300,1
301,1
302,1
303,1
304,1
305,1
306,1
307,1
308,1
309,1
310,1
311,1
312,1
313,1
314,1
315,1
316,1
317,1
318,1
319,1
320,1
321,1
322,1
323,1
324,1
325,1
326,1
327,1
328,1
329,1
330,1
331,1
332,1
333,1
334,1
335,1
336,1
337,1
338,1
339,1
340,1
341,1
342,1
343,1
344,1
345,1
346,1
347,1
348,1
349,1
350,1
351,1
352,1
353,1
354,1
355,1
356,1
357,1
358,1
359,1
360,1
361,1
362,1
363,1
364,1
365,1
366,1
367,1
368,1
369,1
370,1
371,1
372,1
373,1
374,1
375,1
376,1
377,1
378,1
379,1
380,1
381,1
382,1
383,1
384,1
385,1
386,1
387,1
388,1
389,1
390,1
391,1
392,1
393,1
394,1
395,1
396,1
397,1
398,1
399,1
400,1
401,1
402,1
403,1
11thandbaysoutherntable,3
180h4_cuisine,3
1992,4
37年目,1
3kkatering,5
3月,3
41f,3
41階,3
50bestcocktails,3
876,3
919eats,3
919foodies,3
9sseafood,10
aes,3
again,3
alabama,3
alabamagulfseafood,3
alexanderjeromebarto,2
allspice,3
altata,3
amagasaki,1
amberjack,2
amenochihare,4
amenochihare1,4
americanbar,3
americanfood,3
americanredsnapper,3
amorcag1013,3
anandsrecipe,10
animals,4
aoyama,4
aquapazza,3
arcticchar,4
aritaware,3
arroz,4
arrozblanco,4
arrozconhabichuelas,4
art,7
arugulasalad,3
asianflavours,4
asianfusion,3
atlanta,13
atoll_fisher,5
atollfisher,11
ausgewogeneernährung,3
austin,3
austintx,3
avalongolf,3
awajishima,1
awesomecompany,7
awesomeday,3
baileyssupermarket,2
bajafish,7
bajafishing,7
bake,4
bakedfish,10
balharborshops,3
bali,10
balilife,10
balitrip,10
bar,3
barbacoajaponesa,2
barman,3
bartenders,3
bass,3
bassnation,3
beach,12
beachclubs,10
beachfishing,3
beachhoneymoon,10
beachlife,10
beardnmeatoutdoors,3
beats,13
beautifulfish,10
beenfried,4
beer,4
bekaneggs,3
bellpepper,3
best,2
bestfoodhouston,3
bestoftheday,3
betty_g113 on Instag,3
bgenation,3
bigartsfestival,2
bigfish,7
biggreenegglife,3
bklyn,3
black,4
blackseabass,4
blacktail,3
blissfulgetawayz,8
blissfulgetawayzllc,4
bloodymary,3
bluecrab,3
blueeyedtrader,3
bluefish,10
boatfishing,2
bobcats,2
bokchoy,2
bokusaiga,4
bonelesscurrychicken,2
bosswifemomlife,3
bottomfishing,5
bouillabaisse,3
bountyfromthesea,3
bowedup,2
bowl,3
brandon,6
branzino,6
break,6
breakingbad,4
briannieman,4
bronx,2
brooklyn,13
brownstew,10
brownstewfish,3
bubbleroom,2
bushras_cuisine,10
bussupshut,2
butter,6
cabo,8
cabofishingboat,7
cabofishingcharter,7
cabofishingpanga,7
cabofishingreport,7
cabofishingtrip,7
cabomahimahifishing,3
cabopanga,7
cabopangafishing,7
cabosanlucas,1
cajunfood,10
calamari,17
calamarifritti,3
calcuttadiaries,10
canadianfoodie,3
captaincooksbackyard,4
captainron,3
captiva,2
caribbean,12
caribbeanfood,10
caribbeanjacks,3
caribbeanspicerotish,2
caribbeanspicerotishop,2
carne,4
carpacciobalharbour,3
carribean,3
carribeanfood,13
carrots,3
casadelmar,2
casadelmar.ny,2
casadelmarnewyork,2
casadelmarny,2
casadelmarseafood,2
casadeomarbronx,2
casting,3
castingreel,3
catchandcook,2
catchandrelease,12
catching,3
catchoftheday,1
catchofthemonth,1
cañaycarrete,3
ceramics,3
ceviche,3
cft,3
charter,3
charterfishing,7
cheese_pic_,4
chef,12
chef_de_larive_goa,2
cheffreycompton,3
cheflife,2
cheflife🔪,7
chefmg172 on Instagr,4
chefsofinstagram,4
chefstryker,13
cheftalk,3
chefwillievelasquez,3
chicharron,4
chicken,4
chinesecuisine,3
chipotlecrema,3
cinnamonsticks,4
cipsplace,2
clarevalley,4
clawsmobileeateries,9
clublife,6
cocahoe,3
cocktailbar,3
cocktailoclock,3
cocktailparty,3
cocktails,3
cocktails🍹,3
coconut,4
codmilt,3
colorado,4
coloradofoodie,4
columbusgeorgia,3
comfortfood,10
comidaportuguesa,4
comment,3
conecuhsausage,3
contenderboats,10
cookatyourhouse,2
cookingvideos,10
cookoutdoors,3
cooktoorder,6
costarica,3
counterfriedfresh,3
countertempura,3
crabboil,6
createdesigncook on ,3
crudo,4
cuberasnapper,7
cuisine,3
culiacan,3
culichisfishingteam,3
culinaryicon,3
culture,10
curacao,4
curry,19
currychicken,6
curvina,3
custom,2
customfishingrods,2
daiquiri,6
dairyfree,3
daiwa,3
daiwafuego,3
danapointharbor,3
datenight,2
dayboat,3
daytonabeach,3
daytonabeachshores,3
dceats,10
deepseafishing,17
deepwater,7
delhifoodblogger,10
delicious,10
deliciousfood,3
deliciousness,4
denpei,3
design,4
dhalpuri,2
diaiwausa,3
dinner,26
dinnerideas,7
dinnerisserved,3
dinnertime,3
dinnertonight,4
dinnerware,3
districtjerk,10
dj,4
dji,3
dmforrecipe😉,3
dmv,10
docfords,2
dograw,4
dominican,6
dominicanfood,4
dorata,2
doubles,2
dowhatyoulove,1
downtowncary,3
downwiththeduke,6
doyabodyrite,10
drama,4
dubai,3
dubaimall,3
eat,13
eatdrinkandbemerry,3
eater,10
eaters,4
eathealthyfood,3
eating,4
eats,13
ebisu,4
eeeeeats,3
elcamino,4
elcapitano_fl,2
eldorado,3
elsalvador,10
enjoylife,3
epic,13
escovitch,10
explore,3
facebook,10
fagri,4
family,4
fanwood,2
farukchef,4
favorite,2
filetmignon,4
film,4
finedining,3
finedininglovers,3
fisch,3
fischerei_tegernsee_,3
fischereibistrobadwiessee,3
fischereitegernsee,3
fischereitegernseemailiabba,3
fischsommelier,2
fischwitte,2
fischwittemuenchen,2
fischwittemünchen,2
fish,71
fishaddict,10
fishcookingideas,2
fishcurry,4
fishcurryrice,4
fishday,10
fishdevelopment,1
fishdinner,4
fisherman,1
fisherman_catch,3
fishermanscatch,3
fishfood,12
fishfry,8
fishhead,3
fishing,32
fishingaddict,1
fishingcharters,1
fishingdaily,3
fishingislife,4
fishinglife,2
fishinglifestyle,1
fishingmexico,1
fishingseason,3
fishingwithron,3
fishismydish,2
fishlife,10
fishlover,21
fishlovers,10
fishofinstagram,2
fishoftheday,12
fishoftheweek,2
fishordie,2
fishpacbay,2
fishpicoftheday,2
fishporn,10
fishrecipes,10
fishsommelier,2
fishsoup,10
fishsupper,3
fishtawafry,4
flamenconegro,3
floribbean,3
florida,5
floridafishing,2
floridalifestyle🌴🌞😎🏡❤️,2
floridapanhandlechar,3
floridapanhandlecharters,3
floridaseafood,3
flounder,9
flower,1
foh,3
fohengineer,3
follow,10
followforfollowback,3
followme,3
food,56
foodblog,7
foodblogger,7
foodgasm,2
foodhacks,3
foodheaven,3
foodie,41
foodies,4
foodiesofinstagram,4
foodiespty,2
foodindia,10
foodinsta,2
foodist2434,2
foodlife_tampabay,10
foodlifetampabay,10
foodlover,3
foodlovers,2
foodnearby,6
foodnetwork,3
foodofindia,10
foodofinstagram,4
foodphotography,16
foodpics,3
foodporn,63
foodstagram,6
foodtruck,6
foodvideo,4
foodvideos,4
foody,4
fortheloveoffood,3
fourseasonscookingschool,1
freestylekabura,3
frenchrestaurantjerseycity,3
frenchrivierafood,3
fresh,13
freshcatch,14
freshfish,21
freshfishdaily,9
freshfishfordinner,3
freshfood,3
freshfromflorida,3
freshseafood,7
fried,3
friedchicken,4
friedfish,13
friedfood,3
frozenfish,9
ftlofoodies,3
fudee,4
fukuoka,3
garlic,9
gastronomia,4
gastronomy,4
gators,2
gefiltafish,9
georgeandwendys,2
gianttrevallyfishing,11
gillzgear,2
ginger,3
girlchef,3
girlswhogrill,3
giuseppe_sgambati,3
globalawards,3
globalawards2020,3
glutenfree,3
golfito,3
goodeats,5
goodfishing,10
goodfood,6
gourmet,7
gourmetfood,6
goyafoods,3
grandfrontosaka,3
grandmadots,2
greenmountaingrills,3
grilled,6
grilledchicken,4
grilledfish,4
grillgirl,3
grillgirlrobyn,3
grilmix,4
grouper,2
grubhub,3
gt,11
gulfcoast,6
gulfcoastlife,3
gulffishing,2
gumbo,9
guns,4
guyanese,2
gyutaka6,1
h3,6
habernero,3
habichuelas,4
haiti,3
haitian,3
haitianbusiness,3
haitianbusinesses,3
haitiancaterer,3
haitianchef,3
haitiancuisine,3
haitianfood,3
haitianowned,3
haitianownedbusiness,3
haitians,3
haitianswhoblog,3
haiticherie,3
haitienne,3
haiti🇭🇹,3
hamachi,2
hanhvu.vl,3
happy,13
happyfridayeveryone,4
happyholidays2019,10
happytummy,3
hardwork,13
healthgardenseafood,18
healthyfood,16
healthylifestyle,3
healthytummy,3
healtyeating,3
heritagerestaurant.g,2
herring,9
highproteindiet,4
hiphop,17
hoginthekitchen,4
holland,9
homecooking,15
homemade,3
honeymoon,10
honeymoondiaries,10
hookup,1
hot,6
hotel,3
houstoneats,3
houstonfood,3
houstonfoodblogger,3
houstonfoodfinder,3
houstonfoodie,3
houstonfoodies,3
houstonfoodporn,3
houstonrestaurants,3
htxeats,3
htxfood,3
htxfoodblogger,3
htxfoodie,3
human,2
humanity,2
hungry,2
hyogoprefecture,1
icecream,4
icookeverything,10
ideas,3
iifym,3
ikura,3
ilcieli,2
iliketoeat,3
ilovefishing,3
iloveit,3
indepenceday,2
indianfoodbloggers,10
indiansalmon,4
inlovewithfood,2
inshore,7
inshorefishing,7
inspiration,3
inspired,2
inspo,3
instachef,3
instadaily,5
instadinner,10
instafish,10
instafishing,2
instafood,16
instagasm,6
instagood,9
instagram,16
instalike,3
instamood,3
instarfood,3
international,6
internationalfoodie,4
island,2
islandfood,13
islandgirl,3
islandting,4
islandvibes,4
istanbul,3
italianbread,3
italianfood,3
itoyoribream,3
itsmemandytrn75,10
ixoye,10
j9518,4
jaka.suryanata,3
jalapenosalad,3
jam_lovestocook,3
jamaican,13
jamaicanfood,16
jamaicanrecipe,3
japan,4
japanese,7
japanesefood,3
japaneserestaurant,2
japanfoodie,3
japan🇯🇵,1
jerkatnite,20
jerked,10
jerkman516,8
jerkwerk,10
jerryssupermarket,2
jerseycity,2
jerseycitybyob,3
jerseycitymakeityours,3
jessicasportfishingc,1
jfm,3
jfmturns40,3
jigging,14
jndingdarling,2
jonaes_island_twist,2
jonsfishmkt,3
journeytohstreet,10
judiciarysquare,10
julieannathorne,3
justdelhiing,10
kaburaslider,3
kailinrei,3
kaiseki,4
kampachi,4
ketorecipes,3
keys,4
keywesty,3
kie_dramak,2
kindofhealthy,3
king,3
kingfish,3
kingsalmon,2
kitashinchilunch,3
kitashinchitempura,3
kobebeef,2
kolkatabloggers,10
kolkatafoodie,10
kolkatafoodies,10
kondo_dessin,4
kondodessin,4
kosher,9
kosherfish,9
kuwait,3
lacotejerseycity,6
lafoodie,3
lampchops,4
lasagna,3
lasvegaschef,3
lasvegasfoods,3
lasvegasseafood,3
latimesfood,3
laweeklyfood,3
lecreusetsg,10
lemon,4
letmecookforyou,2
letsgofishing,3
lighthousecafe,2
like,10
likeforfollow,3
limitout,3
livebaitfishing,1
livesound,3
livesoundengineer,3
livingbetterlife,3
livingmylife,4
localfood,3
locallysourced,4
loscabos,1
love,4
lovetoeat,4
lovinglife,4
lowcarb,4
lox,9
lumpcrabmeat,13
lunch,23
lunchgoals,10
lunionsuite,3
luxuryworldtraveler,2
madhatter,2
maduros,4
maguropty,2
mahimahi,7
mainlandmexico,1
makotobalharbour,3
mall,6
mango,2
march,3
marinarasauce,3
marinated,3
mariscos,2
matthew_shoemaker_,2
mcrestaurant,3
mealideas,2
meatsweats,3
mediterraneanfish,3
mediterraneanfood,4
medusa_gouves,3
medusagouves,3
mercurymarine,2
merlot,3
mexico,1
mexico🇲🇽,1
micros,3
mihosushi.tarzana,3
mihosushitarzana,3
milliesrestaurant,3
misosoup,3
mississippi,3
mixologia,3
mixologist,3
moneymaker,4
monitorengineer,3
monitors,3
moroccanfood,4
morristownnj,2
moxie_taco_,3
mrquid,3
ms_grace_underfire,3
mukbang,23
mumbaidiaries,4
mumbaieats,4
mumbaifood,4
mumbaifoodies,4
mumbaifoodlovers,4
mumbaiseafood,4
munchies,13
munich,3
munichfishrestaurant,2
munichfoodguide,2
muscles,4
music,4
musicchef,13
myfoodproject,20
mystic,3
münchen,3
nadz,10
naechicken,4
naruto,1
natural,1
nature,2
navy,3
navychef,3
neimanmarcusbalharbour,3
nestorchacing,3
netflix,4
netflixandchill,3
newjersey,2
newton.boston,2
newyork,8
nigiri,4
nigiriarts,2
nike,4
nj,11
nofilter,3
noom,3
northcoastrod,3
norway,9
nova,9
nwa,4
ny,13
nyc,13
nycfoodsnob on Insta,4
nycrestaurants,2
nördlicherschnapper,2
ocean,3
oceans.unknown,3
octapus,3
octopus,4
offshore,1
offshorefishing,18
offshorefishingcharters,7
offshorelife,7
okuma,3
okura,3
okuraprestigetower,3
omega3,4
onepanmeal,3
onepotdish,10
onion,3
onirotaverna,4
open5to9,3
opensandwich,3
orderonline,6
organicoliveoil,3
orlandochef,4
orlandofoodie,4
osakastation,3
oscar1304,4
osmoaction,3
otorobluefin,2
ovenbaked,4
overeasycafe,2
oysters,4
paella,4
paleo,3
paleoapproved,3
panamacity,2
panamacitybeach,3
panamafoodies,2
pangafishing,7
paniert,3
parasite,4
parasiteraw,4
paulushook,3
peixefrito,2
penn,3
pennealavodka,3
pepperandtomatosauce,4
peppersauce,4
perfection,13
perfectlyplated,13
personalchef,2
personalchefservices,2
peruvian,4
pescado,4
pescafresh,4
pescafreshindia,4
pescatarian,2
pescatarianrecipes,2
peterfoulkes,3
pezgallo,7
philly,13
photography,6
photooftheday,3
photooftoday,3
pic,4
pickledonions,3
picture,4
pierfishing,2
pinchomixto🍖,4
piripiricuracao,4
pizzamargarita,3
plantains,4
pollo,4
popping,11
porn,6
portcanaveral,2
pottery,3
praia,2
predatorfish,2
predatorfishing,2
privatechef,2
publicenemy,4
puertovallarta,4
pulpo,3
quality.seafoodbuyer,3
quidd16,3
quietnightathome,3
rageagainstthemachine,4
raggamuffin,10
raleigheats,3
raleighfoodies,3
ramy__tounsi,3
rapala,14
rascasse,3
rasta,10
raubfisch,2
raw,4
rawas,4
rawscallops,3
recipe,3
red,3
redbeans,4
redfish,3
redsnapper,360
redsnapperceviche,3
redsnapperfishing,10
redsnapperofficial,4
redsnapperseason,3
redwine,3
reelfilletz,1
restauranfamiliar,4
restaurant,9
restaurants,2
rezepte,3
rice,7
riesling,13
risotto,9
rodbuilders,2
rodbuilding,2
roosterfishing,7
roosterfishingcabo,7
rosewine,4
roti,2
rotishop,2
rotishopnj,2
roxychowdown,4
sahimi,3
saksbalharbour,3
salad,4
sale,3
salmon,16
salt,3
saltbaked,4
saltlife,7
saltwater,10
saltwaterfishing,11
sanalona,3
sanibel,2
sanibelfishhouse,2
sashimilover,3
scallop,4
scalops,3
scampi,10
scarpetta,4
schnapper,2
schnappershots,2
scotchplains,2
sd10,3
sd11,3
sd9,3
seabass,14
seafood,61
seafoodandmore,3
seafoodbronx,2
seafoodie,3
seafoodjerseycity,3
seafoodlove,3
seafoodlover,10
seafoodlovers,14
seafoodlover😍,3
seafoodorn,3
seafoodtime,3
sealegs,3
seaurchinscallopsandwichfried,3
seaveeboats,2
serena_kels,3
sgfoodie,10
sgig,10
shagungoesmad,10
share,3
shark,3
shelling,2
sherrys_bitchinkitch,3
shimmaaji,2
shorefishing,3
shortribs,2
shrimp,33
shrimplover,10
sightseeing,1
sinaloa,3
since1984,3
skytzro,4
slimmingworld,3
slimmingworld_totall,3
slimmingworldmeals,3
slimmingworldplan,3
slowjigging,3
smallbusiness,2
smokedfisn,9
smokedmeat,3
smokedsalmon,12
smokedwhitefish,9
snapper,37
snapperfishing,2
snapperseason,10
snappertime,10
snook,3
snowcrab,6
soffiaelovaris,4
soundtracks,4
southern,3
southernyoungin.co,3
soysauce,3
sp,10
spain,3
spanishfood,3
speardiver,4
spicy,5
spicyfood,3
spinach,2
spiningreel,3
sportfish,1
sportfishing,1
sportfishingmexico,1
sportsfishing,11
squabletime,3
squid,4
starlight,3
steakandfish,2
steamed,3
steamedrice,3
stew,10
stewfish,10
stewpeas,4
stouffville,3
stouffvilleeats,3
strykereats,3
strykerspeak,10
studio1156,6
suibokuga,4
summer,3
summer2020,10
summerreloaded,3
supreme,4
sushi,12
sushi_north,4
sushibar,3
sushigen,3
sushilover,3
sushiporn,3
sushitime🍣,7
sustainablefishing,3
sw,3
sweetestlady,3
sweetmelissascafe,2
swimbait,11
swipeleft,3
tabasco,3
tableware,3
taco,3
tacos,7
tag,3
tahomaneverhoma,3
tampa,6
tampabay,6
tandem_kayak_fishing,3
tarzana,3
tastingtable,3
tasty,18
tattedchef,3
tavernakyclades,2
tavernakyclades on I,2
tavernakycladesbayside,2
tawafry,4
tegernsee,3
tempura_obata,3
tempuraobata,3
tempurasetmeal,3
texas,3
texasmonthly,3
texmex,3
tgsharp02,7
thatgirlcancook,3
thebestfish,1
thebluegiraffe,2
theclamshack,2
theislandcow,2
theokuratokyo,6
thesandbar,2
thickshiitake,3
thrasherrods,2
throwback,10
throwbacksaturday,10
throwbackthursday,3
thursday,3
thursdayspecial,3
thyme,3
tilapia,15
timbers,2
tiramisu,4
tobago,5
tomato,3
topolobampo,3
torontoeats,3
tostones,4
tostonesburger,4
tour,2
tourism,2
tourist,2
tprime,6
tprimerestaurant_,3
travel,3
treatyourself,3
trianglefoodies,3
trini,2
trinidad,2
trinifood,10
trinistyle,10
tripadvisor,3
trolling,11
trout,3
trulymaldives,11
tryit,3
tuna,19
tunasteak,9
twitter,10
twosmiles_oneworld,4
ubereats,3
ukulhas,11
ukulhas_island,3
ukulhas_maldives,3
ukulhasinn,11
ukulhasisland,11
ukulhasmaldives,11
uni,5
unijapan,3
unishooter,3
usa,2
vacaciones,4
vacationnot,3
vegan,2
vegatables,3
viceland,13
viktualienmarkt,2
vinegar,3
visitdanapointharbor,3
visitukulhas,11
vybzfood,3
warmerweather,10
warprecords,4
washingtonian,10
weed,4
weekendspecial,3
weightloss,6
weightlossjourney2020,3
wenrecipes,10
wensdelight,10
westcoastseafoods,3
westindian,2
westindianfood,10
whatmumbaieats,10
whatsupkolkata,10
whole30dinner,3
wholefish,5
wholefishsoup,10
wholesalefoods,9
wigwam_audio,3
wildcaught,4
winngrip,2
winngrips,2
winnipeg_food,3
woodvale,4
workandfun,3
workdinner,2
workingmomlife,3
world,2
worldgourmet,4
worldtraveler,2
yaadie,10
yahmon,4
yakiniku,2
yakitori,2
yellowfintuna,10
yellowtail,4
yelp,6
yelpelite,3
yelpla,3
yoga,4
yozuri,3
yum,10
yumm,4
yummy,19
yummyfood,3
zaatar,4
zagat,3
جده,3
سمك,10
سمك_بالفرن,10
شهيوات_بلادي,10
شهيوات_مغربية,10
عمان,3
غداء,10
مصر,3
うつわ屋,3
こんどうでっさん,4
こんなの釣りました,1
アクアパッツァ,3
イトヨリ,3
オークラ,3
オークラプレステージタワー,3
オープンサンドイッチ,3
カウンター天ぷら,3
カウンター揚げたて,3
スタジオイイコロ,3
スターライト,3
スモークサーモン,3
ホテル,3
ランチ,3
三品盛,3
仕切り皿,3
伝平窯,3
住みやすい町🇯🇵尼崎,1
兵庫県,1
北新地ランチ,3
北新地天ぷら,3
南画,4
和食,1
和食器,3
器のある暮らし,3
器好き,3
四季料理学校,1
土鍋ごはん,4
墨彩画,4
天ぷらおばた,3
天ぷら定食,3
天然,1
尼崎市,1
尼崎市立花町,1
恵比寿ディナー,4
懐石料理,4
旅行,1
日本酒,4
春吉,3
有田焼,3
桜鯛,3
桜鱒のマリネ,3
水墨画,4
海老で鯛を釣る,4
淡路島,1
炊きたてご飯,4
焼き物,3
生ウニ帆立挟み揚げ,3
生帆立貝柱,3
真鯛,1
真鱈の白子,3
福岡グルメ,3
肉厚原木しいたけ,3
花,1
花型,3
観光,1
近藤でっさん,4
金目鯛,7
釣り,1
防波堤,1
陶器,3
雨後晴,4
青山ディナー,4
食器好き,3
魚拓,1
鳴門,1
🇯🇲,3
