,RowSum
0,1
1,1
2,1
3,1
4,1
5,1
6,1
7,1
8,1
9,1
10,1
11,1
12,1
13,1
14,1
15,1
16,1
17,1
18,1
19,1
20,1
21,1
22,1
23,1
24,1
25,1
26,1
27,1
28,1
29,1
30,1
31,1
32,1
33,1
34,1
35,1
36,1
37,1
38,1
39,1
40,1
41,1
42,1
43,1
44,1
45,1
46,1
47,1
48,1
49,1
50,1
51,1
52,1
53,1
54,1
55,1
56,1
57,1
58,1
59,1
60,1
61,1
62,1
63,1
64,1
65,1
66,1
67,1
68,1
69,1
70,1
71,1
72,1
73,1
74,1
75,1
76,1
77,1
78,1
79,1
80,1
81,1
82,1
83,1
84,1
85,1
86,1
87,1
88,1
89,1
90,1
91,1
92,1
93,1
94,1
95,1
96,1
97,1
98,1
99,1
100,1
101,1
102,1
103,1
104,1
105,1
106,1
107,1
108,1
109,1
110,1
111,1
112,1
113,1
114,1
115,1
116,1
117,1
118,1
119,1
120,1
121,1
122,1
123,1
124,1
125,1
126,1
127,1
128,1
129,1
130,1
131,1
132,1
133,1
134,1
135,1
136,1
137,1
138,1
139,1
140,1
141,1
142,1
143,1
144,1
145,1
146,1
147,1
148,1
149,1
150,1
151,1
152,1
153,1
154,1
155,1
156,1
157,1
158,1
159,1
160,1
161,1
162,1
163,1
164,1
165,1
166,1
167,1
168,1
169,1
170,1
171,1
172,1
173,1
174,1
175,1
176,1
177,1
178,1
179,1
180,1
181,1
182,1
183,1
184,1
185,1
186,1
187,1
188,1
189,1
190,1
191,1
192,1
193,1
194,1
195,1
196,1
197,1
198,1
199,1
200,1
201,1
202,1
203,1
204,1
205,1
206,1
207,1
208,1
209,1
210,1
211,1
212,1
213,1
214,1
215,1
216,1
217,1
218,1
219,1
220,1
221,1
222,1
223,1
224,1
225,1
226,1
227,1
228,1
229,1
230,1
231,1
232,1
233,1
234,1
235,1
236,1
237,1
238,1
239,1
240,1
241,1
242,1
243,1
244,1
245,1
246,1
247,1
248,1
249,1
250,1
251,1
252,1
253,1
254,1
255,1
256,1
257,1
258,1
259,1
260,1
261,1
262,1
263,1
264,1
265,1
266,1
267,1
268,1
269,1
270,1
271,1
272,1
273,1
274,1
275,1
276,1
277,1
278,1
279,1
280,1
281,1
282,1
283,1
284,1
285,1
286,1
287,1
288,1
289,1
290,1
291,1
292,1
293,1
294,1
295,1
296,1
297,1
298,1
299,1
300,1
301,1
302,1
303,1
304,1
305,1
306,1
307,1
308,1
309,1
310,1
311,1
312,1
313,1
314,1
315,1
316,1
317,1
318,1
319,1
320,1
321,1
322,1
323,1
324,1
325,1
326,1
327,1
328,1
329,1
330,1
331,1
332,1
333,1
334,1
335,1
336,1
337,1
338,1
339,1
340,1
341,1
342,1
343,1
344,1
345,1
346,1
347,1
348,1
349,1
350,1
351,1
352,1
353,1
354,1
355,1
356,1
357,1
358,1
359,1
360,1
361,1
362,1
363,1
364,1
365,1
366,1
367,1
368,1
369,1
370,1
371,1
372,1
373,1
374,1
375,1
376,1
377,1
378,1
379,1
380,1
381,1
382,1
383,1
384,1
385,1
386,1
387,1
388,1
389,1
390,1
391,1
392,1
393,1
394,1
395,1
396,1
397,1
398,1
399,1
400,1
401,1
402,1
403,1
404,1
405,1
406,1
407,1
408,1
409,1
410,1
411,1
412,1
413,1
414,1
415,1
416,1
417,1
418,1
419,1
420,1
421,1
422,1
423,1
424,1
425,1
426,1
427,1
428,1
429,1
430,1
431,1
432,1
433,1
434,1
435,1
436,1
437,1
438,1
439,1
440,1
441,1
442,1
443,1
444,1
445,1
446,1
447,1
448,1
449,1
450,1
451,1
452,1
453,1
454,1
455,1
456,1
457,1
458,1
459,1
460,1
461,1
462,1
463,1
464,1
465,1
466,1
467,1
468,1
469,1
470,1
471,1
472,1
473,1
474,1
475,1
476,1
477,1
478,1
479,1
480,1
481,1
482,1
483,1
484,1
485,1
486,1
487,1
488,1
489,1
490,1
491,1
151,24
151swizzle,2
151swizzles,4
90s_hardcore__,3
90sasthesunsets,3
90sgrindcore,3
90shardcore,3
90smetacore,3
90smetal,3
OrlandoSentinel (@fu,2
_emceexurty_,4
absentastrologers,3
acropolis,3
acrylicpainting,1
addictedtocollectables,3
adventure,17
adventureland,3
adventuresaurus,17
aerialnuwa,1
aforathens,3
aforathensbar,6
aforathenscocktailbar,6
agedrum,4
agricole,57
aimsternavvoral,3
ajacksontv,3
akbriatore,3
alexkass_ep,3
allosaurus,17
allthatremains,1
allthelobstah,3
allthenoods,3
alltherum,1
aloha,4
alohashirt,1
ananas,3
android,3
angosturabitters,8
angrymaninblack,3
angrymaninchair,3
anniversary,1
archeology,3
arrivehotels,3
art,3
artbasel,1
asha823,3
asthesunsets,3
astronaut,15
athensbynight,3
athenscocktailbar,3
atlantatikiscene,3
atlnights,3
atomicgrog,8
atomiclife,3
atomicliving,3
atx,3
austintx,3
australianartist,1
aviationgin,2
babesonboard,6
badfrankenhausen,3
ballastpointbrewingandspirits,3
bananadolphin,6
bar,5
bartender,7
bartenderstyle,3
basel,1
bastardtiki,37
beachcomberexperience,3
bemine,4
bestbartender,3
besttikibar,3
bettertimes,3
bettiepage,13
bettiepagerum,13
bewbs,3
bigkahuna,3
birthdayschenanigans,3
birthdayweekend,3
bitchesbrew,2
bitters,3
bittersandbrass,5
blacklagoondesigns,13
blakely,3
blueberry,3
bmandthejunkiesdowdw,3
boardgamesandbooze,4
bones_gomez,3
booze,4
boozehound,4
bottomsup,3
bountyhunter,1
bourbon,2
bourbonandgin,2
brandy,8
buddy.holiday,4
bulleit,3
bulleitbourbon,3
bulleitwhiskey,3
burlesque,2
burlesquebombshell,2
cairo,6
centralfloridatikisociety,6
ceramictiki,3
characterdesign,1
cheers,4
cherrygin,3
chickaphant,3
choices,1
chrisisthebastard on,24
christmas,2
christmasgifts,2
christmastiki,3
churchburn,3
clarifiedmilkpunch,3
classic,9
classiccocktail,3
classiccocktails,6
cocktail,21
cocktailculture,6
cocktailoftheday,3
cocktailrecipe,3
cocktails,58
cocktailsofinstagram,9
cocktailwonk,12
coconutmug,3
cognac,6
cognaccocktail,3
coktails,3
commentbelow,10
coquito,1
coral,3
corey.morehead,3
cozyplace,2
craftcocktails,17
creaturedesign,1
creaturefromtheblacklagoon,3
culturalappropriation,3
cupfist,3
curvypinup,6
czech.please,12
dailyadventures,17
dailydino,17
daiquiri,3
dan_tedson,3
danfortheast,3
darkdays,4
darkpinup,6
datenight,7
daughters,3
davidphantomatic,3
daydrinking,3
decanter,3
dinogram,17
dinosaur,17
dinosaursofinstagram,17
discoveratl,3
disneyhollywoodstudios,3
disneyworld,3
donnbeach,35
donq,2
donqrum,3
dontdoubtit,4
donthebeachcomber,26
donttelljoe,3
downtownsanford,44
drawing,3
drink,4
drinkmorerum,3
drinkoftheday,3
drinkrum,4
drinks,27
drinksanford,53
drinksfordays,3
drinksfornights,3
drinksmixworld on In,4
drinkstagram,13
drinkthis,4
drinkup,3
drinkwell,3
dubai,3
dubailife,3
dyspeptic,3
eastaustin,3
eekumbookum,6
eleonora.deangelis.1,3
enamelpin,12
enchantedtikiroom,14
enucleator,3
epcot,3
evanston,3
executiveslacks,3
exotica,15
exoticdrinks,17
explore,17
extraaf,4
fb_sechs,3
feelgoodfriday,11
filippo.castello,3
fireeatingmermaid.me,3
firstfriday,4
flamingo,4
fllusciousladies,15
florida,28
floridapinup,4
floridatiki,22
fogcutter,3
fordsgin,3
foxylocks5,2
friday,2
fridaynight,3
fromrussiawithlove,4
fruity,3
fuckinginvincible,3
fun,3
galentines,4
garnish,3
garnishgame,6
geekswhodrink,3
genuinesmile,6
gerrardkingart,1
ghostbusters,4
gidget,3
gillman,3
gin,22
ginandjuice,3
ginbar,3
ginbaratx,3
gincocktail,3
ginger,3
gingerbeer,18
gintiki,3
girlsnightout,3
glassweare,3
godofwar,3
gohomeyouredrunk,3
goodspirits,3
goodtimes,3
googlepixel,3
goslingsgingerbeer,3
gottem,3
greattunes,3
grideradventureart,3
grog,12
gurka,3
hairofthedog,3
halloween,3
hangover,3
happy,6
happyholidays,3
hardcoretiki,4
hawaii_five_joe,3
hawaiian,3
hawaiiancottage,3
haxen,3
himetikibar,3
hiphop,4
hispanicpinup,6
hiwasheba,3
holdfast,3
holidaycocktails,2
homebar,12
homebartender,3
homebartending,3
homeiswheretheheartis,3
homemadegingerale,2
homemixologist,3
homemixology,3
hometiki,3
honihoni,3
horrorart,3
horrormovie,3
houseoftabu,4
howdy,3
hukilau2020,8
iambecomedeathdestroyerofworlds,3
ict,4
igotpinned,4
ilovetiki,17
imagination,1
imaginationland,1
imbibe,22
imbibegram,13
improvcomedy,3
ingoodspirits,3
instagood,7
instagram,3
instatiki,3
its5oclocksomewhere,3
itsalwaysfiveoclocksomewhere,3
itsokimirish,3
itstikitime,3
japanhomebartender o,3
jeffgranitodesigns,3
johnmulder,3
junglebird,5
jupiterjonespresents,1
justatummystapling,3
kansas,4
kapukali,3
kla10712,3
konakai,3
konakaitikibar,3
konakaitikilounge,3
kontikibowl,3
krakatoachris,3
krampus,2
kstikiweek,8
kstikiweek2020,4
ku,3
körsbär,3
ladiesewhotiki,3
ladieswhotiki,5
landlockedtiki,4
lastrites,3
latergram,3
lavaandtonic,4
lavadrink,3
leavethecountry,3
legendary,1
leilow6yearanniversary,3
leilowbar,3
lemonhart,2
letsdothis,3
lettheeveningbegin,3
libation,4
lieutenant_dandan,12
lifeisgood,1
lifelessons,1
lime,2
limited,1
liquor,14
liverdontfailmenow,3
liverkiller,3
ll,4
lookimrob,3
lookoutweekend,3
lost,3
lostexplorerslounge,3
love___whit,6
lovepotion9,4
lowbrow,3
lowbrowart,3
lowlight,3
lowrider,3
luna,3
lusciousladies,13
magicaltikimeetup,3
mahalo,14
maikai,9
maitai,27
maitaijoe,3
maitairum,3
maitais,3
maithai,3
maroonedmugcollection,3
martindenny,3
marylourex,3
master_of_frolick,3
mcbiffart,7
mechanicsdrinktoo,3
medusirena,3
megacocktail,3
megbauscasaceli,3
melekalikimaka,2
mementomori,3
memoriesforlife,1
memory,1
memorylane,1
mermaid,3
miami,1
miamibeach,1
michelleschmichelle,2
midcentury,3
midcenturymodern,3
midtownatl,3
milesdavis,2
milliemichelle,1
minimalisttiki,2
mint,2
mintgarnish,3
missingsunshine,3
missionarysdownfall,6
missjennabeth,2
missmaelaroux,4
mixologist,3
mixology,10
moai,3
moderntiki,1
molokai,1
momentofclaritymusic,3
momentomorimarcie,3
monastiraki,3
moondoggie,3
morechampsplease,3
moseisley,1
mr_allosaurus,17
mrramos112,9
ms.swizzlestick,6
msswizzlestick,6
mugart,3
mugmonday,3
muntiki,3
musicandbooze,2
musubi,12
naoya.muga,3
natalliasiv,2
neon,3
newmusic,4
newyear,4
nightsight,3
notbabyyoda,1
notdrinkingalone,3
nowspinning,2
nurtureabuse,3
oahu,3
obi_meenmachine,3
oddballsniftythrift,3
odyssey,6
ohana,3
ohanalove,3
ohiki_tiki,3
okolemalunayall,3
oldflorida,3
oldhawaii,3
oneman,3
options,4
orlando,18
orlandopinup,10
orlandosentinel,2
otagri,3
outrigger,3
paganidol,3
paganidolsf,3
painkiller,3
painkillers,4
painting,3
parkdale,3
parthenon,3
patron,3
peggy_pineapple,12
peterkernlibrary,3
photography,1
picoftheday,3
pink,8
pinkgonzales,3
pintikipins,10
pinup,26
pinupgirl,7
pinupgirls,4
pinupgram,6
pinuphair,1
pinuplife,12
pinupmodel,2
pinupparadise,3
pinups,3
piraterum,4
poetry,4
pokebowl,12
polylife,4
polynesia,3
polynesian,23
polynesianpop,3
polynesianresort,3
polynesianvillageresort,3
polypinup,4
popart,3
poptop,3
presentmoment,1
providence,3
puertoricanrum,1
pufferfish,3
punch,12
punchdrink,12
qbcooler,4
quotesaboutlife,1
quotesandsayings,1
rainfully,4
rebekahbelle,3
redhead,1
redparrot,3
reeves.jon,3
regrann,3
relapse,4
relax,14
remymartin,3
repost,11
restaurantscene,3
retro,1
retrostyle,6
rhodeisland,3
rhum,107
rhumjm,3
righthererightnow,1
rob2d2,3
robbyvamps,13
rockabilly,3
ron,4
rooftop,3
roseandcrown,2
rum,161
rumalways,2
rumbar,16
rumbarrel,11
rumcocktail,1
rumcocktails,18
rumcocktails🍹,14
rumdrink,1
rumdrinks,45
rumfamily,3
rumfiends,4
rumfun,3
rumhunter,4
rumisfun,3
rumlife,7
rumlove,3
rumlovers,4
rummerchant,8
rumoftheday,4
rumpirate,4
rumrumrum,1
rumtime,3
rumtravel,3
rumtraveler,3
rumtravelers,3
ruskytai,3
sabbatical,3
sabbaticalspirits,3
sanford,84
sanfordfl,79
sanfordflorida,75
sanfording,53
sanfordmanman,3
sanfordtiki,40
sanfrancisco,3
sangus,3
sbckansas,4
scifiart,1
scorpionpunch,3
seahagchronicles,3
seahagofficiant,3
secret,4
selfie,3
selfiesunday,3
selfiesundays,3
shamefultikiroom,3
shazzminderr,3
shecreature,4
shells,3
shepheardshotel,3
shoreleave,3
showmeyourbento,3
shrunkenheads,4
sidds.pix,3
signaturetiki,3
singaporesymphony,3
skull,3
skulladay,3
sleepycat,3
smokedsazerac,3
smugglerscove,3
sparkle,3
spicypicklejuice,3
spirits,3
stairs,3
starwars,1
starwarshollywoodstudios,3
staypuft,4
straightthumbs,3
suffering,1
sufferingbastard,472
sufferingbastardsanford,68
sufferingbastardtiki,204
sufferingbastardtikibar,63
sufferingbastartiki,3
sufferinginsilence,1
sundayfunday,7
sunsetkahili,3
sunshinecoastartist,1
sveinnphotography,13
swamptiki,6
swizzle,17
swizzle_rumbar_drink,1
tanqueray,3
texas,3
texastiki,6
texastikiphile,3
tgif,11
that_jd_guy,4
thatsalottabooze,3
thattikigirl,2
the_rum_traveler,3
theastronaut,2
theatomicgrog,8
thecolorofviolence,3
theexplodingawesome,3
thegameologist,6
theintoxicators,3
thejoyofdrinking on ,3
thelusciousladies,24
themilliemichelle,3
thepinupbible,3
therumtrader,3
thesufferingbastard,44
thingstodoatl,3
thirsty,2
thirstythursday,14
thisjustappeared,3
thomashenry,3
tiki,338
tiki.dan,3
tiki_tom_teekster,3
tikiaf,106
tikiaholic,3
tikiart,6
tikiasfuck,27
tikibar,240
tikibars,67
tikibob,3
tikichristmas,11
tikicocktail,38
tikicocktails,105
tikicollection,3
tikicture,3
tikiculture,60
tikidan,3
tikidecanter,3
tikidecor,67
tikidetails,6
tikidisco,3
tikidrink,32
tikidrinks,121
tikifam,1
tikifarm,3
tikifarmmugs,3
tikifigure,3
tikifriday,3
tikigifts,2
tikigirl,6
tikiglass,14
tikiholiday,9
tikihut,4
tikilife,53
tikilove,4
tikimodern,3
tikimondays,3
tikimug,122
tikimugcollecting,3
tikimugcollection,12
tikimugcollections,3
tikimugcollector,42
tikimugcollectors,3
tikimuglife,41
tikimugmonday,9
tikimugs,80
tikinight,6
tikio,3
tikiontheplains,4
tikipainting,3
tikiparty,7
tikiphile,7
tikipin,3
tikipinup,10
tikipuka,3
tikipunks,12
tikiroom,27
tikis,1
tikisaurus,17
tikistickers,5
tikistyle,9
tikitacotuesday,3
tikitakeover,1
tikitangoatl,6
tikitattoo,4
tikitiki,52
tikitikiti,1
tikitikitiki,47
tikitikitikitikitikirum,3
tikitime,5
tikitour,6
tikitrivia,3
tikituesday,28
tikiwedding,3
tikiwednesday,3
tikixmas,2
tipunch,4
toogood,3
toomany,4
topbarsofathens,3
toronto,3
torontonightlife,3
totaltiki,3
trader_nics,119
tradernics,58
tradersams,3
tradersamsenchantedtikibar,3
tradersamsgroggrotto,9
tradersvicsdubai,3
tradervic,8
tradervics,42
tradervicscoconut,3
tradervicstokyo,3
trashartrecords,3
travel,3
triviawednesday,3
tropical,6
tropicalbar,3
tropicaldrink,44
tropicaldrinks,50
tropicallife,3
tropicalpinup,6
tropicanacouture,2
tuffysbar,3
tuffysbottleshopandlounge,14
twodotsandadash,3
typhoontommy,6
uncle_tts_tiki_room,6
undecidedrecords,3
universalmonsters,3
vacation,3
vampy,6
variation,3
verylargemaitai,4
vintage,7
vintagebeauties,4
vintageflorida,6
vintagehair,1
vintagehorror,3
vintagelife,10
vintagetiki,1
vinyl,2
vinylcollection,2
volcanobowl,12
waltdisneyworld,3
wardeightbar,6
wdw,3
weekend,3
wemadeit,4
weoweittojoe,4
whatvegansdrink,3
whisky,3
whyamibroke,3
wichita,8
wichitiki,8
willywonkablueberrygirl,3
witches_grotto,3
withmylove❤️,3
womancrushwednesday,6
wwii,3
xenomorph,1
xmastiki,1
zazvonschwinn,3
zombie,12
الحرب_العالمية_الثانية,3
القاهرة,3
🍹,1
