,RowSum
0,1
1,1
2,1
3,1
4,1
5,1
6,1
7,1
8,1
9,1
10,1
11,1
12,1
13,1
14,1
15,1
16,1
17,1
18,1
19,1
20,1
21,1
22,1
23,1
24,1
25,1
26,1
27,1
28,1
29,1
30,1
31,1
32,1
33,1
34,1
35,1
36,1
37,1
38,1
39,1
40,1
41,1
42,1
43,1
44,1
45,1
46,1
47,1
48,1
49,1
50,1
51,1
52,1
53,1
54,1
55,1
56,1
57,1
58,1
59,1
60,1
61,1
62,1
63,1
64,1
65,1
66,1
67,1
68,1
69,1
70,1
71,1
72,1
73,1
74,1
75,1
76,1
77,1
78,1
79,1
80,1
81,1
82,1
83,1
84,1
85,1
86,1
87,1
88,1
89,1
90,1
91,1
92,1
93,1
94,1
95,1
96,1
97,1
98,1
99,1
100,1
101,1
102,1
103,1
104,1
105,1
106,1
107,1
108,1
109,1
110,1
111,1
112,1
113,1
114,1
115,1
116,1
117,1
118,1
119,1
120,1
121,1
122,1
123,1
124,1
125,1
126,1
127,1
128,1
129,1
130,1
131,1
132,1
133,1
134,1
135,1
136,1
137,1
138,1
139,1
140,1
141,1
142,1
143,1
144,1
145,1
146,1
147,1
148,1
149,1
150,1
151,1
152,1
153,1
154,1
155,1
156,1
157,1
158,1
159,1
160,1
161,1
162,1
163,1
164,1
165,1
166,1
167,1
168,1
169,1
170,1
171,1
172,1
173,1
174,1
175,1
176,1
177,1
178,1
179,1
180,1
181,1
182,1
183,1
184,1
185,1
186,1
187,1
188,1
189,1
190,1
191,1
192,1
193,1
194,1
195,1
196,1
197,1
198,1
199,1
200,1
201,1
202,1
203,1
204,1
205,1
206,1
207,1
208,1
209,1
210,1
211,1
212,1
213,1
214,1
215,1
216,1
217,1
218,1
219,1
220,1
221,1
222,1
223,1
224,1
225,1
226,1
227,1
228,1
229,1
230,1
231,1
232,1
233,1
234,1
235,1
236,1
237,1
238,1
239,1
240,1
241,1
242,1
243,1
244,1
245,1
246,1
247,1
248,1
249,1
250,1
251,1
252,1
253,1
254,1
255,1
256,1
257,1
258,1
259,1
260,1
261,1
262,1
263,1
264,1
265,1
266,1
267,1
268,1
269,1
270,1
271,1
272,1
273,1
274,1
275,1
276,1
277,1
278,1
279,1
280,1
281,1
282,1
283,1
284,1
285,1
286,1
287,1
288,1
289,1
290,1
291,1
292,1
293,1
294,1
295,1
296,1
297,1
298,1
299,1
300,1
301,1
302,1
303,1
304,1
305,1
306,1
307,1
308,1
309,1
310,1
311,1
312,1
313,1
314,1
315,1
316,1
317,1
318,1
319,1
320,1
321,1
322,1
323,1
324,1
325,1
326,1
327,1
328,1
329,1
330,1
331,1
332,1
333,1
334,1
335,1
336,1
337,1
338,1
339,1
340,1
341,1
342,1
343,1
344,1
345,1
346,1
347,1
348,1
349,1
350,1
351,1
352,1
353,1
354,1
355,1
356,1
357,1
358,1
359,1
360,1
123,3
16bits,4
2020,8
3dart,12
3dartist,12
3dprint,1
3dprinting,1
3heavens,2
8bits,4
__astrofacts_,2
__remox__,2
_artstetics_,4
_kunal_dhar_,3
_universal.fact_,11
_vedana_,1
aaronehughes,4
abaddon,2
abduction,3
abstract,8
abstractart,7
accessories,4
acrylics,3
adamex,3
adorable,4
aesthetic,11
aesthetictumblr,3
aimile,3
alberta,2
albumartwork,3
albumcover,3
alchemy,8
alhamdulillah,2
alien,19
alienabduction,3
aliennapping,3
aliens,7
alientrilogy,3
alonsovillalpando,2
ambidextrousart,1
amor,2
amour,2
angelicareyesaguirre,4
angry_mountain_,4
anxiety,8
apollo,4
appassionatispazialicrescono,2
aquarius,4
aquariusmoonastrolog,1
arcade,3
arcade.story,3
arcadestory,3
archimedes,4
area51,1
aries,1
arise,4
art,56
arteest,4
artgallery,4
artist,25
artistoninstagram,4
artistsoninstagram,16
artjournal,4
artoftheday,3
artoninstagram,4
artsandcraft,3
artsy,4
artwork,31
art🎨,12
ascendant,4
astro,4
astrofacts,16
astrologersofig,4
astrologersofinstagram,4
astrology,23
astrologyfacts,4
astrologymemes,3
astrologyposts,3
astronaut,13
astronauts,16
astronauttattoo,1
astronomer,16
astronomia,11
astronomy,59
astronomy_eye,8
astrophotography,28
astrophysics,20
astros,11
astrosolutions,4
astroved,6
astroworld,16
aurora,8
austria,3
automaticdrawing,1
avatarthelastairbender,2
awareness,4
awesome,2
azerbaijan,4
azerbaycan,4
azgold,4
aztagram,4
azza_urbanista,4
baaat_tattoo on Inst,3
babytimeastana,3
babytimeастана,3
babyyoda,1
babyyoya,3
bacchus,2
badass,3
badbitch,3
bair,3
baki,4
baku,4
bakushopping,4
bakłażan,4
baldflowers,3
balisong,4
bandai,4
bars,3
bazylia,4
beaute,2
beautiful,3
beauty,2
beed,4
beginning_astronomy,4
belecoo,3
belleza,2
berniceee.xd,3
bernicerahel,3
bilim,3
biohazard,4
biology,8
birthchart,4
birthchartanalysis,4
black,15
black_paper_drawings,12
blackandwhite,7
blackandwhiteonly,12
blackandwite,12
blackhole,21
blackholesun,4
blackink,3
blacklines,3
blau,3
bloodorange,3
bonafied.binch,3
boosted,2
boss,4
bossbabe,3
bosslady,3
bothhands,1
boys,2
braindead13,3
braj,2
brajsanskriti,4
brajsanskrititrust,2
bralonso,2
bralonso_eterno,2
bright,4
bryanmouque,2
butikmackapar,6
butterfly,4
bəylər,4
camaleon,2
camarofifty,3
camaross,3
capricorn,7
capricornwoman,3
car_hyeok,3
caraudio,2
careerguidance,4
carlifestyle,2
carphotography,2
carrier,3
cartoon,4
cassini,20
castlevania,4
cat,1
cathinkamæhlum,3
catlove,4
catstevens,4
cebula,4
celestron,4
ceres,2
chakras,12
chamaleon,2
chanel,4
chant,4
characterdesign,8
characters,8
charactersheet,8
chennaiastronomers,4
chevrolet,3
chevy,3
chile,3
chiron,8
christmas,4
clairaudient,8
clairgustus,8
clairknowing,8
clairsentient,8
clairvoyant,8
closeup,4
collage,3
collageart,3
collageartist,3
collagewave,3
color,4
colortattoo,1
colours,4
cominginhot,1
comingsoon,1
compassion,8
consciousnes,1
constellation,1
contemporaryart,7
contrast,3
copic,4
cosmic,8
cosmos,51
cottagewitch,3
cottagewitchapotheca,3
couciltaxbill,4
cow,3
craft,3
crealityender3,1
crow,3
crowtarot,4
crying,4
crystality,4
cupid,2
cutandpaste,3
cute,4
cygnustudio,4
d2,3
daniel_hughlettbmx,2
darius,3
darkart,3
deepfear,3
deepspace,21
design,10
destinationlofoten,3
devil,4
devinefeminine,1
diana,2
digitalart,12
digitalcollage,3
dinosaur,4
dna,8
doodle,7
doodleart,4
doom,3
dotworkers,3
dotworktattoo,3
downtown,2
dragonforce,3
draw,12
drawing,18
drawings,8
drawingtattoo,1
dreamcast,7
dreams,3
drums,4
dziwaczki,4
earth,85
elaaahe_art,12
elements,2
elonmusk,13
emoji,4
enceladus,4
engine,4
engrid.ham,3
ennustamine,4
ennustusliin,4
ennustusliin9000008,4
ennustusliin_,4
entity,4
epigenetics,8
esa,11
eternite,2
eventhorizon,4
evren,3
exoplanets,4
exp0222,2
expand,1
exploration,1
eyes,16
eyestayonmine,3
fake,4
false,4
famicom,4
family.gozluk.kilifl,4
fauna,2
feeltheburn,4
figuarts,4
figurephotography,4
filter,3
fineart,3
firechicken,1
firma,1
fivefinger,8
flora,2
flwrs_n_plnts,2
follow,1
followforfollowback,1
fortuna,2
fortunetelling,4
fotobox_istanbul,4
fotoboxgewinnspiel,4
francescaoddieastrol,4
franciscogoya,4
freedom,4
frühstück,3
frühstücksliebe,3
ftlscience,8
fullmoon,13
funfacts,3
funvaxx on Instagram,4
g2x,3
galaxies,4
galaxy,73
galaxy.echoes,5
galaxyart,4
galaxyartwork,4
galileo,4
game,4
gamecollection,4
gamecube,4
gamer,4
gamerlife,4
gamers,4
games,4
gaming,4
gatekeeper,4
gay,2
gazania,4
gellyroll,4
gellyrollpens,4
gemini,1
geometrictattoo,3
gewinnspiel,4
gijinka,8
girl,8
girlswhotattoo,2
giveaway,4
glass,3
glasses,4
glassescase,4
glassescases,4
glasses👓,4
gm,3
gmc,3
goddess,5
goddesses,2
godecja,4
gods,2
goldenaxe,4
goldenspeargrass,8
gothic,3
goya,4
gozluk,4
gozlukevioptik,4
gozlukkilifi,4
graffiti,12
grafik,4
graphicdesign,3
grave,4
gravity,8
growthmindset,4
guardianheroes,3
guitar,4
gypsyqueentarotoracl,4
göteborg,3
gözlük,4
gözlükkabı,4
gözlükkutusu,4
gözlükkılıfı,4
gözlükmodelleri,4
gümüş,4
handlelikalt,3
handmade,3
hanumanji,2
happy,2
harajuku,4
harajukufashionshop,4
healer,8
heartsaturn,1
heavenly_legends_art,3
hediyye,4
hiclikveuzay,3
high,4
higherconsciousness,8
hindilines,4
hindimotivational,4
hindiquotes,4
hinduism,2
hoodie,3
hoonigan,3
horoscope,5
horoscopes,8
horoscopesigns,4
hotaru,4
hotmom,3
hottest🔥,1
hubble,39
hubbletelescope,21
hydrabad,4
håndlaget,3
hədiyyə,4
ibeleiveinaliens,1
ikeephittingthespacebar,1
ikeephittingthespacebarbutimstillonearth,1
illuminati,4
illustration,18
illustrator,4
imperialstout,2
infinite,1
infinityandbeyond,1
ink,13
inkart,4
inkdrawing,7
inktober,1
inktober2019,1
instaart,8
instadaily,3
instafashion,2
instafollow,2
instagamer,4
instagaming,4
instagood,5
instagram,11
intergalactic,4
interstellar,11
intriør,3
ion,3
ipadart,4
isawthisquote,1
iss,21
itson,4
jaden,1
jadenyuki,1
jaihanuman,2
jaishriram,2
janus,2
japan,4
japanesefashion,4
jarmuz,4
jazdelacruztattoos,4
jbkrcmar on Instagra,4
jennyleemasterson,4
jetssossyete,4
jeuxvideo,4
jewellery,4
jewelry,4
jfashion,4
jj,4
joke,4
joy,8
jpl,1
juicy,3
jumpman,3
juno,2
jupiter,80
justyna8230,4
kabelvåg,3
kalafior,4
kanyakumari,4
karenstrunks,4
karma,8
karous,3
kawaii,4
kawaiishop,4
kawaiistuff,4
kepler,4
keto,4
kfashion,4
kiekua,4
kingoffighters,3
kingoffighters98,4
kiss,2
kobea,4
koleusy,4
kolyaski_kz_astana,3
kozmos,3
kronos,4
kundlimatch,4
kunst,7
kuuoraakel,4
kılıf,4
kılıfdünyası,4
kılıfmodelleri,4
lakshya,2
lakshyatv,2
lamp,7
larochelle,3
larochelle17000,3
lessons,4
life,3
light,9
lilex_jewellery,4
lilexjewellery,4
limitations,4
limited,1
limitededition,1
linetattoo,1
littleprincess,3
live3dprintspt,6
liveterbestute,3
living,3
localmade,3
lofoten,3
lofotenglass,6
lokalegaver,3
lol,3
lolita,4
london🇬🇧,4
longevity,3
longexposure,8
looker,4
lordsani,2
love,13
lovely,4
ls4,2
lucifer,2
lumen,4
lumen18,4
lumen_18,4
lumenizhevsk,4
lumenudm,4
luna,2
m,4
mackapär,3
macross,3
mahadev,4
makework,3
malang,4
malificent,3
mandala,12
mandalatattoo,12
manifesting,4
march,5
marchhoroscopes,4
marchmadness,4
marikishtar,1
mario,4
marriageguidance,4
mars,80
matchingtattoos,2
mathura,2
medicinewoman,8
meditation,5
mensmentalhealth,3
mepxy,4
mercury,43
mercuryacejones,1
mercuryretrograde,5
mermaid,2
metalblack,4
meteorite,4
metroid,4
mexico,2
mickeymouse,4
micron,4
milkway,3
milkyway,38
milkyway_scispace,8
minerva,2
minitattoo,1
miriart,4
moda,4
modernart,4
moon,83
moonlight,16
moonlightenergyheali,8
moonofsaturn,3
moonology,4
moonphotography,3
moonshadow,4
moonsign,4
moonvika_svet,8
morgana.morningstar,3
motivation,2
motivationmonday,4
movie,4
movies,4
mstar,3
mstarнурсултан,3
mujeresquecortanypegan,3
multidemensional,1
music,8
myart,8
mydesign,3
myocs,8
mysteries,4
mystory,4
mythology,2
n64,4
nao,4
narwhaldesignink,1
nasa,71
nasasocial,4
nascar,3
nascarracing,3
nature,34
nebula,20
nebulae,4
need_universe,3
neogeo,4
neosoul,4
neptune,37
nes,4
new,4
newbeginnings,4
newbeginnings2020,4
newmoon,4
newtheme,4
newthemes,4
niceday,4
night,3
nightphotography,21
nights,3
nightsky,4
nintendo,4
nintendo64,4
nintendolife,4
no,4
noamattar.dna,4
noedit,4
noface,3
nofilterneeded,3
nolimits,4
norgesglass,3
norskhåndverk,3
northernlights,5
norwaydesign,3
nostalgia,4
notmine,1
nottrue,4
nowspacetime,8
nowspacetime on Inst,8
numerology,4
o.rui.o,1
ocart,8
ocean,2
ocen,6
ocplanet,8
ok,3
oley,3
onlineshopping,4
opel,3
opelgt,3
opelgtroadster,3
optik,4
optikantalya,4
optikgözlük,4
optiklens,4
optikçerçeve,4
orgullo,2
originalcharacter,8
ornament,1
otaku,4
outerspace,5
painting,8
panzerdragoonsaga,3
parasaurolophus,4
pasion,2
pastel,4
patterns,3
peace,12
peanuts,3
pen,4
penandink,1
penart,4
pencils,4
performanceart,1
performingarts,1
personification,8
peterdouglasm,3
pez,2
photo,3
photographie,4
photography,20
photooftheday,3
photoshop,3
physics,24
picoftheday,3
pink,4
pisces,1
piscesseason,4
planet,53
planetary,4
planetearth,28
planetpeople,8
planets,49
planetsocs,8
plant,12
playstation,4
pluto,35
poetry,8
poetryizme,2
pointillism,4
pointillist,4
pomidory,4
poojan,2
poppetharvey.art,4
portrait,3
portugal,1
post,3
prego,3
pride,2
priestessofstars,4
procreate,4
päevakaart,4
qizil,4
raiden,4
rainbow,2
raiseyourvibration,1
random,3
rayman,3
realboutspecial,4
redline,3
relationship,8
relationshipguidance,4
remedies,3
remedy,3
remember_me_tattoo,2
retro,3
retroaesthetic,3
retroboy,3
retrocollective,4
retrogame_shop_paris,8
retrogamer,7
retrogames,10
retrogaming,11
retrospel,3
retrovideogames,4
revenge,3
ries.mich,4
ring,4
ringforman,4
rings,4
riseandshine,4
roman,2
romangod,2
romangoddess,2
romanmythology,2
romantic,2
rose,4
ruachhakodeshconsciousness🔥🔥🔥🔥🔥🔥🔥👑♌🦁🇧🇴📖👁💫,2
sacredgeometry,4
sadona,4
sailormoon,4
sailorsaturn,4
salata,4
salem,2
salutations,4
samstag,3
sani,2
sanidev,2
sanidevpoojan,2
sansasaturn333,1
satisfying,5
satudayquote,2
saturday,26
saturdaycorrespondences,4
saturdayfunday,4
saturdaymorning,7
saturdaymotivation,5
saturdayvibes,6
saturn,304
saturn_fanshop_offic,4
saturn_g0d,3
saturnday,3
saturnglass,3
saturninaquarius,4
saturnjewelry,1
saturno,6
saturnrings,4
saturnsday,3
saturnsky,3
saturntattoo,1
saturnv,2
schools,4
schwarz,3
schön,3
science,52
sciencefacts,3
scitechcomm,1
scrapbooking,4
sea,2
sega,13
segagenesis,4
segasaturday,3
segasaturn,3
segasmashpack,3
selca,3
selfie,7
selfiesaturday,3
senpai,4
sexy,4
shaman,8
shani,14
shanidev,8
shanideva,2
shanidevmandir,6
shanivar,4
sharpie,4
sharpieart,4
sharpies,4
shashyog,4
shefali.guidanceforl,4
shenma,3
shignapur,2
shiimikadeh,3
shiningtheholyark,3
shiningwisdom,3
shit,3
shiv,2
shiva,2
shrooms,3
signature,4
signs,3
sketch,4
sketchbook,7
skillmax,3
skull,4
sky,2
skymap,4
sl2,2
slammed,2
sleep,4
snes,4
solareclipse,13
solarsystem,23
song,4
sonofthemorning,2
soovsilmapaista,4
soul,12
space,97
space_lovers,8
spaceart,4
spacecat,1
spacechennai,4
spacefact,4
spacefacts,3
spaceforce,1
spacejewelry,1
spaceneedle,10
spaceoc,8
spacepainting,3
spaceplorers,4
spacepun,1
spaceship,12
spaceshuttle,2
spacespot,8
spacesuit,2
spacetattoo,3
spacex,43
spacey,1
spirit,8
spiritual,8
sport,4
spraypaintart,9
star,16
starce,4
starfish,4
starfruit,3
stargazing,4
stars,53
starsandspace,3
starship,4
starsigns,4
starwars,1
staticlife,2
stationsandtendos,4
stay,3
stellarium,4
storyofthor2,3
stress,8
strider,4
students,4
stuffed,4
summer,4
sun,33
sunart,4
sundayfunday,2
sundownaudio,2
sunsign,4
sunsigns,4
superfamicom,4
supernintendo,4
supernova,4
surrealart,3
surrealism,3
survive,2
swastik_palmistry_sp,4
sweet,7
sweethomealabama,3
swordinthestone,4
symbols,2
taipei,1
taipeitattoo,1
taiwan,1
taiwantatoo,1
tarot,4
tarotoftheday,4
tasarım,4
tatouages,3
tattoo,13
tattoodesign,4
tattooed,1
tattoofrance,3
tattooidea,3
tattooing,4
tattooist,1
tattoolife,3
tattoomodel,3
tattoos,4
tattoostyle,1
taurus,9
tcg,1
tea,3
tears,4
technology,16
teknum,3
telescope,15
telezoom,4
terra,1
tess,4
thankful4ayear,3
the.real.jp_420 on I,3
the_tiger_poet,2
the_venus_effect,6
theemperor,8
themoon,1
thenolanunit,1
thepharaoh,1
thespiritofdarknesscastout,2
thetallgamingman,3
thewitchyandodd,3
theworld,4
thirdeye,1
time,3
tokyofashion,4
toy,4
traditionalwitchcraft,3
transformation,4
treeofknowledgeofgoodandevil,2
trinityvaastu,4
trippypainting,8
ttt,1
tvspel,3
ufo,4
ufosighting,1
ugly,3
underdefeat,3
unicorn,1
uniqe,3
universe,73
universefacts,3
universettattoo,1
universo,13
unomismo,2
uranus,33
utno,3
utrumblr,4
uzay,7
uzukler,4
vastutips,4
vedicastrology,4
veenus,4
venus,77
verdi,3
vesta,3
vibrations,4
video,4
videogames,7
vienna,3
vintage,3
vintagegames,4
vrindavan,2
vrindavantourism,2
vulcan,2
water,4
watercolor,4
wedding,4
weight,3
weird,3
wervena,4
white,8
whiteink,4
whiteonwhite,4
whitepen,4
whitephoto,4
wien,3
wikipedia,3
wingeddragonofra,1
winter,3
wip,7
witch,6
witchcraft,3
witchesofinstagram,3
witchythings,3
witchyvibes,3
wizzard,4
women,3
womeninart,4
womensfashion,4
wonder_ing_minds,2
world,11
worldz_facts,4
yoda,1
yoga,7
yogazaporozhye,2
youresa,4
yoya,3
yoyaplus3,3
yugi,1
yugimoto,1
yugioh,1
yugioh_cards_kame_ga,1
yugiohcards,1
yugiohcollection,1
yugiohcommunity,1
yugiohcommunity2,1
yugiohcommunity3,1
yugiohcommunity5,1
yugiohduelmonsters,1
yugiohrare,1
yummy,3
yıldız,4
zelda,4
zodiac,9
zodiacsigns,3
zərgər,4
üzüklər,4
великийшани,2
владыкавремени,2
владыкакармы,2
деньсатурна,2
детскиеколяски,3
детскиекроватки,3
дизайнерижевск,4
дизайнеринтерьера,4
дизайнквартир,4
запонки,4
интерьер,4
историиошани,2
йога,2
карма,2
лентадиодная,4
люмен,4
люмен18,4
люменижевск,4
люстры18,4
люстрыижевск,4
мстар,3
мстарастана,3
мужскоекольцо,4
натяжныепотолки,4
натяжныепотолкиижевск,4
некстстар,3
нурсултанколяски,3
нурсултанкроватки,3
отработкакармы,2
перчатки,4
прогулочнаяколяска,3
прогулочнаяколяскаастана,3
профиль,4
профильдляленты,4
раменское,4
ремонт,4
ремонтквартиры,4
сатурн,10
свет,4
светильникиижевска,4
светодиоднаялента,4
серёжки,4
споты,4
суббота,2
субботаденьсатурна,2
точечныесветильники,4
трэковыесветильники,4
управляемыесветильники,4
фкср,4
фнл,4
футбол,4
хорошиепотолочники,4
худи,4
чемпион,4
черносинийсамыйсильный,4
шани,2
шанидев,2
эго,2
راپيد,3
راپيدوگراف,3
راپيدگرافي,3
روباه,3
شازده_کوچولو,3
うちゅうブルーイング,2
刺青,1
台北刺青,1
台北紋身,1
宇宙,2
美味,2
새턴,3
새턴스카이,3
쉐보레,3
오펠,3
오펠gt,3
울산,3
울산삼산,3
카마로,3
카마로ss,3
🏛,4
🕍,4
🖼,4
🧟‍♂️,4
