,RowSum
0,1
1,1
2,1
3,1
4,1
5,1
aperitivo,1
art,1
beer,1
bloodymary,2
boy,1
brandy,1
brewdog,1
cantine,1
chill,1
cinecittà,1
cocktail,1
cocktailllovers,1
cocktails,1
drive,1
elegant,1
follow4follow,1
followback,1
followforfollow,1
followme,1
ginger,1
hop,1
ingredients,1
instafood,1
instapornfood,1
ipa,1
koxy,1
kwiatuszeq,1
like4follow,1
like4like,1
likeforfollow,1
likeforlike,1
liquor,2
martini,1
mcvickerpickles.com ,1
notforgays,1
pietro_renon,1
pork,1
tequila,1
themorningson_,1
vermouth,1
vladimiry,6
workout,1
zapierdalac,1
🍹,1
