,RowSum
0,1
1,1
booze,1
bourbon,1
bourbonciderslushie,2
cider,1
cocktailhour,1
cocktailoftheday,1
cocktailphotography,1
cocktails,1
cocktailsofinstagram,1
craftcocktails,1
drinks,1
eatタダ飯,1
imbibe,1
markofinazzo,1
meguro,1
mixology,1
tipsy,1
tkt_bar_e.a.t,1
アルバイト募集,1
アルバイト急募,1
カクテル,1
バーテンダー,1
バーボンサイダースラッシュ,1
下目黒,1
不動前,1
不動前グルメ,1
不動前バー,1
不動前駅,1
中目黒バー,1
五反田バー,1
恵比寿バー,1
権之助坂,1
権之助坂ランチ,1
武蔵小山,1
白金,1
白金グルメ,1
白金台,1
白金台バー,1
白金台駅,1
目黒,1
目黒グルメ,1
目黒バー,1
目黒ランチ,1
目黒店,1
目黒新橋,1
