,RowSum
0,1
1,1
2,1
3,1
4,1
5,1
6,1
7,1
8,1
9,1
10,1
11,1
12,1
13,1
14,1
15,1
16,1
17,1
18,1
19,1
20,1
21,1
22,1
23,1
24,1
25,1
26,1
27,1
28,1
29,1
30,1
31,1
32,1
33,1
34,1
35,1
36,1
37,1
38,1
39,1
40,1
41,1
42,1
43,1
44,1
45,1
46,1
47,1
48,1
49,1
50,1
51,1
52,1
53,1
54,1
55,1
56,1
57,1
58,1
59,1
60,1
61,1
62,1
63,1
64,1
65,1
66,1
67,1
68,1
69,1
70,1
71,1
72,1
73,1
74,1
75,1
76,1
77,1
78,1
79,1
80,1
81,1
82,1
83,1
84,1
85,1
86,1
87,1
88,1
89,1
90,1
91,1
92,1
93,1
94,1
95,1
96,1
97,1
98,1
99,1
100,1
101,1
102,1
103,1
104,1
105,1
106,1
107,1
108,1
109,1
110,1
111,1
112,1
113,1
114,1
115,1
116,1
117,1
118,1
119,1
120,1
121,1
122,1
123,1
124,1
125,1
126,1
127,1
128,1
129,1
130,1
131,1
132,1
133,1
134,1
135,1
136,1
137,1
138,1
139,1
140,1
141,1
142,1
143,1
144,1
145,1
146,1
147,1
148,1
149,1
150,1
151,1
152,1
153,1
154,1
155,1
156,1
157,1
158,1
159,1
160,1
161,1
162,1
163,1
164,1
165,1
166,1
167,1
168,1
169,1
170,1
171,1
172,1
173,1
174,1
175,1
176,1
177,1
178,1
179,1
180,1
181,1
182,1
183,1
184,1
185,1
186,1
187,1
188,1
189,1
190,1
191,1
192,1
193,1
194,1
195,1
196,1
197,1
198,1
199,1
200,1
201,1
202,1
203,1
204,1
205,1
206,1
207,1
208,1
209,1
210,1
211,1
212,1
213,1
214,1
215,1
216,1
217,1
218,1
219,1
220,1
221,1
222,1
223,1
224,1
225,1
226,1
227,1
228,1
229,1
230,1
231,1
232,1
233,1
234,1
235,1
236,1
237,1
238,1
239,1
240,1
241,1
242,1
243,1
244,1
245,1
246,1
247,1
248,1
249,1
250,1
251,1
252,1
253,1
254,1
255,1
256,1
257,1
258,1
259,1
260,1
261,1
262,1
263,1
264,1
265,1
266,1
267,1
268,1
269,1
270,1
271,1
272,1
273,1
274,1
275,1
276,1
277,1
278,1
279,1
280,1
281,1
282,1
283,1
284,1
285,1
286,1
287,1
288,1
289,1
290,1
291,1
292,1
293,1
294,1
295,1
296,1
297,1
298,1
299,1
300,1
301,1
302,1
303,1
304,1
305,1
306,1
307,1
308,1
309,1
310,1
311,1
312,1
313,1
314,1
315,1
316,1
317,1
318,1
319,1
320,1
321,1
322,1
323,1
324,1
325,1
326,1
327,1
328,1
329,1
330,1
331,1
 Tough Love (@bry10t,8
11anoltonstreet,3
2020,3
241cocktails,2
249stpaulstreet,4
366emmaclark2020,9
805living,3
9053977494,4
aboutlastnight,3
africanmusic,2
aitch__1,3
aix,3
alcohol,4
alcoholicbeverage,8
alecialonsdale,2
alexandrite_beauty_,3
alexandritearomas,27
almosttenyears,2
alwaysgrateful,3
amarenen,3
amarettosour,3
amazing,3
americanriviera,3
amor,8
amour,4
andre.gangaram,4
andreagilbeyphotogra,3
antivalentine,2
antonella_pescetto o,8
aperitief,3
apothecary,4
apothecarycabinet,4
apricots_in_manchest,3
art,15
artist,4
assiettedessert,3
assiettegourmande,3
athome,3
authenticitalian,4
avocado,3
avocadotoast,3
bakery,2
baltimore,3
bar,7
barflowers,3
barkdaypawty,3
bartender,6
bartenderlife,3
basket,4
bath,3
bathandbody,3
bathbomb,6
bathbombaddict,3
bathbomblover,6
bathbomblovers,6
bathbombmaking,3
bathbombobsessed,3
bathbombobsession,3
bathbombs,6
bathbombsarelife,3
bathtime,6
beardgang,3
beatablair,3
beatawillisonrealtor,3
beautiful,11
beautifulparis,2
beauty,3
beautyonthemove,3
bedford,3
beer,4
beercafe,4
bellevue,2
bemyvalentine,3
berry,2
bestielunch,4
bexlucindawood,3
biercafe,4
billericay,2
blackandwhite,3
blackcurrant,3
blueberrymuffin,2
blushcolourinfusion,3
boise,3
boisebar,3
boisebeerbar,3
boisebeerscene,3
boisecocktails,3
boisecoldbeer,3
boisedatenight,3
boisedivebars,3
boiseidaho,3
boisesportsbar,3
boisevalentinesday,3
boozer,2
bordeaux,8
bottleservice,2
bottleservicegirls,2
boulevardbrasserie,4
bourbon,3
bozoshow,3
brandyalexander,3
brass,2
brassband,2
breakfast,1
breakup,2
brickalley,4
brieinfilopastry,4
brindedoconde,8
bringme,2
british,2
britishcassis,9
broccolini,3
broncolor,3
brooklyn,6
brunch,1
brunchtime,3
bubbles,5
bubbleswithbenefits,2
bubbly,3
butfirstchampagne,3
cabincrew,3
caipirinha,3
candle,6
candleaddict,6
candlelight,6
candlelover,6
candlemaker,6
candlemaking,6
candles,6
carolinainacoupe,6
carpenters_arms_bar,3
carpentersarmsbar,3
carpevino,3
carpevinoauburn,3
cassis,11
catposer,3
cava,4
celebrate,2
celebrateathome,3
celebratelife,3
cenacuritiba,8
cereja,8
chalk,4
chalkboard,4
chalkboardart,4
chalkboardlettering,4
chalkboardsigns,4
chambord,16
champagne,18
champagnecocktail,19
champagnestemware,8
channelislands,3
charbonneletwalker,3
charlottehawkinsart,4
charmcetim,4
cheek,3
cheers,20
cheersto2020,3
cheffeatures,4
cherry🍒,3
chezchrepublic,8
chickencaeser,3
chislehurst,9
chislehurstlife,9
chocolade,3
chocoladecup,3
chocolate,9
chocolatecoveredstrawberries,3
chocolatemartini,3
chocolates,3
chocolatetrufflecake,4
chocolatetruffles,3
citythatneversleeps🗽,3
classicbrunchcocktail,3
classiccocktails,3
classy,2
classycocktails,2
classydrinks,2
clementspritz,3
cocktail,25
cocktailbar,3
cocktailhour,3
cocktaillovers,3
cocktailoftheday,3
cocktailofthemonth,4
cocktails,27
cocktailsandchocolates,3
cocktailsofinstagram,16
colleenemunro,3
combine,3
comerecurtir,8
comida,8
condedefoucauld,16
confeitariacuritibana,8
cool,3
cosmopolitan,2
cote,9
cotebrasserie,14
coventry,2
crab,3
creamdecacao,3
creativeconsultant,3
cremedecassis,16
cremedeframboise,4
creoleshrubb,3
crewlife,3
croatia,3
croatiangirl,3
crueltyfree,5
crèmedecassis,6
curitiba,8
curitibacool,8
curitibafood,16
curitilover,8
cvwineandspirits,3
cwb,8
côtedazur,8
dad,2
darkchocolate,3
datenight,9
daydrinking,3
dc,3
dcbars,3
dcentertainment,3
dcrealestate,3
decor,2
desayuno,1
destination,2
dicadoconde,8
dicasdecuritiba,8
digestief,3
dinner,13
dinnerathome,3
dinnerdate,3
dinnerfortwo,3
dmv,3
dogevents,3
dogswhoparty,3
dointhemost,3
doublefisteddrinker,4
downtownsb,3
dreamfood,8
dress,3
dresscode,3
drink,14
drinking,8
drinklocal,3
drinkoftheday,3
drinks,29
drinksaroundtheworld,2
drinkspecials,2
drinksphotography,3
drinkstagram,3
drinkstyling,3
drinkswellwithfood,3
drinkupboise,3
drinkwithaview,8
drymartini,4
duckinnchicago,3
durango,4
earth_shotz,8
eatathome,3
eater,3
eaterla,3
eats,3
eaudeparfumunique,3
ec18,3
edibleflowers,3
edpunique,7
electricmusic,2
electricyouth,3
elegant,3
elijahcraig18,3
emmahodson_clark,9
englishafternoontea,3
enjoy,3
entertainingathome,3
erdbeerrosebeauty on,1
espressomartini,6
espumantesdobrasil,8
essex,2
essexantivalentine,2
essexnightsout,2
eudora,7
eudora_caragua,14
eudoraglam,7
euqueroeudoracaragua,7
euqueroeudoracaraguatatuba,7
europe_gallery,8
europe_vacations,8
eventagency,3
eventdecor,3
everybodyneedsflowers,3
experience,3
explore,3
exploreauburnca,3
exploresantabarbara,3
f52grams,3
family,7
feb29th,3
february,4
fiance,4
finechocolate,3
fiveleaves,3
fiveleavesny,3
fizz,9
flavour,3
fleeceinnbretforton,6
floral,4
florist,3
flowers,4
fogrose_atelier,2
fogroseatelier,2
foiegras,8
follow,3
followme,3
font,4
food,14
foodblog,1
foodblogger,1
foodbloggers,3
foodgasm,1
foodgram,1
foodie,23
foodiesofinstagram,3
foodphotography,4
foodporn,13
foraging,4
fortheloveofwax,3
fougasse,3
fragrance,8
france,20
francisscottfitzgerald,8
frangelico,3
fredfredchangchang,2
free,8
freeentry,2
french,4
frenchalps,3
frenchfood,8
frenchrestaurant,9
frenchthings,3
frenkuzumulikoru,3
frenküzümülikörü,3
freshcream,3
friartuckschatt,6
friday,2
fridaynight,2
friends,3
frutas,1
fun,8
galentine,2
galentinesday,6
gameoftones,4
gardeninginfrance,4
garnish,3
gastronomia,9
gatherandgather,4
gayhunk,3
gazorpazorfield,3
gettinghealthy,1
giftbaskets,3
giftideas,6
gifts,6
ginginhadelisboa,3
ginja,3
ginjinha,3
girl,3
glamour,3
glass,11
glasses,8
glitter,2
glutenfree,2
goals,1
goatscheese,3
goodeats,3
goodtime,3
greenpoint,3
grumpycatlady,4
guernsey,3
guernseyfood,3
h2o.shots,4
habanerobitters,3
handmade,14
handpoured,2
hanirose92,3
hanpoured,3
happy,3
happybarkday,3
happyhour,3
happynewyear,1
happyvalentinesday,3
happyvalentinesday2020,3
happyvalentinesweekend,3
hasselblad,3
heatonmoor,3
hiddenbar,3
highlyscented,2
holidaydrinks,1
holidayparty,1
home,2
homebar,6
homechef,3
homecooking,3
homedecor,6
homeentertainment,3
homefragrance,8
homemade,10
homescents,3
homesweethome,3
hooligans_boise,3
hortogourmet,1
huffposttaste,3
humpday,3
husbandandwife,2
hypericum,3
i_am_paparachu,3
igdrinks,4
igerschislehurst,9
ihashbot,8
ilanaandabbi,3
ilikethis,8
illdrinktothat,3
ilovehimeveryday,3
iloveneon,1
indulgencia.scents,2
instabar,3
instadrink,6
instafood,8
instagay,3
instagood,12
instagramers,8
instawax,3
ittakesavillage,3
jamoniberico,1
janetglows,3
japan,3
jazspirits,6
jetaime,3
julianandrickyandbubbles,3
junglemusic,2
justbecause,3
karonpropertiesonthemove,3
kers,3
kersen,3
kilburneats,4
kinnertonash,3
kir,9
kirclasique,4
kirroyal,26
kirroyale,306
kirroyaleonice,3
kiss,3
koi,3
koiaixenprovence,3
koreanbeauty,3
koreangirl,3
koreanmakeup,3
lacucinaitaliana,4
laffalympics,3
lafoodie,3
lafregategsy,3
lafregateguernsey,3
lanson,3
larkspur,3
last_word__the_distr,3
lastminute,2
lastword,3
laura_lew151,4
lauramercier,3
lauramercierlipstick,3
lavieenorange,3
lawofattraction,1
lawofattractioncoach,1
lawofattractionguide,1
lawofattractionquotes,1
lemontart,1
lettering,4
like,3
like4follow,3
liqueur,3
lisboa,3
lissabon,3
literature,8
live,3
liveband,2
livemusic,2
living_europe,8
london,7
lookoflove,3
loridarlin3,3
lornah72,3
lostinyoureyes,3
lottedepartmentstore,3
love,6
love_drinks_ltd,3
lovedrinks,3
lovefood,8
lovelock,3
lovelyday,8
lovemyjob,2
loveweek,2
lunch,6
makeup,3
manchesterblogger,3
maquiagem,7
martianincali,3
martini,4
martinibar,4
martinibianco,4
martinique,3
maryland,3
mascaradecilios,7
me,3
mealfortwo,2
memories,8
meral_n_ali,4
merrywithdrink,3
mexico,4
michtersbarrelstrengthrye,3
milkchocolate,3
minicocktails,3
minutesteak,4
mirrorglaze,2
mixology,5
moet,3
mojito,3
mothernature,4
motivation,1
mrscarebearington,3
mulderandscully,3
mumpreneur,3
musicvenue,2
myblog,8
mycustomflorals,3
myhouseismycastle,4
myrle_dziak_mahler,3
myvalentine,3
nasty.pogorelova,8
natacosaristorante,4
nativefood,3
neon,1
newbridgend,3
newperspective,3
newyork,3
newyorkcity,3
nhhotelbarcelona,8
nhhotels,8
nightclub,2
nightout,2
nolimit,3
nonatanoparty,4
nonvalentine,2
nyceats,3
oldforester,3
oldforesterbirthdaybourbon,3
oldtownauburn,3
onionbottom,3
orangecocktails,3
orangeliqueur,3
orangeruleseverythingaroundme,3
orangespritz,3
oregoncoast,3
outwiththeold,3
oxford,8
palma,4
paparachusfoodadventure,3
paraná,8
parentsnightout,3
paris,6
parisiannights,2
parisianvibes,3
parisjetaime,3
parmesan,3
party,4
partyanimal,6
partyplanner,3
pawtytime,3
pen,3
penart,4
perfumaria,4
perfumariaeudora,4
perfumarianacional,4
perpetuasalalliqueur,3
petanque,8
petparents,3
phaseone,3
photooftheday,11
picoftheday,3
pineappledreamsx on ,4
place,8
playablanca,3
players_lounge_bille,2
polliemath,2
pornstarmartini,3
portugal,3
portugesewijn,3
posca,4
poscapens,4
potd,4
prague,8
praha,8
primark,1
project366_2020,9
properly_posh_pets,6
prosecco,10
proseccococktails,4
proseccotime🍾,4
prosecco🍾,3
ps,1
psiloveneon,1
pskirroyale,1
psneon,1
pub,6
pubsofinstagram,2
pubsofoxford,2
puppylife,3
puppyparty,3
puptreats,3
purple,4
realfood,1
recipe,1
recipes,1
redmartini,4
relax,6
relaxation,3
reposteria,1
restaurantbar,4
rewardingcareer,3
rimel,7
roastchicken,3
rocher,2
romantic,2
rosbifblog,4
roses,2
royce,3
roycechocolate,3
rubychocolate,2
s170687,2
sacmag,3
sactown,3
saintpauldevence,8
salad,3
saltydog,3
salud,3
salute,3
salzfn,3
samesexwedding,3
santabarbaracounty,3
santabarbaraeats,3
santabarbaralife,3
santabarbaraliving,3
santabarbararestaurants,3
santabarbarastyle,3
saturdaynights,4
savorsb,3
sbeats,3
sbliving,3
sblocal,3
scallops,3
scenicescapestravel,4
scentedcandles,6
scentedwax,2
scents,5
scratchkitchen,4
seasaltcaramel,3
seattlefoodie,2
seesb,3
selfcare,6
set_agencija,3
setthetable,3
sex,2
sharingcocktails,3
sharingdessert,3
shenks,3
shoplocal,9
shopsmall,6
showandtell,3
shrimp,3
shrubcocktails,3
shrubs,3
siera_jones_artist,3
silberjahr,3
siyahfrenküzümü,3
sketchbook,3
skincare,6
sky,8
skyline,8
skyscraper,8
slowgathering,3
smallbusiness,14
smallbusinessowner,2
smallsamazing,3
smells,2
sole,3
southamericanmusic,2
southwestboise,3
soycandles,6
soywax,6
soywaxmelts,6
spain,4
sparkles,3
sparklingbrut,3
sparklingcocktails,3
sparklingwine,12
specialday,3
specialeventsteam,3
spinach,3
spirea,3
spritz,3
spritzlife,3
stemware,8
stockport,3
strathmore,4
stvalentin,9
stvalentines,2
sunday,3
sundayfunday,3
sunset,8
sunsets,8
sunshineandrose,8
supportsmallbusiness,3
swboise,3
swboisesoldestbar,3
t.ryan8790,4
t5,3
talsilverman,3
tanyatate,3
taste,3
tattooraffle,8
teambride,3
teamwork,3
telaviv,3
tenderisthenight,8
teneraèlanotte,8
terrazza40,8
tgif,3
thankyou,3
thankyougifts,3
thatchersarms,2
thatchersarmsmountbu,2
thebarisopen,3
thebest,3
thecamphouse,3
thegrind,3
thehotkiss,3
thehungrydater,2
themiddlechild,3
themiddlechildsb,3
theprovencemarket,8
thestonehengeinn,3
thetravelingtulip,3
thetravelingtulip.ro,3
thevictoriaoxford,2
thisisworkplacecatering,4
thisweekonly,2
thursday,3
tidymom,4
timzaposebnadogađanja,3
tinkstipples,3
tiziana1209,1
tommynocera,3
toppedfries,3
tpsmith777,3
travelblog,8
travelersroadmap,8
traveljournophotog,8
travelling,8
traveltheworld,8
travelwith_om,8
travelwriter,8
treatyourself,3
tresromantique❤️,4
truffle,3
truffles,6
typography,4
ukwaxmelts,3
unique,7
unity,3
unnecessarygoodness,3
valentine,3
valentines,21
valentinescocktail,3
valentinesdate,3
valentinesday,25
valentinesday2020,15
valentinesdinner,9
valentinesdrink,3
vasco_wijn,3
vascowijn,3
vegan,5
verbentertainment,7
verbevents,7
verbmedia,7
vierraheather,4
vinhosdobrasil,8
violets,4
violetsyrup,4
vip,2
virginia,3
visitsantabarbara,3
visualinformationspecialist,3
voronkovaoks,8
warwicknewyork,3
washingtondc,3
watercolour,3
wax,2
waxaddict,6
waxaddicts,3
waxlove,3
waxloversofinstagram,3
waxmelt,3
waxmeltaddict,8
waxmeltlove,3
waxmelts,11
waxobsessed,9
waxpool,3
waxtarts,9
weddingflowers,3
weekend,3
weekendwithdog,3
wegotyou,2
whatchadrinkinboise,3
whatimdrinking,1
whatsfordessert,1
whatsinmywarmer,3
whatsinyourwarmer,3
whatsonmyplate,1
whitechocolate,2
whiteheron,3
whiteherondrinks,6
whiteheronontour,3
wholefood,1
wijn,3
wijnen,3
wijnproeven,3
wijnproeverij,3
wildflowers,4
wildfood,7
wildlifebotanicals,2
wine,16
winelover,8
winesofbrazil,8
winetasting,8
winstonthecat,3
worldtraveler,8
wycliffchampagne,2
wycliffe,2
yesimesigok on Insta,3
youarewelcome,3
yum,3
yummy,8
yyceats,3
zelda,8
zendeskdublin,4
zhu_zhu_bakery,6
şampanya,3
алкогольныенапитки,8
вина,8
закат,8
киррояль,11
коктейли,3
коктейль,3
коктейльсшампанским,8
ликёр,3
небо,8
пить,8
просекко,3
стекло,8
фужеры,8
чёрнаясмородина,3
шампанское,11
шампанскоефужеры,8
チーク,3
ロッテ百貨店,3
ローラメルシエ,3
ローラメルシエチーク,3
明洞,3
韓国コスメ,3
韓国コスメ大好き,3
韓国コスメ好きな人と繋がりたい,3
韓国コスメ購入品,3
韓国チーク,3
韓国女子旅,3
韓国購入品,3
로라메르시에,3
롯데백화점,3
립스타그램,3
명동,3
뷰티스타그램,3
블라셔,3
블러쉬컬러인퓨전,3
치크,3
키르로얄,3
🇨🇦❤️,3
