,RowSum
0,1
1,1
2,1
3,1
4,1
5,1
6,1
7,1
8,1
9,1
10,1
11,1
12,1
13,1
14,1
15,1
16,1
17,1
18,1
19,1
20,1
21,1
22,1
23,1
24,1
25,1
26,1
27,1
28,1
29,1
30,1
31,1
32,1
33,1
34,1
35,1
36,1
37,1
38,1
39,1
40,1
41,1
42,1
43,1
44,1
45,1
46,1
47,1
48,1
49,1
50,1
51,1
52,1
53,1
54,1
55,1
56,1
57,1
58,1
59,1
60,1
61,1
62,1
63,1
64,1
65,1
66,1
67,1
68,1
69,1
70,1
71,1
72,1
73,1
74,1
75,1
76,1
77,1
78,1
79,1
80,1
81,1
82,1
83,1
84,1
85,1
86,1
87,1
88,1
89,1
90,1
91,1
92,1
93,1
94,1
95,1
96,1
97,1
98,1
99,1
100,1
101,1
102,1
103,1
104,1
105,1
106,1
107,1
108,1
109,1
110,1
111,1
112,1
113,1
114,1
115,1
116,1
117,1
118,1
119,1
120,1
121,1
122,1
123,1
124,1
125,1
126,1
127,1
128,1
129,1
130,1
131,1
132,1
133,1
134,1
135,1
136,1
137,1
138,1
139,1
140,1
141,1
142,1
143,1
144,1
145,1
146,1
147,1
148,1
149,1
150,1
151,1
152,1
153,1
154,1
155,1
156,1
157,1
158,1
159,1
160,1
161,1
162,1
163,1
164,1
165,1
166,1
167,1
168,1
169,1
170,1
171,1
172,1
173,1
174,1
175,1
176,1
177,1
178,1
179,1
180,1
181,1
182,1
183,1
184,1
185,1
186,1
187,1
188,1
189,1
190,1
191,1
192,1
193,1
194,1
195,1
196,1
197,1
198,1
199,1
200,1
201,1
202,1
203,1
204,1
205,1
206,1
207,1
208,1
209,1
210,1
211,1
212,1
213,1
214,1
215,1
216,1
217,1
218,1
219,1
220,1
221,1
222,1
223,1
224,1
225,1
226,1
227,1
228,1
229,1
230,1
231,1
232,1
233,1
234,1
235,1
236,1
237,1
238,1
239,1
240,1
241,1
242,1
243,1
244,1
245,1
246,1
247,1
248,1
249,1
250,1
251,1
252,1
253,1
254,1
255,1
256,1
257,1
258,1
259,1
260,1
261,1
262,1
263,1
264,1
265,1
266,1
267,1
268,1
269,1
270,1
271,1
272,1
273,1
274,1
275,1
276,1
277,1
278,1
279,1
280,1
281,1
282,1
283,1
284,1
285,1
286,1
287,1
288,1
289,1
290,1
291,1
292,1
293,1
294,1
295,1
296,1
297,1
298,1
299,1
300,1
301,1
302,1
303,1
304,1
305,1
306,1
307,1
308,1
309,1
310,1
311,1
312,1
313,1
314,1
315,1
316,1
317,1
318,1
319,1
320,1
321,1
322,1
323,1
324,1
325,1
326,1
327,1
328,1
329,1
330,1
331,1
332,1
333,1
334,1
335,1
336,1
337,1
338,1
339,1
340,1
341,1
342,1
343,1
344,1
345,1
346,1
347,1
348,1
349,1
350,1
351,1
352,1
353,1
354,1
355,1
356,1
357,1
358,1
359,1
360,1
361,1
362,1
363,1
364,1
365,1
366,1
367,1
368,1
369,1
370,1
371,1
372,1
373,1
374,1
375,1
376,1
377,1
378,1
379,1
12years,2
1800sfashion,10
1953wedding,9
1963,3
19thcenturyfashion,10
2019,9
4artwork,9
5dragons,3
5dragonsrisingjackpots,3
5dragonsslot,3
7fortunes,6
_aristocrat_dyatkovo,3
_pipemaster_,2
a.clone.of.my.own,3
aarontaylorjohnson,10
aatp,9
abconcept,4
achievement,3
acuarelas,3
adventuretime,3
ajmal,3
albertvonthurnundtaxis,3
alexandervincentvonchristian,3
aliceandthepirates,9
alicemanners,4
aline_rebenhop,3
allaround,3
alltravelessentials,3
alpha,2
alternative,2
alternativefashion,3
altstyle,9
alwaysperioddramas,10
alyssagracemoore,3
amillionlittlepieces,10
anakarenina,13
anglophile,3
anhalt,2
animal,6
animecon,4
animecrossroads,4
animecrossroads2020,4
annakarenina,13
annakarenine,3
antik,20
antiques,42
aph,9
aphaustria,9
aphaustriacosplay,9
aphcosplay,9
aphrussia,3
aphrussiacosplay,3
aphships,3
architect,4
architecture,46
ardawigs,4
aristocats,6
aristocracy,121
aristocrat,351
aristocrat.kz,20
aristocrat_75,10
aristocrat_energy,4
aristocratalmaty,20
aristocratantik,20
aristocratfashion,11
aristocratgaming,3
aristocrats,3
aristocratslots,3
aristololita,3
arms,7
armstrongjones,4
art,75
arte,9
artgallery,20
artinstagram,3
artist,21
artistic,9
artists,12
artistsofinstagram,3
artlife,20
artlovers,22
artmodern,2
artoftheday,23
artofvisuals,3
artpop,20
arts,20
artshow,20
artsy,20
artwork,23
ashtray,2
astor,3
atelierboz,18
audreyhepburn,3
austria,3
avignon,1
awakening,3
axispowershetalia,6
babyboss,3
balenciaga,9
ball,4
barber_ua,3
barbers_of_russia,3
barbershop,6
barberua,3
barroc,4
batman,3
bbna,2
beardeddrag,3
beaton,3
beauty,6
belgiancosplayer,5
belgianlolita,5
bellaheybellablog,4
bellahistorica,3
bestcastles,3
bestdaysofmylife,2
bestintheworld,4
betting,3
bidanshi,3
billionairetoys,4
birds,4
birds_adored,4
birds_captures,4
birdsofpreymovie,4
black,3
blackandwhite,3
blackhistory,3
blacklips,2
blackpeacenow,9
blackstyle,3
blacktravel,3
blairatholl,3
blaircastle,3
blazon,7
blonde,3
blue,4
bluecoat,3
boda,3
bonchicbongenre,22
bondleburger,2
bougie,3
bow,3
boylolita,5
brand,4
briarbastards,2
briarbastardsfamily,2
briarbastardsnorthamerica,2
bridelolita,9
bringbackhetalia2020,9
british,3
britishactress,3
britisharistocracy,39
britishnobility,39
britishroyalfamily,4
britishroyals,4
britishroyalty,4
brownhair,6
buffalo,3
buffalogold,3
buffalogoldrevolution,3
burtsbees,4
business,4
buythetrailer,3
byakuya_a,18
cabaret,3
caradelevigne,10
carnevale2020,3
carnivalrow,10
cars,3
cartoon,6
cartoonetworl,3
casino,6
casinobonus,3
casinos,3
casinoslots,3
casinowin,3
castle,17
castlesofinstagram,3
castlesofscotland,3
casualstyle,3
cat,3
cavendish,4
cecilbeaton,3
ceiling,4
character,6
characterdesign,3
charismatic,3
chateau,25
chateaudevauxlevicomte,3
chic,13
chiken,4
chlodwigfurstzuhohenlohe,3
chlodwigzuhohenlohe,3
choctaw,3
choctawcasino,3
choctawcasinoandresort,3
cholmondeley,6
christmas2019,9
christmastime,9
château,3
cigar,2
cigarart,2
cigarculture,2
cigarcutter,2
cigarholder,2
cigarlifestyle,2
cigarlighter,2
cigarlover,2
cigaroftheday,2
cigarporno,2
cigarros,2
cigarrosexperto,2
cinema,6
clasicart,9
classic,12
classicalarchitecture,3
classichaircut,3
classiclolita,9
classicstyle,3
clown,3
clutch,4
coachricioppoparra,3
coat,10
cohiba,2
color,9
colorful,9
colour,9
come,3
comunion,4
comuniones,4
comuniones2020,4
conejocidad,3
congrats,3
congratulations,3
cosmetic,2
cosmeticos,2
cosmetics,2
cosplay,11
cosplayer,2
cosplayinstagram,6
costumedrama,16
costumes,3
countryclub,4
countrylife,22
countvonkit,6
countvronsky,10
countzaroff,3
cover,3
coverpage,3
coverstory,3
covert,4
crawley,3
crawleyfamily,3
creative,9
cryseluv,3
cuba,2
cubacigar,2
cubano,2
cuervonejo,3
culture,2
cute,4
cutefashion,5
cutelolitastyle,3
cuteoutfit,3
czartoryski,2
damejoancollins,3
dansou,9
dark,3
darkaesthetic,4
debocavendish,4
debomitford,4
deborahcavendish,4
deborahmitford,4
decor,4
decoration,4
decorativearts,22
dellarovere,4
demonia,3
design,4
designextract,4
detail,3
detailsmakethedifference,3
deutschland,8
dibujo,9
digital,3
dj,4
dog,5
dolceandgabbana,3
dolcegabbana,3
doodle,6
doodlesofinstagram,3
doorshot,3
doses_of_debo,3
doveofnight,2
downton,3
downtonabbey,3
downtonabbeyfan,3
downtonabbeyfilm,3
downtonabbeyforever,3
downtonabbeymovie,3
downtonabbeystyle,3
drag,5
dragmakeup,5
dragmtl,3
dragqueen,5
drama,2
drawing,15
drawings,9
dreaming,3
dress,2
duc,6
duca,6
ducadiurbino,4
ducadurbino,4
duchessofdevonshire,4
duke,6
dukeofatholl,3
dukeofbuckingham,3
dukeofosuna,3
dukeofurbino,4
duque,6
duquedefernannuñez,3
duquedeosuna,3
eeuu,13
egl,14
eglcommunity,12
eglfashion,11
eglstyle,11
elcaprichodeosuna,3
elegance,4
elegant,12
elegantgothiclolita,1
elizabethdaiglere,9
elizavetaboyarskaya,3
emotions,3
empire,3
england,39
enneagram,3
epicdrama,3
escape,3
escudo,3
españa,6
estate,3
europeanroyalpalaces,22
event,2
events,2
excitement,3
explore,3
family,3
famous,7
fanafrt,3
fancydress,3
fantastic,3
fantasy,3
fascinating,3
fashion,21
fashionhistory,10
fashionista,3
fashionlolita,9
fenti,3
fernannuñez,3
fiat,9
film,6
filmhorses,3
fireworks,3
flake,2
flashback,2
follow,4
followforfollowback,3
food,4
forbes,4
forestsilence,3
formal,4
fotografia,4
fpd8652,9
francais,6
france,9
french,6
frencharistocracy,3
frenchnobility,3
ftm,3
funwithguns,3
furst,8
furstin,2
gallery,20
gambler,7
gambling,13
gaming,3
gamingproducts,3
garden,6
gbd,2
geek,3
genderbend,3
genealogy,7
gentleman,9
georgecholmondeley,3
georgehoratiocholmondeley,3
georgespencerchurchill,3
georgevilliers,3
germanaristocracy,8
germannobility,8
germanroyals,2
germanroyalty,2
germany,8
getty,4
gianniagnelli,9
giardino,6
gigihadid,9
gigihadidstyle,9
gimmiegames,4
girl,4
giveaway,3
glasses,6
glimmering,3
gold_luxury,4
golf,4
goodvibes,4
gorgeous,4
goth,9
gothic,24
gothiclolita,27
gothicstyle,4
gra4phi4c,9
grantham,3
graph44ic455design,9
greatbritain,39
greenpastures,3
greyhair,3
groundbreaking,3
gszuter,3
guardian,3
gucci,3
gunman,3
habanos,2
halloween,9
hand,3
handcraft,4
handmade,4
handpay,4
happy,4
harmony,3
hat,3
hatyai,2
hatyaiwittayalai,2
haveagoodnight,3
hearttribute,3
heir,4
heiress,7
heirloom,4
hen,4
heraldic,7
heraldica,7
heraldry,7
herojulice,3
herzog,6
hetalia,9
hetaliaaustria,9
hetaliacosplay,9
hetaliarussia,3
hiddenscotland,3
highlife,4
highsociety,4
historical,3
historicalcostume,16
historicaldrama,6
historicalfashion,10
historicalfiction,13
historichomes,3
history,3
hnaoto,9
hohenlohe,3
home,3
horadeaventura,3
horsesinfilm,3
horst,3
horstphorst,3
hotel,7
hotelcostes,4
hotelparticulier,22
hotels,3
houghtonhall,3
house,20
hudsonpines,2
hughvancutsem,3
hunters,2
hunting,3
icelondon2020,3
ig_countryside,3
ig_scotland,3
ik_parfums.kg,3
ikmalfoy13_banggang,3
illustrated,3
illustration,20
illustrr5רation,9
ilovedoors,3
ilovehorses,6
imperia,3
imperial,3
imperialrussia,13
imre3920,6
individualistic,3
ink,9
instaart,3
instadaily,7
instafollow,3
instagood,7
instagram,23
instaitaly,3
instalike,7
instapic,4
instapicture,4
inteligente,3
interiorarchitecture,4
interiordecors,22
interiordesign,4
interiordesigner,4
interiors,6
international,4
italia,4
italianaristocracy,4
italiannobility,4
italy,7
italyexperience,3
italytravel,3
ivanbraginski,3
jackpot,7
jackpothandpay,4
januarybabystepsthread,9
japan,2
japaneseculture,2
japanesefashion,20
japanesetradition,2
jardin,6
jawdropping,4
jeffreestarcosmetics,2
jfashion,14
joancollins,3
johnniewalker,2
jugoslovenka,3
jumbar_paint_gold,9
kaldec_,9
kamijotribute,3
karenina,13
kawaiiaesthetic,5
kawaiifashion,9
kawaiigoth,4
kawaiistyle,2
kawaii🌸,3
kazakhstan,20
keiraknigtley,10
kensingtonpalace,9
kenwoodhouse,4
kingwithoutacrown,3
kiss,3
kodona,4
kondor,3
kortleksbolaget,3
kristinakikart,3
kristinakikflip,3
lady,8
ladyalicemanners,4
ladycrawley,3
ladyinred,3
ladymary,3
ladymarycrawley,3
ladysaraharmstrongjones,4
ladysarahchatto,4
landscapephoto,3
laughlin,3
laughlinbuzz,3
laughlinnv,3
lespritdelanoblesse,11
letterstoalice,3
life,4
lifeisgood,4
lifestyle,2
lights,4
like4likes,3
likeforfollow,3
likeforlikes,3
likeme,3
liketime,3
lilloafer,3
littleprince,3
livethelifeyouveimagined,3
loiusvuitton,3
lolita,1
lolita_fashion,2
lolitaaesthetic,3
lolitaboy,3
lolitacoord,2
lolitaduo,3
lolitafashion,8
lolitaoutfit,3
lolitaprince,3
lolitastyle,4
london,22
longtenghuxiao,4
look,3
lord,3
lounge,4
love,3
lovevenice,3
lugaresmagicos,4
lunaplanetarium,2
luntingsociety,2
luterone,2
luton,3
lutonhoo,3
luxurious,4
luxury,8
luxuryinteriors,22
luxurylife,22
luxurylifestyle,4
lykusio,5
machineasous,3
magazine,3
magia,4
magic,4
maincy,3
make,2
makeup,2
makeupartist,2
makeuprevolution,2
maksimmatveyev,3
male,2
malelolita,3
malemodel,2
malemua,2
malinski.draws,3
malinskidraws,3
manners,4
manorhouse,22
mansion,31
mansionhouse,3
mansions,3
marellaagnelli,9
margaretthatcher,3
mariage,3
marijana7898,3
marjoriegubelmann,4
markers,9
marques,3
marquess,6
marquessofblandford,3
marquessofbute,3
marquessofcholmondeley,6
marquis,3
marquisofcholmondeley,3
marycrawley,3
marytalbot,3
masquerade,3
masquerademask,3
materials,4
maxijackpot,4
meanderdot,3
meeting,4
meghanmarkle,9
meghanmarklestyle,9
memorable,3
mencanbebeautifultoo,3
menfashionstyle,2
menwithlonghair,3
mexico,3
michelledockery,3
michigan,3
mightycash,4
milan,4
military,3
minijackpot,4
minister,4
minorjackpot,4
mintneko,9
mitfordsisters,4
model,7
moimememoitie,1
monicapadilladaza,4
mood,4
moon,3
mosinnagant,3
movie,6
ms_outstanding82,3
muas,2
music,4
myart,12
mymemories,3
nature,6
nature_perfection,4
naturelover,4
naturelovers,4
naturephotography,4
neoludwig,1
nerd,3
newmexico,4
nicolasdaiglere,2
night,3
nobility,90
noble,79
nocturnalanimals,10
norfolk,3
nozze,3
nyxcosmetics,2
oc,3
occosplay,3
occosplayer,3
oldschool,3
oldtimey,3
original,3
originalcharacter,3
orlikgoldensliced,2
oscars,3
ouji,33
oujicoord,2
oujifashion,16
oujilolita,5
oujistyle,7
ourplanetdaily,3
painter,3
painters,3
painting,38
paintings,12
palace,42
palaceday,22
palais,25
palaisdespapes,1
palazzo,26
paliamastexni,8
paper,3
papermoon,4
papertowns,10
paris,4
park,6
partagas,2
partagasaristocrat,2
party,2
partyhard,2
pen,9
pencilart,3
pencildrawing,3
pencilsketch,3
periodcostume,16
perioddrama,13
perioddramas_apoa,16
perioddramasforever,10
perioddress,13
periodfashion,13
periodromance,10
person,3
photober,9
photober2019,9
photography,6
photooftheday,5
photoshoot,2
photoshop,11
picoftheday,2
pipesmoking,2
pirates,9
place,4
pleasethepageboys,9
pocantico,2
poker,3
pokies,3
poland,2
polish,3
polisharistocracy,2
polishcosplay,3
polishnobility,2
polo,4
portrait,18
portraiture,9
posh,2
positivevibes,4
prada,3
pretender,3
pretty_peggy_the_lil,3
prettypeggy,3
prettypeggythelilloafer,3
prince,12
princealbertvonthurnundtaxis,3
princechlodwigzuhohenlohe,3
princejohanniv,2
princesa,2
princess,6
princessdiana,9
princessdianastyleicon,9
princesse,2
princessmarella,9
princesstamaraczatoryski,2
principe,8
prins,8
prinsessan,2
prinz,8
prinzalbertvonthurn,3
prinzessin,2
prinzjohanniv,2
prinzvinanhalt,2
prom,2
promnight,2
pts_entertainment_gr,3
ptsgaming,3
publican,4
putumayo,9
queenvictoria,9
queerartist,3
raluxresh,1
recommendation,4
red,8
redandblack,2
redsquare,2
redstarbarbers,3
referencesused,3
reportaje,4
residence,3
resort,3
restaurant,4
retro,3
reuzel,3
roadlesstraveled,3
robe,2
rockefeller,2
rococo,1
roderichedelstein,9
romail_essex,4
romantic,12
romanticcouple,9
romanticvenice,3
roseastor,3
rosevancutsem,3
rouge,3
royal,4
royalfamily,26
royalisticism,74
royalpalace,22
royals,4
royalstylewatch,9
royalty,78
rqbl,9
rsiiphotography,3
rubens,3
ruesainthonore,4
rum,2
rupaul,2
rupaulsdragrace,2
rusaus,3
russian,3
russianactor,3
russianactors,3
russianactress,3
russiancinema,3
russianempire,3
russianfilm,3
russianmovie,3
russiantv,3
russiantvseries,3
sabinegetty,4
samhain,9
saraharmstrongjones,4
sarahchatto,4
scaligeri,3
scaligeritombs,3
scarf,3
schoolboy,2
scotland,3
scotspirit,3
scottish,3
scottishborders,3
scottishcastle,3
scottishcastles,3
scottishclans,3
scottishheritage,3
scottishhighlands,3
selenagomezsonglyrics,3
selfawareness,3
selfdefinition,3
selfportrait,9
semplicity,4
senior,4
shassabo,3
shimmering,3
shouldibuyavintagetrailer,3
sight,3
sinistersole,3
sir,3
sircecilbeaton,3
sirwalterscott,3
sixh,9
sketch,9
sketchaday,9
slimkeith,3
slotmachine,3
slotmachines,3
slotmachinewinsbychi,4
slotmachinewinsbychico,4
slots,6
smallbirds,4
snowstoryteller,3
snub.nosed38,10
socialmedia_network ,3
society,4
socrealism,20
soldier,3
spain,6
spanisharistocracy,3
spanishnobility,3
sparkle,4
special_bag,4
special_occasion,4
spencer,3
spencerchurchill,3
spooky,9
standenhouse,3
staypaliamastexni,4
streetfashion,20
streetstyle,20
styleicon,9
stylelolita,9
stylgame,3
styling,4
success,3
summerlights,3
sunfall,3
sunshine,3
swan,9
tagblender,9
takatsukasa18flowers,2
tamaraczartoryski,2
taobao,2
teaparty,3
tellezgiron,3
thailand,2
thatcher,3
the.classical.interi,22
the_flamme_noire,4
theanimal,6
theblue,4
thecars,3
thecastle,3
thecoat,7
thecover,3
thecrawleys,3
theduchessofdrama,10
thefashion,9
thegarden,6
theheraldry,7
themarquess,3
themilitary,3
themovie,6
themusic,4
theoscars,3
thepalace,11
thepark,6
theprince,2
thesociety,4
thetimetravelerblog,3
thewedding,3
theworldofinteriors,22
thinktwice,2
thriftedfashion,2
thriftstorefinds,2
thurnundtaxis,3
tobaccopipes,2
tophat,8
tourism,3
tradition,2
traditional,2
traditionalbarbershop,3
traditionalevent,2
tragiclove,3
tragicromance,3
trans,3
transgender,3
transisbeautiful,3
travelblogger,22
travelessentials,3
travelphotography,22
tree,3
trigere,3
triggerdiscipline,3
tropicana,3
tropicanalaughlin,3
troplaughlin,6
troplife🌴,3
tsarevich,3
tsarevichivandmitrievich,3
ttosikk,3
uk,39
ukshots,3
umafrika,3
umafrika_gaming,3
uniquearchitecture,3
unitedkingdom,39
unitedstatesofamerica,13
usa,13
valentino,3
vampire,16
vancutsem,3
vauxlevicomte,3
vector,3
venetianmask,3
venice,3
venicecarnevale,3
venicecarnevale2020,3
veniciancarnival,3
verona🇮🇹,3
veronika_alexa_monos,4
vestido,2
vestito,2
vicenza,3
victoriaandalbert,9
victorian,1
victorianarchitecture,3
victorianfashion,3
videopoker,3
villiers,3
vintage,17
vintagecampertrailer,3
vintagetrailer,3
vippodarki,20
visual,2
visualkei,2
visuals,2
vogué,3
vronsky,13
vsco,3
vscocam,3
vscodaily,3
vscofilter,3
vscogram,3
walkyourpipe,2
wanderlust,3
watercolor,9
watercolors,3
watercolour,9
wedding,12
whisky,2
whynot,3
windsor,4
winner,3
winnersworld,3
winning,3
wonder,3
worldstar,4
worldwide,4
wyczolkowski,3
yassamet.s_zone,9
yosuke,9
yourefollowinganaristocrat,3
yourgrace,4
youtube,4
youtubechannel,4
youtuber,4
zen,3
zippo,2
zivotpocinjeutridesetoj,3
аристократ,3
барбер,3
барбершоп,3
барбершопдятьково,3
горячийшоколад,4
дятьково,3
капучино,4
мужскаястрижка,3
опаснаябритва,3
оформлениебороды,3
парикмахер,3
парфюмбишкек,3
платье,2
салонкрасоты,3
стрижки,3
お雛様,2
カウントバラの,3
バンパイア,3
ファッションスナップ,18
令和,2
伝統,2
伝統文化,2
十二単,2
唐衣,2
平安時代,2
日本文化,2
桃の節句,2
男装,9
皇子,9
衣装,2
装束,2
西陣織,2
雛人形,2
대전마카롱,10
대전마카롱맛집,10
대전맛집,10
둔산동마카롱,10
둔산이마트옆,10
마카롱그램,10
마카롱맛집,10
마카롱선물,10
마카롱카페,10
아리스토크랫,10
월평동마카롱,10
파랑새아파트상가,10
