,RowSum
0,1
1,1
2,1
3,1
4,1
5,1
6,1
7,1
8,1
9,1
10,1
11,1
12,1
13,1
14,1
15,1
16,1
17,1
18,1
19,1
20,1
21,1
22,1
23,1
24,1
25,1
26,1
27,1
28,1
29,1
30,1
31,1
32,1
33,1
34,1
35,1
36,1
37,1
38,1
39,1
40,1
41,1
42,1
43,1
44,1
45,1
46,1
47,1
48,1
49,1
50,1
51,1
52,1
53,1
54,1
55,1
56,1
57,1
58,1
59,1
60,1
61,1
62,1
63,1
64,1
65,1
66,1
67,1
68,1
69,1
70,1
71,1
72,1
73,1
74,1
75,1
76,1
77,1
78,1
79,1
80,1
81,1
82,1
83,1
84,1
85,1
86,1
87,1
88,1
89,1
90,1
91,1
92,1
93,1
94,1
95,1
96,1
97,1
98,1
99,1
100,1
101,1
102,1
103,1
104,1
105,1
106,1
107,1
108,1
109,1
110,1
111,1
112,1
113,1
114,1
115,1
116,1
117,1
118,1
119,1
120,1
121,1
122,1
123,1
124,1
125,1
126,1
127,1
128,1
129,1
130,1
131,1
132,1
133,1
134,1
135,1
136,1
137,1
138,1
139,1
140,1
141,1
142,1
143,1
144,1
145,1
146,1
147,1
148,1
149,1
150,1
151,1
152,1
153,1
154,1
155,1
156,1
157,1
158,1
159,1
160,1
161,1
162,1
163,1
164,1
165,1
166,1
167,1
168,1
169,1
170,1
171,1
172,1
173,1
174,1
175,1
176,1
177,1
178,1
179,1
180,1
181,1
182,1
183,1
184,1
185,1
186,1
187,1
188,1
189,1
190,1
191,1
192,1
193,1
194,1
195,1
196,1
197,1
198,1
199,1
200,1
201,1
202,1
203,1
204,1
205,1
206,1
207,1
208,1
209,1
210,1
211,1
212,1
213,1
214,1
215,1
216,1
217,1
218,1
219,1
220,1
221,1
222,1
223,1
224,1
225,1
226,1
227,1
228,1
229,1
230,1
231,1
232,1
233,1
234,1
235,1
236,1
237,1
238,1
239,1
240,1
241,1
242,1
243,1
244,1
245,1
246,1
247,1
248,1
249,1
250,1
251,1
252,1
253,1
254,1
255,1
256,1
257,1
258,1
259,1
260,1
261,1
262,1
263,1
264,1
265,1
266,1
267,1
268,1
269,1
270,1
271,1
272,1
273,1
274,1
275,1
276,1
277,1
278,1
279,1
280,1
281,1
282,1
283,1
284,1
285,1
286,1
287,1
288,1
289,1
290,1
291,1
292,1
293,1
294,1
295,1
296,1
297,1
298,1
299,1
300,1
301,1
302,1
303,1
304,1
305,1
306,1
307,1
308,1
309,1
310,1
311,1
312,1
313,1
314,1
315,1
316,1
317,1
318,1
319,1
320,1
321,1
322,1
323,1
324,1
325,1
326,1
327,1
328,1
329,1
330,1
331,1
332,1
333,1
334,1
335,1
336,1
337,1
338,1
339,1
340,1
341,1
342,1
343,1
344,1
345,1
346,1
347,1
348,1
349,1
350,1
351,1
352,1
353,1
354,1
355,1
356,1
357,1
358,1
359,1
360,1
361,1
362,1
363,1
364,1
365,1
366,1
367,1
368,1
369,1
370,1
104,1
105,2
2southernhearts,3
51stmaitai,6
530,3
808,3
916,3
Null,13
acrylicnails,3
activo,6
adgelet,3
adventure,3
adventuring,2
afterwork,3
againstcorona,3
againstracism,3
agedrum,9
ahearnkarlovsky,9
airnzshareme,4
alcohol,7
almondnails,3
aloha,10
alohafriday,13
alohafrommaui,3
alohavibes,3
alvaradostreetbrewery,2
americanman,1
amermelade,1
annabananarandoms,3
anne_deppe,2
anzoategui,6
aperitif,3
aperitivo,4
applepodcast,1
appletonestate,4
arlingtondesigner,2
arlingtonlifestyle,2
asiddcmetro,2
atmosphere,6
attheomni,4
awesomesauce,3
bad_mai_tais,3
badmaitai,3
bali,3
baliindonesia,3
balilife,3
bar,12
barlife,3
barman,4
barman_academy,18
barmanacademy,18
bartender,7
bartenderlife,4
bartending,7
bassplayer,6
bavarobeach,4
bayareafoodie,3
beach,21
beachclub,3
beachday,3
beachdrinks,3
beachhomes,9
beachhouse,9
beachlife,3
beachliving,9
beachparty,3
beachside,9
beachtime,2
beachwave,3
beachwaves,9
beachy,3
beachywave,3
beachywaves,3
beautiful,4
beer,11
beergeek,2
beerlover,2
beerme,2
beerporn,2
beers,2
beerstagram,2
bestbrainfreezeinkona,3
bestluau,3
bhfyp,3
bigisland,12
bigislandliving,9
bigislandrealestate,9
bistroo,3
blackandwhite,4
blayzefox,8
blaze1,3
bloodymary,3
blowout,9
blowoutsofdanapoint,3
blue,9
bluedolphincharters,3
bluelagoon,3
bluemonday,3
bluesky,9
boattours,3
bobbychullo,4
bobsbar,3
booknerd,3
bookreview,3
booze,4
borabora,10
boraborabeach,4
boraborabeachclub,4
boraboraisland,4
boraboratravel,4
boredtender,1
boro,3
bourbon,3
bourboncream,3
brand,3
brandambassador,3
breakingbadcocktails,6
brenneckes,9
brenneckesbeach,9
bresselsprouts2,3
bringonthenight,3
brokerspinkgin,3
brunetteblonde,4
bucketlist,3
butterflypea,9
caipirinha,3
cajun,3
cajunseafood,3
california,3
camping,4
cannabiscommunity,3
canned,3
cannedcocktail,3
cannedcocktails,3
catchingup,9
ceridwen.tully,3
chasingcleopatra,3
cheers,7
cheesesticks,3
chiefjrod1,3
childhoodfriends,4
chill,6
chillout,3
chinchillin.amelie,4
chinesemaitai,3
citron,3
citykvart,6
civitanovamarche,3
classiccocktails,9
clay,4
clean,2
cocktail,37
cocktailbar,7
cocktailgarnish,3
cocktailgram,9
cocktailmacarons,3
cocktailoclock,13
cocktailparty,3
cocktailphotography,2
cocktailporn,5
cocktails,71
cocktailsinthecity,3
cocktailsofinstagram,3
cocktailtime🍹,7
coctel,9
coffee,6
cointreau,4
colada,3
colortheraphy,3
colourfulfood,3
comedy,1
commgal99,3
corona,3
cosmokat__,3
cosmopolitan,3
cosmotai,3
crab,3
craftbeer,2
craftcocktail,9
craftcocktails,14
crafty,3
craftycraborlando,3
cruisewithmebaby,2
cuba,3
cumplidowilsonflute,3
curacao,12
curls,3
dailybitesmcr,3
daiquiri,3
danapoint,3
dance,3
dank,3
daryanykolavna,3
dawn,3
daxontsai,3
day3,3
dayofwrestling,3
dcdesign,2
dcdesigner,2
dcinteriordesign,2
dekuyper,9
delicious,12
desifoodie,3
desifoodies,3
designerweed,3
destanybello,1
devilsicedtea,6
diamondhead,9
differentpeople,3
diminicanrepublic,4
dinner,3
dinnercruise,3
dirtymartini,3
disco,3
discotecamaitai,3
discovernewzealand,4
disneyland,3
disneylandphotography,3
dispensarylife,3
dj,3
dmv,2
dmvhomes,2
doc,4
dolphins,3
domacica,6
dominicana,4
doubleamberpurple,3
downtowneugene,3
doyoutravel,4
dreamingofsummer,3
dreasjp,3
drink,16
drinkatlanta,3
drinks,20
drinkstagram,19
drinkup,4
drybar,6
drybaralexandria,3
drybardanapoint,3
drybaroldtown,3
drybaroldtownalexandria,3
drybarstylist,3
dthmaui,3
dubai,4
dubaieats,4
dubaifood,4
dubaifoodblogger,4
dubaifoodie,4
dubaifoodies,4
dubailife,4
dubainight,4
dubainights,4
dubairestaurant,4
dubairestaurants,4
dxbfood,4
dxbfoodie,4
earthfocus,4
earthpix,4
earthpixnz,4
eateratlanta,3
eatoutdxb,4
eats,4
eekumbookum,3
egszinkek_fured,3
egszinkek_füred,3
eldelcirco,3
elpaseo,3
emol14,4
englishrosebakery,3
enjoy,6
enjoylife,3
escape,4
esthetician,3
eugdna,3
eugeneoregon,3
evanescence,9
explore,4
exploremore,4
fabric,2
fabricprotection,2
fafaru,3
family,1
fank,4
farmtoglass,1
feast,3
feastatlele,9
february2020,4
feedfeedbaking,3
feelgoodfriday,3
fiberseal,2
fibersealdc,4
fibersealeverything,2
fireog,3
firstdrinkoftheday,2
flashsale,4
food,9
foodanddrink,2
foodies,3
foreverloved,1
forgrowersbygrowers,3
fortheloveoflilly,3
freddybeach,3
fredericton,3
frenchmacarons,3
frenchpolynesia,7
freshingredients,3
freshlysqueezed,3
friday,14
fridayfeeling,6
fridayfunday,3
fridaymood,6
fridaynight,6
fridayvibes,6
friends,12
friyay,2
fsborabora,4
fuengirola,3
fun,7
gardenisland,1
garnishgame,9
gas,3
gecko_girlz,3
geckogirlz,3
geckogirlzshaveice,3
gelegancepolish,3
genic_hawaii,9
genic_mag,9
genic_travel,9
gesundes,3
getloosewithdamoose,3
gin,9
ginfizz,3
gintonic,6
girlsdrink,4
girlstrip,4
glassblowing,3
glassforsale,3
glasspipe,3
glimpseofhawaii,1
goodreads,3
goodvibes,6
gratefulheart,3
greyhound,4
guam,3
guaranteeddolphins,3
habaneros_wuerzburg,6
hair,3
hairgoals,3
hairstyle,3
halekoa,3
happyalohafriday,4
happyhour,17
happyhourathome,3
happyweekend,3
haupia,3
havana7años,3
havealohawilltravel,1
hawaii,32
hawaiianislands,4
hawaiianvacation,3
hawaiifood,3
hawaiilife,6
hawaiilifestyle,9
hawaiiliving,9
hawaiinstagram,9
hawiianstyle,3
headdyglass,3
healthyfood,3
heartnails,3
heavenly,4
hello,9
highproof,3
hildaologists,4
hilton,3
hiltonhotel,3
hiltonhotels,4
hiltonjbr,4
hoegaarden,6
home,2
homebar,12
homebartender,3
homemade,3
homesweethome,3
honeymoon,7
honolulu,15
housemusic,3
hungry,3
huntingtonbeach,2
huntsville,3
hyatt,4
hyattregency,4
hyattregencyseragaki,4
icecreamlover,3
icecreamtime,3
iceshave,3
icetea,3
idcoffeelab,9
ifdadc,2
igsunset,4
illvisityou,1
ilovejapan,4
ilovelilly,3
ilovenenjoylife,3
imbibe,9
imbibegram,3
inimart1 on Instagra,3
instadaily,4
instadrink,6
instagood,13
instagram,6
instahawaii,9
instatravel,4
interiordesign,2
ipa,2
ipanema,3
island,3
islandlife,15
islandliving,9
italian,3
italy,3
its5oclocksomewhere,3
itsfriday,3
jalapenoshrimp,4
jayneklukas,3
jbr,4
jeeter,3
jeffclarkekiwi,4
jersey,3
jerseygirl,3
jessicabeebephotogra,2
jilliandawnmichel,2
jimbeam,1
jimbeamblack,1
jo_annetaylor,3
joebrennan1987,3
johardmann on Instag,4
jugsonamug,3
justmauied,3
k.krueger1310,3
kaanapali,3
kailuakona,3
kakaako,9
kalalauvalley,3
kapaa,3
kari.tiihonen,3
kauai,16
kauaiaswhy,4
kauaiboattours,3
kauaihappyhour,9
kauaihawaii,1
kauaihomes,9
kauailife,13
kauailiving,9
kauairealestate,9
kauairealtor,9
kauairealtors,9
kauairumsafaris,6
kauaisafaris,1
keeptalkingtome,1
kilohana,1
kimchistew,3
klubkhrome,3
klubkhromeofficial,3
kolan,3
koloarum,10
kona,6
konahawaii,3
kuai,1
lahaina,3
laitdecoco,3
lakanuki,3
lakebuenavista,3
lakitastewart,4
lamarchesi,3
lanochedelrumor,3
lavazza,6
leapyear,3
lecheria,6
leilowhtx,8
lele,3
lemonade,3
lent,3
lethawaiihappen,4
libations,3
lifeinbalance,3
lifeinjapan,4
lifeinlilly,3
lifeinsidetherucksac,3
lifeisgood,3
lifestylephotographer,2
lifestylephotography,2
lightroompresets,4
lihue,1
lilisaliser,9
lillypulitzer,3
lime,3
limejuice,12
liqour,3
liqpic,9
liquidglass,3
liquor,7
lisa_goodwin13,3
lisabreads,6
livealoha,3
livelifecolorfully,3
livetheislandlife,3
livingthedream,4
longhiswailea,4
lopasancostabavaro,4
losdelcirco,9
loud,3
love,6
lovehawaii,3
lovejapan,4
lovemylife,3
lovers_nippon,4
lovetheoutdoors,4
lovinglife_ln216,3
luau,6
luckywelivehawaii,6
luckywelivekauai,1
luxuryhomes,9
luxurylisting,9
luxuryrealestate,9
luxuryrealtor,9
macarongift,3
macarons,3
macaronslady,3
macaronstagram,3
madeinhawaii,9
madewithaloha,1
maitai,328
maitai.musashishinjo,4
maitaibar,12
maitaifraiday,3
maitais,1
maitai武蔵新城,4
mamahuneskauai,6
mamas,3
manchestercocktails,3
mandulahab,3
manhattan,3
marchbreak,3
margarita,6
marinadelrey,9
mariodamicoiscute,1
maririn_love_hawaii,9
martincate,3
martini,3
marylandhomes,2
matahariterbenam,3
matty_fank on Instag,4
maui,13
mauiluau,3
mauimaitai,4
mauinokaoi,3
mauistyle,3
mcr,3
mcrfinest,3
meikocleansolutions,9
meikoglobal,9
metoo,3
mexicanflair,3
mickwest,3
mint,9
mintsyrup,9
miravalspa,3
mixeddrinks,3
mixologist,4
mixology,10
mojito,15
molecularmixology,3
moments,3
monaco_offiziell,3
monarchbeachresort,3
monin,9
moninsyrup,9
mood,8
mooseswaikiki,3
moscowmule,6
motorbike,3
mulder,3
mumbaifoodie,3
mumbaifoodies,3
mushroompotsticker,3
music,12
muskoka,3
muskokanailsalon,3
muskokanailtechnician,3
mybrotherskeeper,4
mydubai,4
mytime,12
nana_on_the_island o,3
nancy78,2
napoli,3
nataljasticco,4
natasha.yankelevich,9
natashaloveslilly,3
nature,4
nature_,4
negroni,3
negronisbagliato,3
newdawn,3
newhampshire,2
newhampshirelife,2
newzealand,4
nightlife,7
niihau,3
niksicko,6
nj,3
northernvirginia,2
northernvirginiamag,2
northisland,4
northland,4
notyourtai,3
ntlp,6
oahu,12
ocean,3
ochair,3
ochairstylist,3
ochonegro,3
ochonegro8 on Instag,3
ohana,3
okinawa,4
okinawajapan,4
okinawatrip,4
old_dogs_cibo_e_spir,3
oldfashioned,3
omnicorpuschristi,4
ontherocks,3
openbar,3
orgeat,12
orgeatfoam,3
orgeatsyrup,9
orlando,3
orlandoflorida,3
oroville,3
otto,3
paleale,2
palmtrees,9
palmtreesfordays,4
palmtrees🌴,4
papa,1
paradise,14
party,10
pauhana,3
peggysuesdiner,3
petrenk_a,4
pfchangs,3
philippines,9
pinacolada,3
pinacoladas,3
pineapple,3
pink75,3
plantationrum,3
playingwithfire,3
playnight,4
pmcocktails,3
podcast,1
podgorica,6
pohutukawa,4
poipu,1
poissoncru,3
polishedinmuskoka,6
polynesiancuisine,4
pooldrinks,4
poolside,3
porkpineapplepizza,3
positivevibes,1
postmeridiemspirits,6
prerolldifferent,3
puntacana,4
qotd,3
quoteoftheday,3
quotes,3
quotestoliveby,3
raspberrydaiquiri,3
raspberryfizz,6
readyfortheweekend,3
readytodrink,3
realhawaii,9
realspirits,3
rebeccacate,3
redstripe,3
reggae,6
reggaelove,6
reggaemusic,6
relax,9
relaxing,3
repost,9
resort,4
resort365,3
restaurant,3
restinpeace,4
retro,3
retrostyle,3
rhum,3
ribs,4
rika.kanamori,3
rikastagram,3
riplittlebrother,4
rmetcalf11,3
roadtrip,3
romantic,3
rosevillebuttercups,3
royalhawaiian,9
royjacoby,1
royjacobyautor,2
roysuniversum,1
rum,49
rumcocktail,5
rumcocktails,18
rumdrinks,4
rumlovers,1
rummalecon,9
rumtasting,1
ryans_drinks,3
sac,3
safari,1
safarilife,1
sailing,3
sanfrancisco,2
sariesoprano,3
sativa,3
saturday,6
scotsmanice,18
scubadive,3
sea,4
seafood,3
seafoodboil,3
seafoodlover,3
searchingforparadise,3
searchingforparadiseagain,3
seeyouagain,1
selfie,3
sensoryspace,18
setstyling,2
sevahoward,4
sexonthebeach🍹,3
shakeandpour,3
shaking,3
shavedice,3
shaveice,3
shootka,6
shootka_bar,12
shootkabar,6
shootkamadness,6
shootkamood,6
shootkavibes,6
shots,6
shottino,3
shrimp,3
sichley2_the_redux,3
sichley2strainreview,3
sicilia,3
signaturecocktailbar,3
silhouette,4
simplecocktails,3
sistersweekend,2
skindiver,3
smithpublicity,3
smoothie,3
smoothiemaker,3
smoothies,3
smoothing,3
smugglerscove,3
snorkel,3
spa,3
specialingredients,3
spirits,6
spiritueuxiberville,1
spoonpipe,3
spotify,1
springbreak,7
sprintervan,3
stillife,2
stillifephotography,2
stilllife,2
stilllifephotography,2
stir,3
stopper,6
summer,7
summercocktails,9
summerparty,3
sun,4
sunkissed,3
sunset,22
sunset_pics,3
sunsetbali,3
sunsetlover,3
sunsetphotography,3
surf,9
sushi,6
sweettooth,3
swimmingpool,3
syrup,9
tamaa,3
tammytayloracrylic,3
tammytaylornailscanada,3
tapas,3
taro,3
tastetherainbow,3
tastetheworld,4
textured,3
tgif,5
thai,3
thaitea,3
thebestbarsclub,18
thebrando,3
thebrandoresort,3
thedrybar,6
thefirsttime,3
thereefpalmsprings,3
theroyalhawaiian,4
theroyalhawaiianhotel,4
thirsty,3
tiki,30
tikiaf,4
tikibar,9
tikicocktails,6
tikiculture,3
tikidrink,2
tikidrinks,9
tikilife,3
tikiman,3
tikimugs,3
tikiofthewiki,3
tikitime,3
tikitony,9
tilnexttime,3
tinycan,3
tomkhasoup,3
tonypsdocksidegrill,9
topshelflife,3
totallyshana,3
tots,3
tourhawaii,1
tousled,3
tradervics,4
tradervicsdubai,4
tradervicsjbr,8
travel,11
traveladdict,4
travelbali,3
traveler,4
travelerlife,4
travelers,4
traveling,3
travelinjapan,4
travelislife,4
traveljapan,4
travelphotography📷,3
traveltheworld,4
trip,3
triplesec,9
tropical,8
tropicaldrinks,3
tropicalvibes,5
truevintage,3
truevintageootd,3
tutu,1
twitch,4
twitchaffiliate,4
twitchmilitia,4
ukiukisushitiki,3
unicorn_on_board,3
unicornonboard,3
untillwemeetagain,1
upholstery,2
urlaub🌴,3
uru,3
vacation,3
vacationmode,4
vacay,4
vai_anau,3
valdesglassworks,3
valentinesnails,3
verjus,3
vibes,1
views,1
village,3
vintage,3
vintageootd,3
vintagestyle,3
virginia.tea.maven,3
virginiadesigners,2
virginiahomes,2
virtualhappyhour,3
visitfrenchpolynesia,4
visitjapan,4
visitjapanjp,4
visitmaui,3
vodkalemon,3
volcanoroll,3
waikiki,12
waikikibeach,9
wailea,4
wailua,3
wanderbeauty,4
ward,9
warvet,1
washingtondc,4
waves,7
wavy,3
wedontrollthesame,3
wedontsmokethesame,3
weed,3
weedporn,3
weedreviews,3
weedstagram420,3
weekend,6
weekendtreat,3
weekendvibes,9
werolldifferent,3
weshouldsmoke,3
westinguam,3
westinkaanapalioceanresortvillas,3
whataweek,3
whatever,3
whatiamreading,3
whatsinyourpreroll,3
whatsondubai,4
whiskey,6
whisky,3
whiskygram,9
whiterussian,3
who_dat_drew,3
wine,9
wings,4
withfriends,3
woolsafe,2
wowjbr,4
youcouldliveinhawaii,3
youhawaiimoment,9
yum,3
yummy,3
yyc,3
yyccocktails,3
zeitgeist_sf,2
zeitgeistsf,2
zoninprosecco,3
ぶらリカ,3
ウエスティングアム,3
オアフ,3
カクテル,6
グアム,3
グアム旅行,3
グアム日記,3
サンセット,3
スペイン料理,3
タイラーメン,3
タイ料理,7
タイ料理でコロナ撃退,4
タパス,3
トルティーヤ,3
ハワイ,12
ハワイフォトアワード2020,9
ハワイ好きな人と繋がりたい,9
ハワイ旅行,3
ハワイ留学,3
バー,3
パクチー,4
パーティープラン,4
ビストロ,3
ビストロo,3
ビーチ,3
フローズンダイキリ,3
フローズンマルガリータ,3
ブレードプレート,3
プールサイド,3
ホノルル,3
マイタイ,6
モヒート,3
ランチ,4
リカスタグラム,3
リカログ,3
ワイキキ,12
中原区,4
台北グルメ,3
台北ビストロ,3
塔帕斯,3
女子会,4
小酒館,3
川崎市,4
師大夜市,3
新城昼飲み,4
旅日記,3
旅行,3
昼飲み,4
武蔵中原,4
武蔵小杉,4
武蔵新城,4
武蔵新城 (@saori_qq,3
武蔵新城グルメ,3
武蔵新城ランチ,4
海,3
海好き,3
溝の口,4
燉菜,3
留学,3
留学生活,3
癒し,3
米香,3
美味しい楽,3
莫西多,3
西班牙料理,3
調酒,3
避世所,3
邁泰,3
金森理香,3
青蘋果樂園,3
飲み放題,4
麵包盤,3
🖤,3
🤜🏻,3
🦄,3
