,RowSum
0,1
1,1
2,1
3,1
4,1
5,1
6,1
7,1
8,1
9,1
10,1
11,1
12,1
13,1
14,1
15,1
16,1
17,1
18,1
19,1
20,1
21,1
22,1
23,1
24,1
25,1
26,1
27,1
28,1
29,1
30,1
31,1
32,1
33,1
34,1
35,1
36,1
37,1
38,1
39,1
40,1
41,1
42,1
43,1
44,1
45,1
46,1
47,1
48,1
49,1
50,1
51,1
52,1
53,1
54,1
55,1
56,1
57,1
58,1
59,1
60,1
61,1
62,1
63,1
64,1
65,1
66,1
67,1
68,1
69,1
70,1
71,1
72,1
73,1
74,1
75,1
76,1
77,1
78,1
79,1
80,1
81,1
82,1
83,1
84,1
85,1
86,1
87,1
88,1
89,1
90,1
91,1
92,1
93,1
94,1
95,1
96,1
97,1
98,1
99,1
100,1
101,1
102,1
103,1
104,1
105,1
106,1
107,1
108,1
109,1
110,1
111,1
112,1
113,1
114,1
115,1
116,1
117,1
118,1
119,1
120,1
121,1
122,1
123,1
124,1
125,1
126,1
127,1
128,1
129,1
130,1
131,1
132,1
133,1
134,1
135,1
136,1
137,1
138,1
139,1
140,1
141,1
142,1
143,1
144,1
145,1
146,1
147,1
148,1
149,1
150,1
151,1
152,1
153,1
154,1
155,1
156,1
157,1
158,1
159,1
160,1
161,1
162,1
163,1
164,1
165,1
166,1
167,1
168,1
169,1
170,1
171,1
172,1
173,1
174,1
175,1
176,1
177,1
178,1
179,1
180,1
181,1
182,1
183,1
184,1
185,1
186,1
187,1
188,1
189,1
190,1
191,1
192,1
193,1
194,1
195,1
196,1
197,1
198,1
199,1
200,1
201,1
202,1
203,1
204,1
205,1
206,1
207,1
208,1
209,1
210,1
211,1
212,1
213,1
214,1
215,1
216,1
217,1
218,1
219,1
220,1
221,1
222,1
223,1
224,1
225,1
226,1
227,1
228,1
229,1
230,1
231,1
232,1
233,1
234,1
235,1
236,1
237,1
238,1
239,1
240,1
241,1
242,1
243,1
244,1
245,1
246,1
247,1
248,1
249,1
250,1
251,1
252,1
253,1
254,1
255,1
256,1
257,1
258,1
259,1
260,1
261,1
262,1
263,1
264,1
265,1
266,1
267,1
268,1
269,1
270,1
271,1
272,1
273,1
274,1
275,1
276,1
277,1
278,1
279,1
280,1
281,1
282,1
283,1
284,1
285,1
286,1
287,1
288,1
289,1
290,1
291,1
292,1
293,1
294,1
295,1
296,1
297,1
298,1
299,1
300,1
301,1
302,1
303,1
304,1
305,1
306,1
307,1
308,1
309,1
310,1
311,1
312,1
313,1
314,1
315,1
316,1
317,1
318,1
319,1
320,1
321,1
322,1
323,1
324,1
325,1
326,1
327,1
328,1
329,1
330,1
331,1
332,1
333,1
334,1
335,1
336,1
337,1
338,1
339,1
340,1
341,1
342,1
343,1
344,1
345,1
346,1
347,1
348,1
349,1
350,1
351,1
352,1
353,1
007,11
007style,4
50bestbars,2
5clocksomewhere,3
5star,3
5starhotel,3
Null,3
_culinarycocktailbar,1
_socialmix,3
_thecoxcomb_,3
aboutlastnight,3
acdc,4
actor,1
adobe,3
adultbeverage,3
adultbeverages,5
adventure,3
aeolianislands,3
afterdinner,3
afterworkdrink,2
afzal_kaba,3
agranmeliáhotel,2
aguanaboca,3
alambicmagazine,4
alcohol,13
alcoholic,3
alcoholicbeverages,3
alcoholist,3
alhambra,3
alhambradegranada,3
alhambrapalace,3
alhambrapalacehotel,3
alifewelllived,2
almoço,3
alquimista,3
altagastronomia,3
amanwalkedintoabar,6
ancheilcormorano,2
andalucia,3
andalusia,3
aperitif,3
aperolspritz,3
architecture,3
art,3
artesianfood,3
assessoriadebar,3
asuntellointeriorism,1
athens,3
athensbar,3
athensbyday,3
athensbynight,6
athensdowntown,3
atlantedeimartini,3
austintexas,3
azeitona,3
badgirl,3
badwoman,3
bamboococktail,2
banco_milano,3
bancomilano,3
bar,38
bar_merchant,4
barcelona,3
bardesign,3
barlife,3
barluciole,3
barman,17
barmanager,3
barmans,6
barmari,3
barmerchant,4
barpub,3
barra,4
barrista,3
barstation,3
bartender,42
bartenderlife,13
bartenderlife🍸,4
bartendermindset,9
bartenders,1
bartenderstyle,16
bartending,4
bartrainer,3
bcw,9
bcw19,9
beach,3
beachday,3
beautifulplace,1
beefeater,3
beefeater24,3
beerbeerbeer,3
bestbarsaroundtheworld,3
bestbarsathens,3
beverage,9
beveragephotography,9
beverages,5
beyondeverything,3
bff,2
bffgoals,2
biancalima_cocktails,9
bibitortellini,3
bijou,3
bitter,8
blackwork,3
blogger,1
bloodyhaus,6
bloodymary,3
bogartsgin,3
bohemia,9
bombaysapphire,10
bond,3
bondbar,3
bonsdrinks,9
boocafebar,3
boococktailbar,3
boofriends,3
boostories,3
booze,5
boquete,5
brandambassador,3
bravogreatphoto,9
brian_varma,1
broncolor,9
bukowski,9
bulldog,9
bulldoggin,9
buzzy,1
c4you,3
caballitogin,2
california,3
camille_j_t,3
campari,3
cardeaisgastronomia,6
cartagenacity,4
cascavel,3
cascavelpr,3
castro,3
caviar,4
cdmx,2
cebucity,3
cebueats,3
ceburestaurant,3
cheers,18
chefelisa,4
cheflife,3
cigarsmoker,1
cin,3
cinema,3
cinnamonwhiskey,2
circa1900,6
citybreak,3
clasico,3
classicbartenderspr,3
classiccocktail,10
classiccocktails,10
classico,3
classycocktails,3
clearicecube,4
clientes,4
club,2
cocktail,70
cocktail_for_lone_wo,1
cocktailart,9
cocktailbar,30
cocktailbars,5
cocktailculture,4
cocktailgram,5
cocktailhour,11
cocktaillovers,4
cocktailoclock,9
cocktailoftheday,15
cocktailonion,2
cocktailphoto,3
cocktailphotography,8
cocktailpic,5
cocktailporn,21
cocktailrecipe,9
cocktails,80
cocktails.bytheway,9
cocktailsanddrinks,11
cocktailsbarcelona,11
cocktailsforyou,3
cocktailshaker,3
cocktailsofinstagram,3
cocktailstime,9
cocktailstyle,9
cocktailtime,25
coctails,3
coctel,4
cocteleria,3
coctelmadrid,3
coctelniños,3
coktail,3
collectingjamesbond,3
colombia,4
comesebebes,9
comidabrasileira,3
comidadeverdade,3
comparteelmomento,11
contenidodecalidad,3
contenidos,4
contentcreator,3
contentmarketing,4
coqueteis,5
coquetel,2
cormorano,2
corporatefusion,9
corporatefusion on I,9
cosmopolitan,4
craftcocktail,8
craftcocktails,15
craftedmixology,8
craftgin,3
craftspirits,3
creamsoda,2
creaturesofthenight,3
cristais,9
cruise,3
crystalmartiniglass,2
cursodebarman,3
dalstonscherryade,3
dancer,1
dancerlife,1
darkartists,3
dasisteineginvolleidee,3
davidpahmp,9
davidpahmpphotography,9
delicia,3
desert,3
design,9
dicadochef,3
dirty,3
dirtymartini,16
dirtymartinis,4
diversion,3
donyos1,3
drawing,3
drink,34
drinkabiliter,9
drinkandrelax,2
drinkgin,3
drinking,4
drinklover,4
drinkoftheday,4
drinkporn,3
drinkresponsibly,3
drinks,36
drinksasia,3
drinkstagram,4
drinks🍸,3
drinks🍸🍷🍹,1
drinkup,9
drinkwithclassic,3
droplets,3
dropletsbyjdlm,3
dry,3
drydrinker,2
drygin,1
drymartini,314
drymartinibarcelona,11
drymartinienelmundo,11
drymartinifuengirola,1
drymartinijavierdelasmuelas,11
drymartinijdlm,8
drymartinilondon,3
drymartinimakers,11
drymartinimitginundoliven,3
drymartinisansebastian,11
drymartinisorrento,11
drymartinitime,11
drytime,11
dryvermouth,2
eat,3
eauclairecraft,4
eddie_this_is_my_lif,3
eddiethisismylife,3
edinburgh,3
educasaes,4
einlebenohneginistginlos,3
emprendedores,3
españa,3
etienne_jacoupy,3
exotic,1
explosãodesabor,3
exterior,3
extradry,3
facade,3
farmtoglass,4
feitopormim👌😉,1
fentimansdrytonic,3
fern,3
filologiaitaliana,3
finelinetattoo,3
fireball,2
fivestarhotel,3
flavio_giamporcaro,3
follow4follow,3
followforfollow,3
food,3
foodphotography,9
foodstagram,9
forthemoney,3
foto.net_ok,3
fotografia,3
fotografiadeproducto,3
fotonet,3
fotoproducto,3
fredotorpedo23,4
friends,2
ftanak2510,4
fugucocktail,1
gabrielapgarzas,2
gastronomia,3
gastronomy,3
gay,3
gaymen,3
gifted,3
gin,92
gin_ger_lover_2020,2
ginaddict,9
ginalquimista,3
ginandtonic,22
ginandtonics,6
ginandtonictime,3
ginblogger,6
gincocktails,3
gincollection,6
gincraze,9
gindrinker,6
gingehtimmer,3
gingin,9
gingingin,3
ginjonaspa,6
ginjourney,6
ginlicious,6
ginlove,9
ginlover,22
ginlovers,15
ginmagazine,6
ginmartini,17
ginoclock,6
ginporn,9
ginspiration,6
ginspired,6
ginstagram,19
gintastic,6
gintasting,9
gintime,8
ginto,9
gintonic,21
gintonica,6
gintoniclovers,6
gintonics,6
gintonictime,6
ginwithjens,9
goodgirl,3
goodwoman,3
gourmet,3
granada,3
granadaturismo,3
granmelia_jkt,2
granmeliajakarta,2
greece,3
greed,3
greedisgood,6
greenapple,3
griskonis,1
guest,3
gym,4
gymplaylist,4
happiness,3
happybirthday,1
happyhour,6
happyhourtime,3
hard,3
harrysbar,4
havingfun,1
hellosailorgin,6
hennesy,3
historichotel,3
history,3
holiday,1
hotelmelia,3
hotelmeliafenix,3
hotelstagram,3
hugo.combe,2
humpday,3
hübscheflasche,3
igers,2
igersmalmoe,9
ignacio_lechuga,3
ileana_espinosa,3
illustration,3
illustrator,3
iloveolives,4
ilovergin,2
imbibe,17
imbibegram,9
imgonnawin,4
iminlovewiththeparty,2
inked,3
inkedmum,3
instabestcocktails,3
instacocktails,6
instadrink,4
instadrinks,4
instagin,6
instagood,3
instagram,5
instapics,2
island,3
ivan.tipples,3
iworkd4diageo,3
jack_dry_martini,4
jaimercadob,3
jamesbond,3
jantar,3
javierdelasmuelas,3
jeuxdhiver,9
joanadark,9
jotapebianchi,1
jp.7000,3
juners,3
karla_copetti,6
kdphotostudio,9
kennethpclarke,3
knockknockitsginoclock,3
kommtausschottland,3
lafotovende,3
lamborghini,4
lapelosa,2
lgbtq,3
lianaexpatlife,3
libations,5
lifestyle,8
lightroom,9
like,3
like4likes,3
likebackinstantly,3
likeforlike,3
likesforlikes,3
liking,3
limette,3
lindandcherry,3
lindandlime,3
lindandlimegin,3
liqpic,13
liquiddirector,3
liquor,5
liquorbottles,3
liquorcabinet,3
liquors,3
liquorstore,3
lisboa,3
livemusic,4
livepiano,4
lobbylounge,2
lomejordemadrid,3
london,3
londondry,3
londondrygin,6
longdrinks,3
longislandicetea,4
look,2
lookoftheday,2
love,4
loveit,3
luizclaudiodrinks,1
lunes,4
madrid,4
madridcocktails,1
madridconniños,3
maisonnoillyprat,5
makingart,3
malfyconarancia,3
malmö,9
manos_de_oro_,4
marebellissimo,2
margaritasloungegale,3
marialima,3
marialimarestaurante,3
mariiavbare,3
marketingdigital,4
martini,80
martinicocktail,3
martinidrink,4
martinidry,12
martinimonday,7
martinioclock,3
martinirosso,8
martinis,8
martinitattoo,3
martinitime,25
martinitime🍸,4
martinitonic,3
martinitroken,3
marvelous_shots,9
mas_chulo_que_un_och,4
mashel_la,6
mcq8,4
meddy_miliani,3
memories,3
mescolatononagitato,3
meseiraecomplementos,18
meseirasdebrasilia,9
meseirasdobrasil,9
meseirastop,9
mezcal,3
mezzetta,2
minsk,4
miradorgastrobar,4
mirage,3
mirandoalmar,1
mixeddrinks,5
mixologia,4
mixologist,4
mixologistco,1
mixology,40
mohito,3
mojito,3
monday,3
money,3
monicagonzalezdelcan,3
mood,3
moon,3
moscowmule,4
mountains,3
mr.rupert85,1
msagatag,3
mulheresvirtuosas,9
musak,2
muscat,1
muyraro,4
myboyfriend,1
myfavoritebars,3
myfavoritecocktail,3
mylady,1
mymartini,3
mynewfavorite,3
myownrecipe,4
nachmirdieginflut,3
nakedandfamous,3
naturamorta,3
navigliogrande,3
negroni,15
nick,4
night,8
nightlife,8
nightoutlondon,3
no3gin,3
nocerellaolives,3
nocturna,3
nocturnal,3
noillypart,1
noillyprat,5
nomartiniglass,3
nonsisamai,2
nordsardegna,2
notimetodie,3
nuotare,2
nyccocktails,2
ocean,3
oldfashioned,6
oldschool,3
olive,7
olives,5
oman🇴🇲,1
onion,2
orangebitters,6
orangecocktail,3
otrotamundos,18
panarea,3
paravertemejor,3
paris,4
party,2
partyeveryday,2
partygirl,2
patrickallenreynolds,5
patrickallenreynoldsphotography,5
pau.candi,1
pelican,4
pelican.piano.bar,4
pepe_aloy_poligrafa,3
peteriburg,3
petter_backlund,9
petterbacklund,9
photographie,3
photography,3
photoshoot,9
photoshop,9
photostudio,9
piaceridellavita,3
pianobar,4
pickledonion,2
picoftheday,3
pink.gin.tonic,3
pinkgin,9
pinterest,3
plymouthgin,3
popcorn,3
poster,3
posterdesign,3
productos,3
productphotography,9
projetocoquitelando,2
ps_by_ofter,2
psiri,3
publife,3
puravida,3
puromatafina,1
quandoeustava,3
quench,3
rabat,1
rafaelmariachi,9
recebercomamor,9
recebercomcharme,9
redfrog,3
regrann,3
restauranincebu,3
restaurantph,3
risotoderucula,3
roma,2
rrss,4
rustynail,3
ruvoloprofissional,3
sabor,3
saboroso,3
salisark,1
salud,2
sandra.darin,3
sanfrancisco,3
saopaulo,3
sara_pacientesinclin,3
saragironicarnevale,6
sardegna,2
sardegnalafavola,2
sarri21,3
say_boo_every_day,3
scandinavianphotographers,9
schmecktlecker,3
sea,3
secret,2
sergiosoto1982,4
seviveunasolavez,1
shakennotstirred,6
shangrila,4
shareeauclaire,4
sherrycocktails,2
shihshuen,4
sincity,4
singer,1
sismel,3
sobremesas,9
socialmedia,4
sonya7iii,3
soul,3
soy.madrigal,3
sp,3
spain,4
spain🇪🇸,3
speakeasy,2
splashphotography,9
staff,1
staytipsy,3
stef_amato,3
stewartscreamsoda,2
stintino,2
stirrednotshaken,4
stockholmsbränneri,9
stogiepirate,4
streetstyle,3
strobephotography,9
studio,9
studiophotography,9
studioshoot,9
suculento,3
sugbo,3
swedishginsquad,6
sydneycocktails,1
tabledecor,9
taipeitattoo,3
taiwantattoo,3
tanqueray,8
tanqueray10,4
tanqueraygin,3
tanqueraymartini,2
tanquerayten,3
taquila,3
tasos_mitselis,3
tasting,3
tasty,3
tattootuesday,3
tavern,3
tequilasunrise,3
tethertools,9
texas,6
texasproud,3
the_martini_socialis,3
thebartender,4
thelifeisshort,1
theroom_sz,3
thestaringatestone,3
thirst,3
thirsty,12
thirstythursday,6
thursday,3
thursdaymood,3
thursdaynight,3
timeoutlondon,3
tinitime,3
tipples,3
tipsy,2
tipsybar,3
tipsybartender,3
tonic,3
tonicwater,3
tonightwithtanqueray,3
travel,6
travelingbartender,3
trip,9
trotabsas,9
twinpeaks,3
twinpeakstavern,3
twist,5
universal_exports_lo,3
universalexportslondon,3
vacacionescarnaval,4
vermouth,19
vermouthcocktails,2
vermouthtime,2
vesper,3
vespersmartini,5
viagem,9
vilaleopoldina,3
villadaerick,4
vinhedo,3
vintageposters,2
visitmexico,2
visitskybar,9
vivirlavida,1
vodka,13
vodkacocktail,4
vodkadrinks,4
vodkalovers,4
vodkas,4
wacholder,3
watermansarms,7
waves,3
welovegranada,3
wetclothes,2
wetmartini,3
wheretoeatincebu,3
wheretogoincebu,3
whiskey,3
whisky,7
whiskysour,4
whitesuit,3
whitewine,3
wildjunegin,3
wine,4
winewinewine,3
work,3
worlds50bestbars,3
yeg,4
yegeats,4
yoamoméxico,2
yourlocal,3
yum,4
yyc,4
yyceats,4
yycliving,4
zipps,3
zippsliquor,6
бар,3
бармен,3
лайнер,3
мартини,3
мартинибар,3
море,3
поддатаясмотрительницабара,3
無定形,3
드라이마티니,3
무정형,3
문래동,3
바,3
바스타그램,3
술스타그램,3
위스키,3
칵테일,3
칵테일바,3
🍸,9
