,RowSum
0,1
1,1
2,1
3,1
4,1
5,1
6,1
7,1
8,1
9,1
10,1
11,1
12,1
13,1
14,1
15,1
16,1
17,1
18,1
19,1
20,1
21,1
22,1
23,1
24,1
25,1
26,1
27,1
28,1
29,1
30,1
31,1
32,1
12news,2
12newsaz,2
ad,2
allrecipes,2
amococinar,2
amorporlacocina,2
añonuevo,2
añonuevo2020,2
beautifulcuisines,2
bebidas,2
bebidascaseras,7
bhgstylemaker,2
bizcochoenlata,2
brindis,7
buzzfeast,2
calientitos,2
carnation,7
cena,3
chicanoeats,2
christmaspunch,4
cibao,7
coach,1
cocinadominicana,2
cocinandoconamor,2
cocktailbar,2
cocktails,2
comida,2
comidas,2
compartiendoennavidad,2
corktiwn,2
cosasdulces,2
cosasricas,2
crecimientopersonal,1
degustación,7
degustaciónponchenavideño,7
desliza,1
detroit,2
detroitcocktails,2
directora,1
doctor,1
doctora,1
doctorbirdrum,2
doctorinoard,1
dominicanappetizers,2
dominicanfood,2
dominicanosentoronto,2
drink,2
drinkdrankdrunk,2
drinking,2
drinks,2
drinkup,2
dulceadictos,2
dulcereceta,2
eatplants,2
eattherainbow,2
eattheworld,2
eggnog,1
evangelio,1
feedfeed,2
feliznavidad,2
flashesofdelight,2
food,4
food52grams,2
foodphotography,2
foods,2
foodstyle,2
foodstyling,2
foodwinewomen,2
fooodies,2
fruitpunch,2
fruits,2
galletasdecoradas,2
glutenfree,2
glutenfreecooking,2
glutenfreeeats,2
glutenfreefood,2
glutenfreemeals,2
goleta,2
govegan,2
guayabal,1
hamont,2
hamontfood,2
healthymexican,2
hechoensanjuan,1
hispanosentoronto,2
holajalapeno,4
holidaydrinks,2
holidayparty,2
holidays,2
holidayseason,2
homemadevegan,2
huffposttaste,2
imbibe,2
imbibegram,2
imsomartha,2
instadrink,2
instafood,2
instafood_rd,2
instafoodrd,2
intensivista,1
islavista,2
jamaica,2
jesus,4
lalechera,7
latinfood,2
latinosenmississauga,2
latinosentoronto,2
lifeandthyme,2
lifeisapartyappetize,2
liptontea,2
lissetteechevarria,1
logramascontucocina,2
madeinsanjuan,1
makeitdelicious,2
mas,2
medicina,1
medicinainterna,1
memories,2
merrychristmas,2
mexican,2
mexicanfoodporn,2
mexico,6
montecito,2
mykitchen,2
mykitchensa,4
navidad,14
navidad2019,9
navidadvenezolana,2
nefrologia,1
nefrologo,1
nibblesandfeasts,2
nibblesnfeasts,2
nowpouringtwojames,2
ntdingredientes,1
onmytable,2
pandeazucar.rd,1
pandeazucarrd,1
patologa,1
patologia,1
picadera,2
picaderadominicana,2
picaderadominicanaburlington,2
picaderadominicanaoakville,2
picaderadominicanatoronto,2
picaderamississauga,2
picaderatoronto,2
plantpowered,2
plantstrong,2
ponche,8
poncheartesanal,1
ponchecasero,1
ponchecrema,2
ponchedeauyama,2
ponchedefrutas,2
ponchenavideno,27
ponchenavideño,4
ponchesartesanales,2
ponchesartesanalesrd,7
ponchesbethania,2
ponchesdelsur,1
ponchesdominicano,2
ponchesdonabethania,1
ponchesitos,2
ponchespersonalizados,1
ponchessarahrd,7
ponchessarahrd on In,8
posadas,2
postresdominicanos,2
preparación,7
punch,2
pupusas,2
querico,2
rd,7
realsimple,2
recetasconamor,2
regalitos,4
ricos_detalless,2
ricosdetalles,2
ricoyencasa,2
rslove,2
rubenorozcosb,2
rum,2
saborcasero,2
saboresdemitierra,2
saboresvenezolanos,2
santabarbara,2
santiagodeloscaballeros🇩🇴,7
sanvalentín,1
sbcc,2
seguridad,1
share,2
sorprende,2
spice,2
spicedpumpkin,2
sti,6
sugar,2
tamales,2
tastingroom,2
thekitchn,4
thephysiciansplate,2
thesocialsipper,2
thirsty,2
tistheseason,2
todocasero,2
torontolatino,2
torontolife,2
tradiciones,2
tradicionesmexicanas,2
traditions,2
twojames,4
twojamesdetroit,2
twojamesdistillery,2
ucsb,2
vegan,2
veganaf,2
veganfoodshare,2
veganlifestyle,2
veganmom,2
veganrecipes,2
vegansofig,2
vegansofinstagram,2
veganstagram,2
vegetarianrecipes,2
venacomer,2
whatveganscook,2
whatveganseat,2
