,RowSum
0,1
1,1
2,1
3,1
4,1
5,1
6,1
7,1
8,1
9,1
10,1
11,1
12,1
13,1
14,1
15,1
16,1
17,1
18,1
19,1
20,1
21,1
22,1
23,1
24,1
25,1
26,1
27,1
28,1
29,1
30,1
31,1
32,1
33,1
34,1
35,1
36,1
37,1
38,1
39,1
40,1
41,1
42,1
43,1
44,1
45,1
46,1
47,1
48,1
49,1
50,1
51,1
52,1
53,1
54,1
55,1
56,1
57,1
58,1
59,1
60,1
61,1
62,1
63,1
64,1
65,1
66,1
67,1
68,1
69,1
70,1
71,1
72,1
73,1
74,1
75,1
76,1
77,1
78,1
79,1
80,1
81,1
82,1
83,1
84,1
85,1
86,1
87,1
88,1
89,1
90,1
91,1
92,1
93,1
94,1
95,1
96,1
97,1
98,1
99,1
100,1
101,1
102,1
103,1
104,1
105,1
106,1
107,1
108,1
109,1
110,1
111,1
112,1
113,1
114,1
115,1
116,1
117,1
118,1
119,1
120,1
121,1
122,1
123,1
124,1
125,1
126,1
127,1
128,1
129,1
130,1
131,1
132,1
133,1
134,1
135,1
136,1
137,1
138,1
139,1
140,1
141,1
142,1
143,1
144,1
145,1
146,1
147,1
148,1
149,1
150,1
151,1
152,1
153,1
154,1
155,1
156,1
157,1
158,1
159,1
160,1
161,1
162,1
163,1
164,1
165,1
166,1
167,1
168,1
169,1
170,1
171,1
172,1
173,1
174,1
175,1
176,1
177,1
178,1
179,1
180,1
181,1
182,1
183,1
184,1
185,1
186,1
187,1
188,1
189,1
190,1
191,1
192,1
193,1
194,1
195,1
196,1
197,1
198,1
199,1
200,1
201,1
202,1
203,1
204,1
205,1
206,1
207,1
208,1
209,1
210,1
211,1
212,1
213,1
214,1
215,1
216,1
217,1
218,1
219,1
220,1
221,1
222,1
223,1
224,1
225,1
226,1
227,1
228,1
229,1
230,1
231,1
232,1
233,1
234,1
235,1
236,1
237,1
238,1
239,1
240,1
241,1
242,1
243,1
244,1
245,1
246,1
247,1
248,1
249,1
250,1
251,1
252,1
253,1
254,1
255,1
256,1
257,1
258,1
259,1
260,1
261,1
262,1
263,1
264,1
265,1
266,1
267,1
268,1
269,1
270,1
271,1
272,1
273,1
274,1
275,1
276,1
277,1
278,1
279,1
280,1
281,1
282,1
283,1
284,1
285,1
286,1
287,1
288,1
289,1
290,1
291,1
292,1
293,1
294,1
295,1
296,1
297,1
298,1
299,1
300,1
301,1
302,1
303,1
304,1
305,1
306,1
307,1
308,1
309,1
310,1
311,1
312,1
313,1
314,1
315,1
316,1
317,1
318,1
319,1
320,1
321,1
322,1
323,1
324,1
325,1
326,1
327,1
328,1
329,1
330,1
331,1
332,1
333,1
334,1
335,1
336,1
337,1
338,1
339,1
340,1
341,1
342,1
343,1
344,1
345,1
346,1
347,1
348,1
349,1
350,1
351,1
352,1
353,1
354,1
355,1
356,1
357,1
358,1
359,1
360,1
361,1
362,1
363,1
364,1
365,1
366,1
367,1
368,1
369,1
370,1
371,1
372,1
373,1
374,1
375,1
376,1
377,1
378,1
379,1
380,1
381,1
382,1
383,1
384,1
385,1
386,1
387,1
388,1
389,1
390,1
391,1
392,1
393,1
394,1
395,1
396,1
397,1
398,1
399,1
400,1
401,1
402,1
403,1
404,1
405,1
406,1
407,1
408,1
409,1
410,1
411,1
412,1
413,1
414,1
415,1
416,1
417,1
418,1
419,1
420,1
421,1
422,1
423,1
424,1
425,1
426,1
427,1
428,1
429,1
430,1
431,1
432,1
433,1
434,1
435,1
436,1
437,1
438,1
439,1
440,1
441,1
442,1
443,1
444,1
445,1
446,1
447,1
448,1
449,1
450,1
451,1
452,1
453,1
454,1
455,1
456,1
457,1
458,1
459,1
460,1
461,1
462,1
463,1
464,1
465,1
466,1
467,1
468,1
469,1
470,1
471,1
1,7
100eats,3
10506,3
312food,11
845nightlife,6
914,3
addictedtoglamour,3
affordable,3
aftersurf,13
agave,11
agavespirits,2
agavesquad,11
airbnb,3
airplane,3
airport,3
alabamasaturdaynight,3
alcohol,6
alcoholicdrinks,3
alfescolunch,3
allnighter,3
allthemenus,3
alwayshungrychi,11
amandarbryant,2
amazinghazels,13
amazingview,3
amen,3
americanbrunch,4
anchoreyes,11
app,2
apres,4
aquagrillnyc,4
arizona,3
arizonahighways,3
arizonawine,3
arribacantina,6
art,3
artcommunity,3
arte,3
artists,3
artsdistrict,6
atx,3
authentic,2
avocado,7
bacon,11
baconbaconbacon,3
baconbloodymary,3
balance,4
bandit,2
bar,24
barandbowtie,3
barfamily,2
barfoodiecutie,3
barhopping,4
barkingdog_amesburym,3
barlife,3
bars,2
bartender,12
bartenderlife,5
bartenderlove,3
bartenders,2
bartendersofinstagram,3
bartending,3
basedinbangkok,2
bbq,3
bbsonnorth,6
beachbitch,3
beautifulday,4
bedford234,3
bedfordny,3
beer,12
beermix,3
bestbrunch,9
bestbrunchpittsburgh,3
bestcocktails,3
bestfoodpittsburgh,3
bestmexican,3
bestoysters,4
bhambarfly,4
bigdaddyscocktailmix,3
billboardbobbyg,6
bisbee,3
bisbee1000,3
bisbee4fun,3
bisbeeairbnb,3
bisbeearizona,3
bisbeeaz,3
bisbeelife,3
bitters,3
blackboweventsnm,11
blackcoffee,2
blackhawks,3
blessed,3
blog,2
blogger,5
bloggersofinstagram,2
bloggerstyle,2
blogging,2
bloody,14
bloody_mary_king,3
bloodybar,3
bloodybeer,6
bloodybrulot,3
bloodygerry,10
bloodyjoseph,3
bloodymaria,401
bloodymariamix,32
bloodymariarecipes,2
bloodymarias,6
bloodymary,189
bloodymarybacheloret,3
bloodymarybar,11
bloodymaryjunky,6
bloodymaryking,3
bloodymarylover,4
bloodymarymix,16
bloodymarys,12
bloodymaryssydney,3
bloodymarytime,4
bloodys,6
bloodysofinsta,2
bloodysofinsta on In,2
bloodysunday,6
booze,4
booziebrunch,3
boozybrunch,9
bornandraisedlv,3
bottomlessbrunch,4
bottomlessmimosas,4
bracketroom,4
brbeating,3
breakfast,14
breakfastburrito,5
breakfastnachos,3
breakfastshot,3
breakfasttacos,3
brekky,3
brightonbrunch,4
brokenenglishtacopub,11
brooklynfood,7
brooklyntaco,7
brunch,83
brunchbitches,3
brunchbowl,3
brunchbunch,3
brunchcocktail,3
brunchcocktails,3
brunchdessert,2
brunchgamestrong,11
brunching,19
brunchkin,3
brunchnyc,7
brunchofchampions,3
brunchsf,13
brunchshot,3
brunchsquad,4
brunchtime,12
brunchwithfriends,3
bubbly,13
buchananmi,4
bucketsofbeer,13
buzzfeast,3
buzzfeedfood,3
cacaomexicatessen,3
cactushound,3
cactushoundbar,6
californiadreaming,3
camden,3
cameraeatsfirst,3
cantbebeat,3
cantina,3
canyonoakscountryclub,3
carajillos,11
carlsbad,11
carlsbadvillage,11
carrollgardens,7
casazul,4
cat,3
cazadores,3
cbad,11
celebritybartender,3
celery,3
cerveza,3
chacoflacomixers,3
charlestonmix,4
charlottenc,2
chattanooga,3
chattanoogadrinks,3
chattanoogadrinkscene,3
chattanoogasips,3
chattanoogatennessee,3
chattanoogatn,3
chavelas,6
cheers,16
cheerstoveggies,4
chefjaredhucks,2
chicago,16
chicagobars,11
chicagobrunch,11
chicagofood,11
chicagofoodauthority,11
chicagofooddude,11
chicagoinla,3
chickenandwaffles,8
chickensandwich,3
chicoca,3
chicplace,3
chigram,11
chilaquiles,6
chiledearbol,3
chinatownhonolulu,3
chipotle,3
chippococktails,3
chippohotel,3
chipsandsalsa,2
chorizo,3
chroniccondition,2
chronicillness,2
chula,4
chulavista,4
chumoy,11
cincinnati,3
citylife,4
citytrip,4
claseazultequila,3
clt,2
clubkid,3
cobblehill,7
cobloodymaria,3
cocktail,18
cocktailbar,3
cocktailbitters,3
cocktailblogger,3
cocktailhour,7
cocktailporn,5
cocktails,61
cocktailsanddreams,3
cocktailsofinstagram,3
cocktailswithfriends,3
cocktailtime,3
coffee,3
coffeeandcocktails,4
coffeelover,4
cognac,3
cognaccafe,3
coldbeer,3
colorado,3
columbusblogger,2
comedrink,4
comehere,4
comehideout,6
comesitstay,3
consciousness,2
countrybacon,3
couple,4
couplegoals,4
craftbeer,4
craftcocktail,6
craftcocktails,20
craftpub,3
crawfish,3
curiocityseattle,3
dailyspecials,4
danapoint,4
danapointharbor,4
dance,3
daydrink,4
daydrinking,15
dayoffvibes,3
de.joycie,4
delhibars,3
delhibarsandrestaurants,3
delhiclubs,3
delhicocktails,3
delhigram,3
delhinightlife,3
delicious,13
deliciousbrunch,4
devourpower,11
didwementionthechurrowaffles,3
dinela,3
dineoc,3
dinersdriveinsanddives,4
dinewithmedallas_,3
discover,2
dj,3
djrapstar,3
domingiando,3
domingo,3
dontjudgeme,3
double,3
doubleduty,2
downloadnow,2
dranks,4
drink,8
drinkingnyc,4
drinkingwater,3
drinklocal,3
drinkoftheday,3
drinkporn,2
drinks,25
drinksandiego,11
drinksathome,3
drinksofinstagram,3
drinksontheroof,4
drinkspecials,20
drinkstagram,3
drinks🍹,3
drinktoma,6
drinkup,3
dtla,6
dysautonomia,2
dysautonomiastrong,2
eagerfitnessenthusiast,4
eaglerock,3
ealing,3
earlybirds,4
earnyourbooze,6
earthandmoss,4
eastbridgewater,3
eat_tamarindo,4
eatandtreats,3
eater,3
eaterchicago,11
eaterla,3
eaterpdx,3
eaterseattle,3
eatfamous,3
eatmunchies,3
eats,6
eatthesalad,3
eatwithfriends,7
eatyourdrink,2
echeveria,3
edkenny,3
eds,2
eeeeeats,10
egg,4
eggs,8
eggsbenedict,3
elmelsarasota,3
elmelvinsarasota,3
emdrtherapy,2
encinitas,11
everythingishomemade,3
fakeblood,3
family,14
familybar,2
farmershardware,3
farmtotable,4
fattuesday,6
fattuesdays,3
favoritethings,3
feedfeed,7
feedme,3
femalebartenders,3
fieryfoods,3
fieryfoodsshow,3
filmme,2
filmme_film,2
findbalance,4
finetequila,4
flambedaddy on Insta,2
floorhockey,4
flying,3
followmeforgoodfood,3
food,7
foodbeast,3
foodie,19
foodiegram,3
foodies,3
foodnetwork,3
foodphotography,11
foodporn,9
foodreview,2
foodstagram,3
foodtravel,3
forkyeah,7
fortunate,2
frankangel,3
frankee,3
fredshb,8
freeparking,3
frenchtoast,4
fresh,2
freshveggies,4
frybread,3
funtimes,2
furnituremakeover,3
fuzzysvodka,3
gasolina_putin,3
gastronogram,3
gay,3
gayalternative,3
gayartist,3
gaygoth,3
gaynyc,3
giftset,4
gin,3
ginger,3
glutenfree,3
goodfriends,7
goodmorning,13
goodtimes,2
goodvibes,2
gorgeouswintersunday,2
grandbrulot,6
grateful,3
gratitude,3
greeneyedbella7,4
grind,4
grindshoreditch,4
groveealingw5,3
guacamole,10
guiltypleasures,3
guyfieri,4
guyliner,3
hairofthedog,6
handcutfries,3
handfmarlow,3
hangover,10
hangovercure,3
happyhour,14
happyvalentinesday,6
hardaf,2
havefun,4
headache,2
healing,2
healthydrinks,4
henrystavern,3
hermosabeach,3
highaltitude,3
historictown,3
hitsthespot,3
hockey,3
homebartender,4
homemade,3
homo,3
hosted,3
hotelstreet,3
hotsauce,3
hotsauceforeveeyone,3
hotsprings,3
huevosrancheros,8
huffposttaste,11
iad,4
iadsfo,4
iamporcelaindoll,3
iflyalaska,3
ig,11
igerschicago,11
igotajobsoicanaffordbrunch,2
ilikeitspicy,3
iloverva,2
imnotinsane,3
indianagrown,3
infatuationla,3
infatuationseattle,3
infoodwetrust,3
infoodwetrust__,3
instadaily,2
instafood,4
instagood,4
instagram,3
instagramcocktails,2
inyourmouth,4
ios,2
isitacocktail,4
itsallinfun,3
itsaroughlife,3
jacksinhyde,3
jerseyhospitalityassociation,3
jetset,4
jklaw89,3
joinus,3
joliecantina,14
joliecantinadrinks,4
judahst,13
juice,3
justatouchofred,2
justgirlydrinks,3
justshakepourandrelax,3
karmanyackny,3
kennyobryansbar,3
keyboardist,3
la,8
ladygioannou,3
latimes,3
latimesfood,3
laweekly,3
laweeklyfood,3
leandrafthouse,4
letsdothis,3
letshavefun,3
letsparty,3
letsrage,9
lifeisgood,3
lifestyle,3
lime,3
limehouseeagertostay,4
limes,6
lincolnpark,11
liquor,2
list,2
littletokyo,6
livedj,6
livemusic,6
livinlalilialopez,11
local,3
localcoffee,3
localemagazine,11
localfood,7
localyumminess,4
london,3
losangeles,2
losangelesartist,3
lounge,3
love,14
loved,2
loveher,3
loveintequila,22
lovelife,4
lovelondon,3
lovewineandtravel on,3
loveyalater,3
lox,2
luckyshotz87,3
lunatiktok,6
lunazul,3
lunch,11
luxe_by_linds,4
luxebylinds,4
luxeliving,4
madeinnewmexico,3
mahina,3
mahinaandsons,3
mainecoon,3
makeitadouble,3
makeyourown,6
makeyourownbloody,3
manhattanbeach,3
mardigras,4
mardigras2020,4
mardiparty,4
margarita,12
margaritamadness,4
margaritas,24
margaritas🍹,4
margaritatime,4
maria,3
marvista,3
mastersofalchemy,3
me,3
mealinaglass,6
mentalhealthawareness,2
mexican,8
mexicaneats,13
mexicanfood,3
mexicanrestaurants,3
mezcal,25
mezcalcocktails,3
mezcaleria,11
mezcalistas,3
mezcallover,4
mezcaltime,4
miaeats,3
miami,3
miamibeach,3
miamidrinks,3
miamifoodie,3
michelada,58
michelada_love,3
micheladalove,3
micheladamix,7
micheladas,6
michigan,4
michoandmary,11
midweek,3
migas,3
milliesrva,2
mimosa,30
mimosas,8
mindbodyconnection,2
miningtown,3
missheralready,3
mix38,6
mix38chavelas,6
mix38chavelas on Ins,6
mixeddrinks,7
mixer,3
mixitup,5
mixologist,3
mixology,13
mixologyguide,3
mmmnomnomnom,3
mocktails,4
mondaymood,4
mondayvibes,4
morningafter,2
morningchampagne,3
mornings,2
motherrootldn,4
motherrootrecipes,4
mouthwatering,3
mtprinceton,3
mule,3
mules,4
music,3
musiclife,3
musicman,3
mybloodyvalentine,3
mychicagopix,11
mygaylife,3
mygirl,3
nashville,3
nationalmargaritaday,10
nc,2
negramodelo,4
newmexico,14
newmexicolove,3
neworleans,4
newtech,2
newtechnology,2
newyorklife,3
nhl,3
nicole_irene_potes,11
nicolerae04,3
nightclub,3
nightlife,3
nightlounge,6
nightsky,3
nitecap,3
nm,7
noalcohol,3
nocover,3
nomnomnom,3
nonalcoholic,3
noogatoday,3
northcounty,11
northcountysd,11
northquarter,11
nosleep,3
notes,2
notnicehat,4
nourishing,3
nyackbars,6
nyacknightlife,6
nyc,3
nycbartender,3
nyccb,3
nyclife,3
nycliving,3
nycnightlife,3
nycrooftop,4
oceanbeach,13
oldtown,11
oliveyou,3
olympics,11
omelette,4
onthejob,4
ontheroadagain,3
opinions,2
orangecounty,3
orasalad,4
orlando,11
orlandobrunch,11
oscars,2
oside,11
ourlosangeles,2
outdoors,3
outside,3
overthetop,3
oyster,3
oysterbar,3
oysters,14
pacificnorthwest,3
pancakes,4
pankoavocado,3
paradoxnomad,2
partners,3
party,6
partyonaplate,2
patio,3
patiobeverages,3
patroncafeandbaileys,4
pdx,3
pdxbars,3
pdxeater,3
pdxeats,3
pedro_dabid,2
penthouse,3
penthousebar,3
pepperedbacon,3
perfection,3
pgheats,3
pghfood,3
pickleeverything,3
pickles,3
piedraazul,3
pittsburghfoodie,3
pizza,3
pnwfood,3
poolside,6
portfonda,14
pots,2
presidentsday,4
primrosehill,3
ptsd,2
pub,4
pulledpork,3
purple,3
qude,2
qudeapp,2
queens,3
queensprimrose,3
radicalacceptance,2
radio_mexico,3
ranchoparkville,3
ravenna,3
rcnightlife,9
rebelrel,3
redbeer,3
redchili,2
redsnapper,9
refineryrooftop,4
refreshing,7
res,11
rescueremedy,3
reusablestraw,3
reusereducerecycle,3
revfoodbev on Instag,3
reyesmezcaleria,22
riverside,3
roadtrip,6
roadtripusa,3
roast,3
roastedveggies,3
robertnachmancd,2
roomservice,3
roseallday,11
rpkletjoyruleyourlife,2
rundontwalk,6
rva,2
sacfoodie,3
sacramentolife,3
sake,11
salud,2
sanclemente,15
sanclementelife,4
sanclementepier,4
sapsash on Instagram,3
saranaclake,3
sarasota,3
saturdaybrunch,4
saulr,11
scorerestaurant,4
scottiesontheriver,3
scrambledeggs,3
scruff,3
sdhappyhour,11
sea,3
seafood,3
seasalt,3
seattle,3
seattlecocktails,3
seattleeats,3
seattlefood,3
seattlefoodie,3
seattlefoodies,3
seattlemag,3
seattlemet,3
seattlerefined,3
seattlerestaurants,3
seattletimes,3
seattlewa,3
secretrecipe,3
seeyallsoon,3
selenavonteese,3
selflove,2
service,3
settingsunbn2,4
sewfrench,3
sfbrunch,13
share,2
shawndrinkswine,6
shockoebottom,2
shotspecials,6
shrimp,5
shuck,3
shuckoysterbar,6
shuckyeah,3
silverdollar,6
silverdollar619,6
simplythebest,3
since1934,6
skidrokyo,6
skinnydaisy,4
skitaos,4
smallbatch,3
smallhands,2
smallhandsclt,2
sokophoto,11
southbay,3
southendclt,2
southernchic,2
southo,11
southshoredrinks,3
spiceupyourlife,3
spicy,3
spicyeverything,3
spicymargarita,2
spicymary,3
splashmixers,4
startyourbrunch,3
starvingfoodseeker,3
staycation,3
stayhere,3
steakandeggs,2
steveaguilar,3
stkilda,3
stkildamexican,3
stkildarestaurants,3
stleonardsonsea,3
straydogcantina,4
streetfood,13
succulent,3
suggestions,2
sunday,17
sundaybrunch,22
sundayfunday,56
sundaymorning,2
sundayroast,3
sundays,6
sundayservice,3
sundayvibes,3
sunsetcantinasf,13
sunsetsf,13
surf,13
surfcityusa,4
surfjack,3
tacochulo,3
tacos,16
tacotuesday,11
tajin,3
taos,4
taoshum,6
taoshumhotsauce,6
taoshummakeitstop,3
taosnm,4
taosskivalley,4
taostaproom,3
tapbeer,3
tasteslikepancakes,3
tastingtable,3
tasty,6
tbt,3
tds,3
tds2020,3
teentrash,3
tequila,102
tequilabar,3
tequilacasazul,4
tequilacocktail,4
tequilacocktails,13
tequilacorcel,6
tequiladrinks,4
tequilagirl,11
tequilajalisco,4
tequilalove,4
tequilalover,4
tequilalovers,4
tequilamule,3
tequilashots,9
tequilasilver,4
tequilasunday,2
tequilasunrise,3
tequilatequila,4
tequilatime,4
tequilatuesday,3
texmex,2
texmexbrunch,2
tgif,3
thankful,2
the_margarita_mum,3
theadventurecontinues,3
thealden,2
thebloodymarybachelorette,3
thebodykeepsthescore,2
thebrunchkin,3
thechippohotel,3
thedollar,4
theescondite,15
thegarage,3
thehideout,6
thelaundryroombisbee,6
thelifeofameggle,6
themarvista,3
themixingglass,3
themixologygroup,3
therealdill,3
thetyandrews,2
theyardbrunch,3
thirdavenuevillage,4
thirstday,4
thirstthursday,3
thirsty,2
thirstythursday,4
thristdays,3
thurdays,4
tierradelsol,3
tinyhands,2
tinyhouse,3
titosvodka,3
tobasco,5
todayfood,11
tom.allen91,3
tomato,8
tomorrowsbadseeds,3
torolococt,3
tortillas,2
tosa,3
tourlife,3
traditionaltattoo,11
training,4
trauma,2
travel,16
travelchannel,3
travelling,4
treats,3
treatyoself,4
trust,2
unionsaloon,2
v_in_mpls,3
vacation,3
vacationmode,3
vacationrental,3
valentines,3
valentinesday,3
vegan,9
vegaslocal,3
vegaslocals,3
vegasstrip,3
veggie,3
veggieomelette,4
veggietoo,13
virginmary,6
virginmarycocktail,4
visitseattle,3
visittaos,4
vista,11
vitaminc,3
vodka,25
vsop,3
vsopsunset,3
vupenthouse,3
vuthere,3
vvp,3
waikiki,3
waterholeadk,6
wednesday,3
wednesdayvibes,3
weekend,7
weekenddrinks,3
westcoastoysters,3
westloop,2
whentastematters,3
wheresmymimosa,11
white,11
whiterussian,11
wholesome,3
wine,3
wishyouwerehere,3
worcestershire,2
workhardplayharder,11
yancyvioli,3
yelpindy,3
yelpoc,3
yelpomaha,3
yestoall,11
yourfavoritebartender,3
yum,20
yvesduriftheman,4
zagat,3
zshotsauceandmarinad,3
ねこ,3
エケベリア,3
ネコ,3
ブラッディマリア,3
メインクーン,3
多肉植物,3
水飲み,3
猫,3
💋,3
