,RowSum
0,1
1,1
2,1
3,1
4,1
5,1
6,1
7,1
8,1
9,1
10,1
11,1
12,1
13,1
14,1
15,1
16,1
17,1
18,1
19,1
20,1
21,1
22,1
23,1
24,1
25,1
26,1
27,1
28,1
29,1
30,1
31,1
32,1
33,1
34,1
35,1
36,1
37,1
38,1
39,1
40,1
41,1
42,1
43,1
44,1
45,1
46,1
47,1
48,1
49,1
50,1
51,1
52,1
53,1
54,1
55,1
56,1
57,1
58,1
59,1
60,1
61,1
62,1
63,1
64,1
65,1
66,1
67,1
68,1
69,1
70,1
71,1
72,1
73,1
74,1
75,1
76,1
77,1
78,1
79,1
80,1
81,1
82,1
83,1
84,1
85,1
86,1
87,1
88,1
89,1
90,1
91,1
92,1
93,1
94,1
95,1
96,1
97,1
98,1
99,1
100,1
101,1
102,1
103,1
104,1
105,1
106,1
107,1
108,1
109,1
110,1
111,1
112,1
113,1
114,1
115,1
116,1
117,1
118,1
119,1
120,1
121,1
122,1
123,1
124,1
125,1
126,1
127,1
128,1
129,1
130,1
131,1
132,1
133,1
134,1
135,1
136,1
137,1
138,1
139,1
140,1
141,1
142,1
143,1
144,1
145,1
146,1
147,1
148,1
149,1
150,1
151,1
152,1
153,1
154,1
155,1
156,1
157,1
158,1
159,1
160,1
161,1
162,1
163,1
164,1
165,1
166,1
167,1
168,1
169,1
170,1
171,1
172,1
173,1
174,1
175,1
176,1
177,1
178,1
179,1
180,1
181,1
182,1
183,1
184,1
185,1
186,1
187,1
188,1
189,1
190,1
191,1
192,1
2,5
2k20,2
313whiskeybar,2
313whiskeyroom,2
35mmphotography,4
50mmf14,3
585,1
_carolbonini_,1
_juliethasagun_,4
a,3
aberlour,3
agencjabarmanska,3
agencjabarmańska,3
airplane,5
alcohol,3
alhambra,1
alkohol,3
amazing,3
amomitrabajo,5
anglesenvyrye,4
antigonish,4
antigonishtownhouse,8
antoniorusso,2
aperitivo,3
aperitivocomo,2
aperol,5
artist,3
awesome,3
awwwbrey,1
baltimore,2
bar,15
barflycat,1
barlife,3
barmaid,5
barman,13
barman_academy,6
barmanacademy,6
barmaniac,3
barmaniac.events,3
barmaniacevents,3
barmannawesele,3
barmurate,3
barrel_proof_bartend,3
barrelaged,1
barrelagednegroni,5
barrione,3
barrionepdx,6
barroombathrooms,1
bartender,30
bartenderlife,17
bartenderlifestyle,5
bartenderlife🍸,1
bartenders,3
bartending,3
bclubber,6
beard,5
behindthebarrel,3
bespokebar,3
bitter,2
blackrussian,6
blantons,1
blantonsbourbon,1
blantonsstraightfromthebarrel,1
bloodycaesar,3
bnecklounge,2
bombesquad,1
bottle,1
bottleofwhiskey,1
bottles,1
botucal,3
boulevardier,173
boulevardier_bar_vrn,6
boulevardiercocktail,4
bourbon,27
bourbonwhiskey,3
brandy,2
bringtheparty,1
broadsheetmelbourne,3
bullet,3
ca_nnoisseur,1
cabincrew,5
cabincrewlife,5
campari,22
campariboulevardier,3
campariecuador,3
camparitasktales,1
canon📷,3
cantinero,5
capmattei,5
catsandcocktails,1
cestile,2
charredoakbarrel,1
cheers,7
cheesesteakonthursday,1
chefchele85,8
chelsea,2
cherryontop,2
chitarra,2
chooseyourownadventure,5
christiandrouin,5
chucklepark,6
cinzano1757,3
classic,6
classiccocktail,9
classiccocktails,5
cocktail,31
cocktailart,2
cocktailbar,11
cocktailbars,3
cocktailhour,8
cocktailoftheday,5
cocktailporn,6
cocktails,47
cocktailsandcats,1
cocktailtime,11
coctel,8
cocteleria,5
cognac,2
collagen,1
colorist,3
colors,3
como,2
comocity,2
comolake,2
cooperscraft,8
coronavírus,2
cousin,2
craftcocktail,4
craftcocktails,13
craftspirits,5
creamedspinach,3
cuore,3
cèstile,2
daphnee.dee,3
datenight,2
dayoff,2
dogs,6
drink,19
drinkassolf,3
drinkmcr,1
drinkmelbourne,3
drinkoftheday,3
drinkonthelake,2
drinkporn,3
drinks,22
drinksandlove,3
drinksofinstagram,3
drinkspiration,3
drinkstagram,5
drinkup,3
drinkwhiskey,3
dubinskaya_tatyana o,1
dukeofyorksquare,2
dungeondrinking,3
dy.shang,4
eastvillage,3
eaterpdxdrinks,3
echegaray,3
ediblephotographs,1
emptycrockpot,1
euamomeutrabalho,3
eventbar,3
eventprofs,3
everleaf_paul,3
everythinginmoderation,1
experientialevents,3
exploreroc,1
explorerochester,1
f52grams,1
fairspirits,3
fairtrade,3
fairtradefortnight,3
family,5
familytime,6
fattuesday,3
festa,2
filetmignon,3
filmfeed,4
filmisnotdead,4
filmphotography,4
finedrinks,1
fire,6
firewood,2
flamedzest,4
flaneur,2
flightattendant,5
flying_gian,5
foodinmelbourne,3
foodlover,2
freepizza,3
friend,2
friends,3
fujifilm,4
garnish,6
garnished,6
garnishgame,6
gifted,2
gin,1
ginporn,1
ginza,3
giorgiochiarello,2
gooddrinks,1
googlepixelcamera,2
googlepixeldrinks,2
googlepixelfood on I,2
googlepixelphotography,2
handcrafted,6
happiness,3
happyhour,6
happyhourmelbourne,3
hardwork,5
harry_kim_kj,3
heart,3
hedonism,6
hedonist,6
hedonizam,6
henrynoodle,5
holycityhandcraft,5
homebartender,5
honeymoon,3
horeca,6
houseofnegroni,5
hugo.combe,5
i720media on Instagr,3
idcoffeelab,6
idejazapoklon,6
ig_palermo,1
igcomo,2
iheartroc,1
ilovemelbourne,3
ilovemyjob,3
iloveroc,1
iloveverns,1
imbibe,12
imbibegram,6
infosec,3
innerharbor,2
instadrinks,3
instagood,6
instalike,3
instasteak,3
itsdrinkoclock,1
jacksonmi,3
jacksonmichigan,3
jazz,3
jenzieinmidtown,3
jenzieinthecity,6
ju_saless,5
jxn,3
jxnmi,3
kensinger,1
kentucky,4
kimbrough_wineandspi,3
kimbrough_wineandspirits,3
kingsroad,2
knobcreek,3
knockout,2
koktel,6
kokteli,6
labs,3
lastone,3
lecocktailconnoisseur,5
lemon,3
lia_m92,1
life,3
lifeisgood,3
likeforlike,5
likeforlikes,5
lillet,3
littlesurprises,3
livemusic,4
lombardstreet,2
london,2
london_sl2,1
lonigo,2
losangeles,3
lot40,1
love,3
lovesdrink,1
lucybrennancocktails,3
luxury,5
madeinserbia,6
madisonsquaregarden,2
madrid,3
man,5
manchester,1
manchesterbar,1
manchestercocktails,1
manhattan,2
manhattancocktail,6
mannaiabareforneria,3
marco.polke,5
martini,2
marylandsciencecenter,2
masahir0.kataoka,3
maximusimpact,3
meikocleansolutions,6
melbmoment,3
melbournebars,3
melbournebarsandrooftops,3
melbournecity,3
melbournecocktail,3
melbournecocktails,3
melbournedinner,3
melbourneeats,3
melbournefoodscene,3
melbournefun,3
melbourneiloveyou,3
melbournemade,3
melbournenightlife,3
melbournetodo,3
mercadaomaringa,3
merchantandtrade,3
michigancocktails,3
minapalada,3
mindfulmixology,5
mingming_nma,3
mixeddrinks,2
mixologia,5
mixologist,14
mixology,36
mixologyevents,3
moderncocktails,3
monday,1
mondaymotivation,1
monkey,4
montereypark,1
montreal,3
murate,3
music,4
musthave,6
nationalacquarium,2
negroni,28
negronitime,1
negroniweek,5
neighborhoodbar,1
newyorkcity,5
nicolerobinsonrealto,2
nofilter,1
nqmanchester,1
nyc,6
nycblogger,3
nyceats,3
nycevents,3
nycfood,3
nycfoodie,3
nycrestaurants,3
nycsteak,3
nycsteakhouse,3
oldfashioned,14
oldfashionedcocktail,6
oldpalcocktail,2
paesaggiourbano,2
painter,3
paperplane,1
party,5
passion,6
paysageurbain,2
pdxdrinks,3
pennplaza,2
perfectserve,3
perfectservemenu,3
petlovrep,12
photo,3
photography,3
pistolpeteferrante,1
pistolpetevideo,1
pixel4xlphotography,2
poklon,6
portlandoregon,3
postindustrial,2
premium,6
presidentstreet,2
promenade,2
punchdrink,5
qualitymeats,3
raineslawroom,3
receta,3
redpassion,1
repost,6
reusereducerecycle,3
ripvelvet,1
ristorantedapietro,4
roberthickland,3
robyecija_93,3
rocfood,1
rocfoodie,1
rocfoodies,1
rocgirlgang,1
rochester,1
rochestereats,1
rochesterfood,1
rochesternewyork,1
rochesterny,1
rochesterphotography,1
rocknroll,2
rockthedrinks,5
rocny,1
roctopshots,1
rondrinks,8
rooftop,5
rooftopbar,5
rosso,2
russells,3
rye,4
ryewhiskey,3
salmonguru,3
salviardino,3
savewaterdrinkcocktails,3
scotchtails,3
seaport,2
seattlehappyhour,2
sensoryspace,6
shannonshootscocktai,6
shotspecial,3
sidecar,2
signaturedrinks,1
simon1223hk,3
skyline,5
skyscraper,5
slippingglimpse,2
smallbatch,6
snowydays,3
sour,3
spdrinks,3
speakeasy,5
spina_palermo_,1
spinabar,1
spirits,3
spiritsnetwork,5
stateoftheart,6
steakporn,3
stefano8bitter,2
stir_or_shake,3
stokedlife77,3
streetphotography,2
style,3
sw3,2
sweetvermouth,7
tagforlikes,3
tattooedhare1,2
teejmachine,3
the.artisanal.alchem,2
theartisanalalchemist,3
thebestbarsclub,6
thespeakeasy,5
thesteepletimes,2
thiago_raia15,3
thirstyscholarnyc,3
thirstythursday,3
thisisroc,1
tipsytuesday,2
touristdestination,2
townhouse,4
trago,5
travel,5
travelportland,3
tunatini,5
twist,5
upstatefood,1
urbanlisted,3
urbanscene,2
ussconstellation,2
valentinesday,3
vardo,2
ventiseigiri,4
vermouth,7
vicenza,2
vieuxcarre,3
vinoattrios,1
vinyl,4
visitroc,1
visitrochester,1
vitoaroma,4
walnutcocktail,5
watd_nq,1
waterfrontrevitalization,2
weddingbar,3
wednesday,3
welcometothesho,4
weselnybar,3
whatsonmelbourne,3
whiskey,15
whiskeyandbarrelnite,5
whiskeycocktail,6
whiskeycocktails,1
whiskeydrinks,3
whiskeylover,1
whiskeyporn,1
whiskeytime,3
whisky,3
whiskycocktail,3
whiskygram,3
whiskylover,1
whiskysour,3
whosthirsty,3
wildturkey,14
winelover,2
work,3
worldtradecenter,2
yummy,3
zengarden,1
летмиспикфроммайхарт,3
лучшиекоктейли,1
ненародалюди,3
カクテル,3
バー,3
バームラーテ,3
ブールヴァルディエ,3
ムラーテ,3
銀座,3
銀座バー,3
