,RowSum
0,1
1,1
2,1
3,1
4,1
5,1
6,1
7,1
8,1
9,1
10,1
11,1
12,1
13,1
14,1
15,1
16,1
17,1
18,1
19,1
20,1
21,1
22,1
23,1
24,1
25,1
26,1
27,1
28,1
29,1
30,1
31,1
32,1
33,1
34,1
35,1
36,1
37,1
38,1
39,1
40,1
41,1
42,1
43,1
44,1
45,1
46,1
47,1
48,1
49,1
50,1
51,1
52,1
53,1
54,1
55,1
56,1
57,1
58,1
59,1
60,1
61,1
62,1
63,1
64,1
65,1
66,1
67,1
68,1
69,1
70,1
71,1
72,1
73,1
74,1
75,1
76,1
77,1
78,1
79,1
80,1
81,1
82,1
83,1
84,1
85,1
613,3
70sfashion,2
9gagcute,3
Null,1
addictive,2
alcoholic,2
alex_dichento,2
allaroundtheworld,21
apnauktv,4
apple,3
bacardi,2
backenistliebe,3
bailey,3
bakingacake,3
baller,2
ballislife,2
banter,2
bants,2
barked,5
beaunicorn,3
beetlatte,2
bestwoof,3
bird,2
bird_brillance,2
bird_captures,2
bird_lovers,2
bird_perfection,2
birdlover,2
birdphotography,2
birds,2
birdwatching,2
blackowndbusiness,2
boices,2
bonescoffee,3
bonescoffeecompany,3
bonescoffeemug,3
booze,2
boozyeggnog,2
boozyicecream,2
bozillaturns2,2
bringlove,21
bucephalaclangula,2
bunandcheese,2
buzzfeedanimals,3
cake,3
cakes🎂,3
canada,2
caribbeandrinks,2
caribbeanfood,2
caribbeanwedding,2
castiron,3
catsofinstagram,3
cattreats,3
cheapchillsicecream,4
cheers,3
christmas,23
christmas2019,2
christmasflavour,2
christmaspeacetime,21
christmastree,21
cinnamon,3
classic,2
cococino,2
coffee,3
cold,21
comfortfood,3
components,2
cookiesandcream,3
coquito,2
cozy,3
cozywinter.s,6
cream,3
cristmasfood,3
custard,2
custardbase,2
cutedog,2
cutepets,2
cutepuppy,2
cutestdogever,2
cutestpuppy,2
danepuppy,1
dankmemes,2
darkrum,2
deafdog,1
deafdogsrock,1
deafgreatdane,1
deagdogrule,1
designerdog,2
dog,2
dogaccessories,2
dogfashion,2
dogfriendly,2
doggo,3
doggomemes,3
doggosbeingdoggos,3
doggosdoingthings,3
doglovers,2
dogoftheday,3
dogs,3
dogshop,2
dogsofinstagram,8
dogsofperth,2
dogstuff,2
dogtreats,3
donutporn,3
donuts,3
doublemerle,1
downtownottawa,3
drinks,5
duck,2
earth,3
earthpix,3
easter,3
eastercat,3
eastercats,3
easterdog,3
easterdogs,3
eatdiirt,3
eategg,3
eggfree,3
egggang,3
egghunt,3
eggless,3
egglesscake,3
eggnog,72
eggnogcoffee,3
eggnogcookies,3
eggnogicecream,2
eggnogthebulldog,10
eggnogtreats,3
eggrolls,3
eggs,3
eggsandwich,3
eggsbenedict,3
eggsbenny,3
eggsnthings,3
eggsoldiers,3
eggtastic_bants,2
eggwhites,3
eggyolk,3
eierlikör,3
ellenratemydog,2
explore,2
explorepage,2
explorepages,2
fanart,3
festivefood,3
festiveseason,2
festivities,2
fitness,3
flavoredcoffee,3
food,5
foodatfirstsight,3
foodbites,3
foodblogeats,6
foodblogger,6
foodblogger_de,3
foodbloggerindia,3
foodbloggerpro,3
foodhk,3
foodie,3
foodieeh,6
foodieehottawa,3
foodlove,3
foodphoto,3
foodphotooftheday,3
foodscience,3
foodtoronto,3
foodtravel,3
foodtrend,3
foodtruck,3
fox,3
foxes,3
freeniggatwerk,2
french,2
frozendesserts,2
frozentreats,2
frühstück,3
funny,2
funnymemes,2
funnyyyyy,2
gaumenschmaus,3
gingerbread,21
glazed,3
glazeddonut,3
gourmand,3
gourmande,3
gourmandgreg,6
greatdane,1
greatdanelovers,1
greatdanes,1
greatdanesofig,1
greatdanesofinsta,1
greatdanesofinstagram,1
groundcoffee,3
gugelhupf,3
haiti,2
haitiandrink,2
haitianfood,2
haitiankremas,2
hgsealofcute,3
hilarious,2
hilariousmemes,2
historiccostume,2
historicfashion,2
holidaygifts,2
houndshq,4
hudsonvalley,2
hudsonvalleychristmas,2
hygge,3
icecream,2
icecreamheaven,2
icecreamman,2
icecreams,2
inspiration,2
instafoodie,3
instalike,2
irishcream,3
irishcreamcoffee,3
irishcreammug,3
islandfood,2
jamaicaindependence,2
jinglewinter,15
joy,21
karibbean_kremas,2
kingstonjamaica,2
kingstonny,2
kitchenversity,3
kitchn,3
kochrezepte,6
kremas,2
laugh,2
lbarkery,8
lbarkerypupsquad,3
lbarkerytreats,3
leckerschmecker,3
lmao,2
lovelulus,3
lovequotes,2
magicmoments,3
makememories,3
makeuptutorial,2
maraswunderland,6
maresca,2
marions.kaffeeklatsc,2
mealsbymiri,3
melbournevegan,3
meme,2
memes,2
memesdaily,2
memoriesoflillysince2009,3
merrychristmas,3
mikemeehangram,1
milk,3
mocha,2
mulledwine,21
murphysballtasticthree,2
myottawa,3
nanere_mrb,3
nature,2
nature_good,2
nature_of_our_world,2
nature_perfection,2
naturelovers,2
naturephotography,2
nutmeg,2
officialcafepacifico,2
ohlalamacarons,3
ottawa,3
ottawa2019,3
ottawabusiness,3
ottawacatering,3
ottawacity,3
ottawaeats,3
ottawaevents,3
ottawafood,3
ottawafoodie,3
ottawafoodies,3
ottawalife,3
ottawaliving,3
ottawaontario,3
ottawaphoto,3
ottawasweets,3
ottawatourism,3
ottawavalley,3
pancake,3
pancakes,3
pancakesunday,3
pandapawsrescue,1
parchemchristina,3
partyfavors,2
pawsup,2
peace,21
peppermint,3
perthpuppies,2
pet,2
petboutique,2
petproducts,2
pie,3
plaid,2
plantbased,3
ponchecrema,5
powerwalk,3
pupper,2
puppicino,2
puppicinos,2
puppies,2
puppiesofig,2
puppiesofinstagram,2
puppiesofperth,2
puppy,2
puppygram,2
puppylife,2
puppylove,5
puppyoftheday,2
pups,2
recetasohlala,3
redwool,2
reindeer,21
renfair,2
rescuedog,1
rescuedogs,1
rescuedogsofinstagram,1
rescuedogsofwashington,1
rescuegreatdanes,1
rompope,2
royalfamilymemes,2
rumcake,2
santa,21
santaclaus,21
saturdaymood,3
saturdaysmiles,3
saturdayvibes,3
scones,3
selfie,21
sipsip,3
skillet,3
skilletpancake,3
slpets,3
smilemore,3
snow,21
snowball,3
snowdays,3
snowdog,3
snowflake,21
snowstorm,21
soccergirls,2
soccerlife,2
soccermom,2
soccerskills,2
spicyvillage,3
sunny,21
sweets,2
sweettreats,2
süßes,3
tags,2
tastycake,3
thebakefeed,3
thebarkedclub,3
theellenshow,5
thefeedfeedbaking,3
thered_boi,3
thrivemags,3
throwbackthursday,2
treats,3
treatsplease,3
truevintage,2
ulstercounty,2
universe,21
us,2
valentinstag,3
vegan,3
veganbreakfast,3
vegancommunity,3
veganfood,3
veganfoodshare,3
veganmealideas,3
veganpancake,3
vegansofaustralia,3
vegansofmelbourne,3
veganstudent,3
vegetarian,3
verycold,21
victoriasecrets,2
vintageplaid,2
voronezh,2
wakeupandmakeup,2
walk,3
wander,6
wanderlust,6
water,3
waterfall,3
wecatertoyou,2
weddingfavors,2
weeklyfluff,3
weratedogs,2
whatveganseat,3
whiskey,2
wholesomememes,2
winteriscoming,2
wintertime,3
witchs_warren,2
woolcloak,2
xmas,21
xmastree,21
youtuber,3
yummy,3
борисоглебск,2
воронеж,2
гоголь,2
природа,2
природароссии,2
птицы,2
птицыроссии,2
утка,2
уткагоголь,2
фотоохота,2
фотоптиц,2
