,RowSum
0,1
1,1
2,1
3,1
4,1
5,1
6,1
7,1
8,1
9,1
10,1
11,1
12,1
13,1
14,1
15,1
16,1
17,1
18,1
19,1
20,1
21,1
22,1
23,1
24,1
25,1
26,1
27,1
28,1
29,1
30,1
31,1
32,1
33,1
34,1
35,1
36,1
37,1
38,1
39,1
40,1
41,1
42,1
43,1
44,1
45,1
46,1
47,1
48,1
49,1
50,1
51,1
52,1
53,1
54,1
55,1
56,1
57,1
58,1
59,1
60,1
61,1
62,1
63,1
64,1
65,1
66,1
67,1
68,1
69,1
70,1
71,1
72,1
73,1
74,1
75,1
76,1
77,1
78,1
79,1
80,1
81,1
82,1
83,1
84,1
85,1
86,1
87,1
88,1
89,1
90,1
91,1
92,1
93,1
94,1
95,1
96,1
97,1
98,1
99,1
100,1
101,1
102,1
103,1
104,1
105,1
106,1
107,1
108,1
109,1
110,1
111,1
112,1
113,1
114,1
115,1
116,1
117,1
118,1
119,1
120,1
121,1
122,1
123,1
124,1
125,1
126,1
127,1
128,1
129,1
130,1
131,1
3yearsoldhair,2
40inchhair,4
allday,8
allnatural,2
alwaysinallways,4
alwayskindaapartygirl,4
amazonbooks,2
applecidervinegar,3
atl,16
atlartists,4
atlhair,30
backtoschool,4
ballout,4
beachwavescurls,7
beastin,9
beautiful,11
beautifulflowyhair,15
beautifulgirls,6
beautifulhair,18
beautifulhairstyles,25
beautyispain,4
beblessed,6
bedhead,3
bessed,2
bestduoever,3
bigrollers,4
blackexcellence,2
blackgirlsrock,2
blessingsonblessings,4
bobhaircut,2
bobs,2
bobsewins,2
bodified,4
body,17
boomeranggonewrongtho,3
boysrocktoo,8
breakstyles,4
butitsfridayeve,3
cayute,4
certifiedbrowartist,4
chungli,4
classiccuts,2
classickid,4
clientselfies,4
coloredhair,2
comegetthespecifics,8
curls,4
cute,3
cuties,3
cuts,2
cuzitswednesday,8
dababy,8
dahell,4
dc,2
deeptreatments,8
doitforyou,4
dontletitrunyou,20
dontletthedayrunyou,11
dontletthedayrunyouletyourhatershate,3
doobies,4
dopehair,19
dothedamnthing,12
downtown,2
downtownlife,4
downtownvibes,65
downtownvibesatl,3
downtownvibesphilly,10
downtownvibez,8
downtownvibin,28
easybreezyhair,5
ehs,4
enjoytheday,14
essence,6
essential,4
excellence,2
extensions,2
extensionsfordays,4
extensionspecialists,7
f,4
facts,4
fatherof4,4
flowup,8
flowyextensions,8
flowyhair,17
flowyhairstyles,8
freshhair,4
friyayvibes,3
fullheadsewins,4
fullweave,4
getemgotemgood,4
getgoodhair,4
gethealthyhair,26
getitdone,4
getoverit,4
getpixied,2
getridofbadends,4
getridofthosebadends,4
getthelook,12
getthelooks,4
getthemovement,4
getthespecifics,67
getupandgetit,4
getupandgetitgang,3
girlsrock,17
girlswithcurls,4
givewhatyouget,4
glow,6
glowup,16
goaldiggers,3
gogetit,4
gogettht,4
goodhair,6
goodmorning,7
goodmornings,4
gorgeoushair,4
gothealthyhair,22
gotthespecifics,32
grandhustler,2
greathairday,15
greathairdaygetthespecifics,2
greathairdays,4
growinghands👐,4
hair,9
haircuts,2
hairgrowth,8
hairinspiration,4
hairislife,3
hairrinse,3
hairspecifics,29
hairspecificshair,22
hairstyles,4
hairstylists,7
hairthatflowsonly,4
hairtip,3
halfheadsewin,3
happy2020,4
happyfriday,4
happymonday,4
haveagoodhairday,3
he,4
healthybackshots,4
healthyhair,22
healthyhairagain,4
healthyhairbenefits,4
healthyhaircare,3
healthyhairgoals,4
healthyhairjourney,4
healthyhairstyles,4
healthyhairtips,4
healthylooks,4
healthyscalpbenefits,3
healthystrandsareamust,12
heavy,2
heresyourshoe,4
herown,2
hesacoolguy,4
hesheavy,4
higharch,4
holidayspecials,4
howeveryoudoit,4
humor,3
humpdayvibes,3
humpdaywednesday,7
humpdaywednesdays,3
hustlehard,3
inchesss,4
ipartieswhenipartytho,4
istillhaveonedayleftbutstill,3
itlovesyouback,3
itshumpdayallday,4
itwillloveyouback,3
justdothis,3
knowthat,4
knowwheretogo,4
la,19
laartists,4
lahair,30
letsgetit,10
letshaveit,4
lindacliattwayman,2
locksandlayers,3
longlastingextensions,4
love,18
lovetheday,3
loveurdamnself,3
loveyourhair,19
loveyourhairstylist,3
lowarch,4
lumpdaywednesday,4
lushhair,3
magicmondays,3
majorfacts,8
makeitcount,4
makeithappen,4
makeshithappentoday,4
maybealilbit,4
mcm,8
mia,15
miaartists,4
miahair,14
miami,6
miamihair,16
microbladedbrows,4
microbladingtrained,4
microshadedbrows,4
microshadingtrained,4
modernhair,3
mood,7
moodforreal,3
moods,3
motivationperiod,4
mtairy,3
mydaddy,4
myheart,4
mylove,4
mymood,3
myrida,4
mysonshine,4
myyoungin,4
naturalhair,3
naturallookingextensions,7
naturallookingextensionsonly,2
newdonewyou,4
nocap,8
nochemicalhair,4
nogirlfriendstilyoure50,4
ny,21
nyartists,4
nyhair,30
ombrebrows,4
onlyifyouhaveto,3
outwithabang,4
payitandpump,3
period,4
periodddddd,4
philliegirls,3
philliehair,3
philliehairstylists,3
philly,25
phillyartists,4
phillyboys,4
phillyfashion,4
phillygirl,5
phillygirls,24
phillyhair,15
phillyhairstyles,7
phillyhairstylist,11
phillyhairstylists,48
phillyhairsylists,4
phillyjawn,6
phillyjawns,16
phillylove,12
phillyphlair,42
phillystylist,2
phillystylists,7
phillyways,8
pixies,2
powderbrows,4
powersundays,4
prettybrows,4
prettygirls,2
prettygirlsrock,7
prettygirlswithcurls,2
protectivehairstyles,4
protectivestyles,4
protectivestylin,4
proudpoppop,4
repunzel,4
riseandgrind,3
rollersets,4
runeveryday,4
runthedamnday,11
runtheday,21
runthis,3
runthisday,4
runyoshit,4
selfiesundayz,4
sewins,6
shakeitoff,4
sheboutthatlonghairlife,4
shesanatural,4
shonitar on Instagra,4
shrinkageisdope,4
sleek,2
sleekandwavy,3
sleekhair,3
sleekponytails,7
sleekstyles,7
softandflowy,4
softhair,12
softpixiecut,2
souptown,8
stillcuteinthemorning,4
straightbrows,4
styleoftheday,4
stylin,4
stylists,4
suchacutie,2
sundayfunday,4
supersaturdays,4
takethat,4
takethattakethat,11
takethattuesdays,8
tedtalks,2
tgif💕,3
thehelp,3
thesierraway,4
thesimplethings,4
thespecifics,4
thestylinglounge,6
thestylinglounge_,175
theweekends,3
throwitoutthursday,3
timeouthairdos,4
tintedbrows,4
travelingstylist,14
treatyourhair,4
tuesdaymotivation,4
turnitup,14
turnuptheglow,3
tyga,4
uptown,13
uptowngirl,2
uptowngirls,5
uptownlove,3
uptownphilly,23
uptownways,130
vibes,3
vibin,3
waves,2
wavesoncurls,3
wavesonwaves,3
wearemagical,4
wednesdayheadache,4
wednesdayhumor,4
weekendvibin,3
wetbutnotwildhair,3
whenthatmoodhit,4
why,4
winterhairstyles,4
worldtraveler,2
younginandnip,4
yourhairwillloveyouback,4
yourstillmybaby,4
yupworksforme,4
