,RowSum
0,1
1,1
2,1
3,1
4,1
5,1
6,1
7,1
8,1
9,1
10,1
11,1
12,1
13,1
14,1
15,1
16,1
17,1
18,1
19,1
20,1
21,1
22,1
23,1
24,1
25,1
26,1
27,1
28,1
29,1
30,1
31,1
32,1
33,1
34,1
35,1
36,1
37,1
38,1
39,1
40,1
41,1
42,1
43,1
44,1
45,1
46,1
47,1
48,1
49,1
50,1
51,1
52,1
53,1
54,1
55,1
56,1
57,1
58,1
59,1
60,1
61,1
62,1
63,1
64,1
65,1
66,1
67,1
68,1
69,1
70,1
71,1
72,1
73,1
74,1
75,1
76,1
77,1
78,1
79,1
80,1
81,1
82,1
83,1
84,1
85,1
86,1
87,1
88,1
89,1
90,1
91,1
92,1
93,1
94,1
95,1
96,1
97,1
98,1
99,1
100,1
101,1
102,1
103,1
104,1
105,1
106,1
107,1
108,1
109,1
110,1
111,1
112,1
113,1
114,1
115,1
116,1
117,1
118,1
119,1
120,1
121,1
122,1
123,1
124,1
125,1
126,1
127,1
128,1
129,1
130,1
131,1
132,1
133,1
134,1
135,1
136,1
137,1
138,1
139,1
140,1
141,1
142,1
143,1
144,1
145,1
146,1
147,1
148,1
149,1
150,1
151,1
152,1
153,1
154,1
155,1
156,1
157,1
158,1
159,1
160,1
161,1
162,1
163,1
164,1
165,1
166,1
167,1
168,1
169,1
170,1
171,1
172,1
173,1
174,1
175,1
176,1
177,1
178,1
179,1
180,1
181,1
182,1
183,1
184,1
185,1
186,1
187,1
188,1
189,1
190,1
191,1
192,1
193,1
194,1
195,1
196,1
197,1
198,1
199,1
200,1
201,1
202,1
203,1
204,1
205,1
206,1
207,1
208,1
209,1
210,1
1969,3
20s,3
24v,3
2500,3
250r,3
3wheeler,3
4by,2
4instraightpipe,3
4wd,2
4wdlife,2
4wheeling,2
4x4,8
5,3
5513,1
6point7,3
Null,3
_hudost,7
aandw,4
accurate_power,3
adam_thorn,1
adamthorn,1
adventure,3
aemelectronics,2
allthingshusky,6
americanforces,3
americanlifted,6
americansoda,4
amsoil,3
animaladdicts,6
animals,1
anylevellift,3
apparel,25
arizona,4
artdailypage,3
artprocess,3
artsketch,3
artwip,3
ashlyncaswell,3
atc,6
atc110,6
atc185s,6
atc200m,3
atc200s,6
atc200x,3
atc250r,3
atc350x,6
atc70,28
atc70honda,25
atc70minired,25
atc90,3
atc_freaks,3
atcbigred,25
atcdecals,25
atv,3
australia,3
automotive,2
azcardinals,6
azepilepsywalk,6
azwalktoendepilepsy,3
b18,2
b2b,1
baby,1
babynoralynn,1
barkley.michael,3
bassett.daily,3
benbowness90,1
beredseered,6
bestwoof,6
bethecheck,1
bettermatters,1
bigblue,4
bigred,133
bigred.2018,6
bigred_1974,3
bigredthetruck,3
bigrire,3
bigwin,3
birthdayboydeacon,4
body,3
bodybuilding,3
bodybuildingmotivation,3
bodyguardbumpers,6
bootyliscous,4
brand,25
breederbuck,4
broncobuddyrc,3
brushless,3
bseries,2
build,6
builtnotbought,2
builttough,2
bush,1
business,3
businesstobusiness,1
buzzfeed,6
buzzfeedanimals,6
ca3,3
camping,2
canadadry,4
canby.avenue.atc.clu,3
canbyave,3
canbyavenueatcclub,6
carlosrodriguez,3
carlyypaige,3
carporn,2
carrie_five_fit,3
carsofinstagram,2
castlerc,3
chad,1
chaparacing,2
characterdoodle,3
charactersketch,3
chevy,3
circlevwhitetails,4
civic,2
classic,3
classicbodybuildermotivation,3
classicbodybuilding,3
classiccar,3
climb_the_thing,2
clothing,25
clothingline,25
cojones,2
cold,1
contactus,3
cornellbirdcams,6
cummin,3
cummins,6
cute,1
daf,3
darkhorsecomics,3
daytonatruckmeet,6
dd,1
ddd,3
decals,25
deleted,3
delivery,3
detroithuskies,6
devinbajoiemua on In,1
devon.behnke,3
diesel,9
diesels,3
digitalsketch,3
dino_aspen,6
disney,4
disneychannel,1
disneychanneledit,1
disneyedit,1
disneyplus,4
dl_vintage_watches,1
dodge,3
dodgecummins,3
dodgelife,3
dodgeram,6
dodgetrucksdieselwatch,3
dog_feature,6
dogfollowers,6
dogsofinstagram,7
doguedebordeaux,1
drawingcharacters,3
drpepper,4
eatfresh,3
eatlocal,3
ebt,1
efilive,3
ek,2
ekhatch,2
endepilepsy,6
endepilepsyaz,3
englishbullterrier,1
entertainment,3
esc,3
estespark,3
existencemedia,2
exploremore,2
exporters,4
f250,6
f4f,1
fabrication,3
fanta,4
fashion,25
fauna,1
fcsrace,2
features4huskies,6
fire,3
fitfam,3
fitspo,3
flames,25
flstuntin,6
followus,3
foodnetwork,3
footblitz,1
ford,6
frankierodriguez,3
frenchmastiff,1
fridaynightfoodtruck,3
fueloffroad,6
fully_clothed4x4,2
fun,1
gabriella,1
galaxygraphx,50
galaxymx,25
garra,2
gdp,3
getem,1
getthatbread,1
ginaporter,3
ginge,1
gla,1
gladiador,2
glxy,25
glxyracing,25
goldenaesthetic,3
goldenerabodybuilding,3
goldenerathletics,3
goldsgym,3
goldsgymvenice,3
goodmorning,1
gotops,4
graphicskit,25
greaterlosangeles,1
greatlakes,4
growem,1
grptires,3
halliburton,3
halliburtoncompany,3
halliburtonindonesia,3
hank,1
hattielu721,4
haulage,3
hawaiianpunch,4
health,3
heavy70s,3
hellboy,3
hellboycomics,3
hellboycosplay,3
highschoolmusical,1
highschoolmusicaledit,1
highschoolmusicalthemusicaltheseries,1
highschoolmusicalthemusicaltheseriesedit,1
history,1
hollandmichigan,4
homegrownkustomz,3
honda,8
hondaatc,6
hondaatv,3
hondabigred,6
hondaline,3
hoodie,25
hooptienation,3
hopeforepilepsy,6
hornblasters,6
hotracingrc,3
hrc,3
hrchonda,3
hsm,4
hsmlatino,1
hsmtmts,8
hsmtmts._.fan,9
hsmtmtsedit,1
humpday🐪,6
huskies_of_instagram,6
huskiesofinstagram,6
huskiesreq,6
husky,6
huskygram,6
huskyhappyworld,6
huskylover,6
huskynation,6
huskyproblems,6
i.think.i.kinda.ya.k,6
ilovelakemichigan,4
injury,2
inlovewithmyhair,4
insta,1
insta4boogie,3
instapost,1
integy,3
itsahuskything,6
j0_k34,2
j_chapa_,2
janna.roma,3
january,1
jbl,3
jeepjku,3
jeeplife,3
jewishdeli,1
joeserafini,3
joshua.b2b,1
joshuabassett,3
joshuatbassett,1
juiice.art,3
julialester,3
kangaroo,1
kawasaki,3
keepem,1
keepgunnin,2
kenwaller,3
kingsofpain,1
ladiesman,3
lakelife,4
lakemichigan,4
lakemichiganeveryday,4
lariat,6
larrysaperstein,4
latincuisine,3
latinfood,3
legend,3
letsgocards,6
leveled,3
life,1
lift,3
liftedtrucks,6
light,3
lighthouses,4
like,1
logistics,3
love,3
m2w,6
macatawa,4
madeinusa,3
makeupartist,1
makeupinspiration,1
makingmoney,1
mambamentality,1
mauifreshstreatery,3
mcdoogle,3
michigan,4
mild2wild,6
mild2wildcustom,6
milkywaychasers,3
minired,25
misseditsomuch,4
mistydenyce,4
mondaymotivation,1
mopargirl,3
moparornocar,3
murdernova,3
muscle,3
museum,3
mxdecals,25
mxgear,25
mygirl,3
nature,1
networking,3
new,25
newlogos,1
neworleansmakeupartist,1
newzealand,3
ninisalazarbowen,3
ninisalazarroberts,3
nitto,3
nittotire,3
nolamakeupartist,1
notdaddysmoney,3
nova,3
officialhuskylovers,6
offraod,25
offroad,8
oilfield,3
oilfieldservices,3
oilfieldtools,3
oiltools,3
oliviarodrigo,3
onetalk,1
outdoors,1
pallet,4
pasion,2
paulnewman,1
paulnewmandaytona,1
plainandsimple,6
platinum,3
powerstroke,6
precisionturbo,2
prolineracing,3
proud,3
puppiesofinsta,1
puppy,1
puremichigan,4
racecar,3
racetruck,3
racing,25
ram,6
ram2500,6
ramawijaya0855,3
ratedrtuned,2
rccar,3
rcltrading,4
rctruck,3
readtofilm,3
red,8
redakasquarebody,4
redbytheshed,3
redd,1
redmakeuplook,1
redredred,4
redsea,6
repost,2
retro,3
retweetus,1
review,3
reyesdeldolor,1
ricky,1
rickyandnini,4
rickybowen,7
ridehonda,3
ridered,3
ridingtransport,3
rilymatthews on Inst,4
rini,4
riverdancer,4
roadtrip,2
robinsonracingproducts,3
rolex,1
rolexsubmariner,1
rolexwrist,1
roofbasket,3
rowdybuiltrigs,6
rubyred,6
rugbychile,2
rugbyfamily,2
rugbylove,2
rusty,3
sanddunes,25
sebmatthewsmith,3
sensored,3
sethrostexasbbq,3
setthepace,1
shebly_vick_561,4
shop,22
siberianhuskiesofinstagram,6
sixpointseven,3
slash4x4,3
sleep,1
sleeper,3
slumericanmade,3
smalltire,3
snow,1
snowdogsofinstagram,6
sofiawylie,3
somosgladiadores,2
sotrue,1
southern_strutin,6
sprite,4
strc,3
streetcar,3
streetoutlaws,3
streetwear,25
summer,3
supercross,25
superduty,6
sweetred,4
tc,3
teamworkmakesthedreamwork,1
the_fit_phoenix12,6
the_yellowjacket_tj,3
thechief,3
thicc,4
threetogo,3
threewheeler,3
timfederle,3
touring,2
trainhorns,6
transport,3
travel,1
traxxas,3
trike,3
triplecautionfab,3
triumph,3
triz,3
troy,1
truck,3
trucking,6
truckporn,6
trucks,6
trucksareforgirls,3
trx70,25
tuned,3
turbo,9
turbodiesel,3
two_stroke_tripod,24
vannuys,1
vbg,1
verizon,1
verizonbusiness,1
verizonwireless,1
vertigocomics,3
victoriahighcountry,2
vintagebodybuilding,3
vintagebodybuildinggear,3
vintagedaytona,1
vintagerolex,1
vintagestyle,1
vzw,1
walktoendepilepsy,6
wallys_rc,3
wallys_rc_speed on I,3
watchaddict,1
watchaddicted,1
watchcollecting,1
watchcollector,1
watchdogs,1
wednesdaywisdom,6
weeklyfluff,6
welding,3
welovetrikes,3
werpacific,1
wheeler,3
wheeliebar,3
wholesale,4
wildlife,1
winter,1
wip,3
wkugameface,4
workout,3
yamaha,3
yischa3,4
yunggmarvl,3
