,RowSum
0,1
1,1
2,1
3,1
4,1
5,1
6,1
7,1
8,1
9,1
10,1
11,1
12,1
13,1
14,1
15,1
16,1
17,1
18,1
19,1
20,1
21,1
22,1
23,1
24,1
25,1
26,1
27,1
28,1
29,1
30,1
31,1
32,1
33,1
34,1
35,1
36,1
37,1
38,1
39,1
40,1
41,1
42,1
43,1
44,1
45,1
46,1
47,1
48,1
49,1
50,1
51,1
52,1
53,1
54,1
55,1
56,1
57,1
58,1
59,1
60,1
61,1
62,1
63,1
64,1
65,1
66,1
67,1
68,1
69,1
70,1
71,1
72,1
73,1
74,1
75,1
76,1
77,1
78,1
79,1
80,1
81,1
82,1
83,1
84,1
85,1
86,1
87,1
88,1
89,1
90,1
91,1
92,1
93,1
94,1
95,1
96,1
97,1
98,1
99,1
100,1
101,1
102,1
103,1
104,1
105,1
106,1
107,1
108,1
109,1
110,1
111,1
112,1
113,1
114,1
115,1
116,1
117,1
118,1
119,1
120,1
121,1
122,1
123,1
124,1
125,1
126,1
127,1
128,1
129,1
130,1
131,1
132,1
133,1
134,1
135,1
136,1
137,1
138,1
139,1
140,1
141,1
142,1
143,1
144,1
145,1
146,1
147,1
148,1
149,1
150,1
151,1
152,1
153,1
154,1
155,1
156,1
157,1
158,1
159,1
160,1
161,1
162,1
163,1
164,1
165,1
166,1
167,1
168,1
169,1
170,1
171,1
172,1
173,1
174,1
175,1
176,1
177,1
178,1
179,1
180,1
181,1
182,1
183,1
184,1
185,1
186,1
187,1
188,1
189,1
190,1
191,1
192,1
193,1
194,1
195,1
196,1
197,1
198,1
199,1
200,1
201,1
202,1
203,1
204,1
205,1
206,1
207,1
208,1
209,1
210,1
211,1
212,1
213,1
214,1
215,1
216,1
217,1
218,1
219,1
220,1
221,1
222,1
223,1
224,1
225,1
226,1
227,1
228,1
229,1
230,1
231,1
232,1
233,1
234,1
235,1
236,1
237,1
238,1
239,1
240,1
241,1
242,1
243,1
244,1
245,1
246,1
247,1
248,1
249,1
250,1
251,1
252,1
253,1
254,1
255,1
256,1
257,1
258,1
259,1
260,1
261,1
262,1
263,1
264,1
265,1
266,1
267,1
268,1
269,1
270,1
271,1
272,1
273,1
274,1
275,1
276,1
277,1
278,1
279,1
280,1
281,1
282,1
283,1
284,1
285,1
286,1
287,1
288,1
289,1
290,1
291,1
292,1
293,1
294,1
295,1
296,1
297,1
298,1
299,1
300,1
301,1
302,1
303,1
304,1
305,1
306,1
307,1
308,1
309,1
310,1
311,1
312,1
313,1
314,1
315,1
316,1
317,1
318,1
319,1
320,1
321,1
322,1
323,1
324,1
325,1
326,1
327,1
328,1
329,1
330,1
331,1
332,1
333,1
334,1
335,1
336,1
337,1
338,1
339,1
340,1
341,1
342,1
343,1
344,1
345,1
346,1
347,1
348,1
349,1
350,1
351,1
352,1
353,1
354,1
355,1
356,1
357,1
358,1
359,1
360,1
361,1
362,1
363,1
364,1
365,1
366,1
367,1
368,1
369,1
370,1
371,1
372,1
373,1
374,1
375,1
376,1
377,1
378,1
379,1
380,1
381,1
382,1
383,1
384,1
385,1
386,1
387,1
388,1
389,1
390,1
391,1
392,1
393,1
394,1
395,1
396,1
397,1
398,1
399,1
400,1
401,1
402,1
403,1
404,1
405,1
406,1
407,1
408,1
409,1
410,1
411,1
412,1
413,1
414,1
415,1
416,1
417,1
418,1
419,1
420,1
421,1
422,1
423,1
424,1
425,1
426,1
427,1
428,1
429,1
430,1
431,1
432,1
433,1
434,1
435,1
436,1
437,1
438,1
439,1
440,1
441,1
442,1
443,1
444,1
445,1
446,1
447,1
448,1
449,1
450,1
451,1
452,1
453,1
454,1
455,1
456,1
457,1
458,1
459,1
460,1
461,1
462,1
463,1
464,1
465,1
466,1
467,1
468,1
469,1
470,1
08whiskycode,8
2020coupleschoiceaward,3
4roses,3
4rosesfriday,3
852,4
864happyhour,3
_awesome__whiskey_,27
_love__whiskey_,23
_proud___whiskey_,27
abicicletaporto,3
aboutdrinksandbars,11
abracadabar,4
abracadabra,4
advancedmixolgy,6
adventuresinsurgery,4
advertising,3
advertisingphotography,2
agedscotch,3
agedwhiskey,3
agency,3
ahhh,3
akaoniizakaya,3
akcjabrokreacja,3
alcohol,26
alleksandar.y.3,3
alligator,4
alternativegirls,3
amateur,4
amazingview,3
americanbar,4
americanclassic,2
americanwhiskey,2
an.drewsm,2
andrew_c07,3
angels,3
angelsenvy,3
anjdrinkstothat,3
apple,3
apricot,3
aquafaba,3
artofdrinks,11
ashotofwhiskey,3
atlutdawaygame,3
auchentoshan,3
avagoodweekend,3
avekbaroc,3
awesome,4
awesomeservice,4
balvenie,4
bar,54
barcrawl,2
barculture,7
barfly_guy,3
barfood,11
barindustry,11
barista,3
barkultur,4
barleywine,3
barleywineislife,3
barlife,11
barman,4
barmasters2020,3
barphotography,11
bars,11
barssg,3
barstaffing,3
barstafflife,3
bartender,51
bartenderlife,25
bartenders,4
bartenders4hire,3
bartendersofinstagram,11
bartenderstyle,4
bartending,18
bartendingservice,3
beer,3
behike56,2
bellybuster,3
bergamot,3
berkeley,1
bestfriends,3
bestindublin,3
bestplacestogo,4
bestwhiskey,3
beverage,5
beveragephotography,2
beverages,2
bhfyp,4
biggiejuice,3
birthday,6
birthdaycelebration,3
birthdaydrinks,6
bistropierreliverpool,3
bistrotpierre,3
bitters,13
blendedwhiskey,2
blockhouse,4
blogger,4
bnlx3,3
bonobo,4
booze,18
boozy,3
boston,3
bourbon,54
bourbonandbeyond,3
bourbonbarrelaged,3
bourboncocktails,6
bourboncountry,3
bourbondrinks,3
bourbonenthusiast,3
bourbonfinds,3
bourbongram,3
bourbonhunting,3
bourbonlover,3
bourbonporn,3
bourbonroom,3
bourbons,3
bourbonsour,6
bourbonsourtwist,3
bourbonsour🥃,3
bourbonsteaknashville,3
bourbonwhiskey,5
bourbonwomen,3
boxwoodssour,2
brandy,6
brie,3
brokreacja,3
bropubkrakow,3
brunette,4
bryonyjadeb,6
bula_cocktails,3
bulleit,3
bulleitbourbon,3
bushmills,3
bushmillsindia,3
bushmillswhiskey,3
butbetter,4
butlerseasy,3
buylocal,4
bws_colourswithkhy,3
bwsinsider,3
bycypress,8
cadillacjunkies,3
caipirinha,2
cakeandcocktails,3
cakeforgrownups,3
caketails,3
caketails_bymissleeo,3
cali,4
california,4
calilife,4
capecod,3
cask111whiskey,3
catandyarn,3
catering,3
cfict,3
chandelier,3
chapter2,3
chattanoogawhiskey,3
cheers,29
cheerstoalcohol,11
cheerstotheweekend,14
cheese,3
cheesecake,3
chef,3
cherry,11
cherrybourbonsour,3
cherrysour,3
cherrywhiskeysour,3
chicago,6
chicagococktails,3
chicplace,3
chilidog,3
chill,3
chipsandqueso,4
chorizo,3
chorizolinguini,3
classiccocktails,14
classicdrinks,4
classics,6
client,3
clove,3
cocacola,3
cocktail,63
cocktail.alchemists,11
cocktailart,14
cocktailbar,28
cocktailculture,13
cocktailgoals,6
cocktailgram,28
cocktailing,11
cocktailinspiration,11
cocktailitymerch,3
cocktaillovers,5
cocktailmenu,3
cocktailmix,2
cocktailoftheday,28
cocktailphoto,11
cocktailpics,3
cocktailporn,14
cocktailqueen,3
cocktailrecipe,4
cocktailrecipes,15
cocktails,99
cocktailscatering,3
cocktailsociety,11
cocktailsofinstagram,20
cocktailssg,3
cocktails🍸,11
cocktails🍹,11
cocktailtime,26
cocktailtime🍸,3
cocktailworld,3
commercial,3
contemporary,4
contemporarybar,4
cool,3
coquetelaria,3
corklessla,6
cosmopolitan,6
coupleofdrinks,3
coupleschoiceaward,3
cozy,3
cracow,3
craftbartender,14
craftbartenders,11
craftcocktail,17
craftcocktailbar,11
craftcocktails,41
craftderbs on Instag,6
craftycocktails,11
cravethe6ix,3
crazy.naz.liquor,3
crazy_nazliquor,3
cursodebartender,6
d4barsnz,4
daaru,3
dasherscornerpub607,6
daydrinking,2
delfim_ribeiro,2
delhi,3
delhibars,3
delhibarsandrestaurants,3
delhiclubs,3
delhicocktails,3
delhigram,3
delhinightlife,3
delicious,10
diageo,3
diageorep,3
dirtymartini,10
discogs,3
disney,4
disneyboardwalk,4
disneygram,4
disneyinsta,4
disneylife,4
disneyphotography,4
disneyworld,4
distillery,2
distillerytour,3
donaldbyrd,3
dranks,10
drink,24
drinkart,11
drinkdeals,3
drinkdivas,3
drinkdrankdrunk,10
drinking,7
drinklover,4
drinkme,3
drinkmix,2
drinkofthedy,10
drinkporn,17
drinkresponsibly,3
drinks,57
drinksagram,11
drinksofinstagram,15
drinksonme,10
drinkspecial,10
drinkspecials,3
drinksphotography,11
drinkstagram,27
drinksup,10
drinkswithfriends,10
drinks🍹,6
drinktime,2
drinkup,12
dripbar,4
dubai,3
dubaimarina,3
dublin,13
dublinbar,6
dublineats,6
duck,3
eatlocal,4
ebenezernightmarkets,3
edinburgh,3
egg,3
eggwhite,3
eggwhitefoam,3
eggwhites,14
ekton_passo,3
elevatedcraft,4
engagementseason,3
england,3
enjoy,3
enjoylife,4
eriklinese,4
espressomartini,6
eventbar,3
events,3
everydaymumbai,3
expatlife,3
fakerobotbartender,4
familytime,3
feebrothersbitters,4
feefoam,4
feelslikehome,3
feierabend,4
ffm,4
figuratively,3
fire,2
fireplaces,2
flappergirl,3
follow,3
followers,11
followforfollowback,11
followtrain,11
food,9
foodandwineireland,4
foodblogger,3
foodgallery,3
foodgasm,3
foodgetaways,6
foodguidehamburg,4
foodie,7
foodiepics,3
foodies,6
foodiesofinstagram,7
foodlovers,3
foodphotography,16
foodpics,3
foodporn,12
foodpornography,3
foodstagram,3
foodstyling,3
forgottencocktails,4
forthegram,3
fourrosesbourbon,3
frankfurt,4
fresh,11
fresno,4
friday,3
fridayevening,4
fridaynight,10
fridaynightdrinks,10
friends,3
fun,3
funk,3
fusion,3
gandt,3
garethbartram.chef,4
garnish,14
garnishgame,3
gastronomy,3
gator,4
gatorbites,4
geheimtipphamburg,4
gentleman,3
gentlemanjack,2
getyourdrinkon,10
ghms,3
giftbaskets,6
gifts,6
gin,14
ginandtonic,9
ginbasilsmash,2
gintonic,3
girlsnight,3
girlsnightout,1
girlstrip,4
glutenfree,3
goa,3
goabeaches,3
gooddrinks,10
goodmusic,3
goodtime,3
goodvibes,3
grain,3
grainfree,3
grandhotelmillenniumsofia,3
greatatmosphere,3
greekyogurt,3
greenbrierwhiskey,3
hair.bykristine,3
hamburg,4
hamburgfoodguide,4
hamburggram,4
handcrafted,2
handmade,2
happy,1
happyfriday,3
happyhour,23
hazelnutcrustedbrie,3
healthy,3
heavendistillery,2
hedrinks,3
heineken,3
hhstye,4
highball,3
highheels,3
hiphop,2
hiphopbeats,2
hkig,4
hobby,4
home,2
homebar,9
homebarawards,3
homebartending,4
homemade,3
honey,3
hongkongwhisky,4
hookup,3
horsham,3
hotdognation,3
hotdogs,5
hottoddy,2
houstonwhiskey,2
howdoyouzingzang,2
hustle,11
iamatraveler,4
iba,3
ictcreatives,3
iebartenders,3
ig,3
ilovewhskey,3
imbibe,21
imbibegram,18
imbibery,11
imbibewithme,11
india,3
instaart,3
instabooze,4
instabourbon,7
instacocktail,11
instadaily,2
instadisney,4
instadisneyworld,4
instadram,3
instadrink,37
instadrinks,4
instago,4
instagood,15
instamood,3
instaphoto,3
instapic,14
instatravel,4
instavive,3
instawhiskey,8
instawhisky,7
interior,3
ipa,3
ireland,13
irishfood,2
irishproducer,2
irishpub,3
irishwhiskey,8
itdontmeanathingifitaintgotthatswing,3
itsmereginald,3
itsmyfridayyaknow,3
itz_yogesh_hiptop_xv,4
iworkonbulleit,3
j_scotch,3
jack,3
jackandcoke,2
jackdaniel,2
jackdaniels,7
jackdanielsdistillery,2
jackdanielshoney,2
jackdanielshoneywhiskey,2
jackdanielstime,2
jackdanielswhiskey,4
jakonrath,3
jam,3
jameson,3
jamesonhosts,4
japanesecocktail,3
japaneserestaurant,3
jazz,3
jemabate,1
jimbeam,3
jjshotdogs,3
jnicholeroberts,3
joanna_boisvert,3
johlinezl,4
jonathan_blanco_8,3
jptroddendistilling,3
justgoodvibes,2
jwmarriottnashville,3
kamikaze,4
kanebrewing,3
keepdrinking,4
kevinmixolot,3
kikakamika,3
kitchenkiss,3
kitchenkiss_photogra,3
knoxville,3
knoxvilledrinks,3
knoxvillewhiskey,3
kraków,3
kris.blooms,4
kymsparty,3
kymspartyhelpers,3
labartenders,3
lafoodie,4
landstreicherbar,7
lauren,4
lawedding,3
leapdaycocktail,4
leapyear,4
leapyear2020,4
leather,3
lecomptoir_delabiere,2
legadowhiskey,3
lemon,11
lemoncurd,3
lemons,6
letmelickyou,3
letsdrink,10
lifestyle,4
lifestyleblogger,4
lifestylemixologist,3
light,3
like,3
like4like,3
lime,3
linguini,3
linkinbio,2
liqpic,18
liquid,3
liquidgold,4
liquor,14
livetalk,2
liveyourcall,3
lmorive,3
local,2
localwhiskey,2
lofi,3
longisland,3
lounge,6
love,3
lovingit,3
lucigrimm,4
lunaticoben,3
lunch,3
luxardococktails,3
luxardoliqour,3
luxardomaraschino,3
luxardomaraschinococktails,3
macallan,3
macallanmblack,3
machupichu,3
madeforyou,6
magicbar,4
maisonscotch,3
maitai,3
majito,3
makeitadouble,4
makersmark,4
malbec,3
malbecfloat,3
manchester,6
manchestercity,3
manchesterdaisy,3
manhattan,3
manhattancocktail,3
marafunk,3
marbl,3
marbltoronto,3
margarita,4
marketing,3
marmalade,5
marodinho72,3
martini,7
me,4
meatsmith_sg,3
meatsmithsg,3
medfordmass,3
meeri76,3
memphis,3
memphisbars,3
mentalissues,3
mexicansweetlime,3
miss_biancasabri,3
misscarii_xo,3
missleeoriginals,3
mistersmith_cgn,4
mixologia,3
mixologist,21
mixologists,11
mixology,44
mixologyart,3
mixologybrasil,3
mixología,3
mobilebar,3
mobilebarservice,3
mocktails,10
modemoreoriginal,3
mogwai702,3
mojito,15
mojitos,2
mojitotime,12
monkeywrenchsmokehou,3
monsieurdrink,3
mood,3
morefunoverthirty,3
moscowmule,3
mrgoodbar,3
mule,4
mumbai,3
mumbaidaily,3
mumbaistagram,3
munich,5
munich.spirits,4
munichdrinks,2
munichgermany,4
munichgirl,2
munichlifestyle,2
munichlove,2
munichnightlife,2
munichnights,2
musiccity,3
mw4lyf,3
mydubai,3
myfavoritecocktail,11
münchen,2
nashville,3
nashvilledrinks,3
nashvilleswhiskey,3
nashvilleweekend,3
negroni,3
nelsonsgreenbrier,6
nelsonswhiskey,3
nevergrowupitsatrap,2
newengland,3
newhobby,4
newlocation,3
newyork,3
newyorksour,3
ngbtw,3
night,3
nightclub,3
nightin,2
nightlife,18
nightout,8
nightoutwithmates,3
nightsky,3
noho,4
northamptonshire,3
novayork,3
nowdrinking,4
nowserving,4
nuggets,4
nysour,11
ocbartenders,3
ocktailgram,10
offtheclockbartender,11
okie_nomad on Instag,4
oldelkbourbon,4
oldfashion,3
oldfashioned,4
oldfashionedcocktail,2
oneeightsix,3
onlocation,3
ontherocks,3
onthespot,3
openbar,5
oporto,3
orange,11
outdoors,3
oxford,3
ozoneskybar,3
pampered,3
panfriesseabass,3
party,12
partylife,3
partyplace,3
partytime,3
pasadenawedding,3
passion,3
pasta,3
peach,3
peachy,3
pear,3
pearcocktail,3
pearjulep,3
pegasus,3
penthouse,3
penthousebar,3
peoplewatching,3
perfectmix,3
perfectpourbar.co,3
peruvian,4
phoenix,3
photographer,3
photooftheday,7
photoshoot,3
picoftheday,3
pier7,3
pikesville,2
pinklady,4
pizza,3
plantbased,4
pnw,11
poland,3
polygon,3
porndrink,3
porto,3
positivevibesonly,4
pourmeanother,2
presentation,3
preserves,3
privatebartendersforhire,3
probiotics,3
productphotography,5
prosecco,3
proudtobelong,3
provisionslab,3
pub,3
pubcrawl,2
radio80000,2
radiosendung,2
raisingmodernco,3
randomactsoffood94 o,3
ratphooey,3
recipe,3
refinedsugarfree,3
refreshing,3
relaxation,3
renchi,3
reopen,3
rest,3
restaurant,6
retro,3
roeandco,3
roeandcocurators01,3
roeandcowhiskey,3
rsimons1,4
ruinbar,6
ruinbardublin,6
rye,2
ryewhiskey,2
s7heaney,3
sage,3
sangria,3
sani0824,4
sarahnewtoit on Inst,3
scalpelsandscotch,4
scarborougheats,3
scotch,15
scotchandsoda,3
scotchwhiskey,3
scotchwhisky,6
scotchyscotchscotch,3
scotland,3
screenwriter,4
seabass,3
seabassandveggies,3
season,11
seattle,11
seedlip,3
shake,3
shakeittillyoumakeit,3
shakennotstirred,4
sherry,11
shot,3
sidecar,3
sideshowpete_,22
signingoff,3
silverstone,3
simple_sample_de,3
simplecocktail,3
singlecask,4
singlemalt,7
skinnymargarita,4
slainte,4
sleep,3
smallbatchdistilling,6
smile,4
smithfield,4
smokedoldfashioned,3
smokehouse,3
sour,9
sourassitant,4
sparkies,3
sparkuppromo,3
specialty,6
spinningfields,6
spinningfieldsmanchester,6
spirits,7
spoilingmyroommate,3
spritzandspice,3
stagedivesandhighfives,2
stamatios_k,3
stayin,2
staytionbarchicago,3
steamedvegetables,3
stevepeskett,3
steveyuen,4
straightrye,2
straightryewhiskey,2
strawberrymargarita,4
strawless,4
studiophotography,2
studiowork,3
sugar,4
sumac,3
summerlovin,3
summertime,3
summervibes,3
surgeonlife,4
sustainable,3
sweet,6
sweetlime,3
swingdancing,3
swizzzlestick,4
talkedintoit,4
talkshow,2
tallinn,3
tarastreet,6
tart,6
tasteissubjective,3
tasteslikechicken,4
tastethesix,3
tastetoronto,3
tasty,3
tb,3
telokayer,3
templebar,6
tendertalks,4
tennessee,6
tennesseehighmaltwhiskey,3
tennesseewhiskey,5
texasmade,2
texaswhiskey,2
tgif,3
the_alchemists,11
the_macanese,3
theartofgettingdrunk,3
thebittergringo,11
theblackrabbitlimeri,3
theblackrabbitlimk,3
thebourboncellar,3
theedison,3
theivy,3
themebar,4
themedbar,4
theuncommondrinker,6
thevaultatmaltby,6
thevintagebasket,6
thirst,2
thirsty,2
thirstyaf,3
throwbackthursday,3
thursday,2
thursdaythroughsunday,6
tn,3
tnwhiskey,3
tnwhiskeytrail,3
toocoolforschool,4
toronto,3
torontobarblogger,6
torontofood,3
travel,6
travelersresthere,3
travelgram,4
trendingcocktails,3
tullamoredew,3
tw50bc,3
twistonaclassic,3
typischhamburch,4
uisgebeatha.love,3
uk,3
unique,6
uplandwedding,3
vaporg1rl,3
vegan,4
victoria_spirit_anim,3
vintage,3
vintagegarden18,2
vinylcollection,3
visit_hamburg,4
visitdublin,3
vodka,10
vodkatonic,3
vupenthouse,3
vuthere,3
växtbaserat,4
waltdisneyworld,4
wanderlust,4
wannabebarman,4
warm,3
warsaw,3
warszawa,3
wdw,4
wdwannualpassholder,4
wdwap,4
weddingbartenders,3
weddingcocktails,3
weddingideas,3
weddingindustry,3
weddings,3
weddingseason,3
weddingtasting,3
weekend,9
weekendtrip,3
weekendvibes,7
weeklywhiskeywednesday,2
wendyatmarco on Inst,3
westveleteren12,3
whiksygram,4
whiskey,142
whiskey.behavior,3
whiskey.j.holloway,4
whiskey_bourbon_babe,3
whiskeyagogo,26
whiskeybar,41
whiskeybarrel,43
whiskeybusiness,40
whiskeycake,6
whiskeycavalier,3
whiskeycocktail,7
whiskeycocktails,20
whiskeycollection,10
whiskeydrinker,10
whiskeydrinks,3
whiskeygirl,78
whiskeygirlgang,3
whiskeygirls,12
whiskeyglasses,3
whiskeygram,48
whiskeyinthejar,33
whiskeylife,25
whiskeylifey,3
whiskeylove,38
whiskeylover,80
whiskeylovers,42
whiskeymyers,62
whiskeyneat,8
whiskeynight,4
whiskeynorth,4
whiskeyontherocks,3
whiskeyporn,61
whiskeyriver,25
whiskeyrow,22
whiskeys,63
whiskeyshots,6
whiskeysour,398
whiskeysourmousse,3
whiskeysours,13
whiskeysourtime,3
whiskeysour🥃,3
whiskeytasting,69
whiskeytastings,3
whiskeytime,56
whiskeytown,32
whiskeytribe,3
whiskeywednesday,52
whiskeywoman,3
whisky,13
whisky_droid,4
whiskybar,3
whiskygirl,4
whiskygram,3
whiskyhk,4
whiskylife,3
whiskylove,3
whiskylover,8
whiskyporn,7
whiskytasting,3
whiskytime,6
whitechocolateandbaileyscheesecake,3
whitechocolatecheesecake,3
whitewhiskey,11
wholefoods,3
whyamialwayshungry,3
wichita,3
wine,9
winecask,3
winelovers,6
winter,3
wintercocktails,11
wirsindallelandstreicher,2
withmylove,3
writerslife,4
wtftoronto,3
yeahthatgreenville,3
yeahthattr,3
yellow,3
yellowcocktail,3
yellowrose,2
yellowrosetastingroo,2
yelp,3
yelpelite,3
yelpgta,3
yum,10
yummy,3
yyz,3
yyzeats,3
zingzang,2
zingzangmix,4
zingzangsweetandsourmix,2
éire,4
お酒,3
お酒好きな人と繋がりたい,3
ウイスキー,3
ウイスキーボトル,3
ウイスキー初心者,3
ウイスキー大好き,3
ウイスキー好きな人と繋がりたい,3
ウイスキー愛好家,3
シングルモルトウイスキー,3
スコッチウイスキー,3
ラム酒,3
威士忌,4
