,RowSum
0,1
1,1
2,1
3,1
4,1
5,1
6,1
7,1
8,1
9,1
10,1
11,1
12,1
13,1
14,1
15,1
16,1
17,1
18,1
19,1
20,1
21,1
22,1
23,1
24,1
25,1
26,1
27,1
28,1
29,1
30,1
31,1
32,1
33,1
34,1
35,1
36,1
37,1
38,1
39,1
40,1
41,1
42,1
312food,2
7thjapanesebar,2
alanbennett338,2
allday,2
alldayeveryday,2
allfacts,14
almostthere,2
alresford,2
alwayshungrychi,2
amazingfacts,2
amitiredoremotional,2
asiancuisine,2
asianfood,2
bar,4
beautiful_reflection,2
beer,2
birthday,2
bloodymary,38
bloodymarylover,2
bloodymaryobsessed,4
bloodymarys,4
bloodymarytime,4
bloodys,2
boston,2
bostonblogger,2
bostonbloodies,2
bostonbloody,2
bostonbloodymary,2
bostonbloodys,2
bostonbrunch,2
bostonbruncher,2
bostonfoodie,2
bostonfoodreview,2
bostonrestaurants,2
bottomsupmumbai,2
bratayleyfacts,2
breakfast,2
breakfastinbread,2
brunch,4
bruncher,2
brunchfaced,2
brunchgoals,2
buildyourownbloodymarybar,2
canalside,2
celebration,2
chef,2
chicago,2
chicagobucketlist,2
chicagofood,2
chicagofoodauthority,2
chicagofoodie,2
chigram,2
chinchinchu,2
chinchinchumumbai,2
chitown,2
cleaner19null4,2
cocktail,2
cocktaillovers,2
cocktailporn,2
cocktailreview,2
cocktails,2
cocktailspecials,2
coffee_k.h.u,2
coolfacts,2
craftcocktails,2
craftspirits,2
creepyfacts,2
cryinginacornerrightnow,2
cuban,2
daily,2
dasaugetrinktmit,2
dekoration,2
destination,2
didyouknow,14
dontmissout,2
drink,2
drinkoftheday,2
drinks,4
drinkspiration,2
drinksporn,2
easyjet,2
eatlocal,2
eatlondon,2
eggs,2
epicurean,2
fact,14
fact4gyan,2
fact4gyan on Instagr,2
facts,14
factsdaily,14
factskpop,14
factsoflife,14
facts💯,14
facts💯💯💯💯💯💯💯💯💯,14
factz,14
factzoflife,14
feedfeedcocktails,2
feelingallthefeelstoday,2
food,2
foodblogger,2
foodforfoodies,2
foodie,4
foodofinstagram,2
foodreview,2
france,2
france🇫🇷,2
friday,4
fridaymood,2
fridaymotivation,2
fridayvibes,4
funfacts,14
gaga_fanofficial on ,2
grapemojito,2
hackney,2
hairofthedog,2
halftime,2
hampshire,2
healthyfood,2
infatuationchi,2
instadrink,2
instafacts,14
interestingfacts,14
jacquesmariemage,2
jiawei_jiang17,2
knowledgeable,2
knowledgeispower,14
kpopfact,14
ladieswholunch,2
liquor,2
localproduce,2
location,2
longweekend,2
lovefood,2
lunch,4
marcussim,2
midwest,2
mixologia,2
mixologist,2
mixology,2
mocktails,2
montpellier,2
montpellier🇫🇷,2
mumbainightlife,2
mysteriousfacts,14
nomnomnom,2
nycstyle,2
oldfashion,2
oldfashioned,2
olives,2
pickle,2
psychologyfacts,2
scaryfact,2
schoolboyfrench,2
sciencefacts,2
sharethelove,2
smokedsalmon,2
so.happy.i.could.gag,2
sourdough,2
talisker,2
tgif,2
thebargehouse,2
thepicklehouse,2
therealfactss,12
thewoolpackinn,2
titosvodka,2
travelbroadensthemind,2
truefacts,14
weekend,2
weekendbreak,2
weekendvibes,2
weirdfacts,14
whisky,4
whitelady,2
winchester,2
wine,2
workinglunch,2
wtffacts,14
yelpchicago,2
威佬,2
艾雷島破冰船,2
蘋果森林,2
香菜bloodymary,2
갬성,2
블러디메리,2
숙희바,2
올드패션드,2
위숙희,2
위스키,2
을지로,2
