,RowSum
0,1
1,1
2,1
3,1
4,1
5,1
6,1
7,1
8,1
9,1
10,1
11,1
12,1
13,1
14,1
15,1
16,1
17,1
18,1
19,1
20,1
21,1
22,1
23,1
24,1
25,1
26,1
27,1
28,1
29,1
30,1
31,1
32,1
33,1
34,1
35,1
36,1
37,1
38,1
39,1
40,1
41,1
42,1
43,1
44,1
45,1
46,1
47,1
48,1
49,1
50,1
51,1
52,1
53,1
54,1
55,1
56,1
57,1
58,1
59,1
60,1
61,1
62,1
63,1
64,1
65,1
66,1
67,1
68,1
69,1
70,1
71,1
72,1
73,1
74,1
75,1
76,1
77,1
78,1
79,1
80,1
81,1
82,1
83,1
84,1
85,1
86,1
87,1
88,1
89,1
90,1
91,1
92,1
93,1
94,1
95,1
96,1
97,1
98,1
99,1
100,1
101,1
102,1
103,1
104,1
105,1
106,1
107,1
108,1
109,1
110,1
111,1
112,1
113,1
114,1
115,1
116,1
117,1
118,1
119,1
120,1
121,1
122,1
123,1
124,1
125,1
126,1
127,1
128,1
129,1
130,1
131,1
132,1
133,1
134,1
135,1
136,1
137,1
138,1
139,1
140,1
141,1
142,1
143,1
144,1
145,1
146,1
147,1
148,1
149,1
150,1
151,1
152,1
153,1
154,1
155,1
156,1
157,1
158,1
159,1
160,1
161,1
162,1
163,1
164,1
165,1
166,1
167,1
168,1
169,1
170,1
171,1
172,1
173,1
174,1
175,1
176,1
177,1
178,1
179,1
180,1
181,1
182,1
183,1
10newsmelbourne,3
1800s,3
24hrbrowsetter,10
24k,3
49ers,12
8,11
a,11
abandoned,3
acting,3
actors,3
actorslife,3
adventure,7
affixedto24kgold,3
alaska,5
alaskancruise,2
alessandro_di_candia,3
amazing,2
anillos,3
animalassistedtherapy,2
animaltherapy,2
anxiety,2
archeology,5
archery,5
arizona,5
arrowhead,5
art,8
artifacts,5
asobinaija,6
assets,11
astonmartin,2
au,3
aussie,2
aussieimages,3
aussiephotos,3
authentic,2
baby.toffee.teddy.be,3
backgroundactors,3
badgalbang,10
ballarat,3
bangbang,5
bar,3
bargoldrush2012,3
bayareamakeupartist,5
bc,3
beautiful,3
beautyannag,11
believeingold,3
benefitbrows,5
benefitcosmetics,10
beoneofus,3
bequiaeasterweekend2020,2
beverage,2
big,2
bigpeninsulatunnel,3
blackbarnfarmtherapy,2
blackclaw,3
blackhills,7
blackhillsgoldpanning,7
blackwork,3
blockchain,11
bluesky,3
bmw,2
boiing,10
booknow,3
bourbon,2
bright,3
britishcolumbia,4
btc,11
buildwealth,11
bwabbf,2
caliest on Instagram,4
california,13
callofthewild,3
camppros,3
canada,4
canadasonlydesert,3
cashgold,11
castaway,2
centreathletics,4
cercatoridoro,3
certified,2
cheekleaders,10
chiefs,5
chiefscheerleaders,5
chinese,3
chinesehistory,3
cityoffairview,3
clearwater,3
coffeeinthemourning_,3
columbiaca,3
compradeoro,3
comprooro,3
coronavírus,3
costamesa,3
covid19,3
cryptocurrency,11
customizedjewelry,6
dallaswear,10
dallaswearslays,5
dancers,5
danielledentoniartis,5
danishdesign,2
daretobedifferent,3
darrenwirth,3
david_a_prince,2
dembequiaboys,2
depechemode,3
desert,5
design,2
diamanti,3
diamonds,6
dirtygold,4
dubai,11
dubaigold,8
earings,6
engagementrings,6
epidemia,3
epidemiology,3
ericfloresfitness,6
eth,11
ev,2
expensive,2
exploreaustralia,3
explorebc,3
explorevictoria,3
faithful,5
farmlife,2
farmwifereads,3
fashion,3
ferrari,2
firstnations,4
fisker,2
fiskerkarma,2
fiskerkarmaglobalfan,2
fnwarm,4
follow_me,3
football,10
for.the.wild,3
foreverstable,3
foreverstrong,3
forthewild,4
fresh_jcutz,3
friendswithbenefit,10
fthayschuckwagon,7
fun,3
geno_gotti2,3
genuine,2
geology,3
germany,13
ghosttown,3
giant,2
gioielli,3
girlscoutcamp,3
girlscouts,3
glamsquad,5
gold,40
goldcountry,3
golden,11
goldfever,13
goldhunter,3
goldisking,3
goldjewelry,2
goldmine,4
goldmining,20
goldmuseum,3
goldnugget,5
goldnuggets,16
goldpan,7
goldpanning,23
goldpanningbc,3
goldpannnig,3
goldpendant,2
goldprospecting,26
goldring,2
goldrush,135
goldrushcheerleaders,5
goldrushmakeupartist,5
goldrushmitch,5
goldrushtattoo,3
goldrushtv,6
goldtown,3
goldtrails,3
grancanyon,3
green,2
greenvehicle,2
gshh,3
gsoutdoors,3
gsusa,3
hairandmakeup,5
hairstylist,5
handmade,3
happy,3
haraldseiz,11
harrisonford,3
hb,3
hesperiapawn,2
hightea,3
hills,3
historic,3
historicinn,3
history,3
hollywood,3
hoola,10
hope,2
hudsonvalley,3
huge,2
huntingtonbeach,3
ie,3
igdaily,3
indigenous,7
indigenouscanada,4
indigenousrising,4
instagold,3
instagolden,3
inthefield,4
invest,2
italiangold,6
itsonlyrightent,2
jacindamack,4
jacklondon,3
jarredlwebb,3
jewelry,9
jewelrydesigner,2
jewelrymaking,2
joyas,3
joyeria,3
juice,2
junkfood,3
justtransition,4
jwett_promotion,2
kabrow,5
karat,11
karatbars,11
karatbarsinternational,11
karma,2
kbc,11
keepmoving,2
kevingarrigus,3
kootenaylife,3
la,3
lafebbredelloro,3
lagosfashion,6
lamborghini,2
landscape,3
legacy,11
levistadium,5
licsw,2
linkinbio,3
live10for2,3
longexposure,3
losangeles,3
love,5
luxury,8
luxuryacesssories,6
luxuryz_world,5
madeintheusa,5
mahopac,3
manmade,3
mansbestfriend,3
marcelladeville on I,3
marcjacksontattoo,6
maserati,2
me,2
melbourne,3
memories,3
mentalhealth,2
mentalhealthawareness,2
mentalwellness,2
mercedes,2
metaldetecting,5
miami,5
millionaire,11
miner,9
mineralexploration,3
minerals,3
mining,14
miningreform,4
mompreneur,11
monicabeets,5
mountainlife,3
museum,5
mustang,2
mytuolumnecounty,3
naijasytle,6
native,3
nativeamerican,3
nature,7
necklaces,6
nevada,3
newdigitalcurrency,3
newport,3
newportbeach,3
nfcchampions,5
nfl,5
nflcheerleaders,5
nigeriabrides,6
nigeriawedding,6
nikonaustralia,3
ninergang,5
ninernation,5
nofilter,3
nuggets,4
nuggetsbygrant,2
nuggetsbygrant on In,2
nuxalk,4
okanoganlife,3
oldtimegold,3
oneofakind,2
onlinemarketing,11
orangecounty,3
oro,3
outdoor,3
overcome,2
pan,7
panning,7
payingyourdues,3
peace,2
peemaks_jeweler,9
petrocanada,2
picker,3
pickers,4
pioneerpauly,20
placer_county_gold_m,3
placercounty,2
planetfpv,2
plata,3
platinum,6
plushies,3
policyoftruth,3
pomade,3
porcupinecreekfan,5
porefessional,10
porsche,2
preciselymybrowpencil,10
procheer,5
procheerleaders,5
prodance,5
prospecting,12
prospectors,3
prospectorspomade,6
puregold,6
puregoldinlagos,6
qualcheannofa,3
rapidcity,4
rare,2
rattlesnakerandy,7
rattlesnakerandy1,10
realdamndeal,3
realestate,2
rebate,2
regram,10
regrann,2
relationshipgoals,3
resilience,2
responsiblemining,4
rings,6
river,6
rockhillcamp,3
rockhillcamp.gshh,3
sacramento,2
sanfrancisco,5
sanjosemakeupartist,5
sanjosemua,5
sarahjane_5989,3
sbliv,5
scenic,3
secwepemc,4
sf,5
sfgoldrush,5
sfmakeupartist,5
sfmua,5
silver,6
sluicebox,7
sluicing,7
smallscaleminers,3
snow,4
sonora,3
sonoraca,3
sonorainn,3
southdakota,4
sovereignhill,9
sovereignhillballarat,3
special,2
startingfromthebottom,3
statepark,3
stockexchange,11
stockmarket,11
stone,5
style,3
summercamp,3
sundayfunday,5
superbowl,5
superbowlliv,5
sxe,3
tamacibo,3
tat,3
tattoo,3
tattooart,3
tattooartist,3
tattooer,3
tattooing,3
tattoooftheday,3
tattoosnob,3
tbt,5
teddy,3
tha_fugitive,2
the_hill_house_at_cl,3
thebay,5
therapist,2
therapy,2
theresonlyonedallaswear,5
thesonorainn,3
thestoryliveson,3
thingstodo,7
throwback,5
throwbackthursday,8
tier,11
tier1,11
tlingit,3
touristattraction,3
travel,3
travelcalifornia,3
traveltips,3
treasure,5
tribaltrust,4
true_north_adventure,3
tunnel,3
tuolumnecounty,3
undrip,4
usa,2
victoria,3
violator,3
virus,3
visitballarat,3
visitmelbourne,3
walkin,3
walkintattoo,3
wealth,11
wealthbuilder,11
wearegolden,11
weddingjewelry,6
wednesday,2
wellness,2
westchestermoms,3
workonline,11
wristwatches,6
xmarcxiex,3
yarraranges,3
yarravalley,3
ygbhybridcurrency,3
youtube,5
zen,3
うずら,3
うまうま,3
おしゃれ,3
ちょいツマ,3
カクテル,3
ゴールドラッシュ,3
ダーツ,3
ハイボール,3
ハンバーグ,3
バー,3
バーボン,3
パスタ,3
ピザ,3
始発待ち,3
安い,3
居心地いい,3
日曜営業,3
暗め,3
月曜定休,3
朝まで,3
栄,3
翌6時まで,3
貸切,3
錦,3
錦3,3
錦barトライアルパスポート,3
駅近,3
💎,3
💎💎💎,3
💰,3
💰💰,3
