,RowSum
0,1
1,1
2,1
3,1
4,1
5,1
6,1
7,1
8,1
9,1
10,1
11,1
12,1
13,1
14,1
15,1
16,1
17,1
_srna_z_vysokeho_les,1
art,1
arts,1
asiandrama,1
bar,1
beer,1
blogger,1
bloodyroman,16
bloodyromance,1
bloodyromance2018,1
brew,1
brunch,1
brunchstagram,1
burger,1
chickenbreastonly,1
chinesedrama2018,1
chinesedramas,1
chineseforeveryone,1
cocktailrecipe,1
czechhistory,1
czechplace,1
delicious,1
dreads,1
drinks,1
dude,1
evening,12
foodie,1
foodiepic,1
fridayfeeling,1
fridayfun,1
friyay,1
gooddrinks,1
grafittiart,1
history,1
instagood,1
kafickujem,1
krvavyroman,1
lit,1
litomysl,1
liuguang,1
liyitong,1
lunch,1
lunchtime,1
motherandson,1
mrowl,1
mrowlhq,1
myvoice2118,1
oběd,1
ostbloodyromance,1
poesie,1
quchuxiao,1
romanmuramyev,13
saintpetersburg,12
share,1
sharemrowl,1
skolniatlas,1
summer,12
summertime,12
sunnyday,1
tattoogirl,1
tips,1
vachal,1
vsco,11
vscorussia,11
walk,1
wall,1
weekend,1
work,1
yi,1
биржастартапов,1
большойлебовски,1
вашечувачество,1
гдеденьгилебовски,1
коверзадаетстиль,1
модный,1
питер,12
санктпетербург,12
собакаru,1
съемки,1
топ50собака,1
