,RowSum
0,1
1,1
2,1
3,1
4,1
5,1
6,1
7,1
8,1
9,1
10,1
11,1
12,1
13,1
14,1
617emily,1
applebrandy,1
applemaloney,1
autumnal,1
blueberrycobbler,1
bridgetshanahan on I,1
charcuterie,1
classiccocktails,1
cocktail,1
cocktailcrafty,1
cocktails,1
coldweatherdrinks,1
craftdrinks,2
deannster,1
drinkcraft,1
drinkdrinkdrink,1
drinklocally,1
drinksandink,1
drinksondrinks,1
drinkstagram,1
drinkstime,1
drinktheworld,1
drinkthis,1
es_mau,1
fallcocktails,1
fallcocktailtasting,1
falldrinks,1
fallspices,1
feedfeed,1
fiftyshadesofgin,1
gettingintheholidayspirit,1
goodnight,1
handcuffs,1
happythanksgiving,1
heathmancocktails,1
homemadecocktails,1
hotdrinks,1
hottoddy,4
hottoddyseason,1
ilikeitaloddy,1
imbibe,1
indaleciolantis,1
instadrink,1
instadrinks,1
irizarryjr.cesar,2
itssunday,1
jroxhan,1
kalamazoo,1
kevin_fager,1
lairdsapplejack,1
lemonandhoney,1
liqpic,1
liquor,2
liquorgram,1
longislandcocktails,1
luxelocal,1
makesmefeelnoddy,1
maplesyrup,1
msp,1
mspwmain,1
newfavoritedrink,1
nobananas,1
paperstraw,1
pdx,1
persimmonspiceddaiquiri,1
photography,2
productphotography,1
pumpkin,3
pumpkinapplehottoddy,1
pumpkinappletoddy,1
pumpkincocktail,2
pumpkincocktails,2
pumpkindrinks,1
pumpkintoddy,14
rittenhouserye,1
ryewhiskey,3
smokedolivemartini,1
sorethroat,1
sorethroatremedy,1
thanksgiving,1
thanksgiving2019,1
thanksgivingcocktails,1
thanksgivingdrinks,1
thecraftycask,1
thelastbartender,1
thirstythursday,1
tipplernation,1
toddies,1
turkeydayisaweekaway,1
warmcocktails,1
warmdrinks,1
whiskeycocktail,1
whiskeycocktails,1
wilmingtonnc,2
winteriscoming,1
yummy,1
