,RowSum
0,1
1,1
2,1
3,1
4,1
5,1
6,1
7,1
8,1
9,1
10,1
11,1
12,1
13,1
14,1
15,1
16,1
17,1
18,1
19,1
20,1
21,1
22,1
23,1
24,1
25,1
26,1
27,1
28,1
29,1
30,1
31,1
32,1
33,1
34,1
35,1
36,1
37,1
38,1
39,1
40,1
41,1
42,1
43,1
44,1
2020,2
2월마지막여행,2
70번째해외여행,2
amico_july,2
anjaliacr,2
bar,4
bay,2
beyourwildest,2
bigbaby,2
bitnippy,2
bitterclub,2
blue,2
bluehair,2
blues,2
break,2
bugis,2
caolila,2
champagnetastelemonadeincome,2
cheers,3
chigirlintown,2
city,2
citytrip,2
cjd_mika,4
clairedyce,2
cocktail,6
cocktailillustration,2
cocktails,7
colette.makambila on,2
crewlife,2
cyberjapan,4
daily,2
dayoff,2
drinkillustration,2
drinks,2
explore,2
exploreasia,2
exploringsingapore,2
financier,2
foodillustration,2
foreversummer,2
fountain,2
freshweek,2
fridayhappyhour,1
gardensbythebay,4
hannnnahjayneee,2
happyhour,2
henricharpentier,2
hilton_fraser007,2
holidays,2
icon,2
illustratedcocktail,2
illustration,2
illustrationnow,2
inkandwash,2
inksketch,2
inktober,2
inktober2019,2
inktoberprompts,2
inspiring_watercolor,2
inspiringwatercolors,2
instadiscovery,2
instaexploration,2
instatraveller,2
islaybarley,2
j__bushclover on Ins,1
jalansultan,2
jomtimw,2
justgottodoit,2
kimhh83,2
latergram,2
lb,2
leannenortham,2
lechina,2
lfl,2
life,2
lifewelltravelled,2
longbar,10
look,2
louisa_anna,2
love,2
lynn.wuu,2
marek.jaworski,2
marinabay,2
marinabaysands,5
mermaid,2
mondays,2
monika.jaworski,2
mood,2
morrisonandmackay,2
newweek,2
nightlife,2
nightview,1
ootd,2
paris,2
peanuts,4
penandwash,2
pendrawing,2
pensketch,2
photography,1
portcharlotte,2
portrait,1
r3darmy on Instagram,2
raffles,14
raffleshotel,14
raffleslongbar,2
repostplus,2
restaurant,2
rooftopbar,2
schedule,2
science_kat,1
shotoniphone,1
singapore,17
singaporean,2
singaporefood,2
singaporesling,42
singaporeslingfinancier,2
singapore🇸🇬,2
sky57bar,1
skypark,1
sunset,2
talisker,2
tb,2
tokyowhyskylibrary,2
tradition,2
travel,11
traveler_daewon,2
tri5001,2
trip,2
vacation,2
vacay,2
valetnight,2
view,2
views,2
visitasia,2
visitsingapore,2
vivivacolors,2
vivivacolorsheets,2
vivivainktober,2
vscocam,1
water,2
watercolor_daily,2
watercolor_gallery,2
watercolor_guide,2
watercolorfood,2
watercolorillustration,2
watercoloring,2
watercolorist,2
watercolorpainting,2
watercolorsketch,2
watercolours,2
whisky,2
workworkwork,2
お土産におすすめ,2
アンリシャルパンティエ,2
ウイスキー好き,2
カクテル,1
サイバージャパン,4
シンガポール,3
シンガポールスリング,3
シンガポールスリングフィナンシェ,2
スカイ57バー,1
スカイパーク,1
バー,1
フィナンシェ,2
マリーナベイサンズ,1
メニュー,2
ロック,2
写真,1
写真好きな人と繋がりたい,1
分厚い,2
夜景,1
好き嫌い分かれると思うけど,2
新加坡,1
旅の思い出,1
旅游,1
旅行,1
旅行好きな人と繋がりたい,1
本,2
東京ウイスキーライブラリー,2
楽しい時間,2
激ウマ,2
私のお気に入り,2
私は好き,2
絶対,2
表参道,2
途中,2
싱가포르,1
여행스타그램,3
여행에미치다,2
외국인,2
주말엔,2
