,RowSum
0,1
1,1
2,1
3,1
4,1
5,1
6,1
7,1
8,1
9,1
10,1
11,1
12,1
13,1
14,1
15,1
16,1
17,1
18,1
19,1
20,1
21,1
22,1
23,1
24,1
25,1
26,1
27,1
28,1
29,1
30,1
31,1
32,1
33,1
34,1
35,1
36,1
37,1
38,1
39,1
40,1
41,1
42,1
43,1
44,1
45,1
46,1
47,1
48,1
49,1
50,1
51,1
52,1
53,1
54,1
55,1
56,1
57,1
58,1
59,1
60,1
61,1
62,1
63,1
64,1
65,1
66,1
67,1
68,1
69,1
70,1
71,1
72,1
73,1
74,1
75,1
76,1
77,1
78,1
79,1
80,1
81,1
82,1
83,1
84,1
85,1
86,1
87,1
88,1
89,1
90,1
91,1
92,1
93,1
94,1
95,1
96,1
97,1
98,1
99,1
100,1
101,1
102,1
103,1
104,1
105,1
106,1
107,1
108,1
109,1
110,1
111,1
112,1
113,1
114,1
115,1
116,1
117,1
118,1
119,1
120,1
121,1
122,1
123,1
124,1
125,1
126,1
127,1
128,1
129,1
130,1
131,1
132,1
133,1
134,1
135,1
136,1
137,1
138,1
139,1
140,1
1stracing,2
2018triplecrown,4
410,4
41stdistrict,3
41stdistrictstrong,3
Null,9
acrylicpainting,5
addiction,2
addictioncounseling,1
addictionrecovery,1
advocacy,3
aldenarmy,3
alldressedup,4
amazonfashion,4
amazoninfluencer,4
andreamckoy.art,4
art,19
artist,11
artistoninstagram,9
artistsoninstagram,2
artiststudio,2
arturorios,6
ascot,4
asmussen,2
awarenessandaction,2
babe,4
balt123,4
baltamour,4
baltigram,4
baltimore,18
baltimorejewishcouncil,3
beautiful,2
belairmd,4
belmont,41
belmontstakes,10
belmontstyle,4
bespoke,4
bestofharford,4
betterbaltimore,3
bighats,4
bigred,3
bigredmachine,3
bingo,2
bjc,3
blackandwhite,10
blackeyedsusan,2
blackeyedsusanday,4
blackjack,2
bloggerstyle,4
bmore,4
bmoredaily,4
bmorememedealer on I,2
bobbaffert,4
boutiques,4
bowtie,3
brand,10
brandidentity,10
branding,10
breederscup,27
breighannjudon,4
breyer,2
breyercustom,2
breyerrare,2
breyertraditional,2
buyitnow,4
camhatsnyc,6
carnations,2
cashasmussen,2
cashasmussenequine,2
casinos,2
chachashouse,3
champion,9
champsofthetrack,4
character,10
characterny,10
churchderbyhats,9
churchhats,8
churchhilldowns,3
churchilldowns,21
classychic,3
classyfashion,3
classywomen,3
cogic,5
colt,9
couture,5
couturemillinery,2
creative,10
crismascort.design,10
crown,3
custombreyer,2
customcollaboration,3
dandy,3
daniellek1234579,2
dapper,4
dashrycreations,4
day50,3
delmar,6
derby,10
derby2020,3
derbycitycouture,45
derbyeverydamnday,3
derbyfashion,3
derbyhat,25
derbyhats,13
derbyrevival,3
derbystyle,3
design,10
designer,13
designerinspired,3
designing,10
designstudio,10
digitalart,9
digitalartist,9
discovercharmcity,4
discoveryourbest,3
drakesdiary,3
drakesties,3
dreamer,2
dreamerhorsemovie,2
dreamworks,2
dresses,4
dressforsuccess,3
dubaiworldcup,3
easterdress,4
easterhat,3
elyssanastalski,4
equestrian,6
equineart,3
event,4
events,3
everywomanisourmodel,3
farm,2
fascinator,23
fascinators,4
fascinatorwedding,21
fashion,15
fashionattheraces,4
fashionblogger,3
fashionhats,3
fasigtipton,2
featuredmilliner,6
featuredmillinerofkentuckyderby144,6
featuredmillinerofkentuckyderby145,6
featuredmillinerofkentuckyderby146,2
featurewall,4
floridaderby,2
foal,2
followme,3
formalwear,3
futurity,2
gallop,2
galwayraces,4
gambling,2
gatebreeze,2
girlswithtattoos,4
graphic,10
graphicdesign,10
green,2
greenfashion,2
greenhat,2
greyhoundracing,2
handmade,9
handmadeinusa,3
hannahbananagram,4
harfordcounty,4
harfordcountymd,4
harfordsbest,4
hat,24
hataddict,3
hatcollector,3
hatdesigner,2
hatgame,3
hatlover,3
hats,26
hatshop,3
hatstyle,24
headpiece,3
headpieces,3
headwear,3
horse,15
horseartist,9
horselife,2
horsemanship,2
horsepainting,9
horseracenow,2
horseraces,4
horseracing,46
horseracingforlife,2
horses,22
horses_of_instagram,2
horseshoe,2
horseshow,2
horsesintraining,2
horsesofinstagram,2
horsestagram,2
iamhorseracing,9
iangenove,4
igbaltimore,4
ilovehorses,2
infieldfest,7
infuencer,4
instagood,2
instahorses,2
interiordesign,4
inthestudio,2
iroquoissteeplechase,2
jewishbaltimore,6
jewishcommunity,3
jillinthesenate,3
jockey,5
joinouremailupdate,3
jtparkcity,4
justify,4
keeneland,6
keenland,2
keno,2
kentucky,25
kentuckyderby,70
kentuckyderbyfashion,3
kentuckyderbyhat,3
kentuckyderbyhats,10
kentuckyderbywinner,9
king,9
kyderby,2
legend,9
limitededition,3
lisapalomboartist,10
liveyourpassion,3
logo,6
logodesign,3
logotype,10
lottery,2
lotto,2
louisville,21
love,4
luncheon,3
madeinnyc,3
madeintheusa,2
mane,2
mardigras,7
mardigras2020,5
mare,2
marylandga,3
marylandgeneralassembly,3
marylandjockeyclub,3
mastermilliner,2
mdga20,3
mdhorseracing,3
mdtourism,3
melbournecup,7
menstyle,3
menswear,3
millinery,12
millinerycouture,2
millinerymaster,2
modelhorse,2
modelhorsecollector,2
modelhorses,2
momanddad,4
motherofthebride,3
mybmore,10
ncpgambling,2
neubau,10
northwestbaltimore,3
nydesign,10
oaksday,3
officeart,4
officedecor,4
officialmilliner,6
officialmillinerofbreederscup,4
oldtownroad,4
ootd,3
oreakness144,10
pandglovers,3
pariahdrawme,3
parkheights,6
parkheightsstrong,3
passioneconomy,3
patricklewisart,8
pearlgirl,4
pearlgirlstyle,4
peterstone,2
photooftheday,2
pimlico,14
pimlicoredevelopment,3
pink,3
pinkandgreen,3
pinkhat,6
pinklover,3
pinkmeadow1,3
pinkpinkpink,3
pleaseusegamblingsense,2
poker,2
ponies,2
pony,2
portfolio,10
poster,3
posterdesign,3
preakness,119
preakness2019,4
preaknessstakes,11
pretty,2
problemgambling,2
problemgamblingawarenessmonth,1
proverbs31woman,3
quarterhorse,2
quarterhorsesofinstagram,2
quartxrpole_edxts,5
race,3
racehorse,17
racehorseroleplay,2
racehorses,11
racehorsesofinstagram,2
racing,5
racingfashion,4
racingseason,5
raspberry,3
recovery,2
recreationalgambling,2
retailtherapy,4
rider,2
riders,2
riding,2
roleplay,2
ronturcotte,3
roses,2
roulette,2
royalascot,24
scratchoffs,2
secretariat,5
secretariat50,5
seeitlikeitbuyit,4
shopping,4
shoppingday,4
shopurbanpearl,4
shourbanpearl,4
slotmachines,2
smallbusiness,3
sonador,2
southernstyle,21
space,4
spacedesign,4
sport,9
sportofkings,9
sports,19
sportsbetting,2
springtime,4
stallion,11
steeplechase,7
stud,2
studiolife,2
style,9
styleashopsocial,3
styleblogger,4
suiss,10
suissdesign,10
suissintl,10
tatianaryann18,2
teaparties,3
teaparty,3
texas,2
thebelmont,2
thebmorecreatives,4
thederby,3
theqg,6
theqglife,3
thoroughbred,15
thoroughbreds,11
thoroughbredsofinstagram,2
tnsteeplechase,2
tophat,3
tourismcreatesjobs,3
tourismworks4md,3
training,2
triplecrown,23
trulyblueequine,2
tvg,2
typography,10
urbanpearl,4
urbanpearlboutique,4
vintage,3
vinzetta,4
visitbaltimore,7
visitbmore,4
visitmaryland,4
voguefashion,3
weareuk,4
weddingseason,3
wesupporthorseracing,9
wild,2
womensclothing,4
yellow,3
𝐁𝐢𝐨𝐋𝐢𝐧𝐤,3
𝐉𝐨𝐢𝐧email,3
