,RowSum
0,1
1,1
2,1
3,1
4,1
5,1
6,1
7,1
8,1
9,1
10,1
11,1
12,1
13,1
14,1
15,1
16,1
17,1
18,1
19,1
20,1
21,1
22,1
23,1
24,1
25,1
26,1
27,1
28,1
29,1
30,1
31,1
32,1
33,1
34,1
35,1
36,1
37,1
38,1
39,1
40,1
41,1
42,1
43,1
44,1
45,1
46,1
47,1
48,1
49,1
50,1
51,1
52,1
53,1
54,1
55,1
56,1
57,1
58,1
59,1
60,1
61,1
62,1
63,1
64,1
65,1
66,1
67,1
68,1
69,1
70,1
71,1
72,1
73,1
74,1
75,1
76,1
77,1
78,1
79,1
80,1
81,1
82,1
83,1
84,1
85,1
86,1
87,1
88,1
89,1
90,1
91,1
92,1
93,1
94,1
95,1
96,1
97,1
98,1
99,1
100,1
101,1
102,1
103,1
104,1
105,1
106,1
107,1
108,1
109,1
110,1
111,1
112,1
113,1
114,1
115,1
116,1
117,1
118,1
119,1
120,1
121,1
122,1
123,1
124,1
125,1
126,1
127,1
128,1
129,1
130,1
131,1
132,1
133,1
134,1
135,1
136,1
137,1
138,1
139,1
140,1
141,1
142,1
143,1
144,1
145,1
146,1
147,1
148,1
149,1
150,1
151,1
152,1
153,1
154,1
155,1
156,1
157,1
158,1
159,1
160,1
161,1
162,1
163,1
164,1
165,1
166,1
167,1
168,1
169,1
170,1
171,1
172,1
173,1
174,1
175,1
176,1
177,1
178,1
179,1
180,1
181,1
182,1
183,1
184,1
185,1
186,1
187,1
188,1
189,1
190,1
191,1
192,1
193,1
194,1
195,1
196,1
197,1
198,1
199,1
200,1
201,1
202,1
203,1
204,1
205,1
206,1
207,1
208,1
209,1
210,1
211,1
212,1
213,1
214,1
215,1
216,1
217,1
218,1
219,1
220,1
221,1
222,1
223,1
224,1
225,1
226,1
227,1
228,1
229,1
230,1
231,1
232,1
233,1
234,1
235,1
236,1
237,1
238,1
239,1
240,1
241,1
242,1
243,1
244,1
245,1
246,1
247,1
248,1
249,1
250,1
251,1
252,1
253,1
254,1
255,1
256,1
257,1
258,1
259,1
260,1
261,1
262,1
263,1
264,1
265,1
266,1
267,1
268,1
269,1
270,1
271,1
1lavendercottage,7
2015,1
_christian82_,2
absolut,2
australia,4
aviation,1
babyboilatino,7
bar,4
beautifulday,2
bigdogs,3
birthdaygirl,3
bloody,3
bloodybulldog,260
bloodymary,16
bloodymarys,7
bloodymarysociety,2
bloodys,2
bloodysaturdays,2
bloodytheboss,158
bonapetite,4
breakfast,3
bringingbootyback,1
britishbulldog,53
bulldog,132
bulldog_bloody,170
bulldogalehouse,3
bulldogbarbook,14
bulldogcocktail,7
bulldogdrinks,7
bulldogespaña,8
bulldoggin,15
bulldoggin_sv,3
bulldogingles,158
bulldoginglesespana,3
bulldoginglesespaña,127
bulldoginstagram,3
bulldoglife,33
bulldoglove,53
bulldoglovers,12
bulldogmargarita,7
bulldogmoments,14
bulldogproblems,1
bulldogs,6
bulldogsofinstagram,3
bulldogvalencia,8
bully,101
bullydogmoments,7
bullylife,36
bullylove,28
buzzfeedfood,3
canonbury,7
capitanchingon,3
capitanchingonlife,3
cashew,3
ch7ngon,3
cheers,4
cherrycollins,1
chevys,7
chickenthighs,3
christian82,2
clairelucywillis on ,7
cocktail,4
cocktailrecipes,7
cocktails,16
cooking,3
corona,7
cosy,2
craftbeer,7
cutedogsworldwide,7
daisy_and_eggshell,1
dalston,7
daveb197,3
debeauvoir,7
delicious,7
dinner,3
dog,122
doglife,52
doglover,102
dogoftheday,7
dogs,4
dogsofhellskitchen,7
dogsofinstagram,15
domingo,11
eatery,7
ebssydney,8
eclipse,1
eeeeeats,3
egioparty,3
eivissa,3
englishbulldog,143
englishbulldogs,10
englishgirl,102
europeanbartenderschool,4
eversorandom,3
fatdog,6
fatdogs,64
fatlife,123
feastagram,3
fiestassegorbe,3
fiestassegorbe2017,3
fire,2
foodgasm,3
foodie,3
foodphotography,3
foodstagram,3
foooodieee,3
freedomflask,1
frenchbulldog,1
frozengoodness,7
gablevrai,1
gimlet,1
gin,10
gingingin,1
ginmary,3
gonnagetpissed,1
good,7
greaterthangin,3
greenlanes,7
grenadine,7
hackney,7
hackneyfood,7
halamadrid,4
happybirthday,3
happytailday,4
highbury,7
homecooking,3
homemade,3
ibiza2016,3
imawomannow,1
imissedyouboy💔,3
instadog,145
instafood,3
instagood,82
instapet,3
instapets,30
islington,7
islingtonfood,7
itsallhecandrinkbecausehesunderage,1
iwokeuplikedis,1
jade_smithx,1
jessechurchie,1
juernes,3
jueves,3
latelunch,7
lemon,1
libation_report,2
lolathebully,6
london,7
lunch,3
lunes,6
madrugaresdeguapas,3
margarita,1
mascota,29
messyvagina,1
mildmay,7
mixology,4
model,10
mojito,1
monday,15
mondaymood,7
moscowmule,1
mydogsgotproblems,3
newingtongreen,7
nola,2
notanut,3
nycphoebe,35
oldfashioned,1
onlyonelifeonechance,2
outside,2
perromodelo,4
perros,26
pet,60
petmodels,41
petsofinstagram,3
petsofnyc,7
petstagram,69
piscineo,6
platter,4
ppp,3
premierdistributions,7
preparty,3
pub,7
pubfood,7
pubgrub,7
puropincheperron,3
rafvingerhoets,3
realale,7
redhoody,1
restaurant,7
roachmun,3
rocksie_lola,6
rokugin,3
saturday,3
saturdaynight,3
segorbe,106
sersibulldog🐶,146
sexonthebeach,1
shotsallround,1
spicyredsnapper,3
stokenewington,7
summer,13
summer2016,3
summermartini,1
sunday,7
sundayafternoon,2
sundayfunday,7
sundaymood,6
sydney,4
tastingtable,3
tequila,1
tequilamockingbird,1
thealma_n1,7
thelibationreport,2
thelifeandtimesofachingon,3
thursday,7
tolhuisveer,2
transforming,1
tuesday,3
unicorn,3
vacaciones,4
verano,16
viernes,3
viernesnight,4
weekend,7
weekenddrinks,7
whiterussian,1
wine,7
winterbar,2
yummy,3
🐶❤️🥃,28
