,RowSum
0,1
1,1
2,1
3,1
4,1
5,1
6,1
7,1
8,1
9,1
10,1
11,1
alcohowl,2
austria,1
bacardicocktail,1
barista.baker,1
bartending,1
beach,1
beachlife,1
bespokecocktails,1
bestbar,1
birthdayfun,1
birthdayweekend,1
blondehaarexoxo,3
cabarete,2
cabaretebeach,2
cappys,1
cappyscappys,1
cappysnumberone,1
caribbean,1
cocktail,1
cocktailculture,1
cocktailgram,1
cocktaillife,1
cocktails,2
craftcocktails,1
craftspirits,1
daiquiridefrutas,1
dominicanrepublic,2
dominikana,2
drinkgram,1
drinks,1
ecproof,2
favbar,1
favdrink,1
favourites,1
frohito,10
frojito,1
froozenmojito,1
frozencocktails,1
green,1
greenlife,1
happygirl,2
happyme,2
holiday,1
homebar,1
homebargoods,1
homebartender,1
hurricane,1
imbibegram,1
instadaily,1
instamojito,1
julia_jeunesse,1
karibik,1
libation_report,1
lifestyle,1
liquor,1
lmhillsman,1
loveit,1
maitai,1
margarita,1
minuty,1
mniam,1
mohito,1
mojito,2
mojitobar,2
mojitofrozeen,1
najlepsze,1
opole,1
paradise,1
pierovelazco,1
piñacolada,1
planterspunch,1
polishcouple,1
polishgirl,1
polskadziewczyna,1
raj,1
rosé,1
sale,1
sepia,1
sgdrinks,1
sprounds,1
strand,1
summer,1
takiedobre,1
thebest,1
thelibationreport,1
theproofflat,1
urlaub,1
venezuela,1
vienna,1
walnutgril,1
weekend,1
wieden,1
wiedeń,1
wien,1
wine,1
withthisguy❤️,1
wochenende,1
yummy,1
yummy💕💕,1
