,RowSum
0,1
1,1
2,1
3,1
4,1
5,1
6,1
7,1
adorable,1
aloha,1
alohabars,1
alohabarsmaui,1
baileysirishcream,1
bunny,1
cheers,1
chocolate,2
chocolatebunny,2
claypigeon,1
colors,1
cooberpedy,1
cute,1
deliciousness,1
dessert,1
easter,4
easterbunny,3
easterbunnycocktails,1
easterbunnyshot,8
eastercocktails,1
eastercolors,1
easterideas,1
easteronmaui,1
eastertradition,1
easterweekendinthecountry,1
ericalynn1549,1
funeaster,1
garnish,1
godiva,1
green,1
happyeaster,2
happyeaster🐰,1
hawaii,1
hippetyhoppety,1
howtouseupeasterchocolates,1
ice,1
illdrinktothat,1
islandeaster,1
janicarter2,2
littlekiddreams,1
maui,1
milkshakes,1
outbackbarandgrill,2
outbackcooberpedy,1
peeps,1
peepsrecipes,1
piersyeomans,1
pinnaclevodka,1
recipe,1
recipeonliquor,1
remadebyrobin,1
roadtrip,1
sa,1
saltedcaramel,1
shakes,1
shooting,1
shots,1
silly,1
somebunnylove,1
southaustralia,1
strawberriesandcream,1
strawberries🍓,1
strawberrycream,1
sunday,1
tclark785,1
tequila,1
tequilarose,1
tourism,1
tropical,1
tropicaleaster,1
vodka,1
westcoast,1
yellow,1
