,RowSum
0,1
1,1
2,1
3,1
4,1
5,1
6,1
7,1
8,1
9,1
10,1
11,1
12,1
13,1
14,1
15,1
16,1
17,1
18,1
19,1
20,1
21,1
22,1
23,1
24,1
25,1
26,1
27,1
28,1
29,1
30,1
31,1
32,1
33,1
34,1
35,1
36,1
37,1
38,1
39,1
40,1
41,1
42,1
43,1
44,1
45,1
46,1
47,1
48,1
49,1
50,1
51,1
52,1
53,1
54,1
55,1
56,1
57,1
58,1
59,1
60,1
61,1
62,1
63,1
64,1
65,1
66,1
67,1
68,1
69,1
70,1
71,1
72,1
73,1
74,1
75,1
76,1
77,1
78,1
79,1
80,1
81,1
82,1
83,1
84,1
85,1
86,1
87,1
88,1
89,1
90,1
91,1
92,1
93,1
94,1
95,1
96,1
97,1
98,1
99,1
100,1
101,1
102,1
103,1
104,1
105,1
106,1
107,1
108,1
109,1
110,1
111,1
112,1
113,1
114,1
115,1
116,1
117,1
118,1
119,1
120,1
121,1
122,1
123,1
124,1
125,1
126,1
127,1
128,1
129,1
130,1
131,1
132,1
133,1
134,1
135,1
136,1
137,1
138,1
139,1
140,1
141,1
142,1
143,1
144,1
145,1
146,1
147,1
148,1
149,1
150,1
151,1
152,1
153,1
154,1
155,1
156,1
157,1
158,1
159,1
160,1
161,1
162,1
163,1
164,1
165,1
166,1
167,1
168,1
169,1
170,1
171,1
172,1
173,1
174,1
175,1
176,1
177,1
178,1
179,1
180,1
181,1
182,1
183,1
184,1
185,1
186,1
187,1
188,1
189,1
190,1
191,1
192,1
193,1
194,1
195,1
196,1
197,1
198,1
199,1
200,1
201,1
202,1
203,1
204,1
205,1
206,1
207,1
208,1
209,1
210,1
211,1
212,1
213,1
214,1
215,1
216,1
217,1
218,1
219,1
220,1
221,1
222,1
223,1
224,1
225,1
226,1
227,1
228,1
110proof,6
1792,3
1792bourbon,6
2020,9
2barspirits,12
2dudesbrewblog,3
39,4
5280whiskeysociety,3
absinthe,13
absynthe,3
aixenprovence,4
alcohol,3
alligator,3
alwaysonthehunt,4
americanwhiskey,9
antiquecollection,4
atlasshrugged_hundos,3
augusta,3
augusta_neat,3
augustaga,3
augustaneat,3
austeljohn,4
austintexas,6
banana,6
bananarac,6
bar,22
barcartstyle,3
barman,7
barrelproof,14
barrelproof_b_rye on,4
barrelproofbourbon,4
bartender,10
bartenderlife,3
bartenderlive,6
bartending,3
basicbarman on Insta,3
basilhayden,3
basilhaydenrye,3
basketball🏀,3
beautymark,3
bestcandles,3
bestdrink,4
betterbourbon,12
birthday,4
birthdaygirl,1
blantons,18
blantonsbourbon,7
blantonsgold,3
blantonsgoldedition,3
blazed_and_infused_c,3
blazedandinfused,3
bookworm,1
boozybotanicals,3
boston,3
bottle,6
bottlekill,3
bottlephotography,6
bottlestickers,3
bottomdollar,3
bourbon,82
bourbon2020,3
bourbon_st5477 on In,4
bourbonbrandbuilding,6
bourboncollection,3
bourboncounty,6
bourboncrusaders,4
bourbondrinker,3
bourbonenthusiast,3
bourbonfinds,3
bourbongram,25
bourbonhumor,3
bourbonhunt,3
bourbonhunter,3
bourbonhunting,9
bourbonlife,5
bourbonlineup,6
bourbonlove,2
bourbonlovers,12
bourbonlover🥃,3
bourbonporn,12
bourbons,9
bourbonsteak,6
bourbontrail,6
bourbonug,6
bourbonwhiskey,39
boutiquehotel,4
bowmanbrothers,3
brandy,3
brianjsouza,3
brownwater,2
btac,15
buenosaires,6
buffalotrace,36
buffalotraceantiquecollection,9
buffalotracebourbon,5
buffalotracedistillery,27
byronsliquor,4
byronsliquorwarehous,4
byronsliquorwarehouse,4
calgary,12
calgarybourbon,12
camdenmaine,4
canadianblantons,3
canadianblantonsrockhilllovechild,3
canadianproof,4
canadianwhisky,8
cariboucrossing,3
cariboucrossingwhiskey,3
carothersws,6
cartelbarprivaix,8
cat,3
catsinbowties,3
celebrategettysburg,3
celebration,4
chapelbar,3
cheers,9
chefjoann,6
chefstyle,3
cheilig,4
chezlouloufrance,3
chill,1
chocolatemaltedrye,3
christopher.harris_9,4
churros,2
cityplace,3
cityplacetoronto,3
classic,3
classiccocktail,3
classiccocktails,16
classicdrinks,4
cocktail,22
cocktailbar,7
cocktailcodex,6
cocktailhistory,3
cocktailofinstagram,4
cocktailparty,3
cocktailphotography,4
cocktailporn,3
cocktailrecipe,4
cocktails,41
cocktails_by_coco,6
cocktailsathome,6
cocktailsforyou,3
cocktailsofinstagram,6
cocktailsto,3
coco_sazerac,3
cognac,7
cognaclover,4
coleiver,3
coloneltaylor,3
comerbem,2
confortfood,2
copenhagen,3
cornliquoriloveyou,3
craftbeer,3
craftcocktails,9
craftedcocktails,4
crawfish,3
croatianheartofwine,3
daiquiri,2
dapperdude,3
deathandcompany,6
delicious,6
diabolicsupervillain,3
distillery,6
distillerylife,6
diycocktails,3
dogggzillla_333,3
dram,9
drewmayville,2
drink,7
drinkart,4
drinkgram,2
drinkicorn,4
drinklocal,6
drinkoftheweek,3
drinkporn,4
drinks,7
drinksdrinksdrinks,2
drinksofinstagram,6
drinkstagram,9
drinkup,7
drinkwhisky,3
dropthedis,3
dvor,3
dvor.hr,3
dvorskavinasoskic,3
dvorv,3
eaglerare,27
eaglerare10,3
eaglerare17,6
eaglerarebourbon,2
eaglerarelife,6
eattheworld,3
ehtaylor,10
ehtaylorbarrelproof,4
elijahcraig,3
elmertlee,4
esty.ambie,3
explorepage,3
famousdrinks,2
favorite,1
first,3
firstbottle,3
folkcountryblues,3
followyournola,3
foodismedicine❤️,3
foodporn,3
french,4
french75,3
frenchquarter,6
frenchquarterlisteningroom,3
frenchquarterlivingroom,3
friday,6
friends,1
friendsofthebbourbonrelm,2
friendsofthebourbonrelm,2
frozendrinks,2
frozenirishcoffee,2
fryeday,6
garryowenirishpub,3
georgetstagg,11
giftsforhim,3
gin,7
glencairn,4
glutenfreecocktails,3
godfreybourbon,2
goldenhour,6
goldjacketgreenjacketwhogivesashit,3
gonola,3
gquebbq,3
grill211,4
gumbo,3
handgrenadedrink,2
handpicture,3
handsome,3
handy,4
happiness,3
happybelly,1
happygilmore,3
happyhour,7
heavenhilldistillery,3
hibiki,3
hurricanedrink,2
ilooklikerudolph,2
imbibegram,6
instabourbon,6
instagram,3
instawhiskey,5
irishcoffee,2
irvine,3
isaacbowman,3
itaintalwaysprettybutitsalwaysgood,3
jamiegp,3
jazz,4
jazzfusion,3
jazzvipers,3
jb11937,3
jeffreysauger,1
jimbeam,6
jobstopper,1
jordan,3
jordanxv,3
joshuabsteely on Ins,6
justinscarbrough,3
justwhiskeythings,3
kacia_nicole,2
kentucky,2
kentuckybourbon,13
kentuckykicksass,3
kentuckystraightbourbon,2
kentuckystraightbourbonwhiskey,3
kingcake,7
kingrustic,6
kingstreet,3
kingwest,3
kleyohohoho,1
knobcreek,2
kurbxstomp on Instag,3
lagavulin,3
larryobannon,3
lawrenceburg,6
libertyvillage,3
limitededition,3
liquor,6
lit,2
livemusicneworleans,3
livemusicnola,3
lobbybar,4
local,3
love,1
loveaugusta,3
lovelocal,3
lovemyjob,3
macallan,3
madeinmaone,4
maine,4
mainedistillery,4
mainehospitality,4
man_n_bourbon,2
manhattancocktail,12
mardigras,12
mardigras2020,6
mardigrascocktails,3
masterscollection,3
maxdramage on Instag,3
melbournecocktails,3
melbournefoodies,3
melbournesupperclub,3
menton,3
meow,1
meschiyalake,3
michaelcollins,3
midcoastmaine,4
milkpunch,2
mistersam,2
mixeddrinks,2
mixo,4
mixologist,7
mixologue,4
mixology,6
mixologymadeeasy,3
mlong225,4
model,3
mollysfreehouse,6
mollysondecatur,6
mortlachdistillery,3
motivation,3
muffaletta,3
musttry,2
myneworleans,3
mytoronto,3
nashville,3
natcas_91,3
neat,4
negroni,3
nerdscruise,2
nerdsgonewild,2
new,3
neworlean,4
neworleans,17
neworleanscocktails,3
neworleansdrinks,2
neworleansjazz,3
neworleansmusic,7
neworleanssongwriters,3
newschooltiki,12
nightlife,3
ninak.eats,2
nola,3
nolacocktails,3
nolacountry,3
noladrinks,2
nolajazz,3
nolalivemusic,3
nolalove,3
nostress,3
nostresskbh,3
oc,3
ok,4
okc,4
oklahoma,4
oklahomacity,4
oldbardstown,3
olderghosts,1
oldfashioned,19
only_hearts_spirits,12
orange,3
orangecounty,3
oysterbar,3
pappy,9
pappyvanwinkle,3
parkersheritage,3
parkersheritage8yrrye,3
party,3
pimmscup,2
poboy,3
podcast,3
podcastersofinstagram,3
podcastlife,3
porkrinds,4
professionalcatdad,1
prohibition,6
purpledrank,2
queenstreetwest,3
ramosginfizz,2
rare,3
recoleta,6
redbeansandrice,3
redspiritswine,3
repost,3
restaurant,3
restaurantesp,2
robsasaki,2
rosevelthotel,1
russelsreserve,6
rwfisher1969,2
rye,21
ryewhiskey,24
ryewhiskeygram,3
sambronfman,2
sandiegocaterer,3
sandiegocatering,3
sandiegochef,3
sazerac,212
sazerac18,6
sazeracbar,3
sazeraccocktail,3
sazeraccompany,6
sazerachouse,5
sazeracrye,13
scotch,5
sdfoodie,3
seagram,2
seaport,3
searsucker,3
seattle,12
secondline,4
sethweinberg,6
shirttucker,1
shrimpettoufee,3
singlebarrel,9
singlebarrelselect,6
singlemalt,3
singlemaltsavvy,12
smoke_roma,6
smokeandoakbar,3
snacks,3
sobomb,2
socal,3
socalwineandspirits,3
socalws,3
soywaxcandles,3
speakeasy,4
specialreserve,2
speysidewhisky,3
spirits,3
stagg,10
staggjr,4
starlight_nola,3
starlightloungenola,3
starlightnola,3
stlouis,3
storepick,6
straightwhiskey,12
supportdowntownaugusta,3
supportlocal,3
sweetwheat,3
tbt,2
tessen,2
the6,3
thebourbonalliance,3
thebourbonleague,3
thebourbonlife,2
themoose,3
theoriginalwheatedbourbon,6
theplayersperspectiv,3
theplayersperspectiveuncensored,3
thesix,3
theweekendmixologist,6
thh,3
thirstythursday,2
thomashandy,13
tljames88,3
torontococktails,3
torontolife,3
torontonightlife,3
touchtunestv,3
travel,2
treatyourself,3
treeshot,6
trooper5157 on Insta,2
tubaskinny,3
tustin,3
uptown23rd,4
urbantoronto,3
vacay,1
vancouver,12
vancouverdrinks,12
vcirace,3
vieuxcarre,8
vintageroomat16bayvi,4
vintagewhiskey,6
visitlouisiana,3
voodoodaiquiri,2
waldorfastorianeworleans,1
wanderlust,1
wcw,3
weateallthethings,3
weekend,3
weekendvibes,6
weller,18
wellerbourbon,14
wellersr,3
wellerwednesday,6
wellwellweller,3
whatsinyourglass,2
wheatedbourbon,6
wheninnola,6
wherenoladrinks,3
whiskey,71
whiskeybarrel,4
whiskeyenthusiastclub,3
whiskeyfam,2
whiskeygirlgang,2
whiskeygram,27
whiskeylove,12
whiskeylover,3
whiskeylovers,5
whiskeyporn,6
whiskeywednesday,9
whiskeywoman,2
whiskies,6
whisky,22
whiskyenthusiastclub,3
whiskygram,8
whiskylegend,2
whiskylovers,3
whiskyporn,3
whitkrystof,6
wildturkey,6
willett,2
williamlarueweller,6
wine,6
wlweller,6
woodfordreserve,3
wudat,6
yamazaki,3
yesbuffalotrace,2
yummy,2
yvr,12
yvrbourbon,12
yvrdrinks,12
yyc,12
