,RowSum
0,1
1,1
2,1
3,1
4,1
5,1
6,1
7,1
8,1
9,1
10,1
11,1
12,1
13,1
14,1
15,1
16,1
17,1
18,1
19,1
20,1
21,1
22,1
23,1
24,1
25,1
26,1
27,1
28,1
29,1
30,1
31,1
32,1
33,1
34,1
35,1
36,1
37,1
38,1
39,1
40,1
41,1
42,1
43,1
44,1
45,1
46,1
47,1
48,1
49,1
50,1
51,1
52,1
53,1
54,1
55,1
56,1
57,1
58,1
59,1
60,1
61,1
62,1
63,1
64,1
65,1
66,1
67,1
68,1
69,1
70,1
71,1
72,1
73,1
74,1
75,1
76,1
77,1
78,1
79,1
80,1
81,1
82,1
83,1
84,1
85,1
86,1
87,1
88,1
89,1
90,1
1989,6
3yearsofwhydontwe,11
5secondsofsummer,5
5secondsofsummeredits,5
5sos,5
5sosconcert,5
5sosedits,5
5sosfam,5
5sosfamilyforever,5
5soslive,5
8letters,22
8letterstour,22
_btss_jimin_2 on Ins,3
afi,5
allmylovemarais,11
andreaswift,6
artist,3
ashtonirwin,5
bangtanboys,12
bangtansonyeondan,2
benjibutton,6
bepoptized,3
bigbang,10
bighit,12
bigplans,11
bigrob,3
billboards2019,3
blackpink,10
blankspace,6
bts,15
btsaesthetic,3
btsfacts,2
btsfanart,3
btsff,3
btsfff,2
btsimagines,3
btsjimin,3
btsjin,3
btsmemes,2
btssuga,3
bulletproofboyscouts,2
calm,5
calumhood,5
camprock,3
childhood,3
chills,13
chillsoutnow,16
coldinla,11
cometobrazil,11
comment,3
con.swift13,3
concert,6
corbynbesson,25
cth,5
dakandbrody,11
danielseavey,22
danielseaveyph,11
demilovatoinblood,2
disney,3
disneychannel,3
dnce,3
donah,11
dontchange,11
dorama,10
dynamicautomation,3
eben,11
ebenofficial,11
enchanted,6
enriqueiglesias,3
esheeran,6
exo,10
explore,2
explorepage,8
f,3
f17.bt92,16
fangirl,11
fearless,6
filipinolimelights,11
follow,3
fosterthepeople,3
freetaylor,3
fun,3
happinessbegins,3
happinessbeginstour,3
happy,3
harrys_cherry4 on In,2
hot995,3
hot995jingleball,3
hwangbebe,3
idontbelonginthisclub,11
iheart,6
iheartradio,10
ikon,10
imzachherron,11
instachile,3
instaconcepcion,3
instafashion,3
instagood,3
inthelimelight,11
istilldo,11
istilldotonight,6
jackary,11
jackavery,22
jackaverymusic,11
jeonjungkook,2
jetblackheart,5
jhobe,10
jhope,5
jhopeedit,3
jikook,3
jimin,15
jiminbts,3
jimincute,3
jiminedit,3
jiminedits,3
jiminimagine,3
jiminpark,3
jin,15
jinedit,3
jingleball,63
jingleball2019,3
jinglebells,3
jirose,3
jiv,3
jobromemes,3
jobros,3
joealwyn,6
joejonas,3
jonahmarais,22
jonas,3
jonas.brothers.daily,3
jonasbrothers,3
jonasbrothersconcert,3
jonasbrothersreunion,3
jonasconcert,3
jonasla,3
jophie,3
jorbyn,11
jsisters,3
jungkook,12
jungkookedit,3
jungkookfacts,2
jungkookox,6
junkook,3
jyp,10
kevinjonas,3
kpop,12
kyliehphotos,3
lietome,5
limelight,14
limelights,11
limelightsforever,11
live,3
londonfashion,3
love,3
lover,9
loveyourself,3
lrh,5
lukehemmings,5
madisonsquaregarden,3
maknaeline,2
mama2019,10
mamamoo,10
mcountdown,10
me,6
meme,3
memes,3
merrychristmas,3
mgc,5
michaelclifford,5
missamercicana,3
missamericana,6
missamericanaandtheheartbreakprince,3
mma2019,10
mots,2
music,3
newyork,6
newyorkcity,3
nickjonas,3
nicole.gavalas,3
noshame,5
ny,3
nyc,3
photographer,3
photography,6
pitbull,3
priyankachopra,3
radiodogabo,3
raplinebts,2
red,6
relax,3
reptour,3
reputationstadiumtour,3
rm,12
sacredheartsclub,3
sanfrancisco,5
scottswift,6
seaveydaniel,11
selenagomez,6
sgfg,5
shawnmendez,6
shekinda5sos,5
shelookssoperfect,5
show,3
singer,3
sophieturner,3
soundsgoodfeelsgood,5
speaknow,6
straykids,10
suga,15
sugaedit,3
swift,6
swiftie,6
swiftie_isabelle,13
swifties,9
taehyung,2
tay,3
taylor,9
taylornation,9
taylorswift,9
taylorswiftedit,3
taylurking,6
taytay,3
thearcher,6
thechainsmokers,5
theman,3
themanmusicvideo,3
tourlife,5
ts7,6
ts7predictions,3
unbelievable,11
v,13
valentine,5
vbts,3
wdw,22
wedding,3
westandwithtaylor,3
whatami,25
whydontwe,25
whydontwefandom,11
whydontwemusic,22
whydontweph,11
whydontwephilippines,11
withyouthischristmas,22
withyouthischristmaswdw,11
womensday,6
wwjtour,5
yg,10
youneedtocalmdown,6
youneedtoclamdown,6
youngblood,5
z100,3
z100jingleball,3
zachherron,22
