,RowSum
0,1
1,1
2,1
3,1
4,1
5,1
6,1
7,1
8,1
9,1
10,1
11,1
12,1
13,1
14,1
15,1
16,1
17,1
18,1
19,1
20,1
21,1
22,1
23,1
24,1
25,1
26,1
27,1
28,1
29,1
30,1
31,1
32,1
33,1
34,1
35,1
36,1
37,1
38,1
39,1
40,1
41,1
42,1
43,1
44,1
45,1
46,1
47,1
48,1
49,1
50,1
51,1
52,1
53,1
54,1
55,1
56,1
57,1
58,1
59,1
60,1
61,1
62,1
63,1
64,1
65,1
66,1
67,1
68,1
69,1
70,1
71,1
72,1
73,1
74,1
aisleperfect,3
angeliqueraee,1
armcandy,1
armparty,1
asschercut,3
atl,27
ballroom,27
bdl.nyc,3
benzdiamonds,3
bespokering,3
bling,1
bocaratonjewelry,1
bqvf,27
braceletlove,1
braceletnecklace,1
bracelets,1
brakarbysilva,3
bridaljewelry,1
bvlgari,1
cartier,1
chainbracelet,1
chainbracelets,1
chains,3
chicangelique,1
commencedior,27
curbchain,1
curbchainbracelet,1
curbchainnecklace,1
customjewelry,3
customring,3
dance,27
diamond,2
diamondband,1
diamondbracelets,1
diamondclub,1
diamonddistrict,37
diamonddistrictnyc,1
diamondealer,1
diamondearring,1
diamondengagementring,1
diamondgrillz,1
diamondhead,1
diamondjewelry,5
diamondlove,1
diamondnecklace,1
diamondprincess,1
diamondring,3
diamonds,5
diamondsandpearls,1
diamondsnyc,4
diamondstuds,1
diamondsupply,1
diamonds💎,1
diamondweddingring,1
diamondweddingrings,1
dior,27
dmv,27
emergingdesigner,1
equality,27
european,27
family,27
fashion,27
fineart,1
finejewelry,2
fischlerdiamonds,1
florida,27
godmother,27
goldlinks,1
goldnecklace,1
handmadering,3
ice,1
internationalhaus,27
itshotjewelry,1
jewelernyc,3
jewelers,1
jewelry,3
jewelryblogger,1
jewelrydesigner,1
jewelswithappeal,2
kikiscene,27
lawrenus_,1
layeringbracelets,1
linkbracelet,1
linkbracelets,1
linknecklace,1
london,27
maria_ulas,1
marrymerings,9
mazzanewyorkofficial,3
midwest,27
mygiftregistry,1
newjersey,27
newyork,28
nyc,5
oty,27
paris,27
performance,27
philly,27
pride,27
ring,1
ringgirl,1
ringgoals,1
ringoftheday,4
rings,1
ringsofinstagram,1
ringsoftheday,1
ringstack,1
ringstyle,3
rings💍,1
robingibsonjewels,1
scarsdale,1
scarsdalejewelry,1
soloverly,3
spice.dior_,36
stackingbracelets,1
sydney,3
the.jewelry.bar,3
thecarolinas,27
theexchange,1
theknot,3
traxnyc,6
traxreviews,3
ultimatelinkchain,1
vancleef,1
voguefem,27
voguer,27
wearethewave216,1
wedding,1
weddingday,1
yellowgoldbracelets,1
yellowgoldchain,1
yellowgoldjewelry,1
