,RowSum
0,1
1,1
2,1
3,1
4,1
5,1
6,1
7,1
8,1
9,1
10,1
11,1
12,1
13,1
14,1
15,1
16,1
17,1
18,1
19,1
20,1
21,1
22,1
23,1
24,1
25,1
26,1
27,1
28,1
29,1
30,1
31,1
32,1
33,1
34,1
35,1
36,1
37,1
38,1
39,1
40,1
41,1
42,1
43,1
44,1
45,1
46,1
47,1
48,1
49,1
50,1
51,1
52,1
53,1
54,1
55,1
56,1
57,1
58,1
59,1
60,1
61,1
62,1
63,1
64,1
65,1
66,1
67,1
68,1
69,1
70,1
71,1
72,1
73,1
74,1
75,1
76,1
77,1
78,1
79,1
80,1
81,1
82,1
83,1
84,1
85,1
86,1
87,1
88,1
89,1
90,1
91,1
92,1
93,1
94,1
95,1
96,1
97,1
98,1
99,1
100,1
101,1
102,1
103,1
104,1
105,1
106,1
107,1
108,1
109,1
110,1
111,1
112,1
113,1
114,1
115,1
116,1
117,1
118,1
119,1
120,1
121,1
122,1
123,1
124,1
125,1
126,1
127,1
128,1
129,1
130,1
131,1
132,1
133,1
134,1
135,1
136,1
137,1
138,1
139,1
140,1
141,1
142,1
143,1
144,1
145,1
146,1
147,1
148,1
149,1
150,1
151,1
152,1
153,1
154,1
155,1
156,1
157,1
158,1
159,1
160,1
161,1
162,1
163,1
164,1
165,1
166,1
167,1
168,1
169,1
170,1
171,1
172,1
173,1
174,1
175,1
176,1
177,1
178,1
179,1
180,1
181,1
182,1
183,1
184,1
185,1
186,1
187,1
188,1
189,1
190,1
191,1
192,1
193,1
194,1
195,1
196,1
197,1
198,1
199,1
200,1
201,1
202,1
203,1
204,1
205,1
206,1
207,1
208,1
209,1
210,1
211,1
212,1
213,1
214,1
215,1
216,1
217,1
218,1
219,1
220,1
221,1
222,1
223,1
224,1
225,1
226,1
227,1
228,1
229,1
230,1
231,1
232,1
233,1
234,1
235,1
236,1
237,1
238,1
239,1
240,1
241,1
242,1
243,1
244,1
245,1
246,1
247,1
248,1
249,1
250,1
251,1
252,1
253,1
254,1
255,1
256,1
257,1
258,1
259,1
260,1
261,1
262,1
263,1
264,1
265,1
266,1
267,1
268,1
269,1
270,1
271,1
272,1
273,1
274,1
275,1
276,1
277,1
278,1
279,1
280,1
281,1
282,1
283,1
284,1
285,1
286,1
287,1
288,1
289,1
290,1
291,1
292,1
293,1
294,1
295,1
296,1
297,1
298,1
299,1
300,1
301,1
302,1
303,1
304,1
305,1
306,1
307,1
308,1
309,1
310,1
311,1
312,1
313,1
314,1
315,1
316,1
317,1
318,1
319,1
320,1
321,1
322,1
323,1
324,1
325,1
326,1
327,1
328,1
329,1
330,1
331,1
332,1
333,1
334,1
335,1
336,1
337,1
338,1
339,1
340,1
341,1
342,1
343,1
344,1
345,1
346,1
347,1
348,1
349,1
350,1
351,1
352,1
353,1
354,1
355,1
356,1
357,1
358,1
359,1
360,1
361,1
362,1
363,1
364,1
365,1
366,1
367,1
368,1
369,1
370,1
371,1
372,1
373,1
374,1
375,1
376,1
377,1
378,1
379,1
380,1
381,1
382,1
383,1
384,1
385,1
386,1
3minsfromstation,1
5star,2
5starshotel,2
5terre,6
aayus,3
activeholidays,1
adac2020,3
adacsuperplatz,3
adria,3
adriaküste,3
adriazee,3
adritaterhavetcamping,1
adventure,9
adventurethatislife,4
afrobrazilian,9
agricultural,3
agritourisme,10
agriturismo,10
agriturismo_idueghir,26
agriturismo_riondel,3
agriturismoidueghiri,10
agriturismoriondel,3
agrovacationers,3
airbnb,4
airbnbaustralia,4
airbnbbali,4
airbnbchina,4
airbnbhost,4
airbnbindia,4
airbnbsingapore,4
airbnbubud,4
airtravel,2
alessandra_cacciari,1
algarve,9
almost40,9
alsancak,9
amazinghomes,3
anwb,3
appenninotoscoromagnolo,2
arasole_sguardi_sul_,1
arasolè_sguardi_sul_mondo,1
archeolovers,7
architecture,29
aromatherapy,4
art,17
authentic,3
authenticplace,3
awayfromhome,1
backtobasics,6
backtonature,4
balibible,4
balichili,4
bamboo,3
bambootoiletpaper,3
bansko,4
bardolinotop,3
beach,11
beachday,9
beachholiday,6
beachhotel,2
beautifulcat,3
beautifulhomes,3
beauty,1
beauty9shop,2
bedandbreakfast,10
bedroomdecor,3
bedroomdesign,3
begoodtoyourself,1
behappy,9
belarusgirls,9
bellagioitaly,1
bellagiolakecomo,1
bellezza,1
belltentglamping,3
belltentholiday,6
bestcampingadventures,9
bestfamilyholidays,3
bestglamping,4
bestrong,9
besttravelagency,3
bestvacations,6
beutifulsrilanka,3
bibbiena,2
bighouserental,3
bio,3
biological,3
birdsong,6
black,9
blackbeauty,9
blogger,2
blue,43
bluemind,43
bluesky,13
boatmaintenance,10
bohemianinterior,3
bohodecor,3
bohostyle,3
bologna,1
boncampingwales,9
borders,3
borgomedievale,2
boshamquay,1
brasileira,9
brighton,1
bruniquel,4
bthechange,3
buildingjob,4
campagna,7
campagne,7
campeggioriviera,1
campeggioromagna,1
campeggiosulmare,1
campeggiovillaggio,3
camper,9
camperlife,1
campervan,9
campfires,6
camping,10
campingadriaterhavet,3
campingadriaticsea,3
campingdirektammeer,3
campingforfamily,7
campingisfun,9
campinglife,16
campingmetzwembad,3
campingpembrokeshire,6
campingplatz,16
campingrubicone,8
campingsabbiadoro,9
campingurlaub,3
campingvillage,3
campingvillagerubicone,1
campingzeeburg,5
campsite,6
campsites,7
campsiteview,6
candiagr,3
carbonfootprint,75
carbonneutral,3
carbonoffset,4
cards,4
casaagricolarossi,2
casagricolarossi,2
casale,7
casali_oliveti_cerve,7
casasantamaria_tataj,3
casentino,2
cat,3
cats,6
catsofinstagram,3
caussesetgorgesdelaveyron,4
cavallinotreporti,6
ceiling,3
centraldalmatia,3
cerveteri,7
chalkpaint,3
chambresdhotes,4
chania,19
channelislands,12
chestnutfencing,3
chianti,2
chianticlassico,2
chiantiregion,2
chiantischire,2
children,6
chill,4
cinqueterre,10
cleanliving,3
cliclfor_toscana,2
climateaction,3
climateoptimism,3
cloture,3
club,3
coastalcamping,6
collibolognesi,1
collina,1
colombo,3
colorado,3
composting,3
composttoilet,3
consciousconsumer,3
consciouslydesigned,3
conservation,6
contentcreator,1
cotswoldholiday,3
cotswoldholidayhouse,3
cotswoldhotel,3
cotswoldrental,3
cotswoldrentalhouse,3
cottage,7
countryholiday,6
countryhouse,6
countrykarma,4
countrykarmaretreat,4
countrylodge,1
countryside,16
countrywalk,1
cretansalad,3
crete,19
cultura,7
culture,3
cycling,1
cyprus,9
cypruslife,9
dachterrasse,4
dailyaction,3
dalmatianhinterland,3
decorating,3
deerprevention,3
delphinahotels,2
directtrain,1
discovertuscany,2
dogfriendly,3
dogswelcome,2
dogtrip,2
dolomitiexperience,3
door,3
duurzaamheid,3
duurzaamondernemen,3
earth,8
earthmomma.trainee,4
easter,9
eco,13
ecoaccommodation,3
ecocamping,4
ecochalet,4
ecoconscious,3
ecofriendly,12
ecofriendlycamping,6
ecofriendlyhotel,3
ecofriendlyliving,3
ecogarden,3
ecoglamping,4
ecoholiday,89
ecohotel,22
ecointerior,3
ecoliving,3
ecolodgebrazil,3
ecology,7
ecoresidential,3
ecoresort,4
ecoresponsabile,3
ecoski,4
ecotips,2
ecotourism,3
ecotourismisthefuture,2
ecotravel,18
ecotripsbrasil,3
elisappunti,3
elopement,2
elopementlove,2
energyefficient,4
enjoymoment,9
entspannen,4
environment,10
escape,1
escapethecity,4
etchingham,1
ethicaltravel,4
etruria,7
etruschi,7
europe,1
explore,1
explorecarmarthenshire,3
falmouth,52
familie,4
familienhotel,4
familycampsite,6
familyglamping,3
familyholiday,47
familyhotels,2
familytime,29
familytravel,3
familytrip,3
farmhouse,8
feelgoodholiday,3
fishermansrestcommunityprojects,3
fitmom,9
fitnessmum,9
flowers,32
forestyurt,3
fosseberryhouse,3
fragnant,3
frankreich,3
frankrijk,3
freedom,29
frenchceiling,3
frenchhouse,29
frenchruin,4
friday,9
friends,9
fromtheseed,4
fromwalescharity,3
frontdoor,3
fushifaru,3
fvg,9
fvgholidays,3
fvglive,9
fvgtravel,3
galicia,49
ganghwa_greenholiday,3
gardagreen,3
gardagreenclub,3
gardasee,6
gardaveneto,3
garden,38
gardening,9
gatti,1
gennaio,1
glamping,14
glampingfrance,7
glampingfrankrijk,3
glampinglife,6
glampingwithkids,6
gmiatligeres,4
goa,3
goa2020,3
goaholiday,3
goavacation,3
goavibes,3
gobeyondtheordinary,3
gogreen,8
greatoutdoors,4
greece,9
greekisland,9
green,39
greenapartment,3
greencleaning,3
greencompany,3
greendaymemes,2
greendress,9
greenelectricity,3
greenenergy,3
greener,3
greenholiday,321
greenholidays,3
greenhotel,3
greenhouse,2
greenhullcoating,2
greenisgood,3
greenleisure,3
greenlife,15
greenlifestyle,4
greenliving,9
greenplanet,3
greenpower,3
greensailing,67
greentea,1
greentourism,7
greentravel,7
greentraveller,2
greentravelling,2
greentravels,2
greenvacation,9
groenestroom,3
grünerlifestyle,4
grüneseele,4
gufieallodole,1
halftermholiday,4
happyme,9
hastings,1
haveanicefriday,9
healthyholiday,1
herb,3
hiddenaway,3
hiddengem,3
hiddengetaway,3
hieunguyen1396,2
hiking,15
hiking🌲,2
hill,1
hillstationsofindia,4
historicfrance,13
holiday,54
holiday2020,3
holidaybali,4
holidayhome,29
holidayideas,3
holidayinbritain,3
holidaylet,3
holidays,13
holidaysinfvg,3
holidayvillages,1
holidaywithdog,3
holidaywithdogs,6
holidaywithkids,8
holynut,9
homedecor123,3
homedecorideas,3
homeinspo,3
homesbynature,3
homesweethome,9
honeymoon,2
honeymoondestination,2
honeymoonhotel,1
honeymoonresort,2
hospitality,3
hotel,2
hotelalcaminetto,6
hoteljakarta,9
hotelmarinedda,3
hotelphotographer,1
hotels,2
hotelstern,8
hotelsternobsteig,4
hunting_the_wild,3
iberdrola,3
iberdrolarenovables,3
ilovecamping,7
ilovefvg,3
iloveudine,3
inappennino,2
incrediblegoa,3
inlombardia,1
innisfree,1
inspotoyourhome,3
instaday,9
instagood,9
instagreen,3
instaholiday,3
instatravel,2
instatravelling,2
instatuscany,2
interior123,3
interior444,3
interior4all,3
interior4you,3
interiorwarrior,3
iris,3
islandescapevillas,7
islandlife,3
italia,14
italianmountains,1
italiecamping,3
italien,9
italienurlaub,7
italy,10
italyvacations,7
januar,1
jors_truly,9
jungalowstyle,3
juniorsuite,2
justme,9
kamperen,1
karavan,3
khandepar,3
kilimanjaro,2
kinder,4
kinderhotel,4
kitchen,4
kitchendecor,4
kitchendesign,4
kitetripbrasil,3
knowmad,3
kraftplatz,4
kunekunepigs,6
lafebbredelsabatosera,1
lagodicomo,1
lagodigarda,6
lakecomo,1
lakegarda,3
laluna,6
lastminute,4
lavender,4
lazio,7
leadingcampings,9
learningtosail,67
learnsailing,67
learntosail,67
lecamp.france,7
leitlhof,3
lignano,9
liguria,10
limitededition,1
livegrandhotels,4
liveinspired,4
livingroom,3
livingroomdecor,3
livingroomdesign,3
livingslower,4
lka,3
lodges,1
londonholiday,4
londonretreat,4
longhair,9
longhairedcat,3
loowithaview,3
love,2
lovegreen,3
lovelife,9
loveplanet,3
lovestory,1
lovethisearth,6
lowcarbon,4
lowcarbonholiday,67
lowemissiontravel,67
lowimpact,6
lowimpactmovement,4
lulubeige,9
lunadimiele,1
luxury,7
luxurycamping,7
luxuryhomes,16
luxuryhotel,1
luxurylifestyle,18
luxuryvacation,2
luxuryvillas,14
magicsunset,2
maisondartiste,29
maisonfontaine,4
makegreenchoices,4
makelifebeautiful,3
malawi,3
maldives,3
mallorca,2
meadowfieldcamping,6
medieval,13
medievalfrance,13
meditterranean,3
menssanaincorporesano,9
meraviglia,9
mindbodyspirit,4
mindfullondon,4
moments,9
monceau.fleur,9
monkey,2
monteveglio,1
moongazing,6
mountain,1
mountainbike,1
mountainlovers,1
mountains,2
mygreenpod,3
mylakecomo,1
mymarkmycitytz,2
myst,4
mystalivegrandhotel,7
myvalentine,4
nachhaltig,4
native,4
natura,7
naturaldecor,3
naturalinterior,3
naturalliving,3
naturalvillas,19
nature,94
nature_of_our_world,2
natureholic,19
natureholiday,23
naturehouse,7
naturelife,4
naturelovers,26
natureretreat,4
naturevacay,2
naturverbunden,4
natürlich,4
needtorecharge,6
nest.guesthouse,6
nestguesthouse,6
newformat,3
nocars,1
nofly2020,3
noflying,3
noflyyear,3
noplastic,4
northgoa,3
notremaisoncogne,9
nuitinsolite,7
oakbeams,3
oceaninteriors,3
offgrid,4
offgridholiday,4
offgridtravel,4
oliveleavetea,1
oliveto,7
olivetodellamola,7
onehourfromlondon,1
onlygoodthings,3
openair,7
openairholiday,4
orangeholidayhousing,6
organic,19
ospitality,3
osterferien,9
ostern,9
ourenvironmentmatters,3
outdoorliving,4
ozgelokmanhekim on I,9
panama,4
panoramadolomiti,3
parco,1
parconazionaledelgranparadiso,9
pasqua2018,9
passion4interior,3
peaceful,5
peacefulday,9
pembrokeshire,6
periodholidayhouse,3
petfriendlyhome,2
petfriendlyhotel,2
petfriendlyhotelph,2
petfriendlyrj,2
petfriends,2
pets,5
photooftheday,29
physisvillaerato,4
physisvillas,38
physisvillathallia,6
picoftheday,9
pignoletto,1
planting,3
planttrees,3
plastering,3
plastic,2
plasticfree,3
plasticfreeholiday,3
plenair,7
plumb,3
poderverde,3
ponda,3
pool,2
poollife,2
poolside,2
portici,1
portimão,3
portugal,24
practicalboatowner,3
prapatnica,3
preservation,3
preserveyourenergy,3
princess_travel,3
princesstravel,3
printing_landscape,2
privatevilla,4
professionalcleaning,3
promobellagio,2
provacostume,9
randomercantour,4
recycledmaterials,4
reducereuserecycle,2
reducereuserecycle77,2
regional,4
relax,22
relaxing,4
renewable,3
renewable_energy,3
renewableenergy,7
renewablepower,4
renewableresources,3
renovation,29
renovationproject,4
repect,3
resort,11
responsiblehospitality,3
responsibletourism,3
restoration,29
retreat,5
retreatvenue,1
riprenditiiltuotempo,2
rockvalley,3
rockvalleygoa,3
rockvalleygoaresort,3
roma,7
romagna,3
romantic,2
romanticbreak,6
romanticdestination,2
romanticgateway,2
romanticholiday,2
rome,7
rooms2u,8
rosemarinusofficinalis,3
rosemary,3
roses,3
ruhe,4
russianamerican,9
rustichouse,4
ruzmarin,3
ružmarin,3
rya,3
sabbiadoro,9
safrasahamed,3
sail_boat_project,73
sailactivity,43
sailcargo,12
sailing,67
sailingadventure,39
sailingholiday,67
sailingmilebuilder,67
sailingschool,67
sailingstaycation,67
sailingtrip,9
sailingtrips,24
sailtraining,43
sanprimo,1
sardegna,2
sardinia,5
saturdaynightfever,1
savetheearth,2
savetheplanet,9
sawdaystravel,8
sayno,4
schinoussa,9
sea,2
secretplacebrazil,3
seed,1
selfcare,4
selfdevelopment,4
serenevilla,4
serenity,4
serum,1
singleuseplastics,4
smell,4
snow,9
socialmediatrends,3
sogni,2
solarenergy,4
solarpanels,7
solarpower,4
solutions,3
sonne,4
southwestfrance,4
spain,51
spainsailing,67
spiaggia,2
splitfence,3
spring,9
srilanka,3
srilankatourism,3
srilankatrip,3
stantoninnobleval,13
starrynights,6
staycation,9
stleonards,1
stpatricksday,9
strongwomen,9
summer,3
summerholiday,4
summerholidays,6
sun,9
sunnyday,9
sunshine,9
supfree,3
sustainability,32
sustainable,12
sustainableaccommodation,3
sustainableapartment,3
sustainablebusiness,3
sustainablecampsite,6
sustainablechoices,4
sustainableenergy,4
sustainableholiday,10
sustainableliving,17
sustainableparenting,3
sustainablerestaurant,4
sustainabletravel,13
sustainablevalentines,4
sustainbleholiday,4
sustenibility,3
tanzania,2
tastersails,3
teakdeck,3
teakdeckrestoration,3
tesoro.del.sol.bocas,4
the_wisehouse,4
thealliancecenter,6
thegoodlife,6
thelodgesnhf,1
therusticretreat,29
therusticretreatfran,29
therusticretreatfrance,29
theseaforall,43
thetreeproject,3
thewild,6
thewoods,2
theyurthideaway,6
thinkgreen,10
thinklocal,4
thisiscampingrubicone,4
threebedroomvilla,4
threestarhotel,3
ticehurst,1
timetowork,9
tips2agreenerfuture ,4
topcamping,3
topcamping2020,3
topcampingitaly,3
topical,3
topicalads,3
topicals,3
topicalspot,3
torridelbenaco,3
toscananelcuore,2
tourism,12
tourismdevelopment,3
tourismproject,3
trash,2
travel,36
travelawesome,2
travelgram,3
travelgreen,2
travelindia,4
travelinspirations,3
travelitaly,3
travelling,3
travelsustainably,2
traveltips,3
travelwithkids,2
travelwithnature,6
trees,2
trekking,1
trekkingfvg,3
trekkinglakecomo,1
trending,3
trendingformat,3
trendingnow,3
trendoftheday,3
tripdog,2
tropicalhomes,3
tunbridgewells,1
tuscanyresort,2
tuscanyvenue,2
tuttiinsiemenelverde,2
tèdiolivo,1
udine,3
uliveto,7
umweltbewusst,4
unesco,7
unionlido,6
unionlido_camping,3
urlaubmitkinder,3
urlaubmitkindern,1
usawomen,9
utahlife,9
utahliving,9
vacanze,10
vacanze2020,3
vacanzeaquattrozampe,2
vacanzeconglianimali,2
vacanzeverdi,2
vacation,28
vakantiemetkinderen,1
valentine,7
valentinecard,4
valentines,3
valentinesday,7
valentinesday2020,4
valledaosta,9
valsamoggia,1
vegan,71
veganholiday,3
vegansailing,67
vegantravel,3
veganuary,67
veganuary2020,67
vegetables,3
vegetarian,67
vero4kabagurina,9
verobotelho,9
verona,3
view,3
vigo,7
villaamalia,3
villaamaliaecoresidential,3
villaamaliatorrevieja,3
villaintoscana,2
villalapalagina,2
villapalagina,2
villapalaginaresort,2
villarentalbali,4
villarentalubud,4
villas,19
villatoscana,2
villavineacroatia,6
visitarezzo,2
visitbologna,1
visitbritain,3
visitcasentino,2
visitcavallino,6
visitcerveteri,7
visitcollibolognesi,1
visitcrete,19
visitengland,3
visititaly,7
visitrome,7
visittuscany,2
visitwales,3
viviappennino,1
wakeupinmediterranean,3
walk,13
walking,29
walkingholiday,1
wanderlust,1
water,9
waterfall,4
waterfilter,4
wearethechange,2
wellbeing,7
wellness,16
wellnessjourney,4
wellnessretreat,4
welovenature,2
weloverecycling,3
welshholiday,3
welshstays,3
welshyurt,3
westisbest,3
white,9
whoneedsinfinitypools,4
wildflowers,3
wildgarden,29
wildwoodscamping,6
woodendoor,3
woodenfence,3
woodland,3
woodlandcamping,6
workercoop,67
wreck,4
yercaud,4
yoga,16
yolo,4
yurthideaway,3
yurtholiday,6
yurtinthewoods,3
yurtlife,3
zanzibar,2
zeroplastic,4
zerowaste,11
zerowastelife,4
zsammenanpackn,4
ökohotel,4
наработе,9
праздник,9
святойпатрик,9
城門水塘,2
行山,2
강화도,3
그린홀리데이,12
빵,9
빵순이,9
빵스타그램,9
선두리,3
스노우캣,3
자연은완벽해,3
