,RowSum
0,1
1,1
2,1
3,1
4,1
alsacienne,1
angrybird,1
batman,1
bellanger,1
bloodykirby,5
bloodymary,1
brunch,2
brunchers,1
brunchgoals,1
bspattycake,2
bugsbunny,1
classyalternatives,1
creative,1
croquemadame,1
croquemonsieur,1
cupcake,1
datenight,1
eggsbenedict,1
ghostbusters,1
grumpycat,1
happyvalentines,1
herbedmary,1
knickerbockerglory,1
liqpic,1
liquor,1
mario,1
matchmadeinheaven,1
meatboy,1
minecraft,2
mouthwatering,1
mushroom,1
oeufs,1
oysters,1
pancakes,1
playstation,1
pokeball,1
ps4,1
reptar,2
thepickledpiratenc,1
turnerhardyco,2
valentinesday,1
watermelon,1
