,RowSum
0,1
1,1
2,1
3,1
4,1
5,1
6,1
7,1
8,1
9,1
10,1
11,1
12,1
13,1
14,1
15,1
16,1
17,1
18,1
19,1
20,1
21,1
22,1
23,1
24,1
25,1
26,1
27,1
28,1
29,1
30,1
31,1
32,1
33,1
34,1
35,1
36,1
37,1
38,1
39,1
40,1
41,1
42,1
43,1
44,1
45,1
46,1
47,1
48,1
49,1
50,1
51,1
52,1
53,1
54,1
55,1
56,1
57,1
58,1
59,1
60,1
61,1
62,1
63,1
64,1
65,1
66,1
67,1
68,1
69,1
70,1
71,1
72,1
73,1
74,1
75,1
76,1
77,1
78,1
79,1
80,1
81,1
82,1
83,1
84,1
85,1
86,1
87,1
88,1
89,1
90,1
91,1
92,1
93,1
94,1
95,1
96,1
97,1
98,1
99,1
100,1
101,1
102,1
103,1
104,1
105,1
106,1
107,1
108,1
109,1
110,1
111,1
112,1
113,1
114,1
115,1
116,1
117,1
118,1
119,1
120,1
121,1
122,1
123,1
124,1
125,1
126,1
127,1
128,1
129,1
130,1
131,1
132,1
133,1
134,1
135,1
136,1
137,1
138,1
139,1
140,1
141,1
142,1
143,1
144,1
145,1
146,1
147,1
148,1
149,1
150,1
151,1
152,1
153,1
154,1
155,1
156,1
157,1
158,1
159,1
160,1
161,1
162,1
163,1
164,1
165,1
166,1
167,1
168,1
169,1
170,1
171,1
172,1
173,1
174,1
175,1
176,1
177,1
178,1
179,1
180,1
181,1
182,1
183,1
184,1
185,1
186,1
187,1
188,1
189,1
190,1
191,1
192,1
193,1
194,1
195,1
196,1
197,1
198,1
199,1
200,1
201,1
202,1
203,1
204,1
205,1
206,1
207,1
208,1
209,1
210,1
211,1
212,1
213,1
214,1
215,1
216,1
217,1
218,1
219,1
220,1
221,1
222,1
223,1
224,1
225,1
226,1
227,1
228,1
229,1
230,1
231,1
232,1
233,1
234,1
235,1
236,1
237,1
238,1
239,1
240,1
241,1
242,1
243,1
244,1
245,1
246,1
247,1
248,1
249,1
250,1
251,1
252,1
253,1
254,1
255,1
256,1
257,1
258,1
259,1
260,1
261,1
262,1
263,1
264,1
265,1
266,1
267,1
268,1
269,1
270,1
271,1
272,1
273,1
274,1
275,1
276,1
277,1
278,1
279,1
280,1
281,1
282,1
283,1
284,1
285,1
286,1
287,1
288,1
289,1
290,1
291,1
292,1
293,1
294,1
295,1
296,1
297,1
298,1
299,1
300,1
301,1
302,1
303,1
304,1
305,1
306,1
307,1
308,1
309,1
310,1
311,1
312,1
313,1
314,1
315,1
316,1
317,1
318,1
319,1
320,1
321,1
322,1
323,1
324,1
325,1
326,1
327,1
328,1
329,1
330,1
331,1
332,1
333,1
334,1
335,1
336,1
337,1
338,1
339,1
340,1
341,1
342,1
343,1
344,1
345,1
346,1
347,1
348,1
349,1
350,1
351,1
352,1
353,1
354,1
355,1
356,1
357,1
358,1
359,1
360,1
361,1
362,1
363,1
364,1
365,1
366,1
367,1
368,1
369,1
370,1
371,1
372,1
373,1
374,1
375,1
376,1
377,1
378,1
379,1
380,1
381,1
382,1
383,1
384,1
385,1
386,1
387,1
388,1
389,1
390,1
391,1
392,1
393,1
394,1
395,1
396,1
397,1
398,1
399,1
400,1
401,1
402,1
403,1
404,1
405,1
406,1
407,1
408,1
409,1
410,1
411,1
412,1
413,1
414,1
415,1
416,1
417,1
418,1
419,1
101cocktailstotrybeforeyoudie,3
11,6
1440hours,3
21days,3
37,2
3sides,4
545,10
5stars,3
a_w_robinson,3
aarontsainyc,2
absinthedrip,2
ad,10
africanamericanfood,4
afterdinnerdrinks,3
afterworkdrinks,3
ahornsirup,4
aksbirthday,4
albengz,6
alcohol,3
alice,9
alicecheongdam,9
allanbenton,4
alvinleung,3
anaheim,2
anaheimpackingco,2
anaheimpackingdistrict,2
anaheimpackinghouse,2
anaheimproud,2
anapplefallsintherum,2
ancy_sg on Instagram,4
andaz,10
andaztokyo,10
andjeannetoo,3
angostura,2
angosturabitters,17
appleinaroom,3
applepie,16
applesyrup,2
aquavit,2
arvinsadaran,3
ashleychristensen,4
autumncocktails,2
b3,3
backtolife,3
backtoreality,3
bacon,74
baconbourbon,8
baconfat,3
baconfatwashed,3
baconinfused,7
baconinfusedbourbon,11
baconinfusedoldfashioned,3
baconjam,4
baconlover,10
baconoldfashioned,7
baconwashed,4
baconwhiskey,13
bankholiday,3
bar,17
barrelaged,3
barrelageddad,10
barsmarts,6
bartender,31
bartender_albert,6
bartenderlife,3
bartenders,3
bartendersguide,2
bartenderueong,4
bartending,5
bartour,3
beasleys,4
beasleys_raleigh,4
beasleyschickenandhoney,8
beasleysraleigh,4
bec,16
becklam,4
beerbodbrian,3
begalou89,3
belgianbarfly,3
benton,7
bentons,28
bentonsbacon,28
bentonsoldfashioned,379
berrygordymanhattan,4
bestbars,2
birmingham,18
birminghamuk,10
birthday,13
birthdaydrinks,10
biscuits,4
bitter,3
bitters,7
bittersweet.melissa,3
blackpearl,2
blindrabbit,2
blindrabbitbar,2
blog,10
blogger,10
blogger_de,10
blokesworld,3
boilermakernyc,16
boozy,3
bottledcocktails,3
bourbon,47
bourbonwhiskey,7
bourne_and_co,21
bourneandco,31
bramble,9
breakfast,16
breakfastfordinner,16
breaking_bourbon on ,6
brumbloggers,10
bulleitbourbon,4
bumbleapp,10
bumblebff,10
butter,10
buttermilkpancakes,16
buzzfeedfood,10
californiahippie,4
camilionegroni,3
cap,3
capecodfoodies,6
carine,3
chapay.anand,3
cheeeeese,16
cheers,13
cheese,16
chicken,4
chickenandwaffels,4
chickenandwaffles,4
chihuahua,4
classic,3
classiccocktails,20
classichiphop,3
club,3
cocchi,2
cocktail,55
cocktailart,3
cocktailbar,9
cocktailbart.de,10
cocktailblogger,10
cocktailbook,2
cocktailcafe,3
cocktailgram,10
cocktailmd on Instag,2
cocktailoftheday,10
cocktailporn,13
cocktails,102
cocktailsathome,3
cocktailsofinsgram,10
cocktailstyling,3
cocktails🍸,4
cocoderwojed,6
coldbrewnegroni,9
comingsoon,8
cooking,10
copenhagen,2
cornwellrl,4
craftcocktail,13
craftcocktails,8
creative,3
cucumber,3
culinary,10
danmurphys,3
dapper_drinks,4
darkmeatonly,4
date,10
datenight,10
datenightdelectables,10
day208,4
dayofeducation,3
dayoflearning,3
december,3
delicious,4
deliciousness,2
denmark,2
dennisallg,4
destinationhongkong,3
destinationmo,3
detroit,9
diageo,4
diffordsguide,3
digestifs,3
dinner,4
djtomt,12
donlee,4
downtowndetroit,9
downtownraleigh,4
dreamsanddesires,3
drink,10
drinking,10
drinks,25
drinksofinstagram,10
drinkstagram,13
drinkwhatyoulike,2
dubai,3
dubdew,4
eastvillage,26
eater,10
eatinginthesouth,4
eatme,4
eeeeeats,10
egc,3
encore2017,3
f52grams,10
faltestu,4
fattiefoodiejudy,4
fatwash,4
fatwashed,17
fatwashedwhiskey,3
fatwashing,21
feebrothers,4
festiveseason,3
fiskerkarma,4
foiegras,4
food,10
foodcoma_sofla on In,3
foodemotion on Insta,4
foodgasim,3
foodgasm,10
foodie,4
foodporn,10
foodyatra,10
forkandshaker,10
fortherecord,4
fourroseburbon,2
fourroses,7
fourrosesbourbon,7
friedchicken,4
friends,3
fuji,3
fujifilm,3
fujifilmlifestyle,3
funday,3
funtimes,4
garnishes,2
garnishporn,3
ginfordays,4
ginginmule,9
giniusaxis,3
giniuslewis,6
goldencadillacnyc,2
goldrush,9
goodtimes,7
goodtimesgoodfriends,4
grandcentralstation,3
greatservice,4
gregoryathomas,8
grill43,6
grill43yarmouthport,6
grill_43,6
grootvlaenderen,3
guzzle,3
hackyourbar,3
hana.mccarley.oneill,4
handcuticecube,4
hankypanky,2
happybirthday,10
happyhour,3
hiddenbar,2
highlandtown,7
hivemind,3
hk,4
hkfoodies,4
hkig,4
hmmbacon,2
homebar,13
homebartender,3
homecooking,10
homemade,10
homeofthemidnightpancake,16
hongkong,4
hotdogs,7
housemade,4
hyderabad,3
hyderabadblogger,3
ilovesharingfood,2
infused,2
instacocktail,3
instacocktails,10
instadrinks,12
intimatesetting,3
intokyo,3
iphone,4
itscoldoutside,3
itsvince723,4
iwontsaywhere,3
jalapeno_whore,7
japan,3
jeffbeachbumberry,3
jeffbell,14
jeffreysamarettosour,9
jimbeam,3
jimbeamdoubleoak,4
jimmeehan,2
jkkproject,4
jodycollins,4
johnnnie,4
julietandromeo,10
justthebeginning,4
karndeanflooring,3
kayetv,4
keeziengvang,8
kittycheungwy,3
kobesliders,4
kostas_dw,3
labeling,3
landmarkmandarinoriental,3
landmarkmo,4
laphroaigproject,9
latergram,6
latkes,16
launching,9
lego_182,2
les,4
lewisbmalone,2
lifeisgood,4
linslifelab,3
liquor,3
littleitaly,10
liviaberwangers,4
lmohk,4
lol,4
lowereastside,4
makersmark,12
manhattan,6
maple,4
maplesyrup,35
mar1p0sas,3
mastersofmixology,3
melissadrinks,3
menu,9
metalandraybans on I,2
mezcalmule,9
midnightpancakes,16
mikitikihour,4
mimosa,16
mindful_wingchun,3
missnycalready,4
mixers,2
mixologist,16
mixology,33
mixologyart,3
mnemonic_memento,4
mobarhk,3
modernclassic,12
modernclassics,2
momofuku,3
monday,3
mybrothers,3
nakedandfamous,9
nceats,4
nctravel,4
neokomuso,3
new,9
new_fork_city,10
newageboulevardier,3
neworleans,3
newstreet,3
newyearseve,3
newyork,21
newyorkcity,11
nightcapswithnatalie,3
nightout,10
no1cup,3
nofilter,2
nola,3
northcarolina,4
notanotherxmascocktail,3
notaspeakeasy,4
nottoofancy,4
nyc,39
nycdrinks,13
nycspeakeasy,2
nytfood,10
oaxacaoldfashioned,19
oldcuban,9
oldfashion,4
oldfashioned,103
oldfashionedcocktail,2
oldsanjuan,3
olmajor,4
onewaytripper,2
orangebitters,3
orangenzeste,4
ouncetaipei,4
packingdistrict,2
packinghouse,2
paddington,10
pancakes,16
pancakesfordinner,16
paperplane,9
parmedianosour,4
party,10
pat.dooley315,3
pdt,78
pdthk,7
pdtnyc,24
pdtpopup,2
pdttaipeitakeover,2
pdtvan,2
penicillin,9
penicillincocktail,10
pepnogue,4
phoebesaraheva,2
phonebooth,4
phoneboothentrance,3
photography,3
photooftheday,3
pigdrinks,4
pilsalpastor,3
pimentomacandcheese,4
playingcatchup,4
please_dont_tell,3
pleasedonttell,62
pleasedonttellnyc,16
popup,11
prep,4
proudpapa,4
pruklife,3
puertorico,3
raleigh,8
raleigheats,4
raleighnc,4
rby,2
redhook,9
reduce,4
redvelvet,8
refortifiedwhite,3
renukaveerasingam,4
repost,3
reuse,4
robertosimonson,34
robingoestoraleigh,4
rochambeauwines,4
rocksglass,4
roebucksruin,10
roguedesigns on Inst,4
ron,2
rooftopbar,10
roscoeswho,4
rubybar,2
rubycopenhagen,2
rumnade,3
ryebread,2
ryewhiskey,4
salud,10
sandra_l_weissel,3
sanjuan,3
saturdaynightsanctuary,4
sausage,16
seminar,3
serenity,3
sfmc8 on Instagram: ,4
sgtpepper,4
shanghai,7
shibuya,3
shingogokan,3
shiverygrass,3
simplywithstyle,3
singapore,3
sip,3
smitten,2
smores,16
snakehill,7
snakehillgrill,7
snakehillsour,4
sodawine,3
sogood👍,4
soldout,3
somethingsbetterthannothing,4
soulfood,4
souliisoul,3
southernfriedchicken,4
speakeasy,50
speakeasybar,4
speaklow,7
spirits,10
spiritwrangler,3
standby,9
standbydetroit,7
stmarksplace,7
styling,3
stylishbar,3
subrosa,10
sustainablestraws,4
sweetpotatoes,4
taipei,2
taipeitakeover,2
tales,3
talesofthecocktail,6
talesontour,3
talesontour2019,3
tanjongpagar,3
tanjongpagarroad,3
tasty,4
tatertots,10
tattsu0111,3
tbt,3
tequilaronnie,4
terrykim712,3
tgif,4
the_ting_thing,10
theattic,2
theblindrabbit,2
theblindrabbit_anahe,2
thecocktailpanda,3
thehousewifelife,3
thekelso,2
thenewanaheim,2
thepackingdistrict,2
thepackinghouse,2
thepaddington,3
thepeterlarsen,3
thesgclub,3
theshowmustgoon,3
theskip,3
thespiritwanderers,6
thewrongdevice,3
thisisinsider,10
tightcrew,2
tippling,3
tipplingclub,3
tipplingclubsg,3
tipplingclubsingapore,3
tokyo,10
tokyonight,10
tommysmargarita,19
tomuchfuntogram,4
tonic_ginx,3
tonight,4
tonightsthenight,4
topshelf,2
topshelf2015,2
totc,6
totc2017,3
townsendsmith,2
trinidadsour,9
twistedclassics,4
uni,4
vancouver,4
vodkaespresso,9
vommehrwertdesmischens,4
waffles,4
wagyu,4
wandering_accountant,3
wasan,4
wd50,4
wefancy,4
wheresroberto,3
whiskey,16
whiskeybarrelagedbitters,4
whisky,6
womanchef,4
worldclass,7
worldclassdrinks,4
worldofcocktails,3
worththewait,2
wurstbarinbaltimore,7
xmascocktails,3
xt10,3
yh_eason,3
yu_gilsang on Instag,3
yum,4
yuukisahara,10
zacapa23,2
zagat,10
zerospecbebop,6
すごすぎ,3
アンダーズ東京,10
オールドファッションド,3
カクテル,16
ニューヨーク,3
バーテンダー,3
バーテンダーごっこ,3
バーテンダーになりたい,3
フォアローゼス,3
ベーコン,3
メープルシロップ,3
ルーフトップバー,10
最先端,3
東京,3
毎日カクテル,3
毎日投稿,3
渋谷,3
美味すぎ,3
飲酒タグラム,3
메뉴,9
모던클래식,9
술스타그램,4
알버트의나도가봤지롱,3
앨리스,9
앨리스청담,9
칵테일,7
🇭🇰,4
