,RowSum
0,1
1,1
2,1
3,1
4,1
5,1
6,1
7,1
200ml,2
agavesyrup,1
bankholiday,1
beach,2
can,2
cans,2
capetown,1
cheerstospontaneousdecisions,1
ciaotiamo,1
cocktail,1
cocktails,2
cuervo,2
cuervosparklingpaloma,2
datenight,1
dolce,1
eljimador,1
espressoblancomartini,1
fireplace,1
friends,1
gia,2
giaeatdrinklisten,1
gypsysfavorite,1
hotelmusthave,1
hotpistachio,1
jose,2
josecuervo,3
josecuervomargaritas,1
julietrose,1
lime,1
margarita,4
marguerita,2
miss_suzanneg,1
new,2
onewinwonder,1
onthego,1
paloma,1
picnic,2
picoftheday,2
pineapplepunch,1
reposado,1
rickscapetown,1
russellswineandliquo,2
sim_sim_belle,1
sparkling,1
sparklingmargarita,1
sparklingrosemargarita,8
sparklingstrawberry,2
special,1
strawberry,3
tequila,1
timetravel,1
wander_gypsy38,1
winter,1
workhardplayhard,1
