,RowSum
0,1
1,1
2,1
3,1
4,1
5,1
6,1
7,1
8,1
9,1
10,1
11,1
12,1
13,1
14,1
15,1
16,1
17,1
18,1
19,1
20,1
21,1
22,1
23,1
24,1
25,1
26,1
27,1
28,1
29,1
30,1
31,1
32,1
33,1
34,1
35,1
36,1
37,1
38,1
39,1
40,1
41,1
42,1
43,1
44,1
45,1
46,1
47,1
48,1
49,1
50,1
51,1
52,1
53,1
54,1
55,1
56,1
57,1
58,1
59,1
60,1
61,1
62,1
63,1
64,1
65,1
66,1
67,1
68,1
69,1
70,1
71,1
72,1
73,1
74,1
75,1
76,1
77,1
78,1
79,1
80,1
81,1
82,1
83,1
84,1
85,1
86,1
87,1
88,1
89,1
90,1
91,1
92,1
93,1
94,1
95,1
96,1
97,1
98,1
99,1
100,1
101,1
102,1
103,1
104,1
105,1
106,1
107,1
108,1
109,1
110,1
111,1
112,1
113,1
114,1
115,1
116,1
117,1
118,1
119,1
120,1
121,1
122,1
123,1
124,1
125,1
126,1
127,1
128,1
129,1
130,1
131,1
132,1
133,1
134,1
135,1
136,1
137,1
138,1
139,1
140,1
141,1
142,1
143,1
144,1
145,1
146,1
147,1
148,1
149,1
150,1
151,1
152,1
153,1
154,1
155,1
156,1
157,1
158,1
159,1
160,1
161,1
162,1
163,1
164,1
165,1
166,1
167,1
168,1
169,1
170,1
171,1
172,1
173,1
174,1
175,1
176,1
177,1
178,1
179,1
180,1
181,1
182,1
183,1
184,1
185,1
186,1
187,1
188,1
189,1
190,1
191,1
192,1
193,1
194,1
195,1
196,1
197,1
198,1
199,1
200,1
201,1
202,1
203,1
204,1
205,1
206,1
207,1
208,1
209,1
210,1
211,1
212,1
213,1
214,1
215,1
216,1
217,1
218,1
219,1
220,1
221,1
222,1
223,1
224,1
225,1
226,1
227,1
228,1
229,1
230,1
231,1
232,1
233,1
234,1
235,1
236,1
237,1
238,1
239,1
240,1
241,1
242,1
243,1
244,1
245,1
246,1
247,1
248,1
249,1
250,1
251,1
252,1
253,1
254,1
255,1
256,1
257,1
258,1
259,1
260,1
261,1
262,1
263,1
264,1
265,1
266,1
267,1
268,1
269,1
270,1
271,1
272,1
273,1
274,1
275,1
276,1
277,1
278,1
279,1
280,1
281,1
282,1
283,1
284,1
285,1
286,1
287,1
288,1
289,1
290,1
291,1
292,1
293,1
294,1
295,1
296,1
297,1
298,1
299,1
300,1
301,1
302,1
303,1
304,1
305,1
306,1
307,1
308,1
309,1
310,1
311,1
312,1
313,1
314,1
315,1
316,1
317,1
318,1
319,1
320,1
321,1
322,1
323,1
324,1
325,1
326,1
327,1
328,1
329,1
330,1
331,1
332,1
333,1
334,1
335,1
336,1
337,1
338,1
339,1
340,1
341,1
342,1
343,1
344,1
345,1
346,1
347,1
348,1
349,1
350,1
351,1
352,1
353,1
354,1
355,1
356,1
357,1
358,1
359,1
360,1
361,1
362,1
363,1
364,1
365,1
366,1
367,1
368,1
369,1
370,1
371,1
372,1
373,1
374,1
375,1
376,1
377,1
378,1
379,1
380,1
381,1
382,1
383,1
384,1
385,1
386,1
387,1
388,1
389,1
390,1
391,1
392,1
393,1
394,1
395,1
396,1
397,1
398,1
399,1
400,1
401,1
402,1
403,1
404,1
1,3
18thbirthday,3
21,1
21stbirthdaycake,1
24carot,3
24ice,2
5,2
50bestbars,3
971amaya,3
Null,3
_bakedbychloe_,1
a,3
abq,3
acai,3
acousticexperience,7
adultsonly,2
advertising,12
agenciademodelos,12
ain,14
airy,3
alanaaaaaaa.___,1
alavotre,3
albertinevandenbrink,3
albuquerque,3
alcohol,10
aleksander_lukin777,3
alessandra.hernandez,3
alkohol,4
aloha,3
alotarumchata,7
amateur,3
amateurbaker,3
amazingview,3
amitie,3
ananas,10
andresdelarosarivieramaya,12
andstirred,3
andstirred_cocktail_,3
anotherdayinparadise,3
anthonyhernandez,3
antilles,3
antojos,3
any_excuse_4_cake,3
anyexcuse4cake,3
aperitivo,1
art,3
artgram,3
artisansoaps,3
artist,3
artista,3
artistic,6
arty,3
ashleyjoannne,3
attitude,12
auto,3
avocado,4
avocadooil,4
bacardi,8
bacardifamily,3
bacardilegacy,3
bacardilife,3
bacardirum,3
backcountrybrewing,3
bake,1
bakebitch,3
bakedbychloe,1
baker,1
bakery,3
bali,7
balibible,4
balifood,4
balifoodblogger,4
baliguru,4
balitravel,4
bar,24
barbershopconnect,3
barman,14
barrachina,3
bartender,3
batears,3
bath,3
bayviewcafe,3
bayviewcafecolaba,6
bberry1987,2
beach,9
beachbabe,4
beachbar,4
beachbeers,4
beachlife,14
beachside,6
beachvibes,10
beachwear,12
beard,3
beautiful,9
beautifulday,3
beauty,6
beer,10
beerbabe,10
believethehype,3
bellini,4
benditabeach,1
bestofla,4
bex_mac,3
bhbsalts,4
bhfyp,3
bibbyscakesllc,6
bienvenidos,1
bikeride,3
bikini,4
birthday,1
birthdaycake,1
birthdaygift,2
birthdaygirl,3
blackberries,3
blencreme,3
blencremeparis,3
blencrèmeparis,3
blessings,3
blkpg,4
bloodymary,3
bluegrassbakerycakes,1
bluegrassbakerycakesbymaridee,1
bluehawaiian,3
bne,3
body,12
bodyboard,4
bodycare,3
bodycream,3
bondi,4
bondibar,4
bondibeach,4
bondidrinks,4
bondieats,4
bondinightlife,4
botl,10
bottledup,3
brambleberry,3
brambleon,3
breakfast,3
brisbane,3
brisbanebreakfast,3
brisbanecafe,3
brisbanefood,3
brunch,3
brunomd,4
brunomdofficial,4
bulldogfrancês,3
bulldogs,3
bulldogworldwide,3
bullyworld,3
buzzfeedfood,4
byevie,4
cactus,3
cafe,4
cafeinmumbai,3
cafelagos,9
cairns,1
cairnsflorist,1
cake,10
cake.cahoots on Inst,3
cakecakecake,1
cakedecorating,1
cakedecorator,1
cakelover,3
cakemaker,3
cakeoftheday,1
cakes,20
cakesofinstagram,1
cakestagram,1
cakestownsville,3
california,3
canadapooch,3
cancun,12
cancunmexico,12
candyandkrew,4
canellabeach,3
canterbury,3
capesienna,10
captain_m83_,14
caraibes,3
carley.portera on In,4
carogoesglobal,1
cartagena,1
casero,3
causeican,3
causeiwantto,3
cave,1
celebrate,3
celebratelife,3
cenotes,1
centroamerica,1
cereza,3
cerezadelpastel,3
champagnepinacolada,3
chapman,9
cheers,16
cheese,4
chill,4
chilled,4
chocolate,1
chocolategravel,1
cigar,10
cigarclub,10
cigarlife,10
cigarlover,10
cigaroftheday,10
cigarpassion,10
cigarworld,10
citation,3
citationdujour,3
cleanfood,7
clouds,3
cocacola,4
cocktail,16
cocktailbar,11
cocktailporn,4
cocktails,69
cocktailsofinstagram,4
coconut,14
codeinecolombian,3
coktail,14
colabalove,3
coladasunrise,3
cold,4
coldcoffee,9
coldprocess,3
colinxam,3
colombiana,1
colombia🇨🇴,1
color,10
colorful,3
colorfuldrinks,10
colorfulfood,10
colors,1
colourful,4
comidamexicana,4
condado,3
consumelocalcln,3
copenhagen,3
copine,3
cosmopolitan,3
costarica,3
couple,5
coyo,3
craftcocktails,3
creative,3
crush,3
cuba,24
cubalibre,5
cubancigar,10
cubancigars,10
cubanita,1
cubatravel,3
cubatrip,3
cuba🇨🇺,3
cueva,1
culiacan,3
cupcakes,3
curves,12
dadjokes,1
dagjeuit,2
daily,3
daniellematsui,3
date,3
daïkiri,3
dearmama,7
delicia,3
delicious,3
deliciousbali,4
deliveryavailable,7
denmark,3
dessert,3
dessertcakes,9
desserts,3
devonfoodie,10
devonphotographer,10
dibujo,3
dibujos,3
dibujosalapiz,3
dinela,4
discover,1
discoverla,4
discovertheworld,4
diy,4
dnesjem,3
dnesjemvegan,3
dominicana,3
dontmissout,7
doodling,3
dozen,3
draw,3
drawing,3
drawingoftheday,3
dreamingcupcakes_dc,3
dreams,3
dreamy,3
drink,15
drinkdrankdrunk,10
drinking,2
drinkphotography,10
drinks,54
drinksanford,3
drinksinsydney,4
drinksofinstagram,20
drinkstagram,17
drinkup,4
drunk,10
easytomakecocktails,3
eatdadrink,7
eatla,4
eatmunchies,4
edicionlimitada,10
edicionlimitada2018,10
elloro,3
elpaso,3
endlesssummer,4
enjoy,4
enjoyresponsibly,3
enriquecomas,6
eptx,3
espetariadavilla,3
espresso,9
evelynblogger1,4
events,3
eventsinlagos,3
exclusivo,10
exotic,3
exoticpop,3
explore,4
explorepage,3
f52grams,10
facts,4
familj,10
family,3
fanta,3
fashion,5
fashionista,4
february,3
feedfeed,13
fitgirl,12
fitnesslifestyle,4
fiverfriday,3
fiverfridaydeal,3
fiverfridays,3
flamingo,3
floridian,1
florist,1
floristgardens,1
flowerphotography,4
fnq,1
follow,2
followall,2
followers,1
followforfollow,2
followforfollowback,1
followme,5
followthis,2
followtrain,2
followyourdreams,3
food,22
foodblogger,20
foodbloggergirl,10
foodbloggersofinstagram,10
foodbloggingindia,10
foodgasm,10
foodie,10
foodiejp,2
foodies,7
foodiesafarii,10
foodiesofinstagram,14
foodinglobe,4
foodlover,10
foodphotography,23
foodphotographyandstyling,10
foodporn,26
foodstyling,10
forkyeah,14
fortlauderdale,10
fotografia,4
france,17
french,3
frenchbulldoglife,3
frenchiegram,3
frenchiehomers,3
frenchielifestyle,3
frenchieoftheday,3
frenchieoverload,3
frenchiesociety,3
frenchiesoftoronto,3
frenchmacarons,3
fridaymood,4
friends,12
friendsoffriends,3
friendsofthefamily,3
friendswhoarefamily,3
friskywhiskey,7
frozen,2
frozencocktails,2
fruit,10
fruitarian,3
fruitoftheloom,3
fruitporn,3
fruitrollupchallenge,3
fruits,6
fruitsalad,3
fruitsbasket,3
fruta,3
fuelyourbody,4
fun,2
gay,3
gaytravel,3
gelshotz,6
getchusome,7
getinmybelly,1
gifted,4
ginlemon,1
girls,12
girlspower,1
girltrip2020,1
glendadouglas7842,3
glendassomersetsmile,3
global,1
glutenfreecake,3
goa,4
goldleaf,3
goodmorningnigeria,9
goodpeople,7
goodtimes,7
goodvibes,7
gorgeous,3
gosier,3
gottalearnhowtomakethese,3
govegan,3
gradientfrosting,3
gramgandh,3
granola,3
grape,3
grapes,3
greatsouthernbar,8
green,3
greeneyes,3
grownup,3
gtadogs,3
guadeloupe,3
guest,3
guests,3
gwada,3
gymmotivation,1
habano,10
habanos,10
haciendasvialinda,3
hadlow,3
hadlowgifts,6
halfdozen,3
handmade,7
handmadesoap,3
happy,5
happybirthday,3
happyhour,3
happymoments,3
hardlight,10
hautecuisines,10
havanaclub,8
havanaclub7,4
hawaiian,4
healthandfitness,4
healthandwellness,4
healthy,7
healthyfood,3
healthylifestyle,4
healthyliving,4
healthyself,4
heenalu.uluwatu.bali,4
henleybeach,4
hey,3
hhb,2
hibernate,1
hibiscus,4
hibiscusflower,4
highfat,4
hightopsoaps,3
hmw.image,4
hobbiest,3
hobby,3
holiday,3
holidaycakes,1
holidaymood,3
holidayphotography,2
holidays,3
hollywood,4
homemade,3
homesweethazel,4
houseparty,3
htown,3
huishoudbeurs,2
huishoudbeurs2020,2
hupmann,10
husbandsonduty,1
iamalive,4
ice,6
iceicebaby,2
ifyoulikepinacoladas,3
igdaily,2
igersmiami,10
ijsje,2
ijsjevoorvolwassenen,2
ilovemacarons,3
ilovesydney,4
imagine,3
indianfoodbloggers,10
infatuationla,4
influencer,2
ingleside,3
inredning,4
instadraw,3
instafood,6
instafoodgram,13
instafoodporn,3
instagirl,3
instagood,14
instagram,21
instagramers,3
instalike,3
instalove,4
instamamavan2jongens,2
instamoment,6
instamysterious,3
instantcopine,3
instapic,4
interfit,12
interfitphoto,12
interior,4
ishak,6
island,2
islandgirl🌴,1
islarosario,1
islegrande,3
italia,10
italy,1
itsalmostfriday,3
jaarlijksevenement,2
jelloshots,3
joaquim.junior11,3
jordenmommy,4
jorkenaheartfeltscrubs,4
journey,4
jozzdavalos,3
jumpersfitness_lands,4
jungleclubsamui,2
just.arlinda,3
kaytlinelise88,3
kc713htown,3
kent,3
kentgifts,3
kentishgifts,3
keto,4
ketorecipe,4
ketorecipes,4
ketorex,4
kitsch,10
kiwiberries,3
knijpijsje,2
kohsamui,2
kuba,3
laeats,4
lagos,12
lagosfoodie,6
lagosliving,9
lagosmainland,9
lagosmorning,9
lagosnigeria,3
landscape,1
lapalma,4
lapalmabondi,4
lapalmabondi on Inst,4
lara_musella,1
latin,1
latinamerica,1
lauramargaud,3
lavina2018marvelemod,4
lawsandsausage,1
lb2gether,6
legal,3
legs,6
leisure,3
lekkerhoor,2
lekkerijsje,2
lemon,1
lemonade,6
lentetuinbreezand,3
letitgo,3
letspartycatering,3
lgbtqisydney,4
lifeisgood,3
lifestyle,12
lifestyleblogger,10
lightning,3
like,3
like4likes,7
likeforfollow,1
likeforlikes,3
lime,3
limitadas,10
liquor,3
littleblackdress,3
livealittle,1
livingourbestlife,4
livingthegoodlife,3
lomastheresa,3
loolapaloosa,1
lotsavodka,7
lotuscafe,9
lotuscafenigeria,9
louise_deco,4
love,20
lovecuba,3
loveislove,4
loveme,1
loveofmylife,2
lovetobake,3
lowcarb,4
lowclass,3
lowclassmilitia,3
lowlife,3
lucky,3
lushieloaves,7
lushies,7
lushies2018,3
lushies2020,7
luxory,10
macaronlover,3
macarons,3
macaronstagram,3
madmicas,3
madrid,1
magdawojnicka,3
magsgoughphotography,10
mailand,10
maitai,11
maldives,3
maluma,1
mandalabeachcancun,12
mango,19
mangotango,3
mardigras2020,4
margarita,18
massive,3
matanzascuba,3
mauihawaii,3
meidendag,2
melbpemb,3
melissabarcelos,20
melodie.aubert.racin,4
metime,2
mexicana,3
mexicanfood,3
mexicangirl🇲🇽,3
mexicantraveler,3
mexico,15
miamivice,10
middaylive,3
midnightsoapery,3
milango,1
milano,10
milanofashionweek,1
milkwasabadchoice,3
mint,3
minutemaidpark,3
mixology,13
mmmmm,3
mnamka,3
mochaccino,9
mocktail,15
mocktails,20
moda,1
model,12
modelagency,12
modelling,1
modeloftheday,12
modelphotographer,12
mohammedali,1
mojito,28
mojitos,3
moments,3
mommaneedsadrink,3
momsquad,1
monin,3
morefoodcomingyourway,10
morethanwork,3
moscowcity,3
mountain,1
mountainscape,1
movingrightalong,4
mumbai,3
mumbaifoodblogger,13
mumbaifoodbloggers,3
mumbaifoodie,3
mumbaikar,3
mumbainightlife,3
mundo,1
munitogo,20
music,7
mywhiteamericanhome,10
naijalife,9
naly,3
natalia_klinkova,2
nataliahollup,10
naturalbeauty,1
nature,3
naturephotography,1
negenmaandenbeurs,2
networking,3
never_not_eating_,10
newfarm,3
nichtsdestotrotz,4
nicola_mute_rubino,1
nightlife,4
nikiwakeling,1
nikon,12
noalcohol,2
nofilterneeded,4
nokids,10
nokidsallowed,2
nonalcoholic,4
noplasticstraws,3
nostraws,3
offers,3
oldsanjuan,3
omole,9
onthebeach,3
ootd,3
optiekleon,3
orangetheoryfitness,3
ordernow,3
outdoorspace,3
pablo,3
pablonewfarm,3
pablonewfarm2.0,3
paddockwood,3
palmbeach,4
palmtree,4
palmtrees,4
palmtrees🌴,4
pannacotta,3
pansexual,1
parfait,9
paris,3
parrita,3
party,3
partybuddy,4
passion,6
passionate,3
passionatehobbiest,3
pastel,3
pay,3
paydepiñacolada,3
peach,10
peachberry,7
peachcobbler,7
peacock,3
peacockfeather,3
pecatu,4
pencil,3
pencilart,3
pencildrawing,3
penisalotta,3
perfectambience,3
perfekte_dna,10
petites4keeks,1
petraneum,3
photo,12
photography,7
photooftheday,3
phuket,4
pic,3
picoftheday,3
pinacolada,347
pinacoladaday,10
pinacoladas,3
pinacoladasong,10
pinacoladaswimwear,2
pinacolada🍍,3
pinacolada🍹,7
pinalokapr,3
pineapecoconut,3
pineapple,19
pineappleupsidedowncake,2
pink,6
pinkyboo_melts,3
pinneapple,3
pipedsoap,3
piñacolada,14
piñaloka,3
plagedelaverdure,3
plantbased,6
plantsofinstagram,3
pleasantlyy_plump,20
plentyhenny,7
pogoda,3
polishgirl,3
pool,4
poolside,16
pop,3
popsicle,2
portrait,3
postres,3
powerthirst,3
prettygirls,3
prosecco,3
proseccofriday,3
puertorico,6
pulsar,3
punefoodblogger,10
puntacana,3
puro,10
pythagore,3
qld,1
quintafeira,4
quoteit,1
rachelmincy,3
rafiellab,2
rai,2
rain,6
rainbow,3
rainyday,3
rare,3
realestate,4
realteam,3
refreshing,17
restaurantinbali,4
restrictedarea,2
rhonealpes,14
rhum,7
ritvakopra,4
rivieramaya,12
rivieramayatoxicqueen,12
robinson,3
rocks,1
ron,3
ronesdevenezuela,3
ronsantateresa,3
rooftop,3
rooftopbar,4
room,1
roominspiration,1
rosarioisles,3
roxy,4
rum,22
rumcocktails,3
rumcocktails🍹,3
rumsofpuertorico,3
rusticcake,1
sachin_autobacs,3
sanchez,3
sanchezcopenhagen,3
sand,5
sanford,3
sanfordfl,3
sanfordflorida,3
sangria,3
sanjuan,3
santalibre,2
santateresa,3
sausage,9
savblanc,3
scented,3
scentedcandle,3
scentedcandles,3
seafacingcafe,3
seaview,5
seaviewlovers,3
secerito,3
secondhoneymoon,10
selfieeverywhere,2
semester,10
seoul,3
sesjazdjeciowa,2
sevenoaks,3
sexisme,1
shoaboa,3
showergel,6
sightseeing,3
simplecocktails,3
sinaloa,3
sistelma12,1
sistelma2020,1
siwelbones,3
skibidi,3
smile,3
smoothie,3
smoothiebowl,3
smoothies,3
smullen,2
snow,3
soapfrosting,3
soaping,3
soapmaking,3
sobo,3
soda,3
sodaplugs,3
sorcha1986,3
sotl,10
southamerica,1
southmumbai,3
soygetsemani,1
spain,3
sparetime,3
spicedrum,3
spiritedawards,3
sponsered,4
springiscoming,3
sprite,3
spritz,1
stancenation,3
starvingfoodseeker,4
stellafrenchfries,3
stilllife,10
stilllifephotography,10
stirfrynoodles,9
stolica,2
storm,3
strawberry,10
strawberrydaiquiri,2
stressrelief,3
strong,3
sufferingbastard,3
sufferingbastardtiki,3
sufferingbastardtikibar,3
sugarcoma,3
sugarflowers,1
sugarscrub,4
sugaryspatula,3
summer,3
summervibes,1
sun,13
sunglasses,6
sunsetlover,4
sunshine,8
sunshine🌞,3
supportsmallbusiness,1
supportsmallbusinesses,4
surf,4
surfer,4
swamp,1
sweetiecln,6
swimsuit,9
swimwear,2
sydney,4
sydneybar,8
sydneycbd,4
sydneycocktails,4
sydneydrinks,4
sydneymardigras,4
tacosandmore,3
takemetobarbados,3
talesofthecocktail,3
tanninglines,4
tapas,2
taste,3
tbt,3
tdb,2
tenerife,3
terrace,10
terrazzaaperol,1
thailand,16
thankful,3
the_muse_life,3
theartistecollective,7
thebalible,4
thebaliguru,4
thefuturedoesntsuck,3
thesomersettoiletry,3
theview,3
thirstythursday,3
thrillist,4
throwback,10
thunderstorm,3
thursday,3
thursdayvibes,3
tiedie,3
tiki,3
tikiaf,3
tikibar,7
tikibars,3
tikicocktails,3
tikidrinks,7
tikiglass,3
tikinobar,4
timeoutla,4
tonbridge,3
topmodel,2
tornado,3
torontofrenchies,3
townsville,3
toxicqueenagency,12
trader_nics,6
tradernics,3
tragos,3
trav.elfood89,2
travel,33
travelblogger,3
travelblogging,2
traveler,3
travelercouple,4
travelholic,1
traveling,3
travelingram,1
travelling,2
travelphotography,3
traveltheworldtogether,4
travelwithfriends,4
treatbeauty,4
treatbeautyceo,3
trip,7
tropic,4
tropical,17
tropicalclimate,4
tropicalcocktails,4
tropicalgarden,4
tropicalphoto,4
tropicalphotography,4
tropicalvibes,7
tropikaleo,3
tunbridgewells,3
tundeednut,3
tunwells,3
turksandcaicosislands,1
tuttifrutti,7
uluwatu,4
unidosdonetflix,10
uniquestreats,6
universe,3
urbanfashion,3
urbanfoodfestng,3
urbanfoodfesttour,3
vacaciones,3
vacation,11
vacay,4
vacayvibes,4
vampira_baby,4
vancouverfoodie,3
varadero,7
varaderocuba,3
vegan,9
vegandeutchland,3
veganfood,3
veganfoodshare,3
vegbasedlife,3
vegetarianaestrita,10
veggiesway,3
venezuela,2
viaje,1
vibes,3
vibrant,3
viejosanjuan,3
violet,3
visitlauderdale,10
vodka,3
vodkaandorange,10
vodkalemonadecardigan,1
waffles,9
waitingfortheweekend,10
wakacje,3
wanderlust,7
warmechocolademelk,3
warmweather,4
warsaw,2
warsawbynight,2
warszawa,2
water,1
watermelon,3
waxaddict,3
waxmeltsforsale,3
waxmeltsobsessed,3
waxsnapbars,3
wbko,3
weather,3
wedding,1
weekendgetaway,10
weekendmood,10
weekendsaway,3
weekendvibes,20
weloveyou,3
west_henley,4
westartedthisdrankshit,3
westmichigan,2
westmidlands,1
whatveganseat,3
whiskey,3
whitebeautyandfashio,3
wine,4
winter,3
withbae💕,1
withflavor,10
withhubby,2
wonderland,3
workinginfood,10
world,12
xxqueenkay1990xx,1
yeahgirl,3
yellowsplus,3
yelpla,4
yum,3
yummy,8
yummyfood,3
yummyrummy,7
yvrbakes,3
yvreats,3
zagat,4
zigarre,10
zl_leisure_drawings,3
zonderkids,2
zonnebril,3
инстаграм,3
куба2020,1
кубинскиеканикулы,1
кубинскийром🍷,1
легендарио,1
москва,3
раздражитель,2
ущипнитеменя,2
フランス,3
ブランクレーム,3
プレゼント,3
ボディクリーム,3
ボディケア,3
ボディソープ,3
マカロン,3
晴天娃娃,3
法式馬卡龍,3
綠島燈塔,3
馬卡龍,3
루프탑,3
망원도,3
망원동,3
서울,3
좋아요,3
칵테일,3
