,RowSum
0,1
1,1
2,1
3,1
4,1
5,1
6,1
7,1
8,1
9,1
10,1
11,1
12,1
13,1
14,1
15,1
16,1
17,1
18,1
19,1
20,1
21,1
22,1
23,1
24,1
25,1
26,1
27,1
28,1
29,1
30,1
31,1
32,1
33,1
34,1
35,1
36,1
37,1
38,1
39,1
40,1
41,1
42,1
43,1
44,1
45,1
46,1
47,1
48,1
49,1
50,1
51,1
52,1
53,1
54,1
55,1
56,1
57,1
58,1
59,1
60,1
61,1
62,1
63,1
64,1
65,1
66,1
67,1
68,1
69,1
70,1
71,1
72,1
73,1
74,1
75,1
76,1
77,1
78,1
79,1
80,1
81,1
82,1
83,1
84,1
85,1
86,1
87,1
88,1
89,1
90,1
91,1
92,1
93,1
94,1
95,1
96,1
97,1
98,1
99,1
100,1
101,1
102,1
103,1
104,1
105,1
106,1
107,1
108,1
109,1
110,1
111,1
112,1
113,1
114,1
115,1
116,1
117,1
118,1
119,1
120,1
121,1
122,1
123,1
124,1
125,1
126,1
127,1
128,1
129,1
130,1
131,1
132,1
133,1
134,1
135,1
136,1
137,1
138,1
139,1
140,1
141,1
142,1
143,1
144,1
145,1
146,1
147,1
148,1
149,1
150,1
151,1
152,1
153,1
154,1
155,1
156,1
157,1
158,1
159,1
160,1
161,1
162,1
163,1
164,1
165,1
166,1
167,1
168,1
169,1
170,1
171,1
172,1
173,1
174,1
175,1
176,1
177,1
178,1
179,1
180,1
181,1
182,1
183,1
184,1
185,1
186,1
187,1
188,1
189,1
190,1
191,1
192,1
193,1
194,1
195,1
196,1
197,1
198,1
199,1
200,1
201,1
202,1
203,1
204,1
205,1
206,1
207,1
208,1
209,1
210,1
211,1
212,1
213,1
214,1
215,1
216,1
217,1
218,1
219,1
220,1
221,1
222,1
223,1
224,1
225,1
226,1
227,1
228,1
229,1
230,1
231,1
232,1
233,1
234,1
235,1
236,1
237,1
238,1
239,1
1910sfashion,6
1910sskirt,6
1910sstyle,6
1920,3
1980,3
1980s,3
2020,3
365daychallenge,3
3stepmuscle_fitness ,3
412,6
5e,6
5oclocksomewhere,2
6,3
80s,3
80saesthetic,3
80sfashion,6
80sfilms,3
80smovie,3
80smovies,3
80spopculture,3
80sretro,3
80sstyle,3
80svibes,3
80svintage,3
90sfashion,1
Null,8
_hipcs,3
_shamsad._,1
_soi,3
aboutdrinksandbars,6
adultbeverage,1
adventure,3
aerrin_,1
aesthetic,4
agraphotography,3
alcohol,5
alfresco,3
amateur,4
amateurphotographer,7
amateurphotography,7
amigos,2
amistad,2
andreakatsinis,1
anjali.1_6,6
annamirr,6
antique,7
antiques,4
antiquesterling,4
apero,1
architecturelovers,3
architecturephotography,3
art,3
artlovers,3
artsandcrafts,4
artsandcraftssilver,4
artstagram,3
ascend,4
asiatravel,3
asthetic,3
astrid_koh,4
athomewithdarcy,6
atl,3
atlanta,3
atlantafoodie,3
atlantayogafoodie,6
au,4
aus,4
aussiednd,6
autozone,2
azucarylimon,3
baker,3
bakers,4
bakersofinstagram,4
bakery,6
baking,10
bakingbachelor,4
bar,5
barber,4
barbershop,4
barberthailand,4
barcatering,6
bardecor,3
bardesign,3
barlife,3
barrelaged,3
barreltasting,3
bartender,14
bartenderlife,3
bartenderlove,6
bartenders,4
bartending,17
bartendinglife,6
beautifulplaces,3
beckerbrothersseries,3
beer,3
bellevue,4
belltown,3
belltownbars,3
belltownseattle,3
beret,6
beretro_hats,6
bestbars,3
bestofpittsburgh,6
bestoftheday,4
between_the_pages_of,3
betweenthepagesofromance,3
beverage,4
biancoenero,3
bicicleta,2
bicycle,2
bird,3
birdwar,3
bitters,3
blackberries,3
blackberry,3
blessed,3
blessedbeyondmeasure,3
blueberries,3
blueberry,3
blueskies,4
boi,3
bollywood,2
bookrecommendations,3
bookstagram,3
bookstagramchallenge,3
bookstagrammer,3
booze,1
borntoshake,12
bottleoftheday,1
bourbon,23
bourbon.bowties.baki,4
bourbonbowtiesbaking,4
bourbonclassic,3
bourbongirl,3
bourbonwhiskey,4
boy,3
brand,2
brandy,3
brijee,6
brijeeblog,6
brijeedesigns,6
brookeshields,3
brookyn60,1
brown,3
burger,3
burlesque,3
businessowners,3
buylocal,3
ca,3
cafe,3
cafedelambre,3
cagedoldfashioned,3
cake,7
cakedecorating,3
cakeofinstagram,4
cakes,4
cakesofinstagram,3
cali,3
california,7
caminaporelmundosonriendo,3
canon,6
carrousel,3
cars,2
carync,3
cateringservice,3
cathedral,4
catherinecontrary,1
celebrate,1
celebration,1
chandigarh,2
cheers,5
cheersformynewjob,3
chicago,3
chidianagonye,6
childactor,3
chilling,3
china,3
chinaphotography,3
chinese,3
chocolate,4
chocolateofinstagram,4
chooseatl,3
church,3
cityofangels,4
clasico,2
classic,7
classiccocktails,3
classictrucks,2
claycraig_,4
clearice,6
clickindiaclick,3
clint,3
clinteastwood,3
cockatils,6
cocktail,18
cocktailbar,3
cocktailbitters,3
cocktailclock,1
cocktailgram,3
cocktaillovers,6
cocktailoclock,3
cocktails,39
cocktailsofig,6
cocktailsofinstagram,10
coffee,3
coi,3
coldprocesssoap,3
color,4
colorincolorado,3
coloringthemap,3
comingsoon,3
commercebarpgh,6
contemporaryart,3
converse,1
cool,3
cosmo,3
costume,1
costumedesign,1
costumes,1
costumes__of_kl10,1
cottonflower,6
countertopsituation,3
craftcocktails,18
crafty,3
crazyspiralcat,3
crewlife,3
crownroyal,3
crush,6
culinary,3
culture,3
curiosidades💡,3
cuteguy,3
cutlery,4
dallas,3
darkhair,3
darrylschaffer,4
datenight,3
deepellum,3
deepellumtexas,3
delicious,6
designer,3
designereyewear,3
dessert,7
desserts,4
dessertsofinstagram,4
diageorep,3
dirtyharry,3
dirtymartini,5
discoveratlanta,3
disneyland,4
dnd,6
dnd5e,6
dndaustralia,6
dndmemes,6
downtown,3
downtownseattle,3
dressed,3
dresses,3
drink,8
drinklocal,5
drinkndraw,3
drinkoftheday,1
drinkporn,3
drinks,11
drinksofinstagram,1
drinksporn,3
drinkstagram,7
drinkstgram,3
drinkstragram,3
dumb,3
dunali,2
dungeonsanddragons,6
dungeonsanddragonsmemes,6
eateat,3
eatlocal,5
eatpgh,6
eatsanddrinkswithdav,2
eatyourveggies,3
edit,3
edited,4
editors_abhi,3
elcid,3
elijahcraig,3
emilianotunes,2
englishartsandcrafts,4
esquire,6
experiences,3
experiment,3
exploregeorgia,3
explorejapan,3
eyeglasses,3
eyewear,3
fascinated,3
fashion,12
fashionstyle,4
favouriteplaces,3
faxmachine,2
felting,6
femininity,6
filter,3
fireball,6
fleamarketdecor,2
fleamarketfinds,2
fleamarketstyle,2
follow,1
follow4followback,1
followbackinstantly,1
followforfollowback,1
following,1
followme,1
followtrain,1
fondantcake,3
food,3
foodie,3
foodnetwork,4
foodnetworkcanada,4
forscience,3
french75,2
frenchchic,6
frenchstyle,6
friday,3
friedchicken,6
friedchickensandwich,6
friends,3
friendship,3
fuelforart,3
fujifilm,2
fujifilmxt3,2
fun,4
funk,6
game,6
gearju10,3
georgian,4
georgiansilver,4
gin,3
girlsweekend,3
girlwhotravels,3
girly,3
glass,4
glasses,3
glenfiddich,3
glutenfree,3
glutenfreebakery,3
gmc,2
gmcclassic,2
gmctrucks,2
gnocchi,3
goatmilksoaps,3
goodbitterbest,3
goodtimes,3
goodvibes,3
grandopeningparty,3
gravitycake,3
greatchocolateshowdown,4
greenhouse,3
grilledshrimpclub,3
hairstyles,3
hampdenestate,6
hampdenestaterum,2
handcrafted,15
handmade,6
happiness,6
happy,3
happyhour,2
happyhourintheoc,3
harrypoison14,3
hat,6
hatlady,6
hatlovers,6
hatter,6
havefun,3
hbca,3
hiddenbar,6
hiddengem,3
hildahanda,2
history,3
holidays,3
hollywood,5
hollywoodnights,3
hollywoodstudios,3
homebar,1
homebarawards,3
homebartender,10
hoteldistil,3
hotwings,3
hufflepuff,3
huntingtonbeach,3
huntingtonbeachca,3
i_hobbygraphy,3
ianbaglow,3
id90,3
idontknowcocktails,3
igdrinks,3
igers,4
igersofatlanta,3
ihavebeen,1
iletthesmoothtastefoolme,3
illustration,3
imackdriver,1
imackdriver on Insta,1
imbibe,9
imbibegram,12
imtired,3
inder_saini6667,2
indiaclicks,3
indianculture,3
indianphotographyinc,3
indiaphotographyclub,3
influencer,2
inspiration,3
insta,1
instaart,3
instacocktail,2
instadaily,4
instadrink,7
instafood,6
instagay,1
instagood,16
instagram,11
instagramers,2
instagramhub,1
instalike,4
instapic,2
instatraveler,3
internationalantiques,4
inthebestplace,3
irishwhiskey,2
italy,3
italytravel,3
italy🇮🇹,3
itsalmostfriday,3
itsmeditor,3
iworkoncrownroyal,3
jamaica,8
james_fall,3
japan,2
japanesefashion,3
jason,6
jattlifestyle,2
jeepwrangler,2
jenn_eatsworld,2
jorgedavidalmaida,3
josygrossy on Instag,3
joyphotography,3
jrrtolkien,1
justanightout,3
justonedrink,1
kandisteiner,3
kansascity,3
karlmudzamba,2
kelowna,6
kelownabakery,3
kentucky,1
ketoicecream,3
kim.kluver,2
kiriptruman,2
knightdalenc,3
komodosden,3
laceylaneinsta,3
laceylaner,3
laceylanetheobsession,3
ladieswhobrunch,3
ladyjbadgurlzceo,1
latedinner,2
latenight,2
laughs,3
lazy,3
ldnont,3
leaf,4
legoutdepartager,1
lessismoreoutdoors,3
lexie.tw,3
libations,6
liberty,4
libertysilver,4
libertysterling,4
libertyteaset,4
like4follow,1
like4likeback,1
like4likes,1
liked,1
likeforfollow,2
likeforlikeback,1
likeforlikes,3
likelike,1
likemyrecent,1
likephoto,1
likers,1
likesforlikesback,1
liqpic,6
liquor,7
littlelady,3
littlemiss_kjmarie,3
livingmybestlife,3
local,6
lombardy,3
lombardyitaly,3
look,6
lookup,4
losangeles,7
lostandfound,1
love,9
lovers,3
lovetoreadfeb20,3
lovewhatido,3
loveyourbodychallenge,3
loveyourself,3
macandcheese,3
machine,3
machinedining,3
madcity,3
madebygoogle,3
madison,3
maibhisadakchap,3
maitai,1
makersmark,1
management,3
manege,3
margarita,3
margeemay7,3
marketing,3
martini,6
masterdistiller,3
masterofrum,3
masterofrums,6
me,3
melbourne,4
memes,6
memories,2
memphis,2
memphispyramid,2
men,4
menfashion,4
mensfashion,4
menstyle,4
menuplease,3
messy,3
messyhairdontcare,3
mezcal,3
milan,3
milano,3
milano🇮🇹,3
milliner,6
millinery,6
mintjulepexperiences,3
mirrorless,4
misskjmarie,3
misterchensyyc,4
mixeddrinks,3
mixologia,4
mixologist,6
mixology,25
mochileandoando,3
model,1
modeling,1
modellife,1
modelo,1
modelswanted,1
modestfashion,6
modesty,6
mohali,2
molly_wallace_lloyd,3
moneycome_ngo,4
morepeaceandloveonearth,3
moscowmule,3
movies,3
muchachitanegra,3
muriendodefrio❄️,3
mylove,2
mypixeldiary,3
natemizrahi9,3
nationalgeographic,3
naturalfibers,6
naturalhair,3
nature,2
negroni,5
new,3
newmanwa,3
newproduct,3
newtrend,3
night,3
nightlife,3
nightout,3
nightphotography,3
nightwalk,3
nikonphotography,3
nitphoebus,3
noahxarts,6
nofilter,4
not.the.real.lyndon,1
notanalcoholic,1
notanalky,1
notonthehighstreet,3
novacancy,3
novacancyla,6
nustaharamkhor,3
nutfree,3
ny,3
oceantimetraveler,3
ocho,3
oev,3
okanagan,6
okanaganwedding,6
old,5
oldagemakeup,3
oldcars,2
oldeast,3
oldfashioned,223
oldfashionedcake,3
oldfashionedcocktail,17
oldfashionedkitchen,2
oldschool,14
oldschoolcool,1
oldstyle,2
olympus,4
olympusfeatures,4
olympusfrance,4
olympusuk,4
ondemand,3
ontherocks,3
oof,3
ootd,3
orange,3
osaka,3
osakacastle,3
ourfav,3
outfit,1
outfitandexplore,3
oyster,3
oysters,3
oz,4
pacificnorthwest,3
paloma,3
pauli.ana on Instagr,3
pecans,4
pergola,1
person,3
pgh,6
pharmacist,3
pharmacy,3
photo,4
photograph,1
photographers_of_indian,3
photography,4
photooftheday,4
photoshoot,1
pickup,2
picoftheday,7
picture,3
pictureoftheday,3
pilotmountain,3
pinnaclehillssoaps,3
pinnaclenc,3
pittsburgh,6
pittsburghdrinks,6
pittsburghfood,6
pixclixer on Instagr,4
pixel,3
pixel4xl,3
placedelasoif,1
pnw,3
pnwroamers,1
politeasfuck,1
pollywood,2
portriature,3
potstill,6
pregame,3
prohibition,3
punjab,2
puresinglerum,8
puresmile,3
qualityfabric,3
raleighnc,3
random,3
raspberries,3
raspberry,3
ratrod,6
raw_architecture,4
raw_australia,4
rayban,2
realwomendrinkbourbon,3
recuerdos,2
redphonebooth,3
redphoneboothatlanta,3
regism_vintage_photo,3
repealsteakhouse,3
retro,11
retrocollective,2
retrocollector,2
retrokitchen,2
rhum,6
riedel,1
riedelglass,1
rochagraphy,2
rodekuhr_love,3
romanticfashion,6
romanticlook,6
roneet_das,3
rosieloveswilki,2
rpg,6
rum,9
rumlife,3
rye,3
ryewhiskey,3
salad,3
salud,1
saturday,3
saveur,6
savingschallenge,3
scenicview,1
seattle,3
seattlebars,3
seattlerestaurants,3
seattlewa,3
secretdoor,6
selfie,3
sepia,3
sepiaphotography,3
sepiatone,3
sharenirmalbir,3
shecancook,3
shoes,2
shoot,6
shoplocal,3
shoreclub,1
shortribtacos,3
shyklang,4
shyklangbarbershop,8
silver,4
silverbychris,4
silversmith,4
silverspoon,4
silversterling,4
simplicity,6
singlegirl,6
singlemalt,3
sjongtung,4
slowfashion,6
sláinte,1
smile,3
smileface,3
smoke,3
smokedoldfashioned,3
snapbridge,3
snohomishcounty,1
snowdrops,3
soapartisan,3
solotravel,3
somerandombar,3
sorcerer,6
soulfood,3
southernerinseattle,3
southernfood,3
southerntacos,3
speakeasy,12
special,3
spectacles,3
spirits,1
spirits_iq,3
squares,3
sterlingsilver,4
stfu,1
streetphotography,1
streetstyle,1
streetwear,1
streetwearfashion,1
streetwearstyle,1
stylish,6
sunday,3
sundayfunday,6
sundown,4
sunsetphotography,4
supportsmallbusiness,3
supportwomanowned,3
surreal,3
surrycountyfarmersmarket,3
swag,2
swept,3
symbolicrealism,3
sépia,3
tabletop,6
takecareofyourself,3
talesofthecocktail,3
tark_the_snark,3
tarot,3
tastetest,3
tbt,3
teamouting,3
technology,2
tequila,3
texas,3
texasmule,3
the_old_glasses_shop,3
theadventuresofelcid,3
theadventuresofthedn,6
thebreakdown,3
thecreativeskitchen,3
thegoodplace,6
theoldglassesshop,3
thewhiskeymcgee,6
thirst,4
thirstday,3
thirstythursday,3
thrift,2
thriftcollection,2
thrifty,2
thriftykitchen,2
throwbackthursday,6
tired,3
totalblack,6
tradition,4
traditional,2
travel,2
traveler,3
travelers,3
travelgram,3
travelrealindia,3
treats,3
trelawny,8
triangleareanc,3
trinityskitchen,4
tripleberry,3
trishstreatskelowna,6
troca,2
trowback,3
truck,2
trucks,2
ttrpg,6
turban,2
twirlydresses,3
ugly,3
universephotography,3
urbanphotography,4
usa,1
vacation,3
vanillacake,3
vecchiascuola,3
vegan,3
velier,6
veronica_algaba,3
vessel,3
victoria,4
victorianhouse,3
villagers,2
ville,4
vintage,22
vintageaccessories,3
vintageclothing,1
vintagecollector,2
vintagecollectors,2
vintagefashion,3
vintageglasses,3
vintagehair,6
vintagehat,6
vintageholthoward,2
vintagekitchen,2
vintagelady,6
vintagelook,3
vintagelover,6
vintagemccoy,2
vintagemodel,6
vintagemood,6
vintagephotography,3
vintageplastic,2
vintagepottery,2
vintagestyle,10
vintagetablecloth,2
vinyl,3
viral,2
viralpost,2
visitjapan,3
visitmelbourne,4
visualukraine,6
vsc,1
vsco,1
vscocam,1
vscofilter,1
vscogram,1
vscoua,6
weapons,2
weddingbartender,6
weekend,6
weloveatl,3
wendellfalls,3
wendellnc,3
westtown,3
wevibehard,2
whatsonthemenu,3
whiskey,15
whiskeycake,3
whiskeycocktail,3
whiskeygram,3
whiskeyhunter,3
whiskeyporn,4
whisky,10
whistlingdicks,3
whitthebestteam,3
whybuyordinary,3
whyiloveatl,3
whynot,3
windows,4
winterfashion,6
wisconsin,3
wiskey,1
wizards,6
women,3
womenstyle,3
womenwhotravel,3
wool,6
woolberet,6
worldsbestbars,3
worldtravel,3
xiaomei_grier,3
xt3,2
yellow,3
yourshot_india,3
yum,7
yyccocktailscene,2
yycdeal,2
yycnow,2
zara,2
zebulonnc,3
винтаж,6
винтажныйстиль,6
ハンカチ,2
切手,2
前掛け,2
咖啡廳,3
日本,3
日本咖啡廳,3
日本橋,2
東京,3
柄,2
琥珀咖啡,3
銀座,3
🤣,1
