,RowSum
0,1
1,1
2,1
3,1
4,1
5,1
6,1
7,1
8,1
9,1
10,1
11,1
12,1
13,1
14,1
15,1
16,1
17,1
18,1
19,1
20,1
21,1
22,1
23,1
24,1
25,1
26,1
27,1
28,1
29,1
30,1
31,1
32,1
33,1
34,1
35,1
36,1
37,1
38,1
39,1
40,1
41,1
42,1
43,1
44,1
45,1
46,1
47,1
48,1
49,1
50,1
51,1
52,1
53,1
54,1
55,1
56,1
57,1
58,1
59,1
60,1
61,1
62,1
63,1
64,1
65,1
66,1
67,1
68,1
69,1
70,1
71,1
72,1
73,1
74,1
75,1
76,1
77,1
78,1
79,1
80,1
81,1
82,1
83,1
84,1
85,1
86,1
87,1
88,1
89,1
90,1
91,1
92,1
93,1
94,1
95,1
96,1
97,1
98,1
99,1
100,1
101,1
102,1
103,1
104,1
105,1
106,1
107,1
108,1
109,1
110,1
111,1
112,1
113,1
114,1
115,1
116,1
117,1
118,1
119,1
120,1
121,1
122,1
123,1
124,1
125,1
126,1
127,1
128,1
129,1
130,1
131,1
132,1
133,1
134,1
135,1
136,1
137,1
138,1
139,1
140,1
141,1
142,1
143,1
144,1
145,1
146,1
147,1
148,1
149,1
150,1
151,1
152,1
153,1
154,1
155,1
156,1
157,1
158,1
159,1
160,1
161,1
162,1
163,1
164,1
165,1
166,1
167,1
168,1
169,1
170,1
171,1
172,1
173,1
174,1
175,1
176,1
177,1
178,1
179,1
180,1
181,1
182,1
183,1
184,1
185,1
186,1
187,1
188,1
189,1
190,1
191,1
192,1
193,1
194,1
195,1
196,1
197,1
198,1
199,1
200,1
201,1
202,1
106,1
106xn,1
125zr,3
1904,1
20years,2
25m,3
275ps,3
2stroke,3
2strokelovers,3
2strokemafia,3
300abospecial,3
300zx,12
350z,2
4b11,3
50kspecial,4
521hp,2
619,1
6_gear_biker_05,4
6stringsdaily,1
808,1
911,3
96_taco_619,4
96taco,3
96tacoma,2
991gt3rs,2
991mk2,2
Null,1
Picture (@motor.spor,1
abastrappas,3
abendseinfachsinnlosrumfahren,3
abendstimmung,3
abonnenten,3
absinthe,5
acryaliconwall,3
acryliccolors,6
acrylicpaintings,6
adrenalinejunkie,6
adventure,2
agressivecar,3
agvhelmets,4
airport,3
aleksander_steel,1
alessandro_procoli,2
allroundfit_utrecht,3
alpha_ari3tis,1
alphacars.de,6
alpinestars,15
amals_fotografy,2
amalsfotografy📷,2
amazing,6
americanmuscle,3
americanmusclecar,3
amg,12
amggtr,12
amicar,3
anime,3
antiquehunter,1
apeclub,3
apefahren,3
apenteuer,3
apenteurer,3
apetm,3
aresdelmaestrat,3
art,9
artgalleries,3
artgallery,6
artist,6
artistic,6
artistsoninstagram,6
artoftheday,6
artwork,6
astoria,3
audi_city,3
audiautomotive,3
audicrew,3
audifans,3
audilovers_insta,3
audination,3
audiquat,3
audis4,3
ausfahrt,3
austria,6
autoartsy,10
automessen,1
automotiveart,10
autotreffen,1
autounfall,6
aventador,3
aventadorsvj,6
avesvj,3
awd,5
backen,5
backtotheroots,3
bajaj,9
bajajdominar,10
bajajdominar400,4
bajajindia,2
bajardepeso,2
baketotheroots,10
baking,5
bandidosmc,7
barnhouse,1
bayern,3
beast,15
beastmode,6
beasts,6
beastslayer,1
beautiful,2
beautifulbeasts,1
becauseracecar,3
begreen,1
believeinyourself,3
believer,3
benz,6
bestewelt,1
bestinla,2
bestoftheday,1
bigcarp,4
bigmuscles,1
bike,2
bikeaddict,3
bikeholic,2
bikelife,8
bikelove,3
bikemodification,4
bikepacking,3
bikeporn,3
biker,2
bikerbabe,2
bikerchick,2
bikerchickofinstagram,2
bikercommunity,2
bikergang,21
bikergirl,2
bikergirlsofinstagram,2
bikerlife,2
bikers,2
bikersfamily,7
bikershorts,7
bikerslife,15
bikersofinsta,7
bikersofinstagram,30
bikersofkerala,7
bikerstyle,4
bikes,2
bimmergirl,6
black,7
blackandwhitephotography,4
blacktopian,2
blendnutritionco,6
blue,2
bluebeauty,2
bluebeauty_ly,4
bmwdrivingexperience,6
bmwdtm,1
bmwlifestyle,6
bmwmotorsport,1
bmwnation,6
bmwpower,1
bmwracing,1
bmwsport,1
boosted,12
bornandraised,1
bosch,1
braaap,3
branded,3
branded.felicia,3
breakfast,1
breakfastbowl,1
bridgeportct,1
britishcars,10
brotherhoods,4
brotherslove,4
builtnotbrought,5
bullbar,3
buzzfeast,5
bööty,3
ca,1
caferacer,2
cali,3
calilife,1
canon,3
canon80d,3
canonusa,3
car,15
carart,10
carautoheaven,1
carbonaddict,12
cardrawing,10
carenthusiast,3
cargasm,3
cargirl,3
cargirlyve on Instag,1
carhauler,4
carinstagram,6
carlifestyle,3
carloevo,2
carlover,3
carp,4
carpangler,4
carpangling,4
carpfishing,4
carpofinstagram,4
carporn,12
cars,12
carsforsale,1
carshows,1
carsmarket,3
carsofinstagram,5
carswithoutlimits,7
cbr,5
cbr250,3
cbr500r,2
cbrgreen,3
cbrnation,3
centurycars,2
centurycarsswitzerland,2
centurycarswollerau,4
centyfee,4
certifiedmetalcraft,2
cervinisauto,3
charger,3
chennaidays,3
chromewheels,3
cityheights,1
cmc,2
coconutbowl,1
colorfull,1
coloring,3
colorpencil,3
commoncarp,4
connecticut,1
copicart,7
costompeterbilt,4
crash,6
crashtest,6
crossfit,2
crossfitgirls,2
cruise,3
ctcars,1
culvercity,2
customtextil,3
cz,3
czech,3
czechrepublic,3
dago,2
daily_sport.cars,3
dailyphoto,6
dailypic,6
dailyshot,6
damned,3
danburyct,1
darak,1
darkside,6
dauntless,1
dauntlesscake,1
dauntlessgame,1
dauntlessgameplay,1
dauntlessmemes,1
dbschener,3
dde,3
decor,6
dedication,3
defender,2
defendertd5,2
dekra,1
delicious,6
design,9
designo,6
detailart,3
detailshots,3
dezent,3
dheerajsgowda,21
diamondsareforever,3
die_apenteurer,3
distressednaturally,1
distressedpaint,1
dodge,3
dodgechallenger,3
dominar400,14
dominar4002019,7
dominarmodified,7
dominate,7
dontcarewhatpeoplethink,6
dontthrowthatshitaway,1
doordash,3
dope,3
downtownla,2
drawing,3
drawtodrive,10
dreamcar,3
dreamer,3
dreamscometrue,3
dreiradistbesseralskeinrad,3
drive,3
drivegreen,1
driven,3
driveyourambition,3
dtbaitdevelopments,4
dtbaits,4
dtbaitsofficial,4
dtm,1
dtm2019,1
ducati,21
duke125,4
duke250,4
détails,3
eastsandiego,1
easyme_ezme,4
eattherainbow,1
eichstätt,3
ekeri,3
elcajon,2
elcajonblvd,1
elcajonblvdsd,1
endurogirl,4
entekottayam,2
envy,1
epicgames,1
esd,1
essencity,1
essenmotorshow,1
ets2,3
eurotrucksimulator2,3
evogram,2
evokingexposures,3
evolution,3
exhaust,3
exoticcars,3
expeditioncar,2
experience,6
eyes,6
f52grams,5
facebookgroup,1
fail,6
family,4
farmingsimulator,2
fastcars,1
febdt822,2
feedfeed,5
felicia,3
fendt,2
fendt1050,2
fendt2020,2
fendt800,2
fendt800s4,2
fendt826,2
fendt828,2
fendtfavoris,2
fendtlife,2
fendtpower,2
fendts4,2
financialmistake,5
findyourownfreedom,1
findyourownlane,3
fit,5
fitfam,3
fitgoals,2
fitness,5
fiveoh,3
fivepointoh,3
flash,6
flashbackfriday,2
flink,3
flughafenmünchen,1
flugplatz,3
folierung,3
follow,3
follow4follow,3
follow4followback,6
followback,3
followers,9
followforfollow,3
followforfollowback,6
followher,3
followme,3
food,5
foodgasm,5
foodie,1
foodporn,6
ford,4
fordmustang,4
fordracing,3
fox,3
france,4
frcustoms,4
friyay,3
fruits,1
frühlingsstart,3
frühlingswiese,3
fs,2
fs19,2
fulltrailer,3
fullygreen,6
fyof,1
gallardo,3
gamer,1
gamerdad,1
gamerdads,1
gamersofinstagram,1
gamingcommunity,1
gammer,1
garage,8
garagegoals,3
garageporn,2
gearphotography,1
germany,3
getinmybelly,5
girldriven,3
girlwhodrifts,6
goals,1
gogreen,3
goodday,1
goodlife,1
gooniesneversaydie,3
gopro,3
gopro5black,4
gottahaveitgreen,3
green,19
greenaventurine,3
greenbeast,191
greenbeast5oh,3
greenbeauty,4
greenbike,3
greencat,4
greendominar,4
greenenvy,3
greenhell,3
greenland,2
greenlove,3
greenlove💚,3
greenmonster,4
greenpassion,3
greenpoop,3
greenpower,4
greenpython,2
greenram1500,1
greensvj,3
greenvibes,2
grind,3
grugahalle,1
gtr,12
gtramg,6
gym,5
gymlife,3
happines,2
happy,1
hardparked,10
hardwork,7
hardworkpaysoffs,3
hartfordct,1
hcc,1
healthy,1
healthyfood,5
healthylifestyle,2
hella,3
highlinecar,1
highlinecarconnection,1
hobby,1
hockenheimring,1
hollywood,2
hollywoodfood,2
homemade,5
honda,27
hondacbr,2
hrspezialfedern,3
htrzmodz_bengaluru,7
hulk,9
humble,3
hyundaicommunity,3
hyundaideutschland,3
hyundaifamily,3
hyundaii30,3
hyundaii30n,3
i30,3
i30fastbackn,3
i30n,3
i30nperformance,3
iamnikon,2
ibanez,1
ibanezguitars,1
ice,5
ichliebefoodblogs,5
icon,3
idukkidistrict,2
igaustria,6
igdaily,5
igfood,5
iminlove,1
instaart,3
instabike,2
instacars,3
instadream,1
instafood,5
instagood,26
instagram,4
instamoto,21
instapic📷,1
instastyl,1
interiordesign,6
interiors,6
iphone6s,2
ipoc,4
ironscale,1
itzz_a.p.p_u.z.z,3
japanesecars,3
jdm,12
jealousy,1
jpperformancearmy,3
jura3seenland,5
kawasaki,26
kawasakininja,23
kawasakininjazx10r,21
kawasakiz650,2
kawasakizx10r,21
keepitlow,2
keeppushing,3
keskinkt20,3
kingsburylane,2
koenigsegg,6
koenigseggregera,6
konoha,3
korda,4
kordaoffical,4
ktm,23
ktmreadytoride,4
kurianad,2
lacdecurton,4
lambo,3
lamborghini,9
lamborghiniaventadorsvj,3
lamborghinisv,3
lamborghinisvj,3
lamborgini,2
lancerevolution,3
landrover,2
landroverdefender,2
landschaftsimulator,2
landy,2
latemodelresto,3
leafvillage,3
legendcar,1
lift,3
liftheavy,3
like,4
like4likes,6
likeforlikes,13
liker,6
likesforlike,6
litchfieldct,1
livetoride,3
lizardgreengt3rs,2
lizardgreen💚,2
lizardgrün,2
lluviaindustries,7
love,6
lovelyswitzerland🇨🇭❤️,2
loveyourself,4
lovinglife,4
ls,2
ls19,2
ls19bilder,2
ls_pics_by_ch_farme,2
luxury,3
m4,6
m4competition,6
m_s_art_gallery,12
makeovercomingsoon,1
malayali,7
manuel_g.run.egger,1
marvel,6
marvel__.avengers,3
marvelcomics,6
marvellegends,6
massachuets,1
matcha,1
matchalatte,1
mattegold,3
mclaren,3
mclaren720,3
mclaren720s,4
meetup,4
meinoberbayern,3
memories,1
mercedes,12
mercedes_benz,6
mercedesamg,6
mercedesbenz,6
mercedesgtr,12
meridenct,1
meth_zed,12
mfrakt,3
michelin,3
middleburyct,1
midhunvchacko,3
mitsubishi,3
mitsubishicars,3
mitsubishicars_team,3
mitsubishifamily,3
mitsubishimotors,3
mivect,2
mivecturbo,2
modeling,2
modern,6
modified,2
modifiedbikes,3
modifiedns200,2
monday,1
mondaymorningmotivation,1
mondi,3
moneymaker,4
moneypit,7
monsterhunter,1
monsterslayer,1
monsterzfx,2
morning,1
motivation,5
moto,3
motocorner,4
motocrossrider,3
motographer,2
motoholics,2
motolove,3
motoporn,3
motorbike,2
motorcycle,6
motorrad,2
motorshows,1
motorsport,1
msartgallery,6
msck64,6
mt15,2
mtx,4
munichairport,4
muscle,4
musclecar,4
musicianslife,1
musicphotography,1
mustang,3
mustangfanclub,3
mustanggt,3
mustanglove,3
mustangsofinstagram,3
mygreen,2
mylove,1
myphotogallery,2
mystic,1
n_performance96 on I,3
naruto,3
nature,6
needacar,1
nejabrulc,6
nejihyuga,3
nevergiveuponyourdreams,3
newcar,1
newengland,1
newhavenct,1
newlondonct,1
newyork,1
niceweek,1
night,3
nikonclick😍,2
ninja,2
ninjawarrior,4
ninjazx10r,4
nismo,12
noelectricity,1
nordschleife,3
nperformance,3
ns200,4
ns200💥,2
nutritious,1
nürburgring,3
nürburgringnordschleife,3
oberbayern,3
offroad,2
ohthestoriesyoucouldtell,1
oldbutgold,3
oldskoolclub,3
onephotoaday,6
oneshotaday,6
osterreich,6
overdrivepedal,1
paintandbody,1
paisaje,3
pammarieb,1
passion,2
pcgaming,1
peder_lichtenberg,4
pejal_monster,2
performance,3
peterbilt,4
petrol,1
petrolhead,6
peugeot,1
peugeot106,1
peugeot106xn,1
photo,21
photographer,2
photography,9
photographylyf,2
photograpie,1
photooftheday,17
photoshoot,2
photoshopfail,3
piaggio,3
piaggoape,3
pickin,1
pitztal,6
planespotting,1
playtime,2
pnwlife,3
poisondartfrog,3
polkave,1
popsicles,5
porsche,3
porsche911,3
porscheaddicted,2
porschegt3rs,2
porschelove,2
porscheschweiz,2
positivevibes,3
power,4
prague,3
praha,3
predator,3
privileged,1
progress,3
pspower,3
pulsar,2
pulsarians,2
quatrro,3
quattroworld,3
r15modified,4
r15v3,4
r580,3
race,3
racecar,3
radioactivegreen,3
ralliart,3
rallycar,3
ram,1
realistic,10
recipe,5
reflection_shots,3
reflectiongrams,3
remusexhaust,3
replay,1
repost,3
rescuded,1
rhodeisland,1
ride,3
ride_on,3
rideaddict,7
ridebikes,3
rideordie,3
rideout,3
rider,10
rider_mahn,3
riderdiaries,7
ridersofindia,4
ridersofkerala,7
riderstrong,3
ridingmood,3
ridingvibes,3
roadlover,7
roadtrip,7
rocklee,3
rs,3
rstjackets,7
runway,1
s4nation,3
saison,3
sandiego,3
scania,3
scaniarjl,3
scs,3
scssoftware,3
sd,2
sdca,3
seeyouallsoon,1
segelfliegen,3
segelflieger,3
selfie,4
semislicks,2
shine,3
shiny,1
shinycars,1
shotoftheday,6
shoutout📢,3
siko2020,1
silver,3
sixto_reyes415,3
sketch,3
skg,3
skoda,3
skodaauto,3
skodacar,3
skodafelicia,3
skodamotorsport,3
slammed,2
slammedtaco,2
slammedtruck,2
slaying,1
slowfiveoh,3
sn95,3
socal,1
socialmedia,1
socialmediaenvy,1
sodope,3
solhelmetsindia,7
somuchmoretoshare,1
southern,1
special,3
spiritusbartending,6
spoiler,3
sportcar,6
sportcars,6
srt,3
srt8,3
stadtlandseen,5
stendal,10
stillgelegt,3
stock,3
strength,3
strong,3
strongmindset,3
stunning,1
stussy,3
styl,1
summer,3
sundago,2
sunset,2
sunshield,3
superbikes,21
superbikesinbangalore,21
superbikesinindia,21
supercar,10
supercars,8
suzuki,21
svj,3
sweet,5
swissmoutains,2
tandem,3
td5,2
team9,3
teamnperformance,3
tee_yangg,3
the_wandering._.soul,2
theaddictedrider,7
theluxdreamer_,1
thenorthface,3
thewayisee,6
thewoodlandstx,3
throwback,1
tm1060,2
tonedtanpaper,3
toyota,3
toyotadudes,3
toyotadudesworldwide,2
toyotaracingdevelopment,1
toyotataco,2
toyotatacoma,3
toytaco,3
trackcar,5
traveller,7
travellife,7
trd,3
trelleborg,2
triacetyres,7
tripislove,7
triplediamonds,3
triplover,7
triumph,21
trucksim.photos on I,3
tubescreamer,1
tuning,12
tuning_._cars,3
tuningcar,9
tuningcars,6
tuningshow,6
turbo,3
turbocharged,3
twentytwenty,10
twinmarker,4
twinmarkers,3
twinturbo,12
ubereats,3
uk,2
ultraleicht,3
unfall,6
usedcar,1
usedcarsforsale,1
v8,3
v8biturbo,3
vario,2
veescafe,4
vegan,1
vehiclevirgins,3
vg30dett,10
vintage,1
visor,7
vivolife,1
vxperzero,10
walter_temmer,6
wanderer,2
wateraerobics,3
waterbury,1
waterburyct,1
watermeth,7
weekend,1
weekendgoals,1
weekendvibes,1
wendigaf,3
werbung,5
westadamsstrip,2
wheel,3
white,3
wholefoods,3
wholefoodsplantbased,1
widearch,10
wild,3
wintercarping,4
wolkig,3
woodburyct,1
work,3
workgrind,2
workinprogress,6
workout,2
workwheels,2
world_of_koenigsegg_,6
worldofart,7
xordopovicks,3
xordopovickslafamilia,3
xordopoviks_oficial,3
yahoofood,5
yamaha,24
yamaha125z,3
yamaha125zclubhellas,3
yamaha125zr,3
yamaha_125z_club_hel,3
yamaha_riderss,3
yamahafamily,3
yamahaz,3
yamahaz125,3
yelpla,2
yummy,1
z32,12
z800,6
z900,3
z_green23,3
zex,3
zociety,7
zocietyeu,7
zx10insta,21
zx10r,21
zx10rgram,21
zx6r,2
zymexxtuning,3
