,RowSum
0,1
1,1
2,1
3,1
4,1
5,1
6,1
7,1
8,1
9,1
10,1
11,1
12,1
13,1
14,1
15,1
16,1
17,1
18,1
19,1
20,1
21,1
22,1
23,1
24,1
25,1
26,1
27,1
28,1
29,1
30,1
31,1
32,1
33,1
34,1
35,1
36,1
37,1
38,1
39,1
40,1
41,1
42,1
43,1
44,1
45,1
46,1
47,1
48,1
49,1
50,1
51,1
52,1
53,1
54,1
55,1
56,1
57,1
58,1
59,1
60,1
61,1
62,1
63,1
64,1
65,1
66,1
67,1
68,1
69,1
70,1
71,1
72,1
73,1
74,1
75,1
76,1
77,1
78,1
79,1
80,1
81,1
82,1
83,1
84,1
85,1
86,1
87,1
88,1
89,1
90,1
91,1
92,1
93,1
94,1
95,1
96,1
97,1
98,1
99,1
100,1
101,1
102,1
103,1
104,1
105,1
106,1
107,1
108,1
109,1
110,1
111,1
112,1
113,1
114,1
115,1
116,1
117,1
118,1
119,1
120,1
121,1
122,1
123,1
124,1
125,1
126,1
127,1
128,1
129,1
130,1
131,1
132,1
133,1
134,1
135,1
136,1
137,1
138,1
139,1
140,1
141,1
142,1
143,1
144,1
145,1
146,1
147,1
148,1
149,1
150,1
151,1
152,1
153,1
154,1
155,1
156,1
157,1
158,1
159,1
160,1
161,1
162,1
163,1
164,1
165,1
166,1
167,1
168,1
169,1
170,1
171,1
172,1
173,1
174,1
175,1
176,1
177,1
178,1
179,1
180,1
181,1
182,1
183,1
184,1
185,1
186,1
187,1
188,1
189,1
190,1
191,1
192,1
193,1
194,1
195,1
196,1
197,1
198,1
199,1
200,1
201,1
202,1
203,1
204,1
205,1
206,1
207,1
208,1
209,1
210,1
211,1
212,1
213,1
214,1
215,1
216,1
217,1
218,1
219,1
220,1
221,1
222,1
223,1
224,1
225,1
226,1
227,1
228,1
229,1
230,1
231,1
232,1
233,1
234,1
235,1
236,1
237,1
238,1
239,1
240,1
241,1
242,1
243,1
244,1
245,1
246,1
247,1
248,1
249,1
250,1
251,1
252,1
253,1
254,1
255,1
256,1
257,1
258,1
259,1
260,1
261,1
262,1
263,1
264,1
265,1
266,1
267,1
268,1
269,1
270,1
271,1
272,1
273,1
274,1
275,1
276,1
277,1
278,1
279,1
280,1
281,1
282,1
283,1
284,1
285,1
286,1
287,1
288,1
289,1
290,1
291,1
292,1
293,1
294,1
295,1
296,1
297,1
298,1
299,1
300,1
301,1
302,1
303,1
304,1
305,1
306,1
307,1
308,1
309,1
310,1
311,1
312,1
313,1
314,1
315,1
316,1
317,1
318,1
319,1
320,1
321,1
322,1
323,1
324,1
325,1
326,1
327,1
328,1
329,1
330,1
331,1
332,1
333,1
334,1
335,1
336,1
337,1
338,1
339,1
340,1
341,1
342,1
343,1
344,1
345,1
346,1
347,1
348,1
349,1
350,1
351,1
352,1
353,1
354,1
355,1
356,1
357,1
358,1
359,1
360,1
361,1
362,1
363,1
364,1
365,1
366,1
367,1
368,1
369,1
370,1
371,1
372,1
373,1
374,1
375,1
376,1
377,1
378,1
379,1
380,1
381,1
382,1
383,1
384,1
385,1
386,1
387,1
388,1
389,1
390,1
391,1
392,1
393,1
394,1
395,1
396,1
397,1
398,1
399,1
400,1
401,1
402,1
403,1
404,1
405,1
406,1
407,1
408,1
409,1
410,1
411,1
412,1
413,1
414,1
415,1
416,1
417,1
418,1
419,1
420,1
421,1
422,1
423,1
424,1
425,1
426,1
427,1
428,1
429,1
430,1
431,1
432,1
433,1
434,1
435,1
436,1
437,1
438,1
439,1
440,1
441,1
442,1
443,1
444,1
445,1
446,1
447,1
448,1
449,1
450,1
451,1
452,1
453,1
454,1
455,1
456,1
457,1
458,1
459,1
460,1
461,1
462,1
463,1
464,1
465,1
466,1
467,1
468,1
469,1
470,1
471,1
472,1
473,1
474,1
475,1
476,1
477,1
478,1
479,1
480,1
013straatjes,2
2020,3
50mm,3
55b,3
55bartender,3
LinoC_III (@hophunte,3
_andiwallace_,3
_daylendar_,3
_peetah123,3
aboutdrinksandbars,44
absinthe,3
absolut,3
abtenau,4
akihabara,3
alcohol,13
alexander,4
alexanderdugin,3
allafacciadichicivuolemale✌️,3
allavostraallanostra🍸❤️,3
amateurmixologist,24
amazing,3
anagram,3
angelacramps,3
angleofleela,2
annraaya,3
aperitivo,2
apero,3
aperolspritz,6
apéro,6
apéröle,3
aquafaba,4
architecture,3
arquetopia,1
asianbar,1
asone,3
atasehir,3
australiangin,28
australiannative,4
authentic,3
aviation,4
awesome,4
b52,2
bacadicocktail,4
balonky.cz,3
balonkycz,3
bar,57
barbershop,4
barcelonacocktailart,9
barcelonadenoche,9
barcelonadrinks,9
bargourmetmi,4
bargourmetmiciudad,7
barkeeper,3
barkterytechytne,2
barlacannuccia,6
barlady,7
barlady🍸,3
barlife,1
barman,15
barmar_taketa,1
barmusk,3
barprints,3
barrhillgin,3
barskills,3
barsnacks,1
bartender,73
bartendering,3
bartenderlife,21
bartenderlive,1
bartenderlove,9
bartenderproblems,3
bartenderskills,3
bartendersofinstagram,3
bartenderstore,4
bartenderstyle,12
bartenderswag,3
bartending,8
bartending101,3
bartour,3
bar巡り,1
beachfrontvilla,3
beatheavenmusic,4
beaute,3
beautifulscenery,3
beautyconcept,3
beautyevent,3
beefeater,3
beefeater24,3
beefeatergin,6
beefeaterpink,3
beer,6
beers,3
beerstagram,3
beesknees,2
bekind,4
benice,3
berebene,3
bertagnolligin,3
bestcocktails,6
bestnewrestaurant,1
bhfyp,3
bienetre,3
birthdaygirl,3
bittersaz,3
blackandwhite,3
blackmouth_spirits,4
blackmouthdrygin,4
blackmouthgin,4
blackrussian,4
blacktea,3
bleuroyalgin,4
blog,3
blogger,3
bloodymary,5
blossomhill,3
blue,13
blueberry,3
bluecocktail,13
bluefever,4
bluegin,4
bluehawaii,2
bluekamikaze,4
bluelagoon,6
bluepearldistillerie,4
bluepearldistillery,4
blues,9
bluestime,9
bokaj26,3
bookusforyournextevent,3
booze,3
boozeporn,3
bormio,3
bostoncooler,2
botanicals,4
botl,3
bourgeeuk,2
brasserie_ignaz,3
brasserieignaz,3
bridalboutiqueleeds,4
bridalboutiqueyork,4
bridalshowcase,4
brides,6
bridlington,3
brisbane,3
brno,3
brockmans,3
brockmansgin,6
brunch,7
buonbere,3
burger,3
burgerpourtoutlemonde,3
cafe,11
caffeunione,4
cafébrandpunt,1
caldesdemontbui,9
can,3
cappuccino,3
captain_m83_,3
carloscactus,3
carnaval,4
carnavaltilburg,1
castellettosopraticino,3
cat,3
catalonia,9
catalunyafestes,3
catalunyamusica,6
catering,6
catskill,3
catskillmountainteac,3
catskillmountainteacompany,3
catskillsmountains,3
celebrations,3
centrale,3
ch_dram,3
champagne,3
charity,6
cheers,9
cheflife,3
chefsydmarshal,3
chelmsford,2
cherry,3
chesete,2
chicago,3
chichi,2
cigar,3
cigar.stellar,3
cigaraficionado,3
cigarart,3
cigarcommunity,3
cigarculture,3
cigardandy,3
cigargeek,3
cigarians,3
cigarman,3
cigarnerd,3
cigarpassion,3
cigarphotography,3
cigarsnob,3
cigarsociety,3
cigarstellar,3
ciliegia,3
citrus,3
cityguidetilburg,1
classiccocktails,3
classicdrinks,3
classy,3
clementine,3
club,3
clásicococtel,1
co___nan,15
cockatil,3
cocktail,89
cocktailart,6
cocktailbar,14
cocktailblogger,3
cocktailclassforculino60🍹,4
cocktailclub,3
cocktailgoals,3
cocktailgram,26
cocktailhour,3
cocktailideas,3
cocktailinspiration,6
cocktaillife,3
cocktaillovers,6
cocktailmaking,27
cocktailmasterclass,6
cocktailnight,5
cocktailoclock,3
cocktailoftheday,13
cocktailoftheweek,3
cocktailover,3
cocktailphotography,3
cocktailporn,9
cocktailrecipe,3
cocktailroma,3
cocktails,123
cocktailsanddreams,7
cocktailsathome,24
cocktailscocktailsofinstagram,4
cocktailsdiqualità,3
cocktailsforyou,9
cocktailshaker,4
cocktailsofinstagram,45
cocktailstime,4
cocktails🍸,24
cocktailtheme,3
cocktailtime,3
coctailhour,3
coctails,3
cocteles🍸,9
codydoescocktails on,2
coffee,6
coffeeart,3
coffeebar,3
coffeeislife,3
coffeelover,3
coffeelovers,6
coffeequotes,3
coffeetime,6
coktails,3
coldgin,3
collabeeration,3
collaboration,3
colourfulcocktail,3
complicité,3
cooldrinks,3
cooptimistic,3
copyright_lluiscarro,3
corporaciónsocialyculturalmiciudad,3
corpsereviver,4
cosmopolitan,9
crabbies,3
craftbeer,5
craftcocktails,12
craftedmixology,3
craftgin,6
craquage,3
crochet,3
crochetaddict,3
crochetersofinstagram,3
crownjewel,3
cubalibre,10
cubancigars,3
cucumber,3
culture,3
cumbria,6
curacao,3
daiquiri,10
dandolondon,4
danielle.a.rivers,3
daylendar,3
dayonelduenas,3
dekorace,3
delicious,3
denieuwevorst,1
denmark,3
denver,3
design,3
dhbyeon,2
diageorep,4
diamond,3
diamond_acosta,3
distillery,3
diy,3
dontmindme,3
dortmund,3
downtownannapolis,3
dreaming_in_clay,2
dreaminginclay,2
drink,39
drinkathome,3
drinkbeerbehoppy,3
drinkdrankdrunk,3
drinking,30
drinklocal,7
drinkoftheday,9
drinkoftheweek,3
drinkpgh,1
drinkpink,3
drinkporn,6
drinkpretty,3
drinks,65
drinksonme,3
drinkstagram,16
drinkup,11
drinkupwinnipeg,2
drygin,24
dublin,4
earlgrey,3
earlgreygreen,3
earrings,2
earringsale,2
earth875,4
easter,3
eastereggfizz,3
eastliberty,1
easypeasy,3
eatgoldcoast,1
eating,3
eddyandwolff,5
egg,3
eggcocktail,3
egypt,3
eingingehtimmer,3
elbar.rdn,9
elbar_rdn,9
elitehavens,3
elpoblequevull,9
emanueledusi,3
empress1908gin,11
empressgin,11
engyfra,3
entertainingathome,4
entradamakô,3
espresso,3
espressomartini,2
essen,3
eveningcocktails,3
eveningiscoffeetime,3
expressomartini,4
familyfun,3
familywhodrinkstogetherstaystogether,3
fattuesday,9
februar,3
february,6
feierdentag,3
fevertreenl,1
fiberart,3
fitnflareweddingdress,4
fizz,31
flair,3
flairismydrug,3
flairlife,3
flamingshots🔥,4
flavorwheel,3
fleabubshook,3
flekbar,4
floralbackdrop,4
florence,3
fml,3
follow,3
followers,6
followforfollowback,6
followforlike,6
following,6
followｍe,6
folow4folow,6
folowme,4
food,3
foodgoldcoast,1
foodie,3
foodporn,3
foodshare,3
freitag,3
french75,7
freshgreenocean,2
freylia.studios,3
freyliaexpeditions,3
fridaymood,3
fridaynight,3
friends,3
friendstime,3
friyay,2
fromparadisetoparadise,3
fromspaintoswitzerland,3
fruitfizz,2
fulltimerv,3
fun,3
funtabynight,3
gandt,6
garnish,3
garnishgame,3
gaybar,7
gccocktaillove,46
gccocktails,11
gcfood,1
gcfoodies,1
genç,3
gianpaolofanelli,3
gin,151
gin_vibes,3
ginaddict,1
ginandtonic,20
ginartesanal,4
ginbar,10
ginbarrel,3
ginbertagnolli,3
ginblog,4
ginblogger,1
ginbulldog,6
gincandle,4
ginclub,3
gincocktail,10
gincocktails,13
gincompetition,4
gincouple,3
gindaisy,3
ginday,1
ginderwoche,3
ginera,3
ginfizz,367
ginfizzaddiction,3
ginfluencer,8
ginfusion,6
ginger,7
gingifts,4
gingin,7
ginisin,3
ginitaliano,4
ginitaly,4
ginlove,4
ginlover,13
ginlovers,14
ginlovers🍸,3
ginoclock,16
ginonthecoast,3
ginquebecois,4
ginquotes,4
ginspiration,8
ginspired,1
ginstagram,4
gintastic,4
gintasting,1
gintime,4
gintime🍸,3
gintonic,23
gintonics,4
gintonictime,9
ginvibes,3
ginvibesau,3
glass,3
glasses,3
gluberries,4
goforyourdreams,3
goingtothechapel,3
goldcoast,25
goldcoastasianbar,1
goldcoastbar,1
goldcoastcocktails,24
goldcoasteats,1
goldcoastfood,1
goldcoastfoodie,1
goldcoastfoodies,1
goldcoastlife,24
goldcoastmixologist,24
goldendream,4
goodtimes,3
gooutside,3
grancanaria,7
grapefruit,6
grayskiesgin,3
greenalls,2
greentea,3
grill,3
gt,3
gurke,3
habanoslovers,3
habanosmoments,3
haftasonu,3
hanamigin,1
handmade,3
happinessisachoice,3
happyhour,8
happyplace,3
harlem,3
havanaclub,1
havefun,3
havinganicetime,3
hemadethisforme,3
hendo,6
hendricksgin,3
henning_mama,3
herbaltea,3
herbs,6
hetelfdegebot,1
heterofriendly,7
hiddenasianbar,1
hiddengem,1
high_maintenance_gal,4
hinckledom,4
hinkyspirit,4
holidays,6
homebar,24
homebartender,27
homemade,6
homemadecocktails,24
homeofficefortimmytomorrow😂,3
hongkongfood,1
hookah,4
hookah_usti,4
hookahusti,4
hophead,3
hophunter,3
hophunter773,3
hops,3
hopsmakemehappy,3
hopsmash,3
hotel,4
hotelderabtenauer,12
hotellife,4
howtococktails,3
huawei,3
huckleberryginbar,4
hugo,6
hunger,3
hungry,3
hurgada,3
hurricane,3
hyeres,3
ibcbrno,3
ido,3
ig_dortmund,3
ignaz,3
ihw,3
ilovedrinkingbeer,1
ilovedrinkingwhiskey,1
ilovemyjob,3
imausgang,3
imbibe,1
imbibegram,4
incite,11
incite.cafe.bar on I,11
indebuurtutrecht,1
influencer,3
inspo,3
instacart,4
instacocktail,3
instacocktails,4
instadrinks,1
instaflair,3
instafood,3
instagin,1
instagood,11
instatravel,3
irish,3
irishcoffee,3
irishcoffeetime,3
irishterriers,3
istanbul,3
italia,3
italy,6
ivoooh,3
iworkontanqueray,4
izikaya,3
izikayaoslo,3
i̇yifiyat,3
ja,3
jambalaya,3
janhogebrug,1
janicelouise_65,3
japan,3
japanese,3
japanesepub,3
japanfood,1
japanonlywet,3
jazz,3
jazzbar,3
jazzlover,3
jazzmusicians,9
jazz🎷,9
jcrh06,1
jeanneau,3
jeanneauyachts,3
jengibre,1
jesolo,3
jetsetter,3
jj,3
johnnybigstone,3
johungi3788,4
jointjunp,3
josephine.hannecart,3
joseus_521,1
jugodepomelo,1
julien_daunat_lestri,3
jungleaquapark,3
juujonbarsurfing,4
kai_lundgren,3
kakao,3
kapalıambalaj,3
kapıdaödeme,3
ketch,3
kisses,3
kokteyl,3
konstanz,3
koreanfood,1
kruikenstad,1
kruikenstad2020,1
ksw_cd,4
kènderstoet,1
l4l,6
lactose,3
ladujebaterie,3
ladybartender,3
lafeemusicale,3
lagomaggiore,3
lakeofconstance,3
lampone,3
lan_lee_la,2
lanleela,2
lasmilllanogrande,6
laurelforest,3
leadurand,3
lecker,6
lemon,6
lemonade,4
lemondrop,2
lemons,2
lennartbraak,3
licpic,3
lidodijesolo,3
likeforlikes,3
likenoother,3
limezest,3
limon,4
liqpic,6
liquor,5
littlepearlbridal,4
livejazz,3
livio_strazzaboschi,3
lluiscarro_photographer,6
london,3
londondry,4
londonfood,3
longdrink,4
longisland,4
longislandicetea,4
longlsland,2
loosetea,3
lottie_char_93,4
louisiana,6
lounge,3
loungebar,4
love,6
loveandmarriage,3
lovegin,1
lovemygin,3
lovepgh,1
lovethelakes,6
lovethyme,3
lovewhatido,6
lucadelbar,3
luxuryvilla,3
lychee,4
lynchburglemonade,3
m0bsh0p,3
madame_quietschfiede,3
madeincanada,4
madeinyorkshire,3
magic,3
maineventweddings,3
maitai,2
majorlake,3
makeathome,3
mako.restobar,3
makôrestobar,3
malahide,4
mallorcalovers,3
manchitumaooo,3
mandarino,3
marachinocherry,3
marcussamuelsson,3
mardigras,12
mardigras2020,6
mardigrascocktails,3
margarita,6
margaritafreza,3
mark_ewing,4
marriage,3
martini,5
maspalomas,7
me,3
melbourne,1
mercredi,3
mi_e_ti_gin,3
michiganbeer,3
microdistillerie,4
mieti,3
milano,3
misk,3
missingmallorca,3
missorjinalparfum,3
mix,3
mixologie,4
mixologist,8
mixology,66
mixology101,3
mixologyart,3
mixologyclass,3
mixologyroma,3
mlisiczka,3
mobile_bar_whatever,3
mobilebar,9
mobilebarwhatever,3
mobileginbar,3
mocktail,2
mojito,11
mojitococo,4
mojitoforestfruits,4
mojitoroyalcava,4
mojitos🍹,12
momblogger,4
momentcopines,3
momentplaisir,3
moments,3
momsofinstagram,4
montecristo80aniversario,3
montecristocigars,3
monterotondo,3
montreal,4
moodoftheday,3
moscowmule,3
motywacja,3
mtl,4
muchomacho,3
muchomachojesolo,3
muddywaterspgh,2
mulledwine,3
music,7
musicaenviu,6
musicbar,9
musk,3
mylife,3
mysterytrash,3
mytagworldbartender,6
mytime,3
nadzieja,3
naervaer.dk,3
nailsofinstagram,3
napoleon,7
nataibeach,3
naturpurfreude,3
negroni,14
negronitime,3
newbar,4
neworleans,6
newpost,1
newyork,3
neşeli,3
nicetobehome,3
nightlife,5
ninie.vj,3
nola,6
northstar,3
norwich,2
novicecocktailmaker,24
nyc,3
officinebeat,6
oldfashioned,6
oldtom,3
oldtomgin,3
onenightinflorence,3
oolonggin,3
orange,10
orangeginfizz,3
orjinalparfüm,3
paca,3
paddys_box_garden,3
paillasson,3
pancake,3
pancakeday,6
pancakes,3
paperplane,2
paperstraw,4
paperstrawpartyshop,8
paperstraws,4
parfum,3
party,5
partytime,2
passeigdelremei,9
passionfruit,11
pearlsgirls,4
pechakutchatilburg,1
pedritosoprano,3
pedro_dabid,4
perfectserve,1
personalbartender,3
peru,1
pgh,1
phoenix,3
photography,3
photooftheday,9
phuket,3
piazzamazzini,3
piccolaradiolina,1
picoftheday,9
pictureoftheday,6
pinacolada,2
pink,3
pinkgin,3
pittsburgh,1
pittsburgpa,1
piñacolada,3
plaisir,3
plantbased,4
playadelingles,7
pleaseforgiveme,3
pogoda,3
pollymaggoo,1
pomergranate,4
popodium013,1
pornfoods,3
pornodrink,3
positivevibes,3
pottery,3
prague,3
pressforgin,3
prettydrinks,3
pride,3
princessofpersia,3
professional_lush,7
promo,3
promoción,3
prosecco,2
proseccocandle,4
prosecco🍾,4
pub,6
pubcrawl,3
punch,2
purplegreengold,3
queensland,3
quehacerencolombia,3
quehacerenelorienteantioqueño,3
quehacerenelpoblado,3
quehacerenllanogrande,3
quehacerenrionegro,3
rainyday,3
ramos,4
ramosfizz,3
ramosginfizz,11
ramosroseginfizz,3
raspberry,10
reb,3
recipes,4
redrooster_ldn,3
redroostershoreditch,3
redsmithgin,6
redtwilight,2
renemilitello,3
replanoly,3
restaurant,3
restaurantmojito,3
restobar,3
rexx.sg,3
rexxmixology,3
rhonefizz on Instagr,3
rhubarb,4
rhubarbgin,4
rinodenver,3
ristorante,3
ristorantesanlorenzo,3
ritzsuite,1
robertdenola,9
roma,6
romantic,3
rosadecaurel,9
rosegin,3
roseginfizz,3
ruhrpott,3
rum,7
rumflip,3
rv,3
rvlife,3
rvliving,3
ryewhiskey,3
sabrinageneve1987,4
sailboat,3
sailing,3
saltydog,3
salud,4
salzburg,4
salzburgerland,4
sandburnhall,4
sanlorenzo,3
saq,4
saturdaynight,6
saturdaynightvibes,3
sausalitos,3
sausalitos_official,3
sausalove,3
savabeachvillas,3
savavillacielo,3
sazerac,6
schweppes,3
screwdriver,2
seksy,3
sewden,3
sexonthebeach,4
sharethestraw,3
sharkzone,3
shetravels,3
shewanders,3
shoplocal,3
shopsmall,3
shoreditch,3
shotoniphone,3
shots,2
shrovetuesday,3
shrub,2
shuttleworthwedding,3
siamthai,4
sidecar,6
signature,7
silentdisco,1
sloanestationery,2
sloegin,11
slonce🌞,3
slowgin,11
slurp,3
smelling,3
snow,3
snowboard,3
soda,3
sogood,3
soirée,3
soko,4
solofemaletravel,3
solotravel,3
sophiesuniverse,3
sotl,3
soulmusic,3
sour,3
sourale,3
southenhospitality,3
spanishsteps,2
speakeasycatania,3
spritz,4
stephan_kiste,1
stillweatherspirits,3
stmoritzmagic,3
strawberry,4
strizzo,2
strizzomania,2
suchismita___,3
summer,3
sundaynight,4
sunshine,6
sushi,6
sushitime,3
suswunschpunsch,3
sweet,3
sweetbitterandwater,3
sweetmarta,3
swiffer,3
swissgardenshuttleworth,3
swizzle,4
sydney,1
taipei,3
taiwan,3
takuro.juni,3
taninub_56,4
tanqueray,6
tanqueray10,1
tanqueraygin,3
tanquerayitalia,3
tapas,1
tasting,3
tasty,3
tea,3
teaparty,3
teapot,3
teatalk,3
teatime,3
tequilasunrise,6
tequita,2
tgif,3
thailand,3
thailandluxe,3
thankyou,4
the_fountian_inn on ,2
theanthonyhotel,1
theanthonyutrecht,1
theaterstilburg,1
theatre_royal_bar,3
theatreroyalbar,3
thebigeasy,3
theblondeflamingo,3
thecatsback,1
thecocktailstory,3
theginandsinco,4
thegindolly,6
theginfza,3
thenextlevel,3
thervteacher,3
thesailorcat,3
thesailorcatpub,6
theweekendmixologist,11
thewinediva,3
thingstodotilburg,1
thirst,3
thirst_impressions,4
thirsty,6
throwback,3
thursdayevening,3
thyme,3
tiki,3
tikidrink,3
tilburg,1
timetogin,4
timo,3
tipplebox,3
tipsycrochet,3
tipsyfilly,8
tipsyfillygin,6
tiziano_borriello,3
tjeukefist,1
togetherletsblossom,3
tomcollins,3
touching,3
transientartisanales,3
travel,10
traveladdict,3
travelgram,3
traveller,3
travellife,3
travelling,3
travellouisiana,3
travelphotography,4
triagoz,3
triplethreegin,4
trumpet,3
tuscany,3
umea,3
utrecht,1
utrechthotspot,1
valelsonoro,3
var,3
vdm,3
venice,3
veronikaviking,3
villa_cielo,3
villa_cielo_phuket,3
villacielo,3
villacielophuket,3
vintage,3
visitgoldcoast,1
vixio,3
voulezvousgc,11
voulezvousyumbo,7
vrijmibo,1
wakacje2020☀️🌴💋,3
wanderlust,3
wearegoldcoast,1
wedding,3
weddingbar,3
weddingday,3
weddingflowers,4
weddinginspiration,3
weddingpackages,6
weddingshow,3
wedfest,6
weekend,8
weekendvibes,14
wetyourwhistle,3
whattodoinutrecht,1
wheatale,3
whiskey,3
whiskeysour,4
whiskysour,4
whitby,3
whiteladygin,3
wildboys,3
wine,6
winewriter,3
winnipegdrinks,2
winter,3
winter2020,3
wintervibes,3
wisky,3
wochenende,3
wodka,3
woman,3
womanowned,3
woowoo,2
wszystkoalbonic,3
wszystkodlasiebie,3
yellowbreeze,2
yemek,3
yesterday,4
yesterdaytodayandamaro,4
yourhiddengem,1
yum,3
yumbocenter,7
yummy,14
カクテル,1
ジャズバー,3
ジン,1
ジントニック,1
ジンフィズ,1
バー,3
ラウンジアンドバー,1
リッツガーデン,1
リッツスイート,1
ロケーション,1
台北,3
台北酒吧,3
展望,1
山形,1
山形駅周辺,1
恵比寿バー,3
我喜欢喝啤酒,1
最上階,1
最高のひととき,1
琴酒,3
眺め,1
霞城セントラル,1
김준희바텐더,3
다이키리,2
도산공원,3
맛스타그램,2
머스크,3
바,2
바올드패션드,2
보스턴쿨러,2
블러디메리,2
비즈니즈,2
사이드카,2
상수리바,4
소코,4
소코바,4
술,2
술스타그램,7
스페니쉬스텝,2
알콜일기,2
올드패션드,2
용산,4
진피즈,5
참새방앗간,4
칵테일,5
펀치,2
한남동,4
한남동바,4
한남동소코,4
한남동술집,4
🇩🇰,3
🍣,3
🍸🍹,1
🍹,3
🍹🍸,2
🎈,3
😎🎊🍸,3
🥒,3
🥢,3
