,RowSum
0,1
1,1
2,1
3,1
4,1
5,1
6,1
7,1
8,1
9,1
10,1
11,1
12,1
13,1
14,1
15,1
16,1
17,1
18,1
19,1
20,1
21,1
22,1
23,1
24,1
25,1
26,1
27,1
28,1
29,1
30,1
31,1
32,1
33,1
34,1
35,1
36,1
37,1
38,1
39,1
40,1
41,1
42,1
43,1
44,1
45,1
46,1
47,1
48,1
49,1
50,1
51,1
52,1
53,1
54,1
55,1
56,1
20,2
20ans,2
_leler,2
_queen_wave_,2
aboutlastnight,1
action,2
africa,2
alcohol,1
aleshahaschets,2
amberêdrinqueria,2
amor,2
amour,2
amoureux,2
aniversario,1
anniversaire,2
aperolspritz,2
applelover,1
arlivre,1
avpaulista,1
backpackingthailand,1
badajoz,1
badespaß,1
badezimmer,2
badezusatz,2
badezusätze,2
bahamas,2
bangalorebloggers,2
bangalorefoodies,2
bangalorelife,2
bangalorephotographer,2
bar,2
barcelona,1
baressp,1
barsp,1
bartenderlive,1
basel,2
bath,2
bathroom,2
bathrooms,2
bathroomstaff,2
bathtime,2
beach,7
beachclub,2
beachdays,1
beachlife,2
beachlove,2
beachparty,2
beachtime,1
beauty_of_nature,1
beimamaistamschönsten,2
belek,2
belvedere,2
berührung,2
bewusstsein,2
biagraia,1
birthday,2
bl_ondii,1
blogger,2
bloggerlife,2
blonde,1
blondeandbrunette,1
blondehair,3
blueadvenures,2
bodrum,1
bonheur,2
bonsdrinksdojohnny,2
brasil,1
brazilianbeach,1
buenosaires,1
busydoingnothing,1
caipirinha,2
calistaluxury,2
caribbean,2
caribe,1
carlatrece,1
carnivalsensation,2
caroline_hopp,2
cat,2
ceara,1
cervejagelada,1
cervejaoriginal,1
champagnechampagne,2
chenny,1
chennygirl,1
choperiaopcao,1
cigare,2
cocktail,1
cocktails,8
coctailparty,2
coctails,2
coctel,1
cohiba,2
comment,2
commentforcomment,2
complicite,2
confraternizacao,1
congo,2
cosmopolitan,2
couplewhotravel,1
crackling,2
creativecouples,1
cruise,2
cruiselife,2
cubanas,2
cubangirl,2
cumbuco,1
czechwoman,1
daikiri,1
dancetime,1
danielaestalagem,1
deemswijdeven,1
demovida,1
desafio,1
desperados,2
dirtymartini,2
djvarlamova,5
domingo,2
dopeszam,2
dream,2
drink,3
drinks,9
earth_reflect,1
earth_shotz,1
eatinbangalore,2
editmoments_beach,1
ekstase,2
escudorojo,2
españa,1
esquinalörrach,2
estefaniaaaa,1
exolorethailand,1
fbci_official,2
feminine,2
ficaquetemdica,1
fiesta,2
fimdesemanasp,1
find_your_fit_by_mon,2
floating_papaya,2
floating_papaya on I,2
followforfollowback,2
followme,2
food,2
foodblogger,2
foodgasm,2
foodie,4
foodlover,4
foodphotography,2
foodporn,4
foodtrucks,1
forbidden_love_86,2
fortaleza,1
freeport,2
friends,3
férias,1
gastrobar,2
gastronomia,2
gedanken,2
gefühle,2
generationfreedom,1
girls,2
girlswhodrink,2
goodvibes,2
greatfun,1
greeneyes,1
grenzen,2
grid,1
gridfeed,1
guaíba,2
hair,1
happy,1
happyhour,4
havana,2
hennessy,2
herekittykitty,2
heureux,2
holiday,5
holidays,1
holiyay,1
hometown_flavorzz,2
hot,1
hungry,2
indianfood,2
infini,2
instabangalore,2
instaday,2
instalove,1
instanature,1
iseenvogelnest,1
isladelastentaciones,1
japaratingaresort,2
johnnygastro.bar,2
johnnygastrobar,2
joie,2
jupalma,2
jupalmapoa,2
jusstinerbs,2
katowicenocą,1
killthebill,2
kitties,2
kleinerfreitag,2
klub,1
kombuca,1
kombuca_bar,1
kommunikation,2
körperbewusstsein,2
lablancheisland,1
larambla,1
lastfri19,2
latina,2
latinomusica,2
lavingtaine,2
lavoileblanche,2
lavoileblanchepnr,4
leosimoes_,2
lightroompresets,1
likeforlikeback,2
likeforlikes,2
likes,4
lince_bam,1
lisachen3095,2
littlefriday,2
littlehavana,2
live,1
livethefrenchway,1
longhair,1
love,5
lover,2
loves_united_europe,1
loves_united_sunset,1
lovethebeach,1
lörrach,2
maarweleenleukvogelnest,1
mangoshake,2
mapicture__,2
marbella,1
margarita,4
martini,1
maxteld,1
meow,2
mexico,2
michaelajiz,1
mignon,2
mijnkapsel,1
mocktail,2
moetchandon,2
mojito,6
montagsmotivation,2
mood,2
mujeres,2
music,2
musicaaovivo,1
musicaboa,1
nackt,2
nammabangalore,2
natbafica,1
nature,1
nature_captures,1
nature_perfection,1
naturelover_gr,1
natureloversgallery,1
newschooltiki,2
night,1
nordeste,2
notabeerpost,2
novaorla,2
onvavoirlesbaleines,2
openair,1
oragnejuice,2
organizedfeed,1
orgasmus,2
original,1
outofoffice,1
paarreise,1
panesarsahab,2
party,1
passion,2
passionnel,2
paulista,1
pernambuco,1
persönlichkeitsentwicklung,2
photo,1
picoftheday,2
pinacolada,1
piñacolada,1
playa,3
pointenoire,2
polishgirls,1
pordosol,2
porlavida,2
portoalegre,2
portodegalinhas,1
portrait,1
portuguese,1
pourlavie,2
praia,1
prost,2
puntacana,3
quadfisting,2
realbody,1
realwoman,1
recife,3
recoleta,1
reiseinspiration,1
relax,3
resto,2
rinconnazari,1
rioguaíba,2
romantic,1
romantismo,1
ron,1
ronlover,1
roomies,2
royal,1
rumbacubana,2
sabedininehat,2
saintjames,2
salsa,2
salts,2
sampagne,1
sand,2
saopaulo,1
schönheit,2
sea_sky_nature,1
seaview,1
selbstliebe,2
sexadventures,2
sexblog,2
sexcoach,2
sexonthebeach,44
share,2
shotoniphone,1
showmeyourkitties,2
simonachenny,2
sippingcocktails,1
sisters,1
sky,1
sky_captures,1
sleekponytail,1
slowsex,2
smile,3
sobangalore,2
sodelhi,2
soiree,2
sorrynotsorry,2
spain,1
spiritualität,2
spiz,1
strandtag,1
strip,1
summer,5
summerdays,1
summernights,1
sun,1
sun_and_beach_sb,1
sunset,2
sunshine,1
super_photosunsets,1
surprise,2
talkcraftbeertome,2
tantra,2
tantrayoga,2
tantricsex,2
tantrika,2
tattooczech,1
tattoowoman,1
tequila,2
terradagaroa,1
thanks,2
thursday,2
thursdayinspiration,2
thursdaymood,2
thursdaymotivation,2
thursdayvibes,2
tiki,1
tikicult,1
tommy,2
travel,1
travelgram,1
travelphuket,1
travelthailand,1
travelwithus,1
turkey,3
urlaub,2
vacaciones,1
vacation,2
vacay,1
verao,1
vergnügen,2
verlangen,2
verão,1
veränderung,2
viagem,1
visitphuket,1
visitthailand,1
vitaminsea,1
wanderlust,1
water,1
weiblichkeit,2
welovepinkbathsalts,2
whatshotbangalore,2
whatsnext.reisen,1
whitebeach,1
whiteday_00,2
wildspiritwoman,2
wish,2
womanbody,1
wood,2
wut,2
yummyfood,2
zonasulsp,1
аянаморе,2
вотпуске,2
лонгилонгишезлонги,2
отдыхатьнеработать,2
☀️,1
🇩🇴,1
🌴,1
🍹,1
