,RowSum
0,1
1,1
2,1
3,1
4,1
5,1
6,1
7,1
8,1
9,1
10,1
11,1
12,1
13,1
14,1
15,1
16,1
17,1
18,1
19,1
20,1
21,1
22,1
23,1
24,1
25,1
26,1
27,1
28,1
29,1
30,1
31,1
32,1
33,1
34,1
35,1
36,1
37,1
38,1
39,1
40,1
41,1
42,1
43,1
44,1
45,1
46,1
47,1
48,1
49,1
50,1
51,1
52,1
53,1
54,1
55,1
56,1
57,1
58,1
59,1
60,1
61,1
62,1
63,1
64,1
65,1
66,1
67,1
68,1
69,1
70,1
71,1
72,1
73,1
74,1
75,1
76,1
77,1
78,1
79,1
80,1
81,1
82,1
83,1
84,1
85,1
86,1
87,1
88,1
89,1
90,1
91,1
92,1
93,1
94,1
95,1
96,1
97,1
98,1
99,1
100,1
101,1
102,1
103,1
104,1
105,1
106,1
107,1
108,1
109,1
110,1
111,1
112,1
113,1
114,1
115,1
116,1
117,1
118,1
119,1
120,1
121,1
122,1
123,1
124,1
125,1
126,1
127,1
128,1
129,1
130,1
131,1
132,1
133,1
134,1
135,1
136,1
137,1
138,1
139,1
140,1
141,1
142,1
143,1
144,1
145,1
146,1
147,1
148,1
149,1
150,1
151,1
152,1
153,1
154,1
155,1
156,1
157,1
158,1
159,1
160,1
161,1
162,1
163,1
164,1
165,1
166,1
167,1
168,1
169,1
170,1
171,1
172,1
173,1
174,1
175,1
176,1
177,1
178,1
179,1
180,1
181,1
182,1
183,1
184,1
185,1
186,1
187,1
188,1
189,1
190,1
191,1
192,1
193,1
194,1
195,1
196,1
197,1
198,1
199,1
200,1
201,1
202,1
203,1
1954tikibar,4
50bestbars,6
50bestrestaurant,6
Null,3
absinthe,4
acolorstory,6
alcohol,3
alleyantics,3
allrumsmatter,3
alohafelicia,3
alohafeliciano3,4
amazingcocktails,2
angostura,2
aperitivo,6
apirateslife,4
art,13
artofcanepa,1
artprint,12
atlanta,3
atomicswag,6
aubryyaheard,1
austin,3
bahialoha,6
bahihut,18
bahihutsarasota,4
bakalite,2
bar,6
bartender,10
bartending,2
beer,3
beerfishkitedog,1
beers,3
bgreynolds,10
biltmorepark,4
bingo,3
bitters,6
black_lagoon_artwork,3
boomarang,2
bootlegmisfitsfont,1
booze,6
bostonbars,2
bostoncocktails,2
bottomsup,1
bourboncocktail,4
brianrechenmacher,6
bringinthepete,1
butitscheap,3
butwhyistherumgone,3
buzzed,3
byefelicia,3
cabeunger,4
camlee,4
campanawanna,4
can,3
candidlymichelle,6
capecocktails,6
captnshamrock,1
casino,6
cheers,1
cherry,3
chicago,12
chicagochicagoitsmykindoftown,2
chicagococktails,3
chicagofun,2
chicagolife,3
chicagonightlife,3
chicagotiki,3
chictiki,4
chipsterzz,3
chipsterzzriverboatcasino,6
chitown,3
chitowndrinks,2
chitownfun,2
chitowntreats,2
chris_in_siberia,2
chrismusina,6
christmas,6
christmastiki,6
classic,6
classiccocktails,6
classicdrinks,3
clipart,1
clover,6
clovercocktailandgri,6
clovercocktailgrill,6
cobrafang,6
cobrasfang,188
cocktail,27
cocktailart,3
cocktailbar,14
cocktailchemistry,5
cocktailcoalition,2
cocktailculture,2
cocktailenthusiast,2
cocktailfamily,5
cocktailgram,3
cocktailmaker,3
cocktailoftheday,3
cocktailphotography,6
cocktailporn,6
cocktailrecipe,2
cocktails,61
cocktailsathome,2
cocktailsbyvika,3
cocktailsforyou,3
cocktailshaker,3
cocktailsofinstagram,8
cocktailsyrup,3
cocktailtime,6
cocktailwonk,6
coconutliqueur,3
coruba,4
craftcocktail,1
craftcocktails,4
cruzanrum,2
datenight,3
daysoff,1
deathnco,2
demerararum,6
dennisfulkert,4
digitalart,13
digitalpainting,13
disney,1
divebar,3
djphatmack,3
don,5
donnbeach,4
donnthebeach,3
donthebeachcomber,16
downtown,3
downtownchicago,3
drink,14
drinking,6
drinkoftheday,2
drinks,27
drinksofinstagram,4
drinkstagram,14
drinkup,7
drinkwell,6
drywalllife,3
earnestscribblr,3
eas523,3
easterisland,1
elnova55,1
enjoy,3
eric_twardzik,2
ernestraymondbeaumontgantt,1
exoticcocktails,3
exoticdrinks,4
falernum,6
falseidolmug,3
family,4
familydays,1
fassionola,12
feltcutewontdelete,6
firsthoist,4
flamingoroom,4
florida,11
fltiki,8
fogcutter,4
foggcutter,3
fortpoint,2
four_tines,4
frankiestikiroom,2
fraternalorderofmoai,3
frenchquarter,1
freshorangejuice,3
fridaynight,3
fridaynightspecial,2
frosty,6
frozen,1
fruity,3
garnish,9
garnishgame,3
garnishgamestrong,6
garrryc,3
giclee,12
girlsjustwannahaverum,6
glass,3
goodvibes,6
grillbar,6
guava,3
guesshoux2,2
gurglefish,3
h2d,5
haddock,4
happyhour,7
haunted_pencil,3
hauntedpencil,3
hawaii,3
herosquest,4
hibiscusflower,3
hoistitlikeyoumeanit,8
holdiayevents,4
hollywood,1
homebar,32
homebartender,12
homebartending,5
homemixology,2
hometikibar,9
honeysuckle,3
hotspringnights,2
howtodrink,5
hurricane,1
hurricanecocktail,3
hurricanedrink,3
hurricanehayward,3
iconic,3
ifthesewallscouldtalk,1
ilovechicago,2
imbibe,7
imbibegram,6
ineedtikimugs,3
ingoodspirits,3
instaco,6
instacocktail,14
instadrink,6
instadrinks,5
instagood,9
iphonex,3
itsnota151swizzle,6
i❤️chicago,2
jackdustysrq,4
jamaicanrum,6
jetpilot,6
kahiki,3
kamadosteve,1
kegas76,2
keithkocka,3
ladieswhotiki,6
lapulapu,10
leahvandeventer,3
lemonhart151,13
letitgo,1
letsgettiki,3
liqpic,8
liquidvacation,2
liquor,3
livethetikilife,6
liveyourbestlife,6
lonestarroundup,1
loreto,6
losangeles,1
lsru19,1
luau,4
magickingdom,1
maikai,3
maitai,14
maka_tiki,1
marianolicudine,3
mcm,13
melekalikimaka,6
michael_stahl,3
midcentury,13
midcenturymodern,13
mikitikihour,1
milanodabere,6
milanodrink,6
milanonightlife,6
minimalisttiki,27
miraclebar,6
mitchpatmagrian,4
mixerscobrasfang,2
mixerspernostura,2
mixersrumdrinks,2
mixerstikidrinks,2
mixology,16
mixologybarmilano,6
mixologyguide,2
mmm,3
monksflask,8
mood,1
motivation,1
mugjunkieontour,6
munktiki,3
munrelaf,6
my_vinyl_sickness,2
mylastnightinsarasota,4
mynewfavoritebar,3
mysteryshack,3
nakedpainkiller,4
nationalrumday,3
neonpaiges,3
nightout,6
nohonatiki,3
nolo,6
nolosocialdistrict,6
nonutmeg,4
nyeavl,4
oftd,18
oldesttikibar,2
orange,3
orangepeels,3
orchid,3
orchids,6
otfd,4
overproof,2
overproofrum,2
pamelaspam,2
papaya,3
parrotmug,3
pearldiver,7
pencil,12
perla_ingoodspirits,3
pernod,3
photography,3
photooftheday,3
pinacolada,3
pinapplejuice,3
pineapple,6
pinups,4
plantationrum,13
planterspunch,1
polynesia,3
portavenezia,6
pub,3
pupuplatter,4
radstuff,1
recipe,2
redfassionola,4
redhair,6
redlips,6
repost,6
retro,1
rhum,5
rhumagricole,3
roadtrip,2
ronkefeller,3
royalhawaiian,3
rum,86
rumalways,6
rumbar,3
rumclub,4
rumcocktail,3
rumcocktails,9
rumdrinks,14
rumlife,6
rumlove,13
rumrunsthroughmyveins,3
rumtheworldgirls,6
rumtravel,6
rumtraveler,6
rumtravelers,6
samcroweee,3
sarasota,11
sarasotafl,8
sarasotaflorida,6
saturdaynightpanic,3
saturn,1
scott_scheidly,3
scvtiki,3
sd,3
sdtiki,3
shamefultikiroomtoronto,3
shamelessselfie,6
shoplocaljax,4
sidewindersfang,2
siestakeyrum,9
sketch,12
skullandbones,1
slurp,3
smugglerscove,3
sneakytiki,2
snowman,6
socaltiki,3
solotravelfails,3
southavl,4
specialtreatment,2
stateparkbar,1
sticker,1
stickergiant,1
stickers,1
stiggins,4
stigginsfancy,4
stripandgonaked,1
strong,3
sufferingbastard,1
surfinsanta,6
surfinsantasswizzleshack,6
sweets,3
syrup,3
tangoroom,4
texas,3
texastiki,3
texastikiphiles,3
texastikiweek,3
thankyoukurt,2
the_mature_paris,3
the_rum_traveler,6
theamateurmixer,2
theatomicgrog,3
thedrifterghent,3
theeducatedbarfly,5
theeducatedbary,5
thehollywoodlanai,6
themerryweather,2
thetonycanepa,13
thirst,3
thirsty,3
thirstythursday,7
thirtythursday,3
threedots,1
threedotsandadash,31
threedotsandadashcocktail,4
threedotstiki,3
threestories,4
thrillist,3
tigersden,4
tiki,126
tikiaf,7
tikiart,13
tikiartist,13
tikiasfuck,29
tikibar,69
tikibars,9
tikibowl,13
tikiclothes,2
tikicocktail,4
tikicocktails,41
tikiculture,9
tikidrink,9
tikidrinks,75
tikifarm,2
tikifarmmugs,2
tikifashion,6
tikifever,6
tikifriday,3
tikigarnish,3
tikihairflower,6
tikihut,4
tikilife,12
tikilifestyle,10
tikilouisville,2
tikimug,27
tikimuglife,13
tikimugs,6
tikiondraft,2
tikiparty,2
tikipopup,6
tikiroom,6
tikistyle,9
tikisunday,2
tikisur,3
tikitango,3
tikitangoatl,6
tikitikitiki,17
tikitime,20
tikitorchswizzle,2
tikitotheface,12
tikitravel,3
tikitropic,3
tikituesday,3
timeforfun,2
tipsytuesday,3
tipunch,1
tonightwetiki,3
torchswizzle,2
tradersampson,6
tradersamssucks,1
travelbitme,3
tropical,5
tropicalcocktails,3
tropicaldrinks,22
tropicalitch,3
tuesdaytips,3
vacation,3
vegastiki,3
ventiki,18
ventikivta,3
ventura,9
viciousvirginbar,3
vintage,1
vintagecocktails,21
vintagelifestyle,6
volcanobowl,13
vuedoo17,2
wacer,4
waterfrontoo,4
wayouttheatre,3
we.shall.tiki,8
wednesdaynight,3
weekendfun,6
weekendmood,6
wendy.loomis,1
weshalltiki,8
wetbean,3
whatatimetobealive,1
whatsoldisnewellagain,2
wheninromeorchicago,2
whitewitch,2
whowearsshortshorts,6
wine,3
winewithlisa on Inst,3
worththewait,3
yohoho,1
yum,3
yummy,3
zombie,16
zombiepunch,3
🍹,4
🗿🍹,2
