,RowSum
0,1
1,1
2,1
3,1
barkeeperdrinks,1
bulldog,2
bulldogdays,1
bulldogfrances,3
bulldogfrancese,3
bulldoglife,2
bulldoglove,2
bulli,1
cocktails,1
creativemixology,1
estate2018,1
family,2
ilaria_giorda,3
ilmiobullo,1
jd,2
liguria,1
mare,1
matchaholic,1
meandmydog,1
meuamor,1
meucao,1
miamor,1
mibebe,1
mifamilia,1
minhacriança,1
miperrito,2
miperro,1
mivida,1
mixology,1
momentos,1
moments,1
momlife,1
mybaby,1
mydog,3
omeucão,1
pesopiuma,1
pisco,1
piscoacholado,1
piscobar,1
piscococktail,1
piscoisperu,1
piscolove,1
piscolunas,2
piscopremium,1
piscotime,1
sea,2
smile,1
sofi,1
sol,1
starwars,1
starwarscocktails,1
sun,2
vacaciones,1
vitadabullo,1
vitadamamma,1
yoda,4
yodasorridi,1
yodasour,4
yodino,2
