,RowSum
0,1
1,1
2,1
3,1
4,1
5,1
6,1
7,1
8,1
9,1
10,1
11,1
12,1
13,1
14,1
15,1
16,1
17,1
18,1
19,1
20,1
21,1
22,1
23,1
24,1
25,1
26,1
27,1
28,1
29,1
30,1
31,1
32,1
33,1
34,1
35,1
36,1
37,1
38,1
39,1
40,1
41,1
42,1
43,1
44,1
45,1
46,1
47,1
48,1
49,1
50,1
51,1
52,1
53,1
54,1
55,1
56,1
57,1
58,1
59,1
60,1
61,1
62,1
63,1
64,1
65,1
66,1
67,1
68,1
69,1
70,1
71,1
72,1
73,1
74,1
75,1
76,1
77,1
78,1
79,1
80,1
81,1
82,1
83,1
84,1
85,1
86,1
87,1
88,1
89,1
90,1
91,1
92,1
93,1
94,1
95,1
96,1
97,1
98,1
99,1
100,1
101,1
102,1
103,1
104,1
105,1
106,1
107,1
108,1
109,1
110,1
111,1
112,1
113,1
114,1
115,1
116,1
117,1
118,1
119,1
120,1
121,1
122,1
123,1
124,1
125,1
126,1
127,1
128,1
129,1
130,1
131,1
132,1
133,1
134,1
135,1
136,1
137,1
138,1
139,1
140,1
141,1
142,1
143,1
144,1
145,1
146,1
147,1
148,1
149,1
150,1
151,1
152,1
153,1
154,1
155,1
156,1
157,1
158,1
159,1
160,1
161,1
162,1
163,1
164,1
165,1
166,1
167,1
168,1
169,1
170,1
171,1
172,1
173,1
174,1
175,1
176,1
177,1
178,1
179,1
180,1
181,1
182,1
183,1
184,1
185,1
186,1
187,1
188,1
189,1
190,1
191,1
192,1
193,1
194,1
195,1
196,1
197,1
198,1
199,1
200,1
201,1
202,1
203,1
204,1
205,1
206,1
207,1
208,1
209,1
210,1
211,1
212,1
213,1
214,1
215,1
216,1
217,1
218,1
219,1
220,1
221,1
222,1
223,1
224,1
225,1
226,1
227,1
228,1
229,1
230,1
231,1
232,1
233,1
234,1
235,1
236,1
237,1
238,1
239,1
240,1
241,1
242,1
243,1
244,1
245,1
246,1
247,1
248,1
249,1
250,1
2020,4
303life,3
365neworleans,3
504,25
50bestcocktails,3
5280drinks,3
_upstairs_at_erics,7
absinthe,3
agameoftones,3
aged,3
agedwhiskey,3
allnatural,6
aloha,4
altosaxophoneplayer,1
alwaysneworleans,3
amournola,6
apartment_bartender,7
appmember,3
architectural,3
architecturalstyle,3
architecture,6
art,13
artucurious,5
artulovely,2
ashwednesday,4
associationofprofessionalpiercers,3
atticusjones,3
balcony,2
bar,7
barrelaged,7
bartender,10
bartenderlife,3
bartending,6
beads,12
bealpha,4
beansandrice,1
beatouristnola,1
beautifulday,1
beautifuldestinations,11
beautifulneworleans,13
besties,3
betterwithage,4
beyondbourbonstreet,3
bigeasy,36
bikenola,3
blackandwhitenola,2
blogger,3
bluesky,1
bodypiercer,3
bohemian,1
boho,1
bottomsup,3
boulevardier,3
bourbon,3
bourbonstreet,10
brandy,4
brewersgirl73,1
brookland,1
brooklandcivic,1
brooklandsfinest,1
broussards,5
broussardsnola,3
building,1
candles,6
canibethereinsteadofhere,3
carnival,12
carnivalcostume,4
carnivalcostumes,4
carnivaltime,6
carouselbar,6
cass_843,3
cathedral,4
catholiccathedral,3
catholicchurch,3
cbd_social,4
cbdnola,3
chartres,3
chartresstreet,5
chateaulemoyne,3
cheers,3
chesterfieldmayfair,6
cityofyes,18
citytours,3
classic,3
classicnola,13
cleanproducts,6
cntraveler,7
cocktail,10
cocktailculture,4
cocktailhour,3
cocktailphotography,3
cocktails,15
coconutwax,6
coconutwaxcandles,6
cognac,14
coloradowhiskey,3
colorful,1
colorfulnola,9
contemplation,3
cornersofmyworld,7
costumes,4
craftbartending,3
craftcocktails,6
craftdistillery,3
crafts,6
craftspirits,3
creole,1
creolecottage,2
crescentcity,26
cresentcity,3
crowd,3
crusta,1
culture,3
culturetrip,7
cutegirls,1
daintyearrings,3
daintyjewelry,3
daiquiri,3
dametraveler,2
dave_adams_images,1
davidnola,16
dcdining,1
dcdrinking,1
dceats,1
delicatejewelry,3
delicious,3
denver,3
denverbars,2
denverbarscene,2
denvercolorado,3
design,1
detailsmatter,12
discovernola,17
disneycruise,3
dogwalking,2
dorsia.io,7
dorsiadiscovery,7
dorsiaxnola,7
doyouknowwhatitmeanstomissneworleans,4
dranks,3
drink,6
drinkblogger,3
drinkgram,6
drinking,3
drinkingnola,3
drinkresponsibly,3
drinks,6
drinksdrinksdrinks,3
drinkstagram,6
drinkup,6
drinkwriter,3
dykwimtmno,3
eaterdc,1
eatingnola,3
ebarrueta27,3
endymion,2
endymion2020,2
endymionparade,2
etiennestcharles,6
etsy,6
etsyfinds,6
eventherainiscoloured,1
exchangealley,3
experienceneworleans,4
exploremore,1
exploreneworleans,35
exploretocreate,1
exploring,2
exploringnola,15
exterior,1
exteriordesign,1
fairestoneofall,3
famousdrinks,3
fashionweeksglobalma,3
fattuesday,15
fern,1
ferns,1
fgfeduccia,1
findyournola,1
finedining,3
firehydrant,2
flashesofdelight,2
foggyweather,3
followyournola,42
frenchquarter,85
frenchquarterliving,6
frenchquarternola,16
frenchquarters,4
fromdaytonight,6
fromwhereistand,7
frozencocktails,2
frozendrinks,3
frozenirishcoffee,3
fun,3
fuzzywashere,7
fwglobal,3
geofftroup,4
getoutside,1
girlstrip,3
godblesslouisiana,3
gold,3
gonola,7
goodtimes,3
gulfcoastgirl.tracie,4
gumbo,1
handcraft,6
handgrenadedrink,3
handmade,6
handpouredcandles,6
hangingbaskets,1
hangingplants,1
happyhour,6
happyhournola,3
happyhourtime,3
happymardigras,1
hawaii,4
hazel_art_bar_commun,2
hellcat_chrissy,1
hemp,6
hiddennola,3
holiday,3
holytrinity,1
homebar,3
hotelmonteleone,6
huffposttravel,7
hurricane,2
hurricanedrink,3
iamatraveler,2
iamnolaaf,1
igerslouisiana,4
igersneworleans,13
igersnola,14
igtravel,1
ihearnola,3
iheartnola,30
iknowwhatitmeans,1
iknowwhatitmeanstomissneworleans,4
ilovenola,15
imbibe,3
imbibegram,3
insomnola,3
instacocktails,3
instadaily,1
instadrinks,3
instatravel,1
ipulledoverforthis,1
irishcoffee,3
itsyournola,44
jacksonsquare,11
jg_boyce,3
justgoshoot,3
keep30,3
kingcake,1
klimashandlebar,3
krewe_of_craft,3
krewe_of_olsen,4
kreweofendymion,2
kstikiweek,2
laissezlesbonstempsrouler,12
laissezlesbontempsrouler,4
leahchase,1
letsdrink,3
letthegoodtimesroll,12
lightroom,1
linz.cd,3
lisabice.realtor,3
lit,3
liveauthentic,3
livecolorfully,3
localnolapic,17
london,3
lookdown,3
louisarmstrong,1
louisiana,40
louisianatravel,7
love,6
lovewhereyoulive,12
lovewhereyoulivelouisiana,12
magazinestreet,4
mardigras,46
mardigras2020,21
mardigrasbeads,6
mardigrascostume,4
mardigrascostumes,4
mardigrasday,4
mardigrasinlouisiana,1
mardigrasneworleans,4
mardigrasnola,4
masonjarcandles,6
mavienola,2
maviephotography,1
mayfair,3
midcity,4
midcitymedia,20
milehighbar,2
milehighcity,2
miles2gobeforeisleep,4
milkpunch,4
mingming_nma,3
mississippi,2
mississippiriver,5
mixdrinks,3
mixeddrinks,3
mixologist,3
mixology,3
momentslikethese,2
momentsofmine,2
monochrome,1
monteleone,3
mood,3
musicallegends,3
musttry,3
myhusbandandme,1
mynola,5
mystory,2
mytinyatlas,7
naturalcandles,6
negroni,3
neon,3
neverstopexploring,1
newcocktails,3
newdrinks,3
neworleans,109
neworleansarchitecture,4
neworleansartist,6
neworleansbars,3
neworleanscocktails,3
neworleansculture,16
neworleansdrinks,6
neworleansla,3
neworleanslife,1
neworleanslocal,1
neworleanslouisiana,2
neworleansmardigras,4
neworleansphotographer,3
neworleansrealestate,2
neworleanswalks,3
nightlife,3
nikon,1
ninak.eats,3
nola,97
nola_tarot,2
nola_val,20
nolaaf,1
nolaarchitecture,7
nolabar,3
nolabars,3
noladrinks,6
nolaeats,3
nolafoodie,3
nolagirl,4
nolagram,7
nolahappyhour,3
nolahistory,4
nolajules68,3
nolalife,28
nolaliving,10
nolalove,16
nolamardigras,4
nolanews,1
nolanewsgram,17
nolanewsgramotw,1
nolanights,5
nolapeople,5
nolaphotographer,8
nolaphotography,4
nolaphotoguild,37
nolapride,3
nolarealestate,2
nolarealtor,2
nolarestaurant,3
nolastreets,5
nolastyle,12
nolavibes,12
nongmo,6
nontoxic,6
nontoxiccandles,6
noplacelikeneworleans,1
noplacelikenola,25
northeastdc,1
nostrilpiercing,3
nothingisordinary,2
nytimestravel,11
olawysocki,1
olawysockiphotography,1
oldabsinthehouse,3
oldquqrter,3
oldstagecoach,3
olsenventures,14
oneofakind,6
onetimeinnola,34
onlyinlouisiana,1
onlyinneworleans,7
onlyinnola,3
onlylouisiana,28
optoutside,4
organic,10
organiccandles,6
paperart,6
papercrafting,6
papercut,6
papercutting,6
paperlove,6
parade,1
passionpassport,7
pathport,7
pationights,3
pedicab,4
pedicablife,4
perfectdays,2
perfectlynola,7
peychaudsbitters,2
photooftheday,4
photowalk,3
photowysocki,1
picsofnola,3
piercerbabes,3
piercingideas,3
piercingsofinstagram,3
pimmscup,3
pink,1
plattparkdenver,2
poolhousemhk,2
portrait,3
portraitmood,3
portraitphotography,3
postitforaesthetic,2
postmardigras,3
postthepeople,1
pourmeanother,3
preservenola,3
preservenola300,3
prettylittletrips,7
professionalpiercing,3
puritybodyarts,6
purpledrank,3
pursuepretty,1
pursuitofportaits,3
ramosginfizz,3
rapunzelstwin,3
redcarnationhotels,3
refection,1
repost,8
rhum,2
rhumagricole,2
rhumagricoleguadeloupe,2
rickeymouse on Insta,3
rittenhouserye,3
riverfog,2
riverwalk,2
rockymountains,3
ronbuskirkphotograph,1
royalstreet,7
rubybridges,1
ryewhiskey,6
safepiercing,3
saltbeav,4
sanfrancisco,2
saturday,3
saturdaynight,3
saxophoneplayer,1
sazerac,5
scrapbooking,6
sepia,1
shake,3
shoplocal,6
shotgunhouse,6
showmeyournola,42
sidanee,3
sidewalk,3
smallbusiness,6
smokecocktail,3
sobomb,3
sonyalphasclub,4
southern,3
southerncharm,3
southernliving,15
southpearlstreet,2
soycandles,6
spanselphoto,6
spirits,3
starlightstarbright,4
stcharlesavenue,6
stephen504nola,3
stevieboy_504,3
stir,3
stlouiscathedral,7
stravecchio,4
street,1
streetcar,3
streetlenss,3
streetmusician,1
streetperformer,3
streetphotography,13
streetview,1
suitcasetravels,7
summerscents,4
superiorgrill,6
takemeback,3
talk_of_the_bayou,3
tarotcommunity,2
tarotreaders,2
tarotreadersofinstagram,2
tbt,3
team.right.side.gard,2
teamcanon,7
terra_acqua_restaura,4
terracebar,3
thatlacommunity,12
thatsdarling,2
thebigeasy,16
thecrescentcity,4
thefamily.jones,3
thefrenchquarter,1
thefrontporch,2
thefrontporchsf on I,2
theprettycities,7
thepurge,2
thequarter,3
theterracebar,3
thewayofthecocktail,3
thingsarelookingup,1
thirstythursday,3
thisisus,1
throwbackthursday,6
throwmesomethingmister,6
thursday,3
tiffs.travelogue,3
tiki,2
tiles,3
tinashines,3
tintype,1
touristlife,3
tours,3
travel,11
traveladdict,3
travelblogger,1
traveledbohemian,2
traveler,2
travelersnotebook,3
travelgram,5
travellouisiana,12
travelneworleans,12
travelogue,3
travelphotography,3
travelpics,3
trishkorousphotography,1
truedat,6
unclenearest,3
uptownnola,4
vaerelset_cph,3
verytandc,7
vieuxcarre,167
vieuxcarrecompany,6
vieuxcarré,9
visitneworleans,36
visitnola,7
voodoodaiquiri,3
vsop,3
walkingtours,3
wandering,2
wanderlust,7
weedstagram420,4
weekend,3
weheartnola,3
wgno,6
wherenoladrinks,3
whiskey,4
whiskeylover,2
whiskeywednesday,2
whiskeywednesday🥃,2
whiskeywright,1
wroughtiron,1
yourfavouritebartender,3
yummy,3
