,RowSum
0,1
1,1
2,1
3,1
4,1
5,1
6,1
7,1
8,1
9,1
10,1
11,1
12,1
13,1
14,1
15,1
16,1
17,1
18,1
19,1
20,1
21,1
22,1
23,1
24,1
25,1
26,1
27,1
28,1
29,1
30,1
31,1
32,1
33,1
34,1
35,1
36,1
37,1
38,1
39,1
40,1
41,1
42,1
43,1
44,1
45,1
46,1
47,1
48,1
49,1
50,1
51,1
52,1
53,1
54,1
55,1
56,1
57,1
58,1
59,1
60,1
61,1
62,1
63,1
64,1
65,1
66,1
67,1
68,1
69,1
70,1
71,1
72,1
73,1
74,1
75,1
76,1
77,1
78,1
79,1
80,1
81,1
82,1
83,1
84,1
85,1
86,1
87,1
88,1
89,1
90,1
91,1
92,1
93,1
94,1
95,1
96,1
97,1
98,1
99,1
100,1
101,1
102,1
103,1
104,1
105,1
106,1
107,1
108,1
109,1
110,1
111,1
112,1
113,1
114,1
115,1
116,1
117,1
118,1
119,1
120,1
121,1
122,1
123,1
124,1
125,1
126,1
127,1
128,1
129,1
130,1
131,1
132,1
133,1
134,1
135,1
136,1
137,1
138,1
139,1
140,1
141,1
142,1
143,1
144,1
145,1
146,1
147,1
148,1
149,1
150,1
151,1
152,1
153,1
154,1
155,1
156,1
157,1
158,1
159,1
160,1
161,1
162,1
163,1
164,1
165,1
166,1
167,1
168,1
169,1
170,1
171,1
172,1
173,1
174,1
175,1
176,1
177,1
178,1
179,1
180,1
181,1
182,1
183,1
184,1
185,1
186,1
187,1
188,1
189,1
190,1
191,1
192,1
193,1
194,1
195,1
196,1
197,1
198,1
199,1
200,1
201,1
202,1
203,1
204,1
205,1
206,1
207,1
208,1
209,1
210,1
211,1
212,1
213,1
214,1
215,1
216,1
217,1
218,1
219,1
220,1
221,1
222,1
223,1
224,1
225,1
226,1
227,1
228,1
229,1
230,1
231,1
232,1
233,1
234,1
235,1
236,1
237,1
238,1
239,1
240,1
241,1
242,1
243,1
244,1
245,1
246,1
247,1
248,1
249,1
250,1
251,1
252,1
253,1
254,1
255,1
256,1
257,1
258,1
259,1
260,1
261,1
262,1
263,1
264,1
265,1
266,1
267,1
268,1
269,1
270,1
271,1
272,1
273,1
274,1
275,1
276,1
277,1
278,1
279,1
280,1
281,1
282,1
283,1
284,1
285,1
1960s,2
2broma2017,3
2timeslammyawardwinner,3
50bestbars,3
80s,3
90s,3
_fashioninstadaily_,4
_zuleymas,4
aboutthatcurvylife,3
academicfashion,3
academiclife,3
adaylate,2
afeitarse,3
africangirlskillingit,3
afternoontea,3
akepstein,3
allaboutstyle,3
allblue,2
alligatorshoes,3
alwaysanadventure,3
amtopm,3
arrow,2
artist,3
ascot,3
augsburgcity,4
avon,3
avoncosmeticos,3
background,2
bar,5
barawards,3
barculture,3
baritalia,3
barman,4
bartender,16
bartenderlife,10
bartenderlife🍸,1
bartenderlove,1
bartenderprofesional,1
bartenderslife,1
bartendersofinstagram,1
bartenderstyle,1
bartenderswag,1
bartending,2
bartwnder,1
basicoutfit,7
beard,7
beardstyle,3
beauty,3
bellanaijastyle,3
belleza,3
berebenepadova,2
bespoke,7
bespoketailoring,3
bestfriendsforever,3
bestseller,4
beyondgoodlooking,2
blackblazer,18
blackbrownhair,3
blackpent,9
blackshirt,9
blacksuade,1
blazer,41
blazer_wala,12
blazerandtie,3
blazerbranded,5
blazercasual,4
blazercewek,4
blazercowok,5
blazerelegan,4
blazerfashion,8
blazerformal,22
blazerkeren,4
blazerkerja,4
blazerkorea,4
blazermen,4
blazerpria,18
blazerpriakeren,5
blazerpriakorea,5
blazerpriamurah,5
blazers,25
blazersantai,4
blazerslimfit,26
blazerstyle,28
blazerwisuda,4
blazerzara,7
blazing,3
bleumarine,3
bloggerlife,4
bloggerstyle,3
bludress,3
blue,19
blue.suit,7
blue_blazer_edinburg,3
blueandbrowneyes,3
bluebass,3
blueblazer,215
blueblouseinlagos,3
blueeyes,2
bluejacket,3
bluejacketinlagos,3
bluejeans👖,4
blueoutfit,3
blueshirt,7
blueskirt,2
bluestripe,1
bluesuit,8
bluewave2020,3
bluewine,3
blusky,3
bober_boroda,3
bonneappetit,3
bonnevino,3
boots,3
boss,2
bossbabe,3
bottegaveneta,3
boutiqueclothing,3
boy,2
brandambassador,3
brightercoloursinmycloset,3
brother,4
brown,2
bueclothes,1
burberry,3
businesscasual,1
businesscasualoutfit,1
businessstyle,4
butikjahit,3
butikjahitbukittinggi,3
caballero,3
californiaweather,3
camerafujifilm,2
caprese,3
cardigan,4
carloduttopress,3
carmeloanthony,4
casualblazer,18
casualoutfits,7
catsofinstagram,3
cdmx,2
celebration,3
celeste,3
centrestreetbridge,3
champion,3
chardonnay,3
checksportsjackets,2
chicagopersonalstylist,7
chicagostylist,7
cinemadrink,3
circus,3
circuscocktailbar,3
circuscocktailbarct,3
ciudaddemexico,2
classic,3
classic_superstars_,3
classic_superstars_ ,3
classicocktails,3
classicsuperstars,3
classy,3
clientdiaries,9
cloth,3
clothesfeelbetter,3
clothing,3
clothingboutique,3
clothingbrand,3
clothingcompany,3
clothingstore,3
cloths,2
cocktail,12
cocktailalchemylab,3
cocktailart,3
cocktailbar,9
cocktaillikes,2
cocktaillover,3
cocktailoftheday,3
cocktailphotography,2
cocktailporn,3
cocktailrecipe,3
cocktails,6
cocktailsofinstagram,1
cocktails🍹,1
cocktailtime,5
code,2
coloniasrefrescantes,1
colorful,4
companyculture,4
contrastcollar,3
converse,2
cool,2
copperspoonfw,3
corduroypants,2
cottonfabrics,9
cousins,4
cousinsquad,4
craftedmixology,1
cremdeafeitar,3
crimsouneclub,3
crimsounepeople,3
cubanlinkchain,3
cufflinks,3
cuidadopersonal,3
curvywomen,3
customizedesign,9
custommade,9
cuteblue,3
d.amani_bespoke,3
dance,4
dandifiedman,3
dandy,3
dapper,7
dapperedman,4
dapperpdx,3
dapperprofessional,14
darkskingirls,3
darling,3
daydatesarethebest,2
democrat,3
depop,1
depopcommunity,1
depopseller,1
depopshop,1
design,3
desktodusk,6
diwali,2
diwalivibes,2
dmo,3
doitwithstyle,3
dolcevita,4
dondraper,2
doublemonk,4
drink,7
drinkcinema,3
drinkinggood,2
drinkmeout,3
drinkoftheday,3
drinks,2
drinkup,1
dskwoman,3
dude,2
dustintamn,3
dustintime,3
dvereki,3
edinburgh,3
edit,2
edits,2
elder_ravi,3
elegant,3
emmywinner,2
emulsionsuvizante,3
envelopebag,3
ethicalfashion,1
ethicalootd,1
everydayoutfit,3
expectations,2
fabric,3
fairislesweater,4
fallfashion,7
fallfashion2019,7
faraway,1
fashioinspiration,3
fashion,9
fashionable,3
fashionaddict,3
fashionblog,3
fashionblogger_de,3
fashioncolletion,9
fashiondaily,3
fashiondesigner,12
fashiondiaries,3
fashiongram,4
fashioninspo,10
fashionista,7
fashionistas,6
fashionlovers,4
fashionmenswear,4
fashionphotography,4
fashionstylist,3
fashiontipsforwomen,7
fashiontrend,9
fashiontrends,3
fashionweek,6
fashionweek2020,6
fashionweekstreetstyle,3
fashionwork,9
fblogger,7
fbloggers,3
fearless,3
february2020,3
feelingblessed,3
feelinggood,3
figarobistrot,2
figuritaswrestling o,3
fitb,3
fitoftheday,3
flowerlapelpin,3
follow,3
followme,3
food,3
formal,2
formalcasual,3
frenchcuffs,3
frenchcuffshirt,3
frontrowbcn,4
fullcapwig,4
fun,4
fw,4
garnish,3
gau_rautela08,4
gauravrautela,4
gayfollow,3
gaygram,3
gayswag,3
gentlemenstyle,4
gentlemenswear,4
getgurglin,2
getoutandexplore,3
gin,2
girl,1
goldglobewinner,2
goldnecklace,3
goodtimes,2
graphicteeoutfits,7
greatitalianfood,3
gunesanfrediano,3
gurglgram,1
hairgoals,4
hairinspo,4
hairstyles,4
hairtrend,4
halfwig,4
halfwigs,4
halfwigstyles,4
handhorns,3
hannah_chiwenda,3
happy,2
happyhour,2
happytime,2
hartfoundation,3
herrenmode,4
herrenstyle,4
herreskredder,3
hesnotonsocialmedia,2
heterochromia,3
heyraybabe,2
history,3
hm,7
hmxme,7
hombre,5
homesweethome,3
hophouse13,3
hungarian,3
hungariangirl,3
hungary🇭🇺,3
håndsøm,3
iconicfilmstyle,2
iconictvseries,2
igers,3
ikoyiladies,3
ilovebluesky,3
imaestridelcocktail,3
imari,1
imwearingri,7
india,3
inspireothers,3
inspiringoutfit,3
instaboy,3
instacocktail,3
instadaily,3
instadailyoutfit,1
instadrink,3
instafashion,3
instafashionista,3
instagay,3
instagood,6
instagram,3
instagramers,3
instaguy,3
instamood,3
instaphoto,3
instapic,4
intense_pathak.1947,3
inweekday,3
ireland,3
italia,3
italy,3
ivystyle,10
jameson,3
jamesonireland,3
jaseverywhere,4
jasformal,4
jaspremium,4
jassantai,4
jasslimfit,4
jnorbraten,3
job,3
joeruggiero_collecti,7
joey_the_bartender,3
johnslattery,2
johnwrazej,7
jonhamm,2
jourdandunn,3
jourdandunnstyle,3
jozifashion,3
justskai,7
justustwo,2
kanelle_____,3
kanellestyle,3
kanellevintage,3
karachi,4
kasia_michaels,3
kauthar.stores,3
kekinianblouse,4
kellykstyle,1
kinga_veres,3
kirroyal,2
label_pratibha_jain,9
lager,3
lagosbabes,3
lana,3
latergram,2
laugh,2
legacy,1
legend,3
lgtbq,3
librishouse,3
lifestyle,4
lifestylemen,4
lightgraypants,4
lightpink,2
lightroom,2
like,2
likesforlike,1
liketoknowit,1
linguinefradiavolo,3
lionoverlookingthecity,3
lions,3
liqpic,3
lithuanianalien,2
livingourbestlife,3
londonfashion,3
longhairlove,2
longsleeves,2
look,7
lookfit,9
lookgoodfeelgood,3
lookoftheday,3
lookwis,3
losfeliz,4
losingweightjourney,3
lounge,3
love,3
luxuryblazer,13
luxurymenswear,4
madebyenricokike,2
madeinitaly,3
madmen,2
maggianos,3
majesticview,3
makemehappy,3
makeupbykatiemouse,3
man,2
mangos,4
maninblue,3
marriage,3
marthachandlerwestbr,2
masti,4
max,3
maxidress,4
maxlee0105,3
mazy,4
mazy_gentlemenswear,4
melaninmakeupdaily,3
men,6
menblazer,18
mendesigner,9
menfashions,4
menfashiontips,4
meninblazers,13
mens,9
mensblazer,15
mensblazers,8
mensblog,3
mensfashion,7
mensfashions,3
menshop,9
menssuits,3
menstagram,9
menstyle,13
menstyleau,3
mensuits,16
mensuitsdaily,3
mensuitsteam,3
mensuitstyle,3
menswear,16
menswearblogger,4
menswearfashion,4
menswearinspo,7
menswears,4
menswearstyle,4
menswithstyle,18
mentrends,9
menwithbeards,4
mercylambo,3
mexico,2
mididress,4
misceliamopervivere,1
mixologist,6
mixology,10
moda,3
modelmodel,4
modelmodelblueblazer,4
modelmodelhairfashio,4
modelmodelhairfashion,4
modemodelhair,4
modestwears,3
modestwearsinlagos,3
momblogger,1
momentsofchic,3
momoftwo,4
moodoftheday,3
motivateothers,3
motivationalquotes,4
motivationalspeaker,3
mountains,2
mugler,3
mugshot,4
mumbai,3
mumbaimarriagescenes,3
musk,1
musthave,3
mycatiscoolaf,3
mycatiscoolafsocks,3
mydailystyle,7
myfavlook,3
mystyle,3
mystyle_man,3
männermode,4
nat_natanes,4
naturalhairgrowth,4
naturalhairjourney,4
naturaltexture,4
naturaltexturewig,4
nauticacufflinks,3
navyblazer,3
navyblue,3
neapolitantailoring,4
newarrivals💗💕,4
newblazer,13
newclothes,3
newjeans,4
newoutfit,6
nicolemiller,3
nothinglikehome,3
obsessworthy,7
ofertasavon,1
offwhite,2
onlineshopping,9
ontap,3
ootd,18
ootdbloggers,3
ootdstyle,3
orangemaxiskirt,3
orlandolifestyleblogger,4
orlandomua,4
outer,4
outfit,3
outfitideas4you,3
outfitinspiration,1
oversize,2
oversizedblazer,3
owenhart,3
padova,2
padua,2
paris,3
parisfashionweek,3
partywear,4
pasiongitana,1
passion,3
peaklapel,3
pekalessandro,1
persona,2
personalstyle,4
personalstylist,7
pfw,3
philadelphia,3
photo,2
photobomb,2
photography,2
photooftheday,6
pic,2
picoftheday,4
pinkyring,3
pint,3
plussizeblazer,3
plussizedivas,3
plussizefashionnaija,3
pocketsquare,3
polkadotascot,3
polkadotpocketsquares,3
polkadotsvintage,4
polkalife,3
pondboutiques,3
popofcolor,7
pouringnow,3
powerblazer,1
powershoulder,2
powersuit,4
pranav_772,2
preppy,10
pretty,3
primarycolors,3
protectivestyles,4
prowrestling,3
proxi,3
proxi_7 on Instagram,3
ptoman,5
pubblicazioni,3
puma,2
punedancers,4
puralana,3
purblanca,1
purple,2
purse,3
quaglia,2
r2coffeebar,4
radici,2
radiciterraegusto,2
rahulchouhan.officia,3
reality,2
reception,4
recipes,3
redblazer,1
redoutfit,3
redsuit,1
relaxtime,3
repost,3
reseller,1
resellercommunity,1
retro,1
rewardstylebloggers,3
rgorrochotegui,3
rinaldi1957,3
ritudikareception,4
riverhouse,2
robertanga,3
rooftop,3
royalblazer,13
roycru,10
rumahjahit,3
rumahjahitbukittinggi,3
russellwestbrook,4
sakko,4
sartorial,10
sartoriale,4
scone,3
seragamblazer,3
seragamkerja,3
shadesofblue,2
shadi,3
sheersocks,3
sheikhlogger,8
shoes,2
shopnow,9
shopoholics,9
shopping,3
shopthreepears,4
shopyourcloset,4
shred,2
sidenoteclub,3
siiielle,7
silkpolkadotscarf,3
silkyhair,2
silverbelt,1
silverfox,3
singer,3
sisterlove,3
sisters,3
sistersquad,3
ski,2
skiing,2
skirtandblouse,3
skirtsuit,1
skredder,3
skreddersøm,3
slimb,3
slimfitsuit,10
slopes,2
slouchy,7
slouchyjeans,7
smartstreetwear,4
smile,7
snakeskin,2
snakeskinskirt,2
snapseed,2
snc,3
snowboard,2
snowboarding,2
socksofinstagram,3
soyainhhoa,7
sportsjackets,2
sprezzatura,4
spring2020,1
springbreeze,3
springfashion,4
springinfebruary,3
springoutfits,1
squaretoeheels,3
ss20,3
stampedewrestling,3
stoff,3
stoffa,3
streetfashion,1
streetstyle,12
streetstyleinspo,3
streetstylemen,4
streetwear,2
stripedshirt,1
style,14
styleblogger,4
styleforum,4
styleinfluencer,4
styleinspo,10
stylerave,3
stylish,3
successmore,3
suit,8
suitedgent,3
suiting,4
suitlife,7
suitswag,18
suitup,4
sundaystyle,2
sunnyday,2
sunnydays,3
sunshine,2
sunshinetoday,4
sustainablefashion,4
swag,5
sweethonesty,1
sweetladyjanebakerycafe,3
sweetsecondhand197,3
tabcollar,4
tailored,4
tailoring,4
tb,4
tbweddingday,4
tessuto,3
texturedsuit,3
texturefabrics,9
thatsdarling,3
thatviewtho,3
theplussizeapparels,6
therocket,3
thesartoriale,4
thestreetstyleoffash,3
thirdpieces,7
thisiswhataprofessorlookslike,3
threepears_cullman,4
threepiecesuit,7
throwback,4
throwing,1
tie,4
tiebar,4
tiepin,4
timeforapint,3
timeless,1
todocosmeticosvarela,1
tomfordmen,14
toquedeamor,1
travellingnomads,3
trend,4
trendsetter,3
trendy,4
troll,2
trolling,2
trollingforagoodtime,2
trollmountain,2
trollmountainresort,2
trollskiresort,2
turkeywearsinlagos,3
turnbullandasser,3
twocolorsgem,2
twopiece,1
twopieceset,3
ull,3
umakishaadi,2
urbanstreetwear,4
vanessazambito,4
veronica_costantino8,3
versatilefashion,3
victoroladipo,4
vintageblazer,4
vintageclothing,4
vintagelook,1
vintageoutfits,1
vintageskirt,1
vintagesuit,1
vivah,3
vodkaimperialgold,3
voiceofhair,4
voteblue2020,3
votebluenomatterwho,3
vzweekofstyle,4
wadding,2
waitingforspring,1
wallystbi,3
waltdisney,2
wedding,2
weddingday,2
weddingdress,2
weddingoutfit,4
weddingphotography,2
weddingseason,9
weddingsuit,3
weedx.13,2
weekdaysdunnright,3
weekend,3
weekendishere,3
whatprofessorswear,6
wheredidyougetthat,3
whiteconverse,6
whitepants,7
whitesneakers,2
wideshoulders,2
wig,4
wigoftheday,4
wigs,4
wildcountry,1
wine,3
wingtipshoes,2
winter,2
winter2020,3
winterfun,2
winteroutfit,3
wiskey,3
wiw,4
wiwt,3
womanblazer,3
womenfallstyle,7
womeninbusiness,3
womensuits,1
wool,3
woolsuit,7
work,1
workdiaries,4
workoutfit,3
workoutfitoftheday,3
workoutfits,3
workwear,1
workwearfashion,1
workwearstyle,1
worldbartenderday,1
wwe,3
wwf,3
wwfintercontinentalchampion,3
wwftagteamchampion,3
yarid28,3
yuvalsavitsky,4
yycadventures,3
zadigetvoltaire,3
zarajeans,7
zayda_fashionid,4
zegna,3
zuleymas,4
двереки,3
дублин,3
ирландия,3
💙,3
