,RowSum
0,1
1,1
2,1
3,1
4,1
5,1
6,1
7,1
8,1
9,1
10,1
11,1
12,1
13,1
14,1
15,1
16,1
17,1
18,1
19,1
20,1
21,1
22,1
23,1
24,1
25,1
26,1
27,1
28,1
29,1
30,1
31,1
32,1
33,1
34,1
35,1
36,1
37,1
38,1
39,1
40,1
41,1
42,1
43,1
44,1
45,1
46,1
47,1
48,1
49,1
50,1
51,1
52,1
53,1
54,1
55,1
56,1
57,1
58,1
59,1
60,1
61,1
62,1
63,1
64,1
65,1
66,1
67,1
68,1
69,1
70,1
71,1
72,1
73,1
74,1
75,1
76,1
77,1
78,1
79,1
80,1
81,1
82,1
83,1
84,1
85,1
86,1
87,1
88,1
89,1
90,1
91,1
92,1
93,1
94,1
95,1
96,1
97,1
98,1
99,1
100,1
101,1
102,1
103,1
104,1
105,1
106,1
107,1
108,1
109,1
110,1
111,1
112,1
113,1
114,1
115,1
116,1
117,1
118,1
119,1
120,1
121,1
122,1
123,1
124,1
125,1
126,1
127,1
128,1
129,1
130,1
131,1
132,1
133,1
134,1
135,1
136,1
137,1
138,1
139,1
140,1
141,1
142,1
143,1
144,1
145,1
146,1
147,1
148,1
149,1
150,1
151,1
152,1
153,1
154,1
155,1
156,1
157,1
158,1
159,1
160,1
161,1
162,1
163,1
164,1
165,1
166,1
167,1
168,1
169,1
170,1
171,1
172,1
173,1
174,1
175,1
176,1
177,1
178,1
179,1
180,1
181,1
182,1
183,1
184,1
185,1
186,1
187,1
188,1
189,1
190,1
191,1
192,1
193,1
194,1
195,1
196,1
197,1
198,1
199,1
200,1
201,1
202,1
203,1
204,1
205,1
206,1
207,1
208,1
209,1
210,1
211,1
212,1
213,1
214,1
215,1
216,1
217,1
218,1
219,1
220,1
221,1
222,1
223,1
224,1
225,1
226,1
227,1
228,1
229,1
230,1
231,1
232,1
233,1
234,1
235,1
236,1
237,1
238,1
239,1
Null,14
_the.guidos.at.disne,2
abc7eyewitness,6
abmhappylife,3
adventureland,3
adventuresmademagic,4
adventureswiththesol,4
aedisneyadventuress,6
agirltravelling.ca o,3
alcohol,4
algodehistoria,3
amandaa_mckenzie,6
anaheimfoodies,6
andallthatjazz,3
animals,4
animals_in_world,4
annualpassholder,9
antique,3
apholder,2
aromas,3
arthropod,4
arthropod_perfection,4
artista,3
ascot,2
authorizeddisneyvacationplanner,3
bacardi,3
bakebakebake,2
bakefeed,2
baking,3
bananasfoster,4
bar,6
barart,3
barbaro,3
barcham,2
bardeeventos,6
bareventos,6
barlife,3
barman,9
barman_academy,6
barmanacademy,6
barmovil,6
barplanner,6
barramovil,3
barrasmoviles,6
barrelagedcocktails,2
bartender,18
bartenderconactitud,3
bartenderlife,6
bartenderskills,3
bartools,6
barware,3
beads,2
beelove,4
beelover,4
bees,4
beesofinstagram,4
beignets,16
bekinddesign,3
belmontstakes,2
bestofsantiago,3
bestofthebest,3
bestpaintonplanetearth,3
bhfyp,3
bluebayou,3
bluebayourestaurant,6
bluegrassstate,3
boaterhat,2
boba,3
bonfiregrill,2
bonfiregrill425,2
bourbon,20
bourboncountry,3
bourbonenthusiast,3
bourbonstreet,2
bourbontrail,3
bowtie,3
bowventures,3
bowventures on Insta,3
boyfriend,3
bread,3
breakfast,3
brigantibolognesi,4
brownforman,3
bugs,4
bugslife,4
bugsofinstagram,4
buisnessandpleasure,3
bullietbourbon,3
buttercream,2
cafeorleans,4
caffeine,3
cake,3
cakecakecake,2
cakedecorating,2
cakefeed,2
cakeslice,2
cakesofinstagram,2
cakestagram,2
california,3
californiaadventurepark,3
calvinturnquest,2
candles,3
cantinero,3
carnaval,3
casamientos,3
celebraciones,3
charcoaldrawing,3
charlottelabouff,3
cheers,7
cherrycoast,3
chocolate,5
chocolatecake,2
chocolatestrawberrybeignets,6
churchilldowns,5
churros,2
classiccocktails,3
clingonbrushes,3
closeup,4
club33,2
clvmarketing,3
cockails,6
cocktai,3
cocktail,16
cocktailbar,7
cocktailcodex,3
cocktailglass,3
cocktailhour,2
cocktaillover,3
cocktailrecipe,3
cocktails,30
cocktailsofinstagram,3
cocktailstation,4
coctel,12
cocteleria,3
consumoresponsable,3
contactmetoday📞,3
cooking,3
copper,3
cosmicroses,3
coteleriainternacional,1
countdown,2
cousinscreationsbake,2
craftcocktail,3
craftcocktails,3
craftedmixology,6
craggsmark,1
creole,3
crueltyfreeskincare,2
cup,3
cócteles,6
darlingmovement,3
davidbowie,3
dc_n_bigd,4
dca,5
delladoesdisney,6
derby,4
derby2019,3
derbyeveryday,2
derbyhat,2
derbyhats,2
derbyrevival,2
dessert,3
dieuxcarre,3
dinner,3
disarielgirl,2
disidente_speakeasy,1
disnerd,1
disney,21
disneyaddict,7
disneyannualpassholder,3
disneyap,5
disneyatnight,3
disneybeignets,2
disneyblog,7
disneyblogger,11
disneyblogs,4
disneybound,8
disneybounding,1
disneycaliforniaadventure,5
disneycaliforniaadventurepark,3
disneycharacter,3
disneycommunity,6
disneycouple,4
disneycup,2
disneyday,3
disneydining,9
disneydrinks,6
disneyears,6
disneyeats,18
disneyeverything,2
disneyfamily,15
disneyfan,3
disneyfashion,6
disneyfood,24
disneyfoodblog,6
disneyfoodie,13
disneyfoodies,9
disneyfreak,3
disneyfreaks,3
disneyfriends,2
disneygirl,3
disneygram,26
disneygrammer,3
disneygrammers,8
disneyhungry,14
disneyig,17
disneyigers,7
disneyinfluencer,6
disneyinsta,5
disneyinstagram,1
disneykids,1
disneylads on Instag,3
disneyland,61
disneylandap,9
disneylandcalifornia,3
disneylandfood,6
disneylandfoodies,6
disneylandfoods,2
disneylandmom,3
disneylandparis,2
disneylandpassholder,3
disneylandresort,27
disneylandtrip,3
disneylandviews,3
disneylife,23
disneylifestyle,4
disneylikes,3
disneylove,13
disneylover,5
disneylovintwins,3
disneymagic,25
disneymerch,4
disneymom,12
disneymoms,6
disneynerd,1
disneyobsessed,5
disneyparks,19
disneypassholder,3
disneyphoto,9
disneyphotography,3
disneypic,10
disneyplanning,2
disneypockettee,2
disneyprincess,3
disneysmc,3
disneysmmc,12
disneysmmoms,6
disneysnacks,9
disneyspiritjersey,3
disneystarbuckscup,2
disneystore,4
disneystyle,7
disneytingz,3
disneytingz19,3
disneytips,3
disneytreats,8
disneytrip,7
disneyvacation,1
disneywaiting,3
disneyworld,13
dixiebellepaint,3
dixiefurniture,3
dixieland,4
dlp,2
dlr,20
do502,3
dolewhip,2
dolewhipdollies_,6
donjuliotequila,3
downtowncateringcomp,2
drink,6
drinking,4
drinks,15
earesistibleears,4
earlymorning,1
eatdisneyland,6
eatdubai,2
eljulep,3
energy,2
entomology,4
equality,3
eventos,6
everydaydisney,2
evilqueencharlotte,3
f52grams,3
fancyhats,3
fascinator,3
fashiononthefield,2
fattuesday,22
featuremydisney,9
feedfeed,9
festivalcitydubai,2
festivalofholidays,4
festoolusa,3
fiestas,3
fishygreenale,3
flairproject,3
flashesofdelight,3
focus,3
focused,2
followers,3
followforfollowback,3
followme,3
food,4
foodgasm,3
foodie,9
foodieguide,2
foodiesofinstagram,2
foodnews,3
foodphotography,3
foodpic,3
foodpics,3
foodporn,2
foodsofdisneyland,6
foodstyling,3
forsale,3
fotf,2
fourroses,3
fourrosesbourbon,3
frenchquarter,5
freshpress,3
freshsqueezed,2
frontierland,3
functionalglassart,3
funwiththeguidos,2
furnitureartist,3
galaxysedge,4
garnish,3
garnishgame,3
gaymansdiary,3
getinmytummy,2
giddyup,3
gin,3
ginger,3
glassstraw,3
gohorseygo,3
gold,5
gotolouisville,3
grapesodamama,2
grapesodatips,2
graphicdesigner,3
green,2
greencoffee,3
gumbo,4
handblownglass,3
handdrawntype,3
handmade,3
handmadebowties,3
handpainted,3
happiestplaceonearth,14
happyfattuesday,3
happyhour,3
hat,2
hatdesigner,2
hatfashion,2
hatmaker,2
hats,2
healtheducationspecialist,2
healthteachers,2
healthyfood,3
herb,3
holidays,4
hollywood,3
homecook,3
homecooking,3
homemade,3
homemadefood,3
homestretch,3
horserace,3
horseracing,3
hungry_for_all_thing,6
hurricane,2
ice,6
idcoffeelab,6
igdisney,9
igerslouisville,3
illustration,6
ilovedisney,3
ilovewhatido♥️,3
indiana,3
insect_macro,4
insect_perfection,4
insectphotography,4
insects,4
insects_of_our_world,4
instachile,1
instadisney,15
instadisneyland,6
instafashion,2
instagood,3
instagram,7
instalike,2
instawhiskey,6
interchangeableears,2
interesting,4
inthenavy,3
italy,3
jackdaniels,3
jazz,4
jazzmusic,3
jgabrielatos,3
jockeylife,3
josiahinthe504,3
jpal0324,3
julep,12
kdf2020,3
kelseeskingdom,2
kentucky,6
kentuckybourbon,7
kentuckyderby,17
kentuckyderby2020,3
kentuckyderbyfashion,2
kentuckyderbyfestival,3
kentuckymade,3
kentuckymakers,3
kentuckyoaks,5
kentuckyproud,3
ketta_czarina on Ins,4
kingcake,4
klkuster,3
kmelchor1,3
knosh,2
knoshbyposh,2
knottsberryfarm,3
kybourbon,3
kyderby,2
kyderby2020,2
kyoaks,2
lacountyblues,1
lafayetteindiana,3
laissezlesbontempsrouler,4
lakesmerchantco,3
lalouisianne,3
lasttuesday,6
latenightdinner,2
latenightsnack,2
leadfreeglass,3
legendsaremadehere,3
leggo,1
lemonadepr,6
lemonadeprclient,3
leviedeibriganti,8
lex_designco,1
lexingtonkentucky,1
lexingtonky,1
life,3
lightning,3
lingeriechest,3
liqpic,6
liquid,3
liveauthentic,3
livethelittlethings,3
localpickup,3
lolitajones_cl on In,3
losangeles,3
losangelesbartender,3
losintocables,1
lottielabouff,3
louis.villekentucky,3
louisiana,5
louisville,12
louisvilledowntown,3
louisvillefashion,3
louisvillekentucky,6
louisvilleky,8
louisvillephotographer,3
lovekentucky,3
lovelife,3
lulabellart,1
lulabelldesigns,1
lunch,3
madetolast,3
madewithlove❤️,3
magallanes,1
magicbymuses,4
magicfilledmemories,3
mainstreetmagic55,3
makingsandingsexy,3
manumixologist,3
mardigras,30
mardigras2020,8
mardigrasbeads,2
margarita,3
margaritas,2
marktwain,3
martini,3
mask,2
meikocleansolutions,6
menswear,3
mermaidtail,3
metal,3
metodo,3
mezclas,3
mickey,6
mickeybar,2
mickeybeignets,14
mickeyears,8
mickeyfood,6
mickeymouse,6
mickeypretzel,2
mickeyshapedfood,6
mickeysnacks,2
mickeytreats,2
mickeywaffle,2
milliner,2
millinery,2
millinerycouture,2
minnieears,4
mint,16
mintjulep,198
mintjulep2.0,3
mintjulep2005,1
mintjulepbar,27
mintjulepbardisneyland,3
mintjulepdrinkmix,2
mintjuleps,6
mintjulies,3
mintplant,3
mixologist,3
mixology,4
mixologyworld,6
mobileorder,2
momlife,3
moodymixologist,6
moscowmule,3
mr.marcox,3
ms.twojs,3
mylouisville,3
natashatdsamani,1
natgeoyourshot,4
naturallybased,2
naturallybasedskincare,2
nawlins,1
nbcsports,3
necktie,3
neon,3
neworleans,11
neworleanscocktails,3
neworleansmarigras,3
neworleanssquare,23
newposh,2
night,9
nightlife,3
nikos_annis_,3
nola,1
nomatterhowlongthewinterspringissuretofollow,3
oldfashioned,3
oldfashionedglass,3
oldfo,3
oldforester,3
ondisneydayswewearears,4
oneforeveryone,3
oneofakind,3
onetieendlessoptions,3
onthetable,3
ootdmen,3
opaboyphotos2015,1
origenes,1
ottawaretirement,4
ourdisneylandadventu,1
p30prophotography,3
paintedpeacockcreati,3
paintedpeacockcreations,3
paloma,3
party,3
paseodorrego,6
passport,2
pastel,3
patobriens,4
peaketies,6
pelne.szklanki,2
peppermint,3
peppermintleaf,3
perfectlyposh,2
photo,3
photography,4
photographylovers,4
photooftheday,10
pic,3
picoftheday,3
plantbasedwax,3
pocketround,3
pocketsquare,3
poshboss,2
poshonlongisland,2
preaknessstakes,2
pride,3
princessandthefrog,3
princesstiana,3
pulledporktacos,3
puntaarenas,1
purple,2
quadbowtie,3
quoteprint,3
racedayfashion,3
racetrack,3
ralphbrennansjazzkitchen,3
recipe,3
redbubble,1
redesignwithprima,3
regaz,4
rehearsaldinner,3
rejuvenating,2
repost,9
retirementliving,4
reusable,3
review,3
riseandgrind,1
roadtripping,3
rocksglass,6
rollercoaster,3
roma,3
rosegold,3
royalstreetveranda,3
rsaqueue,2
runfortheroses,2
rye,6
ryes,6
scotsmanice,6
sensoryspace,6
sgvmom,3
shakennotstirred,3
sharelexky,1
sharelouisville,3
sharethelex,1
shea,2
sheabutter,2
sheasisterhood,2
shopdisney,4
shopsmall,2
shotglass,3
sidehustle,2
signaturedrinks,2
sips,3
skinelixir,2
sliders,2
smallbatchcollection,3
smellycatlgbt,3
soperky,3
southercalifornia,3
speakeasy,4
speakeasybologna,4
spicylamb,2
spiritjersey,9
spiritjerseydisney,3
splatterpaint,2
springposh,2
springtime,4
squeezetheday,2
sr.barman.max,3
stampdesign,1
starcidentro,4
starwars,7
starwarsgalaxysedge,3
stirlingparkretireme,4
stixprimer,3
strawberryjulep,6
strawberrymintjulep,6
studiotours,3
sugar,3
summerdays,3
surfprep,3
susan_a197,3
talkderbytome,2
tasty,3
teach.eat.mom.create,2
teacherlife,2
teachersfollowteachers,2
teachersofinstagram,2
teacherssupportteachers,2
teamworkmakesthedreamwork,3
tequila,2
testimonial,3
thatsdarling,3
theadamdisney,6
theamsden,1
thebandofheathens,1
thebestbarsclub,6
thebigeasy,1
theeverygirl,3
thehappynow,3
themeblogger,3
themeparkmetal,3
themeparks,3
thetrifecta,3
thetrifectaevent,3
thoroughbred,3
thrillridesphotography,3
throwback,3
timstacey30,3
timstaceycreations,3
tincup,3
tipsdebartender,3
tomball,2
tomballtx,2
traditonalart,3
tragos,6
travel,2
traveladvisor,3
travelagentlife,3
tribevibe,2
tsumhing on Instagra,3
tsumtsum,3
tsumtsumcollection,3
ufufy,3
universalfood,3
universalstudiopics,3
universalstudioshollywood,3
usa,3
valentines,4
vamoatomaalgo,6
vasodecobre,3
veganskincare,2
vegetarian,3
venezuela,3
venice,3
versaillesky,1
vintage,3
vintagelooks,3
visitanaheim,9
vitacura,3
vitaminc,3
vodka,3
voldermort,3
walkalongthealley,4
waltdisney,9
watermelon,6
wdw,2
weddingcocktailhour,2
weddingcocktails,2
weekend,4
weird,4
weship🚛,3
westlafayetteindiana,3
what,3
whiskey,15
whiskeycocktail,3
whiskeygram,6
whiskeyrow,3
whiskeywednesday,3
whisky,6
wine,3
wixology,3
wixologycandleco,6
wizardingworldofharrypotter,3
woodart,3
work,6
yellow,2
yum,3
yummy,5
ウフフィ,3
ツムツム,3
ディズニーストア,3
ミッキー,3
ミッキーマウス,3
바참,2
