,RowSum
0,1
1,1
2,1
3,1
4,1
5,1
6,1
7,1
8,1
9,1
10,1
11,1
12,1
13,1
14,1
15,1
16,1
17,1
18,1
19,1
20,1
21,1
22,1
23,1
24,1
25,1
26,1
27,1
28,1
29,1
30,1
31,1
32,1
33,1
34,1
35,1
36,1
37,1
38,1
39,1
40,1
41,1
42,1
43,1
44,1
45,1
46,1
47,1
48,1
49,1
50,1
51,1
52,1
53,1
54,1
55,1
56,1
57,1
58,1
59,1
60,1
61,1
62,1
63,1
64,1
65,1
66,1
67,1
68,1
69,1
70,1
71,1
72,1
73,1
74,1
75,1
76,1
77,1
78,1
79,1
80,1
81,1
82,1
83,1
84,1
85,1
86,1
87,1
88,1
89,1
90,1
91,1
92,1
93,1
94,1
95,1
96,1
97,1
98,1
99,1
100,1
101,1
102,1
103,1
104,1
105,1
106,1
107,1
108,1
109,1
110,1
111,1
112,1
113,1
114,1
115,1
116,1
117,1
118,1
119,1
120,1
121,1
122,1
123,1
124,1
125,1
126,1
127,1
128,1
129,1
130,1
131,1
132,1
133,1
134,1
135,1
136,1
137,1
138,1
139,1
140,1
141,1
142,1
143,1
144,1
145,1
146,1
147,1
148,1
149,1
150,1
151,1
152,1
153,1
154,1
155,1
156,1
157,1
158,1
159,1
160,1
161,1
162,1
163,1
164,1
165,1
166,1
167,1
168,1
169,1
170,1
171,1
172,1
173,1
174,1
175,1
176,1
177,1
178,1
179,1
180,1
111bistro,10
abvsf,2
afterwork,3
afterworkdrinks,3
agcassara,3
alcohol,10
alexspeakeasybar,3
alldaybrunch,3
almondsyrup,3
amanopanama,3
amateurbartender,5
anchorsteam,2
baileys,3
bakers107,3
bakers7year,3
bakersbourbon,3
bar,13
barskills,5
bartender,5
bartenderbattles,3
bartenderlife,3
bartenders,4
bartending,7
bartools,5
bayareaets,3
beerbaron,5
bellefille79,3
bennybourbon101,2
bigleafmaplered,2
blinker,2
bloodymary,5
bourbon,59
bourbongram,3
bourbonlife,4
bourbonlift,161
bourbonmilkshake,3
bourbonsour,2
bozzydessert,3
brendabrider on Inst,2
brookearthur,4
bropes,2
bros,3
brunchcocktail,5
brunchcocktails,3
bulleit,4
bulleitbourbon,3
bulleitcocktails,4
caitlinethomas,3
carrielrobinson,3
charberry_sf on Inst,3
chareateries🌟,3
cheers,11
clevelocal,3
clubbing,3
cocktail,39
cocktail_ninja1,5
cocktailbar,2
cocktailcompetition,3
cocktailninja,5
cocktails,38
cocktailsathome,4
cocktailshaker,5
cocktailsofinstagram,13
cocktailtime,5
coctail,4
coctailevening,4
coctails,4
coffee,16
coffeecocktail,5
coffeeliqueur,24
coffeliqueur,5
cofferliqueur,3
corpsereviver,2
craft,3
craftcocktail,8
craftcocktails,8
craftdrinks,3
craftfeature,3
crazysaturdaynight,3
cream,22
creamycocktail,5
cynicalhippie_,2
davidtlaiye,3
delicious,3
deliriums_babelfish,5
delish,3
derby,3
derbycocktailtropical,3
devanmoll,4
diageo,4
digisf,3
dinemedina,5
dolce.vita.sf,2
doublestrain,4
downtown,5
downtownsantarosa,5
doyouknowgigi,2
dragonslayer665,3
dramandgrain,2
drinkporn,4
drinks,5
drinksinsf,3
drinkstagram,19
drinks🍹,5
eggcream,5
elijahcraigbarrelproof,3
embarcadero,2
envyinsf,5
erikadkins,8
espressothyself,4
evascocktailbar,6
fancydrinks,3
fathersdaybrunch,3
fatkidfitfoodie on I,3
fizz,6
foodheaven,3
foodie,3
foodiegram,3
fountain,3
fourroses,3
frenchearlgrey,3
freshmintinmydrink,3
fridaynightiscocktailnight,2
friedchicken,3
friends,3
friendsgiving,8
frozencocktail,3
giffards,4
ginsour,3
girlbossmoment,3
givemethewhiskey,3
goldrush,2
gratuitousbartending,4
halfandhalf,5
happy,4
happyhour,3
happypiggy,3
hardwater,30
hardwatermaitai,2
hardwatersf,11
heathashli,5
heavycream,6
hisandhers,5
homebar,8
homebartender,16
homemade,5
hungryinsf,3
hurricane,3
hw,2
ieatsf,3
imbibegram,8
instabook,4
instacoctail,4
instagood,4
itaewon,3
jackroseindc,2
jennifercolliau,4
jennypennyfredriksso,3
jesslynnha,3
jiggers,5
jimbeam,3
jimbeamusa,3
johnsnaturalcordial,3
kahlua,21
kentuckystraightbourbonwhiskey,5
kiev_wow,4
kievgirl,4
kievgram,4
knucklesamwick,1
laceandwhiskeyemilie,2
lift,4
liquor,5
longwalkonashortpier,3
maari55 on Instagram,2
madeleinesolorapp,1
mast3rkeef,3
metalstraw,4
mimosa,2
minneapolis,3
mint,3
mintjulep,3
missenvyxoxo,5
mixeddrinks,5
mixologist,14
mixology,26
mixologymonday,3
mixologymondays,3
myriedel,3
nationalbourbonday,3
neilabartender,4
neilapam,4
nodespapaya,3
nola,13
nolacoffeeliqueur,5
noloskitchen,6
nomnom,3
nooneputsbabyinthecorner,2
normalsupper,3
northloop,3
ojsimpson,3
oldforester,3
oldforester1897,3
oldforesterbourbon,4
oldwellerantique,8
omnomnom,3
onkelagicz,3
organic,5
orgeat,44
perfectnightcap,5
perfectserve,5
photoshoot,2
pineapple,3
poinsettia,2
politeasfuck,3
politeprovisions,3
pty,3
pwspirits,3
readyamykill,2
restaurant,5
riedel_norge,3
roc,3
rule37,2
sanfrancisco,19
santarosa,5
sarah.heatsky,3
saturdaynight,3
sethswizzles,3
sfeats,3
shake,4
shakeitlikeapolaroidpicture,4
shakennotstirred,4
sidvicious37,2
simpsioni,1
smallhandfoods,8
socialeateryandbar,6
soda,3
sodawater,10
southernbelle,5
speedrack,3
sponsored,5
squirrelfartsy,2
staffdrink,2
stgeorgedistillery,5
stgeorgespirits,8
strainers,5
strausorganiccream,1
stumptowncoffeeliqueur,1
summernights,3
summervibes,3
sundaycocktails,5
susandjones27 on Ins,5
swizzle,2
tastingthiscity,3
tasty,3
tatertots,3
tchoupltoulasstreetguzzle,2
thankfulforafamilythatdrinks,4
the_cool_cat_bar,3
theconsortionist,3
thedanishmixologist,6
thefiercechef,2
thefrench75,2
theweekendmixologist,13
treatyoself,5
tylerstwistedcocktai,5
viktorakos_slash_sel,3
weller107,5
wheresthewolf,3
whiskey,21
whiskeycocktail,3
whiskeygalore,3
whiskeygram,3
wildturkey,6
wildturkeyukraine,4
womenandwhiskies,6
woodfordreserve,5
woodinvillepartner,5
yummyinmytummy,3
zerospecbebop,5
бар,4
баркиев,4
барыкиев,4
бурбон,4
вечерпятницы,4
виски,4
коктейль,4
коктейль_бар,4
отдых,4
пятницавечер,4
꿀맛,3
낮술,3
맛스타그램,3
맛이쪙,3
먹스타그램,3
배불러,3
촵촵,3
