,RowSum
0,1
1,1
2,1
3,1
4,1
angostura,2
artisancocktail,1
artisancocktails,1
christmas,1
christmascocktail,1
christmascocktails,1
cocktail,2
cocktailfredag,1
cocktailhour,1
cocktails,3
cocktailsbyomsweet0m,1
cocktailtime,1
craft,1
craftcocktail,1
craftcocktails,1
craftedbyomsweet0m,1
cranberries,1
doublethepine,1
drickardlundberg,1
drink,2
drinkcraft,1
drinkcraftcocktails,1
drinks,1
fredagsdrink,1
fredagsdrinken,1
gin,3
gincocktail,1
holiday,1
jingleball,1
lemon,1
merrychrimmah,1
mixeddrink,1
mixeddrinks,1
muddledpine,5
mymadness,1
oldfashioned,1
omsweet0m,1
pinegarnish,1
pineinfusedvodka,1
pinespring,1
pinesyrup,2
pink,1
rachelmanek11,1
reciepe,1
respectcraft,1
respectthecraft,1
shakestrain,1
signaturecocktail,1
sipsmith,1
sipsmithgin,1
tikitbilisi,1
vodka,2
wintercocktail,1
worthsharing,1
yamar417,1
