,RowSum
0,1
1,1
2,1
3,1
4,1
5,1
6,1
7,1
8,1
9,1
10,1
11,1
12,1
13,1
14,1
15,1
16,1
17,1
18,1
19,1
20,1
21,1
22,1
23,1
24,1
25,1
26,1
27,1
28,1
29,1
30,1
31,1
32,1
33,1
34,1
35,1
36,1
37,1
38,1
39,1
40,1
41,1
42,1
43,1
44,1
45,1
46,1
47,1
48,1
49,1
50,1
51,1
52,1
53,1
54,1
55,1
56,1
57,1
58,1
59,1
60,1
61,1
62,1
63,1
64,1
65,1
66,1
67,1
68,1
69,1
70,1
71,1
72,1
73,1
74,1
75,1
76,1
77,1
78,1
79,1
80,1
81,1
82,1
83,1
84,1
85,1
86,1
87,1
88,1
89,1
90,1
91,1
92,1
93,1
94,1
95,1
96,1
97,1
98,1
99,1
100,1
101,1
102,1
103,1
104,1
105,1
106,1
107,1
108,1
109,1
110,1
111,1
112,1
113,1
114,1
115,1
116,1
117,1
118,1
119,1
120,1
121,1
122,1
123,1
124,1
125,1
126,1
127,1
128,1
129,1
130,1
131,1
132,1
133,1
134,1
12metreclass,4
12mr,4
12mrclass,4
40thseason,6
adrienneguide on Ins,2
alcohol,3
alfresco,4
aperithai,3
aperitivo,3
aperol,8
beach,4
benedict,4
bgs,3
bgs_boathouse,52
bgsboathouse,40
bgswherethelocalsgo,40
birthday,3
blacktiedinner,4
boathouse,5
boathouseathendrysbeach,4
boathousepunch,127
boats,4
breakfast,4
briottet,3
brisbane,4
brisbanefoodie,4
brisbanelife,4
brunch,8
bubbly,2
california,6
calilife,4
campania,3
cavadetirreni,3
celebrate,3
cheers,20
chilequiles,4
citrus,4
clamdinner,4
clinkclink,3
clubsoda,4
cocktail,17
cocktailfriday,4
cocktailoftheday,3
cocktails,10
coffee.and.dope on I,3
coffeeanddope,3
columbia,4
columbusday,3
contests,2
corinsbridaldinner,2
coworkers,2
crabcakebenedit,2
cranberryjuice,4
dailydeals,4
darknstormy,4
david.m.ho,4
deckdining,4
deckseason,3
deckweather,7
deletecookies,3
delicious,7
delish,4
dinner,4
djro333,4
dreamysunday,2
drink,6
drinksonthedeck,3
eatpraylove,4
enjoy,3
fallisintheair,3
famous,4
flamingo,3
flapper,2
food,4
foodblogger,4
foodie,12
foodies,4
foodphotography,4
foodporn,4
friedclams,28
friedseafood,29
friends,2
gigi_hamburg,4
gin,2
gincocktails,3
girlsnightin,3
hangrydiary,4
happyhour,31
heavenly,2
herreshoffmarinemuseum,4
heti12mr,4
hitthedecks,18
home,2
hunted,4
ibiang29,4
ilovemylife,2
induction,4
instafood,4
instagood,3
instagramers,4
instasarah03,2
iphonesia,4
italy,3
ithay_cava,3
itsnotthyjoyce,4
jazz,2
jazzagelawnparty,2
jin,4
jwrunning,3
kayaks,4
krys_chelle,2
lakechalet,6
lakemerritt,4
libation_report,2
lifestyle,3
liquor,4
lobster,10
lobsterroll,6
lobsterrolls,26
lobsters,6
local,3
locallove,4
love,4
lovethiscity,4
lovingaperol,3
lunch,4
lunchwithaview,4
luxury,3
marina,4
md,4
meal,4
memorialdayweekend2015,2
metime,4
milljame,3
mixedandmashed,2
mixology,6
mocktail,4
moviestars,4
nhchronicle,4
nutmeg,3
oakland,4
ocean,6
onionrings,18
openingday2015,2
phatmifer,2
photooftheday,4
pj__1201,4
portschamber,3
portsmouthnh,54
punch,8
punchdrink,4
riverquay,4
robbeberking,4
robbeberkingclassics,4
rose,3
rum,3
sagamorecreek,28
salerno,3
santabarbara,12
santabarbaraeats,4
santabarbarastonecrab,4
santabarbarauni,4
sb_boathouse,4
scallopsashimi,4
seacoasteats,4
seacoastfare,4
seacoasthappyhours,6
seacoastnh,53
seafood,20
sk,4
sk_the_foodie,4
southbank,4
springiscoming,18
springisintheair,4
staceyrey,3
stanfordgrill,4
steamers,22
sterlingsilver,4
stgermain,5
stgermaincocktails,2
summer,6
summernights,4
summerontheseacoast,11
summerparty,4
sundaybrunch,4
sunset,5
sweet,4
tanqueraygin,3
tasty,3
tbt,4
tgif,2
thailand,3
thailife,3
thegoodguide,8
thegoodlife,4
thejetty,4
thejettysouthbank,4
thelibationreport,2
thelocalhunter,4
thepit,2
throwback,4
tropical,3
tryitordiet,4
umbrella,4
uysandre,3
veroorn,4
visitqld,4
waterboozaganza,4
waterfrontdining,12
weloveflensburg,4
wherethelocalsgo,6
yachtingheritagecentre,4
yum,4
yummy,4
