,RowSum
0,1
1,1
2,1
3,1
4,1
5,1
6,1
7,1
8,1
9,1
10,1
11,1
12,1
13,1
14,1
15,1
16,1
17,1
18,1
19,1
20,1
21,1
22,1
23,1
24,1
25,1
26,1
27,1
28,1
29,1
30,1
31,1
32,1
33,1
34,1
35,1
36,1
37,1
38,1
39,1
40,1
41,1
42,1
43,1
44,1
45,1
46,1
47,1
48,1
49,1
50,1
51,1
52,1
53,1
54,1
55,1
56,1
57,1
58,1
59,1
60,1
61,1
62,1
63,1
64,1
65,1
66,1
67,1
68,1
69,1
70,1
71,1
72,1
73,1
74,1
75,1
76,1
77,1
78,1
79,1
80,1
81,1
82,1
83,1
84,1
85,1
86,1
87,1
88,1
89,1
90,1
91,1
92,1
93,1
94,1
95,1
96,1
97,1
98,1
99,1
100,1
101,1
102,1
103,1
104,1
105,1
106,1
107,1
108,1
109,1
110,1
111,1
112,1
113,1
114,1
115,1
116,1
117,1
118,1
119,1
120,1
121,1
122,1
123,1
124,1
125,1
126,1
127,1
128,1
129,1
130,1
131,1
132,1
133,1
134,1
135,1
136,1
137,1
138,1
139,1
140,1
141,1
142,1
143,1
144,1
145,1
146,1
147,1
148,1
149,1
150,1
151,1
152,1
153,1
154,1
155,1
156,1
157,1
158,1
159,1
160,1
161,1
162,1
163,1
164,1
165,1
166,1
167,1
168,1
169,1
170,1
171,1
172,1
173,1
174,1
175,1
176,1
177,1
178,1
179,1
180,1
181,1
182,1
183,1
184,1
185,1
186,1
187,1
188,1
189,1
190,1
191,1
192,1
193,1
194,1
195,1
196,1
197,1
198,1
199,1
200,1
201,1
202,1
203,1
204,1
205,1
206,1
207,1
208,1
209,1
210,1
211,1
212,1
213,1
214,1
215,1
216,1
217,1
218,1
219,1
220,1
221,1
222,1
223,1
224,1
225,1
226,1
227,1
228,1
229,1
230,1
231,1
232,1
233,1
234,1
235,1
236,1
237,1
238,1
239,1
240,1
241,1
242,1
243,1
244,1
245,1
246,1
247,1
248,1
249,1
250,1
251,1
252,1
253,1
254,1
255,1
256,1
257,1
258,1
259,1
260,1
261,1
262,1
263,1
264,1
265,1
266,1
267,1
268,1
269,1
270,1
271,1
272,1
273,1
274,1
275,1
276,1
277,1
278,1
279,1
280,1
281,1
282,1
283,1
284,1
285,1
286,1
287,1
288,1
289,1
290,1
291,1
292,1
293,1
294,1
295,1
296,1
297,1
298,1
299,1
300,1
301,1
302,1
303,1
304,1
305,1
306,1
100calories,4
808distillery,3
9kerület,4
ab,3
abgehn,8
aboutdrinksandbars,16
absolutevodka,3
adventure,4
adventuredog,4
adventureisoutthere,4
airport,8
alberta,7
alcohol,3
alcoholdistributor,1
alcoholpackaging,3
allnatural,3
alwaysspikedneversweetened,3
americanvodka,5
anatelliquorstore,3
arc,1
aritzia,8
aritziastyle,8
ascot,3
aussiespirits,6
australian,6
australianspirits,6
authorsofinstagram,1
ballern,8
bar,9
barbie5x5,3
barrelproofsf,6
bars,3
bartender,6
baystatewine,6
bcycledbottles,3
beachbody,3
beamncoke,3
beer,10
beerdedsnowman,1
beerstagram,3
beertography,3
berlinvodka,1
bestnewsever,4
bibliophile,1
bikini,3
billiesdrinksaretoolegit,3
birthdayfun,8
bite.sip.repeat,3
bkliquorwestbrook,3
blackout,7
blacktea,3
bliss,4
blossomdimsum,3
blossomdimsumandgrill,3
bluelobster,4
blushingboozy,8
blushingbubbly,8
boise,3
boobs,3
bookblogger,1
bookgram,1
bookish,1
booknerdigans,1
books,3
booksbooksbooks,1
booksharks,1
booksparks,1
bookstagram,1
bookstagrammer,1
bookworm,3
booneswineandspirits,7
boozy,8
boozybrunch,8
bordeaux_lip,3
bottleservice,3
bottleshop,6
bourbon,3
bourbonsmash,3
boys,8
boystown,3
branddesign,3
brews,11
brianknowshowtoshakeit,3
brooklyn,3
brunch,7
budapest,4
burgersandcocktails,3
butstilltheoriginalhoodreally,3
byefatwinterbod,4
bysseon,3
cadistillery,1
calgary,4
california,8
camillepagan,1
camperdowncellars,3
canadalife,3
cancocktail,3
cancocktails,3
canitakethemhomewithme,4
cannedcocktail,1
cannedcocktails,7
cannedvodkasoda,4
cansincoolplaces,4
canstogo,6
canteenspirits,11
capsliquor,2
caramel,1
caramellino,1
carbfree,3
carmens_wunderbare_w,1
catchup,3
champagne,3
cheers,9
chervonavodka,4
cheryl__duncan,3
chicago,3
chitown,3
cincoro,3
cincorotequila,3
clapham,3
cleandrinking,4
cleavage,3
clovercrossingliquorstore,2
clynnclc,3
cocktail,9
cocktailart,3
cocktailbar,3
cocktailgram,3
cocktailhour,9
cocktailinacan,1
cocktailoftheday,3
cocktailparty,3
cocktailporn,3
cocktails,27
cocktailsofinstagram,11
cocktails🍹,3
cocktailtime,3
cocofrio,4
coffee,4
coffeeliquor,4
coldbrewcoffee,4
coldcans,4
colddrink,4
coldies,7
collegefootball,5
collegegameday,5
colorado,3
containergardening,3
coolers,4
coolkids,3
cordeliascrew,3
cosmopolitancocktail,3
crackacoldone,3
crackone,4
craftbeerlove,4
craftbeerpei,4
craftcocktails,11
craftdistiller,1
craftspirits,1
craftvodka,1
crawling_pillar,4
cropvodka,6
cuban,8
dailyhivevan,3
dailyhiveyyc,3
dangerzone,3
datenight,1
daydrink,7
daydrunk,7
dcthings,3
deadbeat,3
delicious,3
delish,6
designagency,3
destiny,3
detox2retox,8
diehardfan,5
diehardfans,5
dienstagabend,1
diet.culture.rebel,8
dietculturerebel,8
disco,3
discoverpei,4
distilledbeverage,6
distilledspirits,1
distillery,6
djstring,3
dogsofinstagram,4
dolorespark,3
donpromillo_rs,8
dontdrinkanddrive,3
dontlitter,1
downeyca,3
downtownboise,3
downtowncharlottetown,4
downtownstc,4
downtownturnaround,3
drank,7
dresdenfiles,3
drink,16
drink.read.repeat,1
drinkcsx,3
drinking,3
drinkingpartner,6
drinkingwithbravo,4
drinklocal,20
drinkporn,3
drinkresponsibly,5
drinks,26
drinkstagram,3
drinkswithgirls,3
drinkswiththeboys,3
drinks🍹,3
drinkup,3
drunk,7
dtc,3
dumbenoughtonotcare,6
eachforequal,1
eaglecolorado,3
eatdrinkalberta,1
ebisuonrobson,3
edc,4
edinburghpark,3
energy,3
enjoylife,1
entertowin,2
espressomartinis,3
esquimalt,4
everybodyisdoingit,3
everythursday,3
exclusive,6
fancydrinks,4
fashion,11
fattuesday,2
favoriteteam,5
febvinylchallenge,3
finerycocktails,4
finerydrinks,8
fireball,7
fitchick,3
fitness,4
fitvibes,3
flames🔥,3
flavour,1
follow,8
foodie,3
foodiespeeps,3
foodography.nyc on I,3
foodstagram,3
footballculture,5
footballislife,5
footballlifestyle,5
footballseason,5
footballteams,5
footballtime,5
foursonsbrewing,10
foursonsdistilling,11
foursonsfamily,6
freedrinks,3
friday,3
fuckedup,7
fujifilm,1
fun,3
gameday,5
gamedayvodka,10
gardencocktails,3
gardening,3
gay,8
gaybar,6
gayboy,8
gaywater,8
getyoarsetoruckus,3
gin,1
ginandtonic,3
ginmule,7
gintasting,3
girlsnight,3
globalliquorogden,8
glutenfree,17
glutenfreelife,3
goingout,1
goodolddays,8
goodtimes,3
goodvibesonly,3
goteam,5
graphicdesign,3
grateful,4
greatnightout,3
greygoose,6
greygoosevodka,6
greygoosevodka🍸,3
grooves_and_booze,3
guiltypleasurerosè,3
gutsygirldiaries,6
halloffamer,3
hammered,7
hampshire,3
happy,15
happyhour,18
happyhumpday,3
happyjuice,7
hardseltzer,7
hardseltzers,1
hardtea,4
health,4
healthylifestyle,1
hellfirebluffdistill,3
hg.fitness_ on Insta,3
highnoon,3
hiking,4
hikingwithdogs,4
historicdowntownwilson,3
hollywood,8
hopheads,3
hotday,3
hotel,1
hotelblogger,1
hotgirlsummer,4
howmanyaretoomany,1
hubbyandwife,8
humpday,7
huntingtonbeach,7
iceman,3
idahome,3
idealprotein,4
idealtype,3
igbooks,1
igreads,1
ilovebooks,1
iloveflowers,3
ilovereading,1
ilovevinyl,3
ingredientsmatter,3
inspiration,3
instaboy,8
instagay,8
instagood,14
instavacation,5
instayum,3
introvert,1
italian,8
iwd2020,1
jacque_sufka,8
janetsbar,6
janetscrew,3
jenesisbustos,3
jeremycooksamazingfood,3
jimbutcher,3
jmg4204,3
jordan,3
jrgliquorstores,2
junecreekgin,3
justgonnasendit,7
justlike10yearsago,3
kahlua,4
kali_rising,3
kamikaze,8
kate.vblack,8
katehudson,3
kelowna,2
keto,11
ketomeals,4
ketoweightloss,4
khorvodka,3
kingstvodka,3
lakeunion,1
latinfest,4
lclub,8
leapday2020,6
leapyearspecial,6
leben,8
lemon,7
lemonmyrtle,3
lessthan1gsugar,4
lettheruckusbegin,3
lgbt,8
lgbtq,3
lib_dib,1
lifestyle,3
lifestylephotography,1
liftedlibations,8
likes4likes,3
likesforlikes,3
lime,10
limoncello,3
linder,4
linkinbio,1
liquor,6
liquor_depot,3
liquordepot,3
liquorstore,8
litenight,7
litenightofficial,14
littlerebellife,3
livingmybestlife,3
livingthedream,3
localcraftcocktails,6
localdistillery,5
localfavorite,1
localhangout,1
looks,8
losangeles,11
love,19
loveofallofthethings,3
loveyou,8
lowcal,3
lowcalorie,11
lowcaloriecocktails,8
lowcals,4
lowcarb,7
lowcarbdiet,4
lowcarblifestyle,4
lowsugar,4
lowsugardiet,4
lucky,4
ludicrouslime,3
luxury,3
luxurylifestyle,1
luxurytravel,1
madeinca,1
madeincanada,3
madeinnz,1
maitai,3
makeitadouble,3
mamashelter,8
mardigras,1
mardisgras,1
margarita,3
marikarossa,8
maroko_ni,4
martini,3
maverick,3
md2020,7
mdmazing,8
medicinehat,1
merchantalehouse,8
metime,3
midweek,3
mik,4
minneapolis,8
minneapolisblogger,8
minnesota,8
missionsf,3
mixdrink,1
mixeddrinks,8
mixology,10
mood,8
moscowmule,3
motivation,3
moviesoundtrack,3
mrhandsome,8
mudslide,4
mules,3
munich,1
musicalmondats,3
münchen,1
nachos,4
nationalkahluaday,4
natural,1
navinramaswaran,1
nba,3
negroni,3
neutraldecor,8
neutralstyle,8
neutralstyledhome,8
newfriends,3
newgaybar,3
newportbeach,3
newrelease,4
newwave,3
newwavemusic,3
newwavewednesday,3
nicecans,3
nightcap,3
nightout,8
nobaddays,3
nocarbs,6
nodietday,1
noisepei,4
nongmo,4
nongmovodka,3
norwalkca,3
nostraw,3
nosugar,4
notawhitecan,3
novascotia,4
nutrl,2
nutrlvodka,2
nutrlvodkasoda,2
nutrlzone,2
nyc,3
okanaganlife,2
oldenoughtoknowbetter,7
oldfriends,3
oldfriendsarethebestfriends,3
oldtriangle,8
omnomnom,3
onemore,3
onlyinogden,4
ontap,4
ontherocks,3
ordernow,3
organicvodka,3
orkisz,3
orkiszvodka,3
ournewhood,3
pannonuniversity,1
parkslope,3
party,11
partyhard,1
partytricks,3
pc,3
peach,3
perfectday,4
perfectmartini,6
petru_belibou,3
pgweightlossandwelln,4
phillys,3
photoseries,3
photostory,3
picoftheday,3
pizza,8
pizzabob,8
poland,4
polishgirl,1
polishvodka,1
polska,3
polska🇵🇱,3
poolvibes,3
popupgaybar,3
positivevibes,3
postwork,3
potatovodka,6
pourgatorium,4
preservativefree,3
princegeorgeweightlossandwellness,4
privateparty,1
prize,2
propserouspeach,3
pubday,1
purpusvodka,3
purpusvodkasoda,3
pyurvodkasoda,1
quote,3
reading,3
readytodrink,4
readytodrinkcocktails,4
rebel,3
recipe,3
refreshing,3
remixbeverages,4
repost,3
reservationsonly,1
rocksglass,3
rose,3
rosèallday,3
ruckusandredemption,3
rum,7
rumtasting,3
russianvodka,4
rádaystreet,4
sadjuice,7
salmonsashimilover,3
sanfrancisco,3
sangiego_,3
santacruz,1
sarasota,3
saturday,6
savethoseemptybottles,3
scharfesessen,8
seafood,3
selca,3
selfie,3
selstagram,3
seltzer,8
sendit,7
sf,3
sfbars,3
shanelmichelle,3
sheilaberkz,2
shitfaced,7
shopindependent,6
shoplocal,6
shopsmall,3
shorepointdist on In,3
shots,7
siberianexpress.vodk,4
sidetrack,3
skinnycocktails,8
slainte,3
smallbusiness,3
smallbusinessowner,3
smirnoffvodka,8
socal,6
soda,8
solingen,4
solingenknife,4
sono1420,3
soundtrack,3
soundtracks,3
southkensington,3
southside,7
southsidebeverage,3
southsidebeverageco,6
southslope,3
sparkle,3
speakeasy,1
spelt,3
spikedseltzer,4
spikedseltzers,1
spirits,4
sports,3
springiscoming,3
stayunsobered,3
storytime,3
stoutbodyout,4
strawberry,6
sugarfree,2
summerbod,4
sun,4
sunsetstrawberry,3
sunsout,3
superbrew,3
supportlocal,7
supportlocalbusiness,3
supportsmall,3
supportsmallbusiness,4
surfcity,6
sweaterweather,3
tailgateparty,5
tailgates,5
tailgateseason,5
tailgating,5
takeasiponthesouthside,3
takemybreathaway,3
tanneralvarez,8
tannerscaliforniaadventure,8
taste,3
tastethedifference,3
tbt,3
teamspirit,5
teamspirtit,5
tequila,6
tequilacocktails,3
tequilajalisco,3
tequilashots,6
tequilatequila,3
tequilathursday,3
tequilatuesday,3
terroirbart,3
thanksgivingkatestyle,3
theparkinglot_offici,3
theritz,3
thetigergin,3
thirstythursday,13
thiswontendwell,1
thursday,6
thursdaymotivation,6
titos,4
titosvodka,15
tonight,3
tonylives,3
toomanydrinks,8
topgun,3
topgunmovie,3
topknotbun,8
topshelf,3
topshelftits,3
topshelftitsandparty,3
tourfamily,3
tourlife,3
trulyflavordrop,3
trulytallboys,3
trulywildberry,3
tudorhouseliquorstor,4
tudorhouseliquorstore,4
tunfisch,8
turnt,7
unionmarket,3
uniquecocktails,1
unsobered,6
unsweetened,3
v1vodka,6
vacation,3
vancouver,3
vancouverdj,3
vancouverdrinks,3
vancouvereats,3
vancouverfood,3
vancouverfoodie,3
vancouverisawesome,3
vancouverlife,3
vandivani,1
vegan,1
vegas,3
vestalvodka,2
victoriabccanada,4
vinylcollectionpost,3
vinylisbetter,3
vinylisforever,3
vinyllover,3
vinyllovers,3
vinylporn,3
vinylpost,3
visithb,7
vodka,101
vodka14,3
vodkaaddictedclub,3
vodkaaustria,1
vodkabar,13
vodkaberlin,1
vodkacocktail,25
vodkacocktails,14
vodkacranberry,16
vodkadrink,6
vodkadrinks,34
vodkaenergy,3
vodkafordogpeople,11
vodkagram,3
vodkalemon,6
vodkalove,15
vodkalover,9
vodkalovers,27
vodkamariette,3
vodkamartini,25
vodkanight,7
vodkaoclock,1
vodkaontherocks,3
vodkaparty,4
vodkaplease,3
vodkapremium,3
vodkaredbull,4
vodkarevs,3
vodkas,14
vodkasauce,6
vodkashots,24
vodkasnob,3
vodkasoda,230
vodkasodaboys,4
vodkasodamagic,4
vodkasvarov,3
vodkatasting,10
vodkatime,21
vodkatonic,21
vodkatv,3
vodka🍸,5
vollgas,8
vollsuff,8
wanderlust,4
weekend,3
weekendvibes,6
wheresyoursouthside,3
whiskey,11
whisky,3
whiskylover,6
white_light_vodka,3
whitegirlwasted,4
whiterussian,4
whiterussians,4
wholesaledistribution,1
wizechoice,8
wizespirits,11
wodka,1
womensfiction,1
workhardplayharder,3
wódka,3
xcaramel,1
xcaramellino,1
xt30,1
xvodka,1
xvodkaaustria,2
xvodkamoments,1
xwater,1
yeg,3
ymm,3
yougottadrink,5
youngethels,3
yum,6
yummy,6
yyc,7
yycbeer,3
yycdrinks,3
yyclife,4
yycliving,4
yycnow,4
yycwine,3
yyj,4
yyjdrinks,4
zimsvodka,1
übelderrausch,8
공부스타그램,3
밴쿠버라이프,3
밴쿠버여행,3
밴쿠버여행지,3
밴쿠버유학생,3
블로썸딤섬,3
💋,3
