,RowSum
0,1
1,1
2,1
3,1
4,1
5,1
6,1
7,1
8,1
9,1
10,1
11,1
12,1
13,1
14,1
15,1
16,1
17,1
18,1
19,1
20,1
21,1
22,1
23,1
24,1
25,1
26,1
27,1
28,1
29,1
30,1
31,1
32,1
33,1
34,1
35,1
36,1
37,1
38,1
39,1
40,1
41,1
42,1
43,1
44,1
45,1
46,1
47,1
48,1
49,1
50,1
51,1
52,1
53,1
54,1
55,1
56,1
57,1
58,1
59,1
60,1
61,1
62,1
63,1
64,1
65,1
66,1
67,1
68,1
69,1
70,1
71,1
72,1
73,1
74,1
75,1
76,1
77,1
78,1
79,1
80,1
81,1
82,1
83,1
84,1
85,1
86,1
87,1
88,1
89,1
90,1
91,1
92,1
93,1
94,1
95,1
96,1
97,1
98,1
99,1
100,1
101,1
102,1
103,1
104,1
105,1
106,1
107,1
108,1
109,1
110,1
111,1
112,1
113,1
114,1
115,1
116,1
117,1
118,1
119,1
120,1
121,1
122,1
123,1
124,1
125,1
126,1
127,1
128,1
129,1
130,1
131,1
132,1
133,1
134,1
135,1
136,1
137,1
138,1
139,1
140,1
141,1
142,1
143,1
144,1
145,1
146,1
147,1
148,1
149,1
150,1
151,1
152,1
153,1
154,1
155,1
156,1
157,1
158,1
159,1
160,1
161,1
162,1
163,1
164,1
165,1
166,1
167,1
168,1
169,1
170,1
171,1
172,1
173,1
174,1
175,1
176,1
177,1
178,1
179,1
180,1
181,1
182,1
183,1
184,1
185,1
186,1
187,1
188,1
189,1
190,1
191,1
192,1
193,1
194,1
195,1
196,1
197,1
198,1
199,1
200,1
201,1
202,1
203,1
204,1
205,1
206,1
207,1
208,1
209,1
210,1
211,1
212,1
213,1
214,1
215,1
216,1
217,1
218,1
219,1
220,1
221,1
222,1
223,1
224,1
225,1
226,1
227,1
228,1
229,1
230,1
231,1
232,1
233,1
234,1
235,1
236,1
237,1
238,1
239,1
240,1
241,1
242,1
243,1
244,1
245,1
246,1
247,1
248,1
249,1
250,1
251,1
252,1
253,1
254,1
255,1
256,1
257,1
258,1
259,1
260,1
261,1
262,1
263,1
264,1
265,1
266,1
267,1
268,1
269,1
270,1
271,1
272,1
273,1
274,1
275,1
276,1
277,1
278,1
279,1
280,1
281,1
282,1
283,1
284,1
285,1
286,1
287,1
288,1
289,1
290,1
291,1
292,1
293,1
294,1
295,1
296,1
297,1
298,1
299,1
300,1
301,1
302,1
303,1
304,1
305,1
306,1
307,1
308,1
309,1
310,1
311,1
312,1
313,1
314,1
315,1
316,1
317,1
318,1
319,1
320,1
321,1
322,1
323,1
324,1
325,1
326,1
327,1
328,1
329,1
330,1
331,1
332,1
333,1
334,1
335,1
336,1
337,1
338,1
339,1
340,1
341,1
342,1
343,1
344,1
345,1
346,1
347,1
348,1
349,1
350,1
351,1
352,1
353,1
354,1
355,1
356,1
357,1
358,1
359,1
360,1
361,1
362,1
363,1
007,13
125anos,24
3fachmama,9
__renate__,3
_simone.official,3
a10center,4
abend,3
abendessen,21
abends,4
abnehmen,3
abwndessen,1
adopt,21
aelgtoer,3
aga.czyta.wszedzie,3
ahleworscht,4
ahlewurscht,4
ahlewurschtontour,4
akreli,3
alicecph,4
allarmismo,3
alles,3
allswellthatendswell,3
altstadt,4
amazing,6
amazinggrace,3
anappleaday,4
anappleadaykeepsthedoctoraway,4
andreasmalessa,3
anita_sapkotaa on In,3
annalya02w,1
apfel,4
apple,4
aquietstyle,9
arab,4
art,24
artclassified,9
artgalleryreview,14
artistsoninstagram,3
artururbanowicz,3
artwork,3
aschermittwoch,3
ashwednesday,3
astonmartin,1
atelier,3
atlanticcity,3
atlanticcityboatshow,3
au,21
ausklingen,3
ausliebezumberuf,3
ausliebezumhandwerk,3
auszeit,4
automobile,3
autor,3
auxiliaryfurniture,3
aviationcocktail,3
aviron,12
backblog,4
backen,20
backenistliebe,7
backenmachtglücklich,13
backliebe,3
backrezepte,4
backstube,3
baddürrheim,3
badischeküche,6
baking,3
balazsdobrosi,3
bar,6
barlife,3
barmaid,3
bartender,16
bartenders,7
bartendersofinstagram,3
bartenderstyle,3
bat,21
bauernbrot,3
beautiful,3
beefeater,3
beginn,4
behinderung,3
bekasi,3
beoutdoor.de,3
besteprodukte,3
bestfoodfeed,4
bestfoodseattle,4
bewegung,3
biblequote,3
biblequotes,3
biblioteka,4
bienenwachstücher,3
biggothmomma,6
bijou,3
bio,4
biomarkt,4
black,9
blackbook,3
blackforest,3
blatty,3
blazer,3
blechkuchen,3
boating,3
bond,12
bond25,1
bondgirl,9
bondgirls,9
bondgirlsareforever,9
bookblogging,3
bookholic,3
booklover,3
booklovers,3
bookmorning,3
bookreviews,3
bookshelf,6
bookstagram,6
bookstagrampl,3
bookworms,3
booze,7
botafogo,24
botafogo_regatas,24
brandteig,4
bratling,4
bread,1
broken,1
brot,11
brotbacken,4
brotbeutelgewachst,3
brotbox,9
brotboxideen,9
brotliebe,4
brotrezept,4
brotzeit,29
brunch,4
brötchenbacken,9
brötchenrezept,9
buchauhütte,3
buffet,4
buntestreusel,3
butcher,3
butchersofinstagram,3
butterkuchen,3
bömischeküche,3
bønn,6
cabochonhotel,3
cafe,3
cafeherzstück,3
cake,6
cakeblogger,4
campeaodesde1899,3
campeãoem3seculos,3
candycolorsuperheroe,1
carbonstahlmesser,3
cargas,4
cargasexpressas,4
casinoroyale,9
casinoroyale007,9
catalogogeneral,3
catering,3
catslove,3
catsofinstagram,3
cavershamemporium,3
ceneri,3
cheers,4
cheerstotheweekend,4
cheese,4
chicabond,9
chicabond007,9
chicken,3
chuaspuyer,3
citycasual,3
clasico,3
closedspecies,21
clubderegatas,15
cocktail,12
cocktailbar,10
cocktailmaker,3
cocktailoftheday,3
cocktailphoto,3
cocktailphotography,3
cocktails,7
cocktailtime,7
coctel,3
coffeeshop,3
commercial,9
consortiumvocale,3
constructorgroup,2
contergan,3
cooking,4
coronavírus,3
cortexvhf,3
craftcocktail,10
craftcocktails,10
craftedcocktails,3
creepycuteart,1
crona,3
cthulhu,1
cuteandcreepy,1
cxytambolubie,3
cxytaniejestsexy,3
czytajmy,3
czytambolubie,3
czytamwszędzie,3
czytaniejestsexy,3
czytanietopasja,3
czytanieuzależnia,3
czytelnik,3
dabei,3
danielcraig,10
danielcraig007,1
darkstyle,1
daystoremember,9
decor,3
deftig,4
dekorativ,3
delabergere,9
deletro,6
delicatessen,4
delicious,11
dermetzgermeinesvertrauens,3
desenzano,3
design,3
designinspiration,3
dessertporn,3
digitalart,21
digitalartist,21
digitalekirche,3
dimas_ndhl,3
diningroom,3
diningroomdecor,3
diningtable,3
dinner,1
discoverandescape,9
dishedseattle,4
disney,9
doac,3
doglover,3
dogsofinstagram,3
dornbirn,1
dragons,21
dreamermagazine,9
dress,9
drink,6
drinklab,3
drinkphotography,3
drinks,7
drinksmag,7
drinkup,7
drjekyll,4
drmoos_meals,3
drymartini,3
dukesbarlondon,6
dumbo,9
easycooking,1
eat,3
eatclean,3
eaterseattle,4
eatfresh,3
eating,3
eattheball,1
eatthekorn,1
ebermann.gastronomie,3
edeka,3
edekahoeschele,6
edmonds,4
edmondsdowntown,4
effortlesslychic,3
egypt,4
egzorcysta,3
eier,3
einfachbacken,4
einfacherezepte,12
einfachlecker,4
einkaufen,4
elegant,3
elledecor,3
elternblog,9
empress1908gin,9
empressgin,9
empressginuary,9
england,1
erfolg,3
essen,16
essenfürdiefamilie,9
essenistliebe,4
essenmachtglücklich,4
essenmitfreunden,3
esstmehrobst,4
estadualderemorj,12
estreladalva,18
estrelasolitaria,21
evagreen,9
evagreenfans,9
eveningeating,3
eveningofstars,3
eveningstar,3
exotic,4
extraklasse,3
f52gram,4
fairmonthotel,1
fairmontmoscow,1
familie_nachhaltigke,9
familienunternehmen,3
fashionmodel,3
fasnet,3
fastenzeit,3
fdprn,3
fearless,3
featuremeartt,21
feierabend,3
feingefühl,3
feinkost,4
fenchelsalami,3
fest,3
fff,3
fitfood,7
fleischlos,4
flowers,21
flyingfox,4
follow,3
follow4follow,3
followforfollow,3
followforlike,3
followme,7
food,22
foodandmore48,1
foodblogger,11
foodblogger_de,4
foodfotografie,4
foodinspo,3
foodlove,4
foodlover,8
foodmaster,4
foodphotography,7
foodpic,5
foodporn,14
foodshot,4
foodstagram,7
foodstyling,3
forestanera,3
fox,21
france,1
france🇫🇷,1
freedom,9
french,1
frischgebacken,4
fruit,4
fruits,4
frühstück,13
fungsiitangan,6
furry,21
furryoc,21
fürdieregion,3
galeziste,3
gasthaus,3
gastronomie,3
gebutstag,3
geist,3
gemeinschaft,3
gemüse,7
gemüseliebe,4
gemütlich,3
gemütlicherabend,9
generalcatalogue,3
genesis,3
genesis3,3
genesis319,3
genießen,10
germanlife,3
germanshepherd,3
geschenkideen,3
gesiepioroo,3
gesundeernährung,4
gesundeküche,4
gesundesessenfürkinder,9
gewachstebaumwolle,3
ghostart,1
giada_de_vita,27
gin,7
ginmartini,3
giveawayiphone,3
givemered,3
glas,3
gloomandglow,9
gold,3
goldenhour,3
goldsunset,3
gondrong,3
gondrongindonesia,3
goodfood,3
goodmorning,4
goth,1
gothaesthetic,1
gothbeauty,1
gothgoth,1
gothhome,1
gothhomedecor,1
gothhomedecorating,1
gothic,1
gothicdecor,1
gothichome,1
gothspo,1
graphicdesign,9
groza,4
grubbinseattle,4
gsd,3
guest,3
gunner_maverick,3
guteküche,6
gutelaune,4
gutessen,6
gutgehenlassen,4
gymmotivation,9
halloween,1
handgemacht,4
happyhour,7
happysancal,3
happysunday,9
haussalami,3
healthyfood,14
hefekuchen,3
heineken,1
herrenberg,3
herzlicheeinladung,3
herzstueck_weingarte,3
herzstueckweingarten,3
herzstück,3
hesperus,3
hessen,4
hfgfoodlover,1
highcat,3
hike,3
hikers,3
hiking,3
hirschschinken,3
historia,4
hobbybäckerin,4
hofheim,4
holz,3
holzart,3
holzart_71101,3
homeandgarden,3
homedecor,3
homemade,4
homepage,4
hornblaeser,3
horror,8
horrorillustration,1
hrspiva,3
human,21
hunger,3
hyattsantaclara,3
igersgermany,9
iginfluencersunite,9
illustration,21
ilustraciondigital,3
ilustrasi,3
ilustrasigambar,3
ilustrasiwajahmurah,3
ilustrations,3
imbibe,7
impulse,3
individuell,3
indonesia,3
instabook,3
instadrink,3
instaegypt,4
instafood,7
instagram,7
instagramartists,21
instamagazine,9
instamama,9
instareading,3
instaverbindet,9
interiordecor,3
interiordesign,3
interiordesignideas,3
interiorstyling,3
interiortrends,3
ionnavautrin,3
iphone,3
iphonephoto,3
ist,3
italienischeküche,3
itsanedmondskindofday,4
jacqueline.bkk,4
jagd,3
jagdbrett,3
jakarta,3
jamesbond,19
jamesbond007,10
jamesbondclassified,1
japaneseaesthetic,1
japifilmes,3
jause,4
jcalebfaw,3
jesusdädwandra,3
jizoucangzhong,1
jmmolanoc,3
journalist,3
jundiai,3
jundiaicity,3
jundiaisp,3
jungsmama,9
justwine,4
kaffee,3
kaffezeit,3
kaltesbuffet,6
karin.vegan,4
karlsruhe,3
karlsruhefood,3
karlsruhefoodguide,3
kasper_head,4
kawaiiaesthetic,1
kawaiipastel,1
kids,4
kinder,4
kindergartenbrotdose,9
kirschkuchen,3
kita,4
klbekden5,1
klimat,4
kljb,3
kljbrottenburgstuttg,3
kljbrottenburgstuttgart,3
kochamczytac,3
kochenmitliebe,6
kochenwiebeimutti,6
konrad_mozdzen_autor,4
kreativ,4
krissis_little_world,3
kryminał,4
książka,4
książkoholizm,3
książkowelove,3
kuchen,3
kuchenrezept,3
kulinarisch,4
kungfu_hotdog,3
kuppingen,3
käse,5
kårenordstoga,6
küchenliebe,3
ladeboralorenzi,3
lago,3
lagodigarda,3
lake,3
landbrot,4
lasssen,3
laufen,3
le.culinaire,3
leaseydoux,1
lebenmitkindern,9
lebewehr,4
lebewehrbiomarkt,4
lecker,24
leckeressen,7
leckerschmecker,4
legend,4
lemberger,3
lemeravigliedelcreato,3
lensbible,9
lensculture,9
lent,3
librettist,3
liebe,9
lifestyle,3
lifestylephotography,3
lifestyles,3
lifewhitkids,9
like4like,3
likeforlikes,3
lineartwork,3
linework,3
liqpic,7
liquor,8
liquorice,3
literatura,4
littlebirdiegarnish,3
livefree,9
livingroomdecor,3
livingroomdesign,3
lockheedmartin,3
loftstyle,3
logofashion,3
logística,4
london,28
londonbar,3
londonblogger,3
londonbylondoners,3
londoncity,3
londoncitylife,3
londondrinking,3
londondrinks,3
londongentleman,3
londyn,4
lorch,3
louis,4
love,3
lovecraftian,1
loveedmonds,4
loveit,4
lovers,3
lowcarb,3
lunch,4
lunchbox,9
lunchtime,6
lynd,9
ländle,1
lаstsundауtillnеwуеаr,9
m0es1,3
maalina2210 on Insta,3
madeingermany,3
mademoiselle_gilmore,3
maennervesper,3
maged_motaz_elsaied,4
malerfachbetrieb_sam,3
mama,13
mamaalltag,9
mamablogger,4
mamamitherzundkochlo,3
man,3
mannsein,3
maraschino,3
martini,17
martinluitjens,3
martinlutherkingmusical,3
mati.suko,4
matisuko,8
mayfair,3
maßgeschneidert,3
meeresfrüchte,4
meinemetzgerei,3
meinort,3
meinortweingarten,3
mellaliebtdasleben,4
mengen,3
mensfashion,1
mensstyle,1
mepal,3
mesinkanan,3
metzgerei,3
metzgereibosch,6
mezcal,3
minimalistics,9
mitliebegebacken,4
mittagessen,3
mittagessenkarlsruhe,3
mittagessenweingartenbaden,3
mittagstisch,6
mixologist,10
mixology,10
mlp,21
mlpalleyartistgallery,14
mlpart,14
mlpartist,14
mlpgalleryartistsalley,21
model,9
momlife,9
momof3,9
mood,9
motortua,3
motortuaindonesia,3
mrhyde,4
mrok,4
muenchenblogger,9
music,3
myfabfive,4
mylittlepony,14
mzbonniehyde,4
männer,3
männerhabensnichtleicht,3
männersindeinfach,3
männervesper,3
müsli,3
nachdemtraining,3
nakedandfamous,3
nakedeyeastronomy,3
natur,3
nature,3
natureboy,3
naturelovers,3
naturephotography,3
naturesbeauty,3
neerajmonani,3
negroni,10
neu,3
newaccount,4
nickandnora,3
nicoles_backstube,4
nientealcaso,3
nightout,3
nightwalkermagazine,9
nin,1
nineinchnails,1
notimetodie,1
nowela,4
nutzen,3
obst,7
obstkorb,4
obstteller,4
occultfashion,1
olavobilac,12
oldfashioned,6
omega,1
onion,3
oradoro,3
originalcharacter,14
oslo,6
oslodomkirke,9
ostergeschenk,3
ostern,3
outfits,3
pannonhalma,3
pannonhalmaarchabbey,3
paralympics,3
parepare,3
partyservice,3
pastel,21
pastelgoth,21
pastelkei,1
patty,4
pflanzlicheernährung,4
photo,27
photography,6
photooftheday,10
pikant,4
pink,9
pion,3
pipistrellus,4
pipistrelluskuhlii,4
planetvenus,3
plantbased,4
plastikfrei,3
pnw,3
pnwhikers,3
pnwhikes,3
pnwhiking,3
pnwonderland,3
polishbookstagram,3
porsche,3
pose,3
postworkoutmeal,3
praktisch,3
probierengehtüberstudieren,4
probierenlohntsich,3
producaodevideo,3
productdesign,3
productinspiration,3
puppy,3
purrball,3
purryfriend,3
quarantena,3
quaresima,3
rafagarcia,3
real,4
recenzjaksiazki,3
recklinghausen,4
red,24
reddevils,3
redkenobsessed,3
rednblack,3
reeseart,3
regatas,3
regenzeit,4
regional,6
repost,3
restless,9
rezept,3
rezeptidee,3
rhein,3
rheinlandpfalz,3
riesling,3
roastbeef,3
robert,4
robertlouisstevenson,4
rotwein,3
rowing,3
roxorgin,6
roxstar,3
rum,7
rustynail,3
sailing,3
saltandiron,4
salvadordali,3
sancal,6
sancalblackbook,3
saopaulo,3
saraparkman,4
sauerteig,4
sausage,9
sausagesalat,3
schinken,14
schmeckt,3
schneidebrett,3
schneiden,3
schnellerezepte,4
schnitzel,4
schokoglasur,3
scholasthallvard,6
schwarzwaelder_kochb,6
schwarzwald,3
schwarzwaldfotografie,3
schwarzwälderschinken,3
schweinebauch,3
schwäbischerwurstsalat,6
schwätza,3
scooter,6
scootergram,3
scootering,3
scooterlife,3
searchwandercollect,9
seattlefood,4
seattlefoodlove,4
seattlerestaurantspaces,4
sebastianherkner,3
seele,3
seeyououtthere,9
sein,3
seketsa,3
seketsakartun,3
seketsawajah,3
selbstgebacken,7
selbstgemacht,7
selbstgemachtschmecktambesten,9
semiclosedspecies,14
seni,3
sepia.hiro,4
shakennotstirred,4
shooting,9
shotoniphone,3
shukra,3
sidoarjo,3
simple,3
simpleandpure,9
sindelfingen,4
sindelfingenischmeiheimat,4
sinne,3
sirihouse,7
sirmione,3
skyfall,1
slavabooze,3
smartais,3
snack,9
snow,21
soeinfachgehts,4
sofa,3
soho,4
soleillevant,3
solemarbaddürrheim,3
sommelier,7
sonntagabend,9
sony,4
soschönistbaden,3
soy.madrigal,3
sp,3
speck,3
spessartbrett,6
spezialitäten,4
spooky,1
sportfishing,3
sportswear,9
spritz,7
stadtmission,3
stadtmission_mengen,3
stefanie.duttlinger,9
stevenson,4
stroberi.babbie,11
study,3
studygram,3
style,9
sundayevening,9
sunset,3
sv_lorch_waldhausen,3
sweet,3
sweettooth,3
südtirol,4
südtirolerküche,3
tajemnica,4
takeahike,9
tanner_carden,1
tasty,7
tastyfood,3
tea,3
teaandcake,3
tee,6
tequila,7
terrine,4
theatelier,3
thebakefeed,3
thedownwardspiral,1
theeveningstar,3
thefragile,1
theologe,3
thermomix,7
thermomixliebe,4
thermomixrezept,3
theslip,1
thespiritstemptress ,4
thinkveryl,9
thirsty,7
thriller,4
tiki,3
timeout,3
top5,1
top5songs,1
topspot,3
tramonti,3
tramontitaliani,3
tramonto,3
transporte,4
transporteaéreo,4
transportedecarga,4
transporterodoviário,4
traumhaft,3
traveller,3
travellersmap,9
trentreznor,1
trüffelsalami,3
two,3
twowheeler,3
university,3
urban,3
vdiw,4
vegan,4
veganfood,4
veganinspiration,4
vegankochen,4
veganwoman,4
veggie,4
venturewithsky,3
venus,21
verenas_mamablog,9
vermouth,7
vespa,12
vespaclub,3
vespaclubditalia,3
vespagram,12
vespagrils,3
vespaindia,3
vespaindonesia,6
vespakampoeng,3
vespalovers,3
vespastyle,3
vespaworld,6
vespa🇮🇹,3
vesper,324
vesper.keet,3
vesper.shinshiro,3
vesper_drinklab,3
vesperbondgirl_007,9
vesperbox,13
vesperbrett,3
vespercargas,4
vesperlynd,9
vespermarine,3
vespermartini,3
vesperogue,3
vesperpeak,3
vesperpeakbaby,3
vesperpeaktrail,3
vhfreimagined,3
vialactea,12
video,3
videoinstitucional,3
vimercate,3
vino,3
vinoditalia.weindepo,4
visitbritain,3
visualsoflife,9
vodka,7
vodkamartini,3
vogueliving,3
vorarlberg,1
vortrag,3
vscocommunity,9
w.literatkach,3
wachslappe.de,4
wanderluster,9
wartoczytac,3
wattekuchen,3
weimaraner,3
wein,7
weindepot,4
weingartenbaden,3
welcome,3
welltravelled,9
werbung,10
werbungwegenmarkennennung,4
wheeler,3
whiskey,7
whisky,6
wiederschreinerkannskeiner,3
wild,4
wild_bar_o2,1
wildau,4
wildernessculture,9
wildsoul,9
williamsonoma,3
windbeutel,4
winesbestfriend,4
winestagram,4
wirliebenunserenjob,3
witch,1
witchythings,1
wochenende,13
wow,3
wurst,10
wurstsalat,6
wurstsalatartdeshauses,6
wurstsalatgehtimmer,6
wurstsalatliebe,6
wydawnictwo,4
wydawnictwovesper,7
xeniakriisin,4
xixwiek,4
yachting,3
yamikawaii,1
yelpseattle,4
yummie,3
yummy,9
zauberkessel,4
zawszeczytamy,3
zuhauseerleben,3
âśźmnbgn,1
österreichischeküche,3
генеральныйподрядчик,1
генподряд,1
гостиничныйкомплекс,1
конструкторгрупп,1
монолит,1
монолитныеработы,1
москва,1
новыйдом,1
современныездания,1
строительнаякомпания,1
строительствомосква,1
тверская,1
افتراس,4
انستقرام,4
انيستا,4
تصويري,4
خفاش,4
دمياط,4
راس_البر,4
صباح_الخير,4
عرب,4
فوتو,4
فولومي,4
مصر,4
وطواط,4
かわいい,4
アシスタント募集中,4
グレージュ,4
スタッフ募集中,4
ベスパー,3
ボブ,4
山梨求人,4
山梨美容室,4
新城,3
新城駅前,3
甲府求人,4
甲府美容室,4
立ち飲み,3
美容室求人,4
