,RowSum
0,1
1,1
2,1
3,1
4,1
5,1
6,1
7,1
8,1
9,1
10,1
11,1
12,1
13,1
14,1
15,1
16,1
17,1
18,1
19,1
20,1
21,1
22,1
23,1
24,1
25,1
26,1
27,1
28,1
29,1
30,1
31,1
32,1
33,1
34,1
35,1
36,1
37,1
38,1
39,1
40,1
41,1
42,1
43,1
44,1
45,1
46,1
47,1
48,1
49,1
50,1
51,1
52,1
53,1
54,1
55,1
56,1
57,1
58,1
59,1
60,1
61,1
62,1
63,1
64,1
65,1
66,1
67,1
68,1
69,1
70,1
71,1
72,1
73,1
74,1
75,1
76,1
77,1
78,1
79,1
80,1
aidasizova on Instag,3
anna.burkat,2
antidepresivni.rybic,2
artofthedaysac,3
bazaar,3
bosięnieda,2
btww100g27kcal,2
cakeofinstagram,47
cakes,47
chefstagram,47
chefwilliam,47
comidacaseira,6
cozinhacriativa,6
createcreatecreate,3
cupcakeoftheday,47
cupcakery,47
cupcakes,47
davisons_journey,4
debora_camarg_silva,6
delights,47
dessert,47
dessertpic,47
donieznudzenia,2
dyniadyniadyniadynia🍊,2
eastsac,3
eucozinho,3
fall,5
falldesserts,3
fall🍁,2
frio,3
gourmet,47
gourmetcupcakes,47
halloweencostumes,2
happyhalloween,4
happythanksgivng,3
holidaybazaar,3
iloveandis,2
itakprzeznajbliższedwamiesiące,2
kbieszke,2
kingsmillsliqu1,3
kingsmillsliquor,3
le.irony,2
letspumpkin,76
littlepumpkin,2
maripooh1,2
midtownsacramento,3
myfirsthalloween,2
ohlq,3
ohmygourd,3
ourbabygirl,2
ourfirsthalloween,2
ourgirlstogether,2
pasteleriaartesanal,47
pasteleriacreativa,47
pastry,47
pastrychef,47
pastrygram,3
pastryshop,3
photooftheday,47
popupshop,9
postres,47
powertopumpkin,2
projectmimosa,6
pumpkin,8
pumpkincarving,3
pumpkinisback,2
pumpkinlifestyle,2
pumpkinpie,3
pumpkinseason,12
pumpkinsoup,2
pumpkinsouplove,2
pumpkinspice,17
pumpkintart,3
quenemurso,3
ririwithus,2
sacramento,3
serio,2
shoplocal,9
showyourwork,3
silvia_krpelanova,3
sopa,3
soup,3
succulentpumpkin,3
sweets,47
taktaktoznaczyżeprzyszłajesień,2
thanksgiving,23
tonightisthenight,2
tranquilosnotodoescalabaza,3
trickortreat,2
unboxing,3
westelm,3
will.cakes,49
willandcakes,47
yaaeh,2
