,RowSum
0,1
1,1
2,1
3,1
4,1
5,1
6,1
7,1
8,1
9,1
10,1
11,1
12,1
13,1
14,1
15,1
16,1
17,1
18,1
19,1
20,1
21,1
22,1
23,1
24,1
25,1
26,1
27,1
28,1
29,1
30,1
31,1
32,1
33,1
34,1
35,1
36,1
37,1
38,1
39,1
40,1
41,1
42,1
43,1
44,1
45,1
46,1
47,1
48,1
49,1
50,1
51,1
52,1
53,1
54,1
55,1
56,1
57,1
58,1
59,1
60,1
61,1
62,1
63,1
64,1
65,1
66,1
67,1
68,1
69,1
70,1
71,1
72,1
73,1
74,1
75,1
76,1
77,1
78,1
79,1
80,1
81,1
82,1
83,1
84,1
85,1
86,1
87,1
88,1
89,1
90,1
91,1
92,1
93,1
94,1
95,1
96,1
97,1
98,1
99,1
100,1
101,1
102,1
103,1
104,1
105,1
106,1
107,1
108,1
109,1
110,1
111,1
112,1
113,1
114,1
115,1
116,1
117,1
118,1
119,1
120,1
121,1
122,1
123,1
124,1
125,1
126,1
127,1
128,1
129,1
130,1
131,1
132,1
133,1
134,1
135,1
136,1
137,1
138,1
139,1
140,1
141,1
142,1
143,1
144,1
145,1
146,1
147,1
148,1
149,1
150,1
151,1
152,1
153,1
154,1
155,1
156,1
157,1
158,1
159,1
160,1
161,1
162,1
163,1
164,1
165,1
166,1
167,1
168,1
169,1
170,1
171,1
172,1
173,1
174,1
175,1
176,1
177,1
178,1
179,1
180,1
181,1
182,1
183,1
1nstagramtags,6
2másporfavor,3
72_krolyn_75,8
_safir_m,4
absolutlime,3
albertschlossmanchester,3
albertsschloss,3
almonds,3
americanbar,5
anchoreyes,3
anice,3
antwerp,4
ap,3
aperitivo,3
aperol,3
artichoke,3
athomebar,3
atmosfera,4
audemarspiguet,3
available,2
ayden,5
aydenkitchenbar,5
bacardiau,4
bacardilegacy,4
bacardioakhart,3
backwardsdistilling,3
backwardsdistillingc,3
bar,18
bar_bieri,5
barhopping,5
barlife,6
barrelaged,2
bartender,4
bartending,4
barzar,4
basne,4
beer,6
beers,6
beforechristmasdinner,4
bestcocktails,3
bestfriend,5
beverageacademy1617,3
bff,5
bistrot,5
black,2
bologna,5
boston,2
brilliant,3
brizaface,1
brookfieldplace,4
brownliquor,3
buffalotrace,3
buonasera,4
bustoff,3
cafehyggepu,8
camitay315,3
campari,8
can,6
cannella,6
carmensaid,5
catibasmati,5
cena,3
chakra,2
chanel,3
charliesbarcornwall,9
checkitout,2
chinkanacantineros,3
chisinau,6
christmas,14
christmascocktail,3
christmasdrinks,3
christmasiscoming,9
christmasmood,3
ciaratrainor92,3
cinnamom,3
cinnamon,3
claphampingu,3
clases,3
clementine,3
cocktail,66
cocktailart,4
cocktailcompeition,3
cocktailcraft,4
cocktailfredag,3
cocktailgram,4
cocktailhour,4
cocktailoftheday,3
cocktailoftheweek,6
cocktailovers,5
cocktailporn,2
cocktails,52
cocktailseverywhere,3
cocktailshk,4
cocktailsparty,5
cocktailtime,4
cocochanel,3
coctail,3
collection,3
comejoinus,3
cornwall,3
cosmopolita,3
craft,5
craftcocktail,4
craftcocktails,8
crafty,2
crochetflowers,3
culture,3
daiquiri,62
daiquiricocktail,5
daiquiritimeout,2
daquiri,3
darkrum,3
dateelgusto,3
decooff,3
delicious,5
deliciousfood,5
demerarasyrup,3
demonandwise,5
desco,3
dinner,3
djanny313,2
donq,3
drickardlundberg,3
drink,17
drinkcraft,4
drinkidea,2
drinklovers,5
drinkoftheday,4
drinks,26
drinkstagram,5
drinktube,2
drinkup,10
dto,2
eatlocal,5
ellokodelbarrioenmontreal,3
enen2424,3
ethical,5
ethicallymade,5
etucistaipensando,3
everythingmom,2
fairtrade,5
farmgastrobar,6
flairfactorcantineros,3
fleetstreet,3
florio,3
follow,6
followme,6
fong.manman,4
food,5
fourghetti,5
fourghettibologna,5
france,3
fredagsdrink,3
fredagsdrinken,3
fredericyarm,2
fresherisbetter,2
freshjuice,2
fridaynight,2
fromscratch,2
fuigopdo,3
fun,2
fusillionisepia,4
genova,3
gingerapple,3
giuseppevitali,3
glass,6
gliaccademici,3
gold,3
goodbooze,3
goodevening,4
greatest,3
h2oceanrestaurant,6
handcrushedice,2
hanuldrumetilor,4
happyholidays,3
happyhour,5
happytime,5
hator75,3
havanaclub,3
havanatree,3
heatwave425,3
hemingway,4
hemingwaydaiquiri,8
hibiscuslavender,2
highlyrecommended,5
hipsterbartender,2
hkcocktails,4
homebartender,5
homebartending,8
hotelbar,5
hotelritz,3
humpday,4
hygge,4
ice,4
ilovemyjob,2
imbibe,5
instacocktails,3
instadrink,3
instadrinks,2
instafun,2
instagood,6
instagoodness,2
instagramers,2
instalcool,3
instaparis,5
instapic,2
inthespiritofrum,5
introducing,2
inverno,3
islandmood,5
jaistdennheutschonweihnachten,5
jamie,3
jeanvasquez7746,3
jorichboy,3
katch_id,3
kentucky,4
kentuckyrum,4
kindredfare,5
knkampmark,5
krakow,4
ladiesnight,3
legacy,4
lemonjuice,3
leritzcestparis,8
lesaintmoose🍺🍺,3
lexington,4
lime,3
lime_restaurantbar,3
limerestaurant,3
limerestaurantbar,3
limeroma,3
liqpic,5
liquidmath on Instag,5
liquor,15
loadsoflemons,4
local,5
locallysourced,5
localsmd,3
loungers,3
love,2
luxardoliqueur,2
maitai,3
manchester,3
mandarin,3
mandarino,3
mandarinoranges,3
masperuanoquenunca,3
maximebiot,4
mealrecipes,2
meetingwithfriend,4
melagusto,3
menu,2
michelle11167,3
miss_torregrosa,5
mixologist,7
mixology,21
mixologyart,3
moldova,3
moment,4
momlife,5
momofthree,5
muddled,3
mullepalm,4
mycreation,3
naoyuki_yamamoto,3
nebur8180,3
new,2
newplace,3
nightcap,3
no9park,2
nuts,3
oakrum,4
offthehook,3
offwork,3
oldfashioned,3
oldjrum,3
oldjspicedrum,3
oldschool,2
orange,5
organic,5
orzo,4
palace,5
paris,19
parisbynight,5
parisiangirl,3
parisienne,3
parisphoto,5
parol,3
parolrestaurant,3
party,7
partytime,4
passion,2
passionchocolate,3
pastaalnerodiseppia,4
peter628,3
photooftheday,6
pineapple,5
pizza,2
pizzeriacaffetteria_,3
placevendome,3
platypusbartender,2
platypusbartending,2
pohoda,4
portapia,3
przedświąteczneobżarstwo,4
przedświątecznepijaństwo,4
pub,6
pubwnorman,3
puchov,4
punkyre_j,3
red,2
redescubrite.ns,3
rhubarbtv,3
rhum,5
rhumagricole,2
ristorantelime,3
ritz,19
ritzbar,16
ritzparis,8
ronbarcelo,3
rum,38
rumcocktail,8
rumdiaries,5
rumdrinks,5
rumgirl,5
rumlife,3
rumrunner,5
ruxjosan,3
sachap_83,2
sage,3
sailorjerry,2
saskatchewan,5
saskatoon,5
savory,3
scaldailcuore,3
schoolnight,5
sestriponente,3
sharethelex,4
signature,2
siropderable,3
slurp,6
smallbatch,4
soca,3
soiree,3
solocosebelle,3
solocosebuone,3
sonomiracolino,3
spappo,4
speakeasy,3
specialdrinks,3
specialoftheday,3
spicedrum,3
sundaydrinking,3
sundayfunday,3
sundays,3
supportlocal,5
thatswy,3
the_eva89,3
theelkhorntavern,4
therightspirit,3
thirst,6
thirsty,6
tiki,2
tikifarm,2
tikiglass,2
tirsdagskød,4
tomorrow,2
topchef,5
topchefcanada,5
travel,4
traveler,5
trinkengegendieschwiegereltern,5
vaquero,3
vegetarian,5
viaancona,3
viernes,3
vmbrewing,3
watchfam,3
weekend,5
weekendstartsonwednesday,3
weihnachten,5
weihnachtenstehtvordertür,5
weihnachtsmenü,5
wine,6
winter,20
winteratfarm,3
wintercocktail,3
winterdaiquiri,171
winterdrink,4
winteriscoming,3
wishyouwerehere,4
womw,3
woodfordreserve,3
workup1617,3
workup_trs,3
worldfamous,3
yarntwister,2
yes,4
yoji_14.12,5
yourbar,3
yoursecret,3
yum,6
yummy,6
yxe,5
zena,3
zkaroliną,4
ウィンターダイキリ,4
カクテル,4
クリスマス,4
パーティー,4
下班真好,3
旅人,5
