,RowSum
0,1
1,1
2,1
3,1
4,1
5,1
6,1
7,1
8,1
9,1
10,1
11,1
12,1
13,1
14,1
15,1
16,1
17,1
18,1
19,1
20,1
21,1
22,1
23,1
24,1
25,1
26,1
27,1
28,1
29,1
30,1
31,1
32,1
33,1
34,1
35,1
36,1
37,1
38,1
39,1
40,1
41,1
42,1
43,1
44,1
45,1
46,1
47,1
48,1
49,1
50,1
51,1
52,1
53,1
54,1
55,1
56,1
57,1
58,1
59,1
60,1
61,1
62,1
63,1
64,1
65,1
66,1
67,1
68,1
69,1
70,1
71,1
72,1
73,1
74,1
75,1
76,1
77,1
78,1
79,1
80,1
81,1
82,1
83,1
84,1
85,1
86,1
87,1
88,1
89,1
90,1
91,1
92,1
93,1
94,1
95,1
96,1
97,1
98,1
99,1
100,1
101,1
102,1
103,1
104,1
105,1
106,1
107,1
108,1
109,1
110,1
111,1
112,1
113,1
114,1
115,1
116,1
117,1
118,1
119,1
120,1
121,1
122,1
123,1
124,1
125,1
126,1
127,1
128,1
129,1
130,1
131,1
132,1
133,1
134,1
135,1
136,1
137,1
138,1
139,1
140,1
141,1
142,1
143,1
144,1
145,1
146,1
147,1
148,1
149,1
150,1
151,1
152,1
153,1
154,1
155,1
156,1
157,1
158,1
159,1
160,1
161,1
162,1
163,1
164,1
165,1
166,1
167,1
168,1
169,1
170,1
171,1
172,1
173,1
174,1
175,1
176,1
177,1
178,1
179,1
180,1
181,1
182,1
183,1
184,1
185,1
186,1
187,1
188,1
189,1
190,1
191,1
192,1
193,1
194,1
195,1
196,1
197,1
198,1
199,1
200,1
201,1
202,1
203,1
204,1
205,1
206,1
207,1
208,1
209,1
1792smallbatchbourbon,3
aerialshot,1
agedandinfused,4
allthelovers,3
alwaysbekind,4
americanfreedomdistillery,6
americanwhiskey,3
andacherryontop,3
andalucia,3
andersonvillechicago,4
angelinashappyhour,6
angostura,3
angosturabitter,3
antiquesandgardenshowky,6
antiqueshow,6
asburypark,1
atoasttolife,3
bar,3
barlurcat,3
bartender,6
bartenderlife,3
bartenderswithstoriesarethebest,4
bashesbybrookebrown,3
beamsuntory,3
beboldbeyoutiful,1
bestcocktail,3
birddogbourbon,4
birddogwhiskey,2
birthday,3
birthdaymeal,4
birthdayweek,4
blackbourbonsociety,3
blantons,3
blantonsbourbon,3
blendedbyus,3
bloodymary,3
bluegrasstrust,6
bluemountainlife,4
bluesupermix,6
bookernoe,3
bookers,3
bookersbourbon,3
bookersbourbonwhiskey,3
bottledatseared,1
bottledcocktail,1
bottledcocktails,1
bottledmanhattan,1
bottlekill,3
bottomsup,3
bourbon,85
bourbon_drip,3
bourbon_obsessed,12
bourbon_quest,3
bourboncocktail,10
bourboncocktails,15
bourboncollector,3
bourbondrinker,4
bourbondrip,3
bourbongirl,3
bourbongirls,6
bourbongram,6
bourbonhunting,3
bourbonlover,3
bourbonmanhattan,191
bourbonmanhattans,4
bourbonobsessed,6
bourbonoldfashioned,9
bourbonquest,3
bourbonsour,6
bourbontrail,4
bourbonwhiskey,12
brandos,1
bridgeman,4
bridgemans,4
bridgemanschophouse,4
bringthebarhome,1
buffalotrace,5
buffalotracebourbon,4
bulleit,2
bulleitbourbon,9
bulletbourbon,3
bullietbourbon,9
burgertheory,3
burgertheory_joliet,3
burgertheoryjoliet,3
california,6
californiamd,3
calvertcounty,3
carolfriedmanstudio,6
caskandcrew,3
catfurwhiskeysawdust,3
catsandcocktails,9
charleston,6
chattanooga,4
chattanooganightlife,4
chattanoogatennessee,4
cheers,4
cheerstotheweekend,3
cherriesinstead,3
cherry,7
chief37166,1
classiccocktail,6
classiccocktails,4
classicdrink,1
cocktail,22
cocktailbars,3
cocktailblog,4
cocktailgarnish,4
cocktailgram,4
cocktailguide,4
cocktaillife,4
cocktailrecipe,6
cocktailrecipes,1
cocktails,25
cocktailsathome,3
cocktailsofinstagram,7
coconutmargarita,3
cookingclass,3
cookingclasses,3
craftcocktails,6
craftdistilleries,6
craftdistilling,6
craigroccanova,6
cranberries,4
cranberrycocktail,4
ctyankeephotographs,4
datenight,6
deb12700,3
distilling,6
downtownseattle,1
drink,3
drinking,3
drinkoftheday,6
drinkphilly,4
drinksallaround,3
drinkstagram,8
drinkstagrammer,4
drmcopeland,3
duggerone,4
eaglerare,3
eaglerarebourbon,3
elisheba.y,3
emptynestatindigo,1
entertaining,6
eringmanspub,2
eross816,3
evanwilliams,3
evanwilliamsbourbon,3
familydinner,4
favoritecocktail,3
fengoo,1
fengscapades2019,1
firefly,6
fireflydistillery,12
fireflyspirits,6
fiveoclocksomewhere,3
florida,6
foodblogger,1
foodporn,4
franco.american,5
friends,2
gany50,1
gardenshow,6
gardentips,6
gastropub,3
gigiandgeorgeky,4
gigiandgeorgeky on I,4
ginandtonic,3
gonzalezbyass,3
goodboy,4
goodtobehome,3
gordongohr,9
gothefuckoutside,3
greatbourbon,4
greatbourbonbarsofamerica,4
greekfood,4
greenberet,6
handcrafted,3
happybirthday,6
happyhour,3
happylilthing,1
haveadrinkonme,3
heavenhill,3
heavenhillbourbon,3
heavenhillbrands,3
heavenhilldistillery,3
hiltonnewarkairport,2
historicpreservation,6
holidayseason,3
honeysagebourbon,3
horsesoldier,6
horsesoldierbourbon,12
hotrad,1
houseofprimerib,3
humpday🐪,3
il_simposio_degli_ar,3
illdrinktothat,6
ilovefood,1
indiana,6
inspiration,1
instabourbon,3
instacocktail,6
instagood,4
italywine,3
itshumpdaybitches,1
jackandcoke,3
jauntinggentleman,3
jerez,3
jerezdelafrontera,3
jfretless on Instagr,3
jim_tosney,2
jimbeam,6
jimbeambourbon,6
jimbeambourbonwhiskey,3
jimbeamwhiskey,3
jimbeamwhitelabel,3
jjmallinger on Insta,2
joncarloftis,6
joncarloftisfinegard,6
joncarloftisfinegardens,6
justgirlythings,1
kansas,6
kbailey431959,2
kcubedman,7
kentucky,9
kentuckybourbon,12
kentuckybourbonwhiskey,3
kentuckycollins,3
kentuckyhomeandgarden,6
kentuckylifestyle,6
kentuckymule,3
kentuckyrye,3
kentuckystraightbourbonwhiskey,4
knkampmark,6
knobcreek,6
knobcreekbourbon,3
lafamilgia,4
latepost,1
lbmanlythings,3
liveyourbestlife,3
lobstertails,1
love,4
loveisintheair❤️,6
lremby,3
lusby,3
luxardo,2
luxardocherries,4
luxardocherry,3
makersmark,10
makersmarkmanhattan,4
malonm02,4
manhattan,30
manhattancocktail,18
manhattanontherocks,1
manhattansofengoo,1
martini,4
martiniandrossi,3
marylandoysters,1
mcstravigant,1
meetmeinmidway,4
millennialmixologist,8
milwaukee,3
mintjulep,3
miriamatinskybartend,3
mix,3
mixedrinks,3
mixesdrinks,3
mixology,7
mixologyclass,3
mixologyguide,4
mixologymovement,4
mjrobertson,4
mlriv127,2
mood,3
moonshine,6
mybarbox,1
mybarboxcocktails,1
myboysarecookingforme,4
myfave,4
narvel_p_tuffnuts,2
nashville,3
nashvillebourbonsociety,3
nashvillewhiskey,3
nashvillewhiskeysociety,3
nationalbartenderday,3
nationalbourbonheritagemonth,2
nationalcherrymonth,6
nebbiolo,3
nevada,6
newlywedsfoods,3
newyork,6
noolives,3
nothymetocook,6
nwfoods,3
nwfoodsculinary,3
nwfoodsrandd,3
oldfashioned,2
ontherocks,3
panameña,1
pardonmearethoseyourteethinmyneck,2
pauljantzen12,1
paxriver,3
peerlessbourbon,6
perfect,4
petalumadrinks,1
planningthenextadventure,3
pm_foodie,1
primetimebourbon,1
princefrederick,3
pub,3
recipe,4
recipeblog,4
regansorangebiters,3
roastedbrusselsprouts,1
rocks,1
rumpunch,3
russanoreese,3
rye,3
ryemanhattan,3
ryewhiskey,3
sailingpanacea,3
sanfengcisco,1
sanfrancisco,4
sankstogino,1
santabarbaraclamchowder,4
saturdaycocktail,1
scofflaw,3
seafoodfriday,1
searedpetaluma,2
seasonings,3
sendit,2
sfo,1
sfoterminal2,1
sheilaheadrickhalter,4
sherry,3
shoplocal,4
shotsofbourbon,1
shrimpcocktail,1
sidecars,1
sipper,4
sippingcocktail,4
slaughterhousebourbon,2
smallbatchbourbon,3
smokedbourbon,3
smokeymanhattan,4
softshellcrabs,1
somd,3
sonomacountycocktails,1
southernmaryland,3
spain,3
stirandstrain,3
sufo32,6
sundayfunday,6
sweetteavodka,6
sweetvermouth,6
takesipsnotshots,6
tastydrinks,4
tequilanextdoor,4
tequilasunrise,3
texas,6
thebeachiscallingandimustgo,1
thebourbonalliance,6
thefoxandcrowcafe (@,4
thevinylcatacombs on,4
thirdwheel,6
thisishowwedo,3
tholos,4
tistheseason,3
tofoodie,4
tofoodies,4
topwithacherry,6
torontofoodie,4
torontolife,4
tortellini,2
treats,1
tripplanning,3
trunile,1
twistedbar,4
unleashyourinnerfood,3
usa,3
valentines,6
valentinesday2020,6
vbarvalencia,3
vegetarian,2
vermouth,3
vermouthlacopa,3
vermut,3
vermutte,3
vialocusta,3
vincentbradberry,3
vintagecocktailshaker,6
virginia,6
vodka,6
wadmalaw,6
wcodya,3
weekendsareforwhiskey,3
whatsreallyimportant,4
whiskey,25
whiskey_wine_wanderi,3
whiskeyandcigars,6
whiskeybar,4
whiskeybourbon,6
whiskeygirl,3
whiskeygram,3
whiskeykitchennashville,3
whiskeylife,3
whiskeylover,3
whiskeyporn,3
whiskeywednesday,6
whiskeywomen,6
whiskygram,6
whiskyz,3
wildturkeyoldfashioned,1
wineandcheeseheads o,3
winenight,3
winetasting,3
wingtip,1
womenwhowhiskey,3
woodfordreserve,9
yellowtailsashimi,1
yeseaglerare,3
🥃,6
