,RowSum
0,1
1,1
2,1
3,1
4,1
5,1
6,1
7,1
8,1
9,1
10,1
11,1
12,1
13,1
14,1
15,1
16,1
17,1
18,1
19,1
20,1
21,1
22,1
23,1
24,1
25,1
26,1
27,1
28,1
29,1
30,1
31,1
32,1
33,1
34,1
35,1
36,1
37,1
38,1
39,1
40,1
41,1
42,1
43,1
44,1
45,1
46,1
47,1
48,1
49,1
50,1
51,1
52,1
53,1
54,1
55,1
56,1
57,1
58,1
59,1
60,1
61,1
62,1
63,1
64,1
65,1
66,1
67,1
68,1
69,1
70,1
71,1
72,1
73,1
74,1
75,1
76,1
77,1
78,1
79,1
80,1
81,1
82,1
83,1
84,1
85,1
86,1
87,1
88,1
89,1
90,1
91,1
92,1
93,1
94,1
95,1
96,1
97,1
98,1
99,1
100,1
101,1
102,1
103,1
104,1
105,1
106,1
107,1
108,1
109,1
110,1
111,1
112,1
113,1
114,1
115,1
116,1
117,1
118,1
119,1
120,1
121,1
122,1
123,1
124,1
125,1
126,1
127,1
128,1
129,1
130,1
131,1
132,1
133,1
134,1
135,1
136,1
137,1
138,1
139,1
140,1
141,1
142,1
143,1
144,1
145,1
146,1
147,1
148,1
149,1
150,1
151,1
152,1
153,1
154,1
155,1
156,1
157,1
158,1
159,1
160,1
161,1
162,1
163,1
164,1
165,1
166,1
167,1
168,1
169,1
170,1
171,1
172,1
173,1
174,1
175,1
176,1
177,1
178,1
179,1
180,1
181,1
182,1
183,1
184,1
185,1
186,1
187,1
188,1
189,1
190,1
191,1
192,1
193,1
194,1
195,1
196,1
197,1
198,1
199,1
200,1
201,1
202,1
203,1
204,1
205,1
206,1
207,1
208,1
209,1
210,1
211,1
212,1
213,1
214,1
215,1
216,1
217,1
218,1
219,1
220,1
221,1
222,1
223,1
224,1
225,1
226,1
227,1
228,1
229,1
230,1
231,1
232,1
233,1
234,1
235,1
236,1
237,1
238,1
239,1
10month,3
10monthbaby,3
2020,3
2月27日,3
2月が終わるね,4
2月の記録,3
3dプレミアムオイル,12
3月8日はミモザの日,3
515pin,3
8marzo,3
9vaga_fl_orange9,3
_unamimosa,6
aaltovase,3
acaciabaileyana,2
action,1
airbnb,4
airbnbjapan,4
ajisaiblue,4
ajisaiblue_aki,4
all_shots,1
allureparisf,3
amazing,1
anemone,2
angelinasdutchcorner,1
ansapsaigon,3
anuong,3
applemammy,2
architecturelovers,3
aroundjapan,2
art,3
artificialflower,3
artist,3
artshare,3
babyportrait,3
babyshower,3
babyshowerideas,3
bajugamis,6
bajuhijabmurah,6
bajumurah,6
bandb,4
basket,3
bayarea,3
beatifuljapan,2
beautiful,1
beautifulflowers,3
best_beauty_flora,3
bestflowerspics,3
bestphotos,2
bethanyarielle,1
bloom,1
blooming,3
blossom,1
bluebellsblue,3
blueyellowwhite,3
blumen,4
bokeh,2
bologna,3
bonbon_fleur,3
botanical,3
botanicalart,2
bouquet,10
bouquetflower,3
bouquetregalo,3
breakfast,3
bridalshower,3
bridalshowerdecor,3
brooch,3
brunch,5
brunching,3
brunchtime,3
bubbly,3
busanamuslim,6
cafe,6
cafe_mimosa_,3
cafemimosa,3
cafeorangerie,4
cake,3
campagne,3
candle,3
carlzeiss,2
casualdress,6
casualoutfit,6
casualstyles,6
cat,3
champagne,6
champagnelover,3
champers,3
chantiii0727,4
chihuahuakaachan,12
chihuahuas,12
chikazawalace,4
chippy1215,3
chocolate,3
chocolate_lily09,3
chuchukichi.7,3
chummyflowers,6
citrusfruit,3
coffee,3
collaboration,2
comidamexicana,3
countmybeads,4
country_stilllife,3
countryside,3
craft,3
creema,3
dddrxp,3
degitalcamera,2
desayuno,3
designhotel,4
diadiemanuong,3
diptyque,3
dm通販可能,3
donna,3
dormilones,1
douong,3
drawing,3
dressmurah,6
driedflower,2
driedflowerbouqet,2
driedflowermarker,2
driedflowers,2
driedflowerwreath,2
dryflower,3
dryflowers,16
duongden,3
eastereggs,3
eggs,1
embroidery,5
english,1
enyababy_c,3
exhibition,3
facebook,6
fashion,3
fashionista,3
fashionmuslim,6
fashionrenove,3
fastfood,3
favorite,2
february,3
fioriabologna,6
fleur,3
fleur_noblesse,3
fleurs,3
floral,7
floral_shots,3
florals,3
flores,6
florseca,2
flower,38
flowerarrangement,2
flowergram,3
flowerlovers,3
flowermagic,1
floweroftheday,1
flowerphotography,7
flowerpic,6
flowerpower,4
flowers,55
flowershop,6
flowerslovers,1
flowerstagram,31
foodblogger,1
foodie,1
foodies,1
fortmyersfoodie,1
france,3
frenchriviera,3
frenchtourism,3
fritatta,1
fruitliqueur,3
fs_hanaichimonme,12
fs花いちもんめ,6
fuckitletsdrink,2
fufu_pressedplants,2
fujifilm,2
fujifilm_xseries,3
fujikenhousing_cs,3
galentines,1
gamis,6
gamisbagus,6
gamismurah,6
gamismuslim,6
garden_styles,6
gardening,6
gardenlife,6
gardenphotography,6
gastropostvan,1
gel,3
genic_hotel,4
gepressteblumen,2
getrockneteblumen,2
giftideas,3
girls,3
glasses,2
glutenfree,3
gogleplex on Instagr,3
gps,3
green,4
grosironline,6
gwenzi1993,2
hairsalonpuppe,3
hanaichimonme,6
handmade,6
handmadeaccessory,4
handmadefelt,4
handmadewreath,3
happyeaster,3
herissonbkk,3
hiddenparis,3
hijabers,6
hijabfashion,6
hijabmodern,6
himi,4
householdbldg,8
hungrycommunities,1
iamtomoko2moon on In,3
ig_ard_flowers,3
ig_paris,3
igersparis,3
igloo,1
igparis,3
iitala,3
illustration,3
iloveflowers,3
instaart,3
instacool,1
instaflower,6
instaflowers,6
instagood,10
instalove,6
instanature,1
instyle,3
interior,4
interiorlovers,6
ishiohaishi,3
it,1
italy,3
ithasfruitinit,2
jane_in_japan_,2
japalife,2
japan,8
japan_of_insta,6
japan_photo_now,2
japaneseart,2
japaneselife,2
japanhotel,4
japanphoto,2
japantrip,4
japon,2
jcotton,2
jcotton.yu,2
jj_florals,3
joke,3
jp_mood,2
justsayin,3
kaakerr on Instagram,4
kagoshima_jp,12
kagoshimacafe,6
kaori_legame,4
kaori_nono,4
kaory_en,3
kawaii,2
kitano,3
kitchen,4
kitchen_stilllife,3
kitchencloth,3
kivi,3
kobahana_,9
kobe,3
kumquat,3
kuralico_felt_design,3
kyogi_hana.official,3
l4l,3
landscape,1
laroutedumimosa,3
latelierpavane,4
lemondeaparis,3
les_paris_dailleurs,3
lesparisdailleurs,3
lesson,3
life_with_camera,3
life_with_xseries,3
lifeinjapan,2
lifeintokyo,2
linen,3
lisianthus,3
lojiura_flower,3
lojiuraflower,3
longdress,6
longdressmurah,6
loveflowers,3
lovely,3
loves_garden,3
m.shimozawa,1
mak_ig27,3
makiko_machiron,3
maleficentgarden,6
mangosmxgrill,3
mcandle,3
mcandle_mori,3
memade,2
mi.mosacollection,6
milktea,3
milkteatime,3
mimi638 on Instagram,2
mimosa,224
mimosa_misa,3
mimosabar,3
mimosas,3
mimosasallday,3
mimosatime,3
mimosawreath,11
minefam,3
minefam.insta,3
minefamnatural,3
minefamwork,3
minne,10
minneapolis,1
minneで販売中,7
mn,1
mneats,1
mnfood,1
mnfoodie,1
molding,3
momo._.amy,4
monngon,3
motomachi,4
mpls,1
mpls_food_drink,1
mplseats,1
mplsfood,1
mplsfoodie,1
mplslove,1
mum1015,4
mumm,3
museum,3
mutemochi,2
mymum,3
naive,3
naturally,6
nature,1
naturelovers,7
naturephotography,6
neil,3
newdesign,4
newwestminster,1
nice,1
nicolasblin,3
nippon,2
nishatnguyen,1
nofilter,3
nokoartflower,12
nom,1
nonocoya,6
note_na_,6
o_natsue,3
odileherve95,3
oita,3
old,3
oldschool,3
onlineshopmurah,6
osaka,3
oshibana,14
ourmoodydays,2
paca_focus_on,3
pacatourisme,3
paris,3
parisailleurs,3
pariscartepostale,3
pariscityvision,3
parisdailleurs,3
parisianlife,3
parisinsolite,3
parismaville,3
parissecret,3
parisvillemonde,3
petal_perfection,3
petitクラスブーケレッスン,2
petridish,2
photo,1
photographer,1
photographertokyo,2
photography,6
photoofjapan,2
photooftheday,2
pink,3
pinのおうち,3
pissarro,3
pnwwedding,3
pnwweddings,3
pontoise,3
poppinbottles,3
prashanth_j7clicks,1
pressedflowers,2
pretty,1
primopost,3
provence,3
provencealpescotedazur,3
puppe_saya,3
ragazza,3
rawsweets,3
reco_ig,2
regalo,3
renovation,4
renovationhotel,4
run_o17,3
sabroso,3
saintraphael,3
sanfrancisco,3
sanjose,3
saturdayshenanigans,1
seasideinn,4
secretparis,3
seemyparis,3
sensitive,1
shabbychic,2
shameplant,1
share,2
shizuoka_photo_share,9
shop,3
shopping,3
shrimp,1
shy,1
silverwattle,3
simple,3
singahappysong,3
skinnydogz,1
skinnydogzbrunchery,1
sleepy,1
sogood,1
soharu_1011,4
songao,3
sony,9
sonyα,9
southoffrance,3
spring,9
springfashion,4
springisaroundthecorner,3
springiscoming,3
stampinup,3
still_life_gallery,3
stilllife_perfection,3
streetstylephotoshoot,2
suatuoitranchauduongden,3
sunny,3
sunnyday,6
surahh_xx,3
swag,5
sweets,3
swfl,1
swflfoodies,1
symbioticgenetics,3
team_jp,3
team_jp_flower,3
teampixel,3
thank,1
thebubblyhedge,3
thejimidevine,3
thisisparis,3
threecolors,3
tiamo,3
tighthairtabby,3
toast,3
tokyo,2
top_favourite_flowers,3
topfrancephoto,3
topparisphoto,3
touch,1
tourdumonde,3
toyama,4
trasua,3
trasuamimosa,6
tripjapan,4
tulipani,3
tulips,3
tusuong,3
unknownjapan,4
vancouverlocal,1
var,3
vartourisme,3
vasetsetseavril,3
vintage_bokeh_fans,2
visitjapanjp,2
visitparis,3
vscoparis,3
watercolor,6
wedding,3
weddingday,3
weddinginspiration,3
weddingplanner,3
weekend,3
winter,1
winterbluesky,3
womanpower,3
womansday,3
woodswiththegoods,3
woollahra.studio,2
wp_flower,6
wreath,12
xf56mmf12,3
xt3,2
yellow,12
yellowflowers,3
yo11shi9mi7,1
yokohama,4
yoyogipark,2
yugetsuan_joe,2
yum,1
yummy,1
yvr,1
yvrmeals,2
zombie,1
α7iii,9
жизньвяпонии,2
жизньзаграницей,2
русскиевяпонии,2
токио,2
фотогидтокио,2
фотографтокио,2
фотографяпония,2
фотосессиявтокио,2
фотосессиятокио,2
япония,2
ありがとう,4
うち花,3
おうち,7
おうちじかん,3
おうちカフェ,3
おおかみのおなかのなかで,4
おしゃれさんと繋がりたい,3
お写んぽ,12
お子様連れ可能,3
お絵描き,3
お絵描き刺繍,2
お花,3
お花アロマキャンドル,3
お花屋さん,7
かすみ草,3
かずさん写真部,9
かふぇすたぐらむ,3
かわきばな,3
かわきばな®︎,3
かんたんおやつ,3
かんたんおやつインストラクター合格,3
かんたんおやつマイスター協会,3
かんたんシフォンケーキ,3
しずおかみっけ,9
そこが問題,2
そんな2月最後の休日,3
たっぷりミモザ,3
ちょっと先走った,3
ていねいな暮らし,3
とよはし,3
はな,3
はなまっぷ,6
ぱぱと娘,4
ふぉとじぇにっく,3
ふんわり写真部,3
まちやど,4
まんまるの幸せ,6
もうすぐロングバケーション,3
アカシア,10
アクセ,3
アスティエ,3
アスティエドヴィラット,3
アトリエ森の香り,1
アネモネ,2
アメリカ生活,3
アロマキャンドル,3
イヤリング,3
イラスト,3
インスタイル,3
インスタイルさんのお花,3
インテリア,6
インテリア雑貨,3
エムキャンドル,3
カゴスタグラマー,12
カフェ,3
カフェインテリア,4
カフェミモザ,3
カフェ好き,3
カフェ好きな人と繋がりたい,3
カフェ巡り,3
カフェ部,3
カメラ好きな人と繋がりたい,9
カワチ画材,3
ガラスドーム,3
ガーデニング大好き,6
キッズスペース完備,3
キッチンに飾る,4
キャンドルのある暮らし,3
キンカン酒,3
ギフト,3
グッズ,3
グルテンフリー,3
グルテンフリースイーツ,3
ケーキ,3
コンポジション,2
コーデ,3
コーヒー,3
コーヒー好きな人と繋がりたい,4
ザ花部,6
シフォンマイスター,3
シンプルな暮らし,4
ジェルネイル,3
スイーツ,3
スイートピー,2
スマホ撮影,1
スワッグ,7
スワッグのある暮らし,10
スワロフスキー,3
セルフリノベーション,6
テーブルフォト,3
トースト,3
ドライフラワー,27
ドライフラワーのある暮らし,8
ドライフラワーブーケ,3
ドライフラワーリース,2
ドライフラワー作家,2
ドライフラワー好きな方と繋がりたい,3
ドライフラワー教室,2
ドライフラワー販売,2
ドライ化進行中,4
ナチュラル,2
ナチュラルな家,4
ナチュラルな暮らし,4
ナチュラルインテリア,3
ナチュラルガーデン,6
ナチュラル雑貨,3
ニワメイド,3
ハンドメイド,8
ハンドメイドアクセサリー,10
ハンドメイド好きさんと繋がりたい,3
ハンドメイド部,2
ハーバリウム,15
ハーバリウムネックレス,3
ハーフリース,3
パリスタイル,2
パン教室,3
ビタミンカラー,3
ピアス,3
フェリシモ,3
フェリシモ猫部,3
フェルトだま,4
フェルトアクセサリー,4
フォトブース,3
フサアカシア,3
フラワー,6
フラワーアレンジメント,11
フラワーアレンジメントレッスン,3
フラワーレッスン,2
フラワー教室,6
フレンチスタイル,2
フローリスト,3
ブーケ,5
プリザーブドフラワー,3
プレゼント,3
ベビーポートレート,3
ホテル好き,4
ボタニカル,5
ボタニカルキャンドル,3
ボタニカルライフ,2
ポートレート撮影,3
マイガーデン,6
マイクロキャンバス,3
ママカメラ,3
ママカメラ部,3
ミモザ,112
ミモザのスワッグ,2
ミモザのドライフラワー,6
ミモザのハーフリース,3
ミモザのリース,2
ミモザのリースレッスン神戸,2
ミモザの咲くカフェ,6
ミモザの季節,3
ミモザの日,5
ミモザの森,3
ミモザの花言葉は秘密の恋,4
ミモザアロマワックスサシェ,3
ミモザスワッグ,8
ミモザブーケ,3
ミモザリース,21
ミモザリースレッスン,4
ミモザリースワークショップ,4
ミモザリース作り,4
ミモザロケーションフォト,3
ミモザ刺繍,2
ミモザ大好き,4
ミモザ好き,3
ミモザ雑貨,3
ミラーレス一眼,9
ミント,3
ミントグリーン,3
ムッキー😤ってなってるわけではありません😜,6
ラトリエパヴァーヌ,2
リース,10
ルクアイーレ,3
レッスン,2
ロースイーツ,3
一眼レフ,3
一眼レフ女子,3
三姉妹ママ,4
三姉妹母,4
三田市,6
三田市花屋,6
三田駅前,6
中央町,3
乾いた植物と戯れる,2
乾いた植物を愉しむ,2
京都マルイ,3
今が旬,3
今日はめちゃくちゃ寒いけどな,3
代々木公園,4
伊敷台,6
休園,4
休校,4
備忘録,3
免疫力アップ,3
兵庫,6
写真,3
写真が好き,9
写真で伝えたい私の世界,6
写真好きな人と繋がりたい,12
刈谷カフェ,3
刈谷ママ,3
刺繍,5
刺繍部,2
北欧,3
北欧インテリア,3
北欧ナチュラル,3
北欧雑貨,3
北海道,4
北陸旅行,4
古民家,6
古民家カフェ,6
古民家リノベーション,6
古道具,2
可愛い花束,4
固まるハーバリウム,12
国際女性デー,3
夜長を楽しむ,3
大人のコーヒー部,4
大人ナチュラル,2
大分,3
大好き,2
大好きな花のひとつ,3
大府,3
大府みどり公園,3
大阪,3
女性の日,4
娘の写真,3
子供のいる暮らし,4
子供のいる生活,4
季節の花を楽しむ,2
学芸大学,3
安城カフェ,3
富山,4
富山カフェ,4
富山ホテル,4
富山旅行,4
富山観光,4
小さなミモザの刺繍,2
小さな世界,3
岩見沢,4
岩見沢カフェ,4
布小物,2
庭のある暮らし,6
彩り,3
心穏やかに過ごせますように,6
思いやり,3
愛知,3
愛知県,3
感謝,3
成長記録,3
手仕事,3
手作り,7
手作り花雑貨,3
手作市場,3
押し花,14
押花,2
授乳室完備,3
撮影,1
散々な誕生日,4
日々,3
日々の暮らし,3
日本,2
春,16
春が来るよ,3
春の新作,4
春の花,2
春の訪れ,7
春はすぐそこ,3
春色,4
春雑貨,3
暮らし,3
暮らしに花を,2
暮らしを楽しむ,3
暮らし楽しむ,3
末っ子,4
本物の花,2
札幌,4
札幌カフェ,4
札幌ドライフラワー,4
東京,4
森林浴,3
森林浴の香り,3
植物,5
植物のある暮らし,8
植物を乾かす,2
横浜元町,4
気分が上がる,3
水彩,3
水彩画,3
氷見,4
浜松,9
海の見える宿,4
爽やか,2
生後10ヵ月,3
生後10ヶ月,3
生活,3
癒し,3
癒しの時間,3
神戸,3
神戸北野美術館,3
私の花の写真,8
米粉スイーツ,3
米粉マフィン部,3
綺麗,2
緑,4
緑のある暮らし,10
緑屋,4
羊毛フェルト,4
習い事,2
肥後橋,3
自然,2
自然が好き,6
花,35
花いちもんめ,6
花が好き,15
花が好きな人と繋がりたい,9
花と娘,3
花のある暮らし,64
花のある暮らしを楽しむ,4
花を楽しむ暮らし,3
花フレンド,3
花刺繍,2
花刺繍ワンポイント刺繍,2
花好きな人,6
花好きな人とつながりたい,6
花好きな人と繋がりたい,9
花屋,8
花屋さん,4
花屋ファン,3
花撮り人,12
花撮り隊,9
花時間,2
花言葉は,3
花雑貨,15
英語,1
英語の勉強,1
英語勉強,1
薬膳,3
誕生日にもらった花束,4
豊橋市,3
贈り物,3
路地裏サワー,3
路地裏フラワー,3
近沢レース,4
造花,3
銀座,2
銀葉アカシア,8
雑木のある庭,6
雑貨,3
雑貨好きな人と繋がりたい,3
静岡カメラ女子,9
静岡元気旅,9
静岡市,3
風景,3
香り,3
鹿児島,12
鹿児島カフェ,6
鹿児島ハンドメイド,12
鹿児島市,12
黄色,9
압화,2
２月,2
💛,3
