,RowSum
0,1
1,1
2,1
3,1
4,1
5,1
6,1
7,1
8,1
9,1
10,1
11,1
12,1
13,1
14,1
15,1
16,1
17,1
18,1
19,1
20,1
21,1
22,1
23,1
24,1
25,1
26,1
27,1
28,1
29,1
30,1
31,1
32,1
33,1
34,1
35,1
36,1
37,1
38,1
39,1
40,1
41,1
42,1
43,1
44,1
45,1
46,1
47,1
48,1
49,1
50,1
51,1
52,1
53,1
54,1
55,1
56,1
57,1
58,1
59,1
60,1
61,1
62,1
63,1
64,1
65,1
66,1
67,1
68,1
69,1
70,1
71,1
72,1
73,1
74,1
75,1
76,1
77,1
78,1
79,1
80,1
81,1
82,1
83,1
84,1
85,1
86,1
87,1
88,1
89,1
90,1
91,1
92,1
93,1
94,1
95,1
96,1
97,1
98,1
99,1
100,1
101,1
102,1
103,1
104,1
105,1
106,1
107,1
108,1
109,1
110,1
111,1
112,1
113,1
114,1
115,1
116,1
117,1
118,1
119,1
120,1
121,1
122,1
123,1
124,1
125,1
126,1
127,1
128,1
129,1
130,1
131,1
132,1
133,1
134,1
135,1
136,1
137,1
138,1
139,1
140,1
141,1
142,1
143,1
144,1
145,1
146,1
147,1
148,1
149,1
150,1
151,1
152,1
153,1
154,1
155,1
156,1
157,1
158,1
159,1
160,1
161,1
162,1
163,1
164,1
165,1
166,1
167,1
168,1
169,1
170,1
171,1
172,1
173,1
174,1
175,1
176,1
177,1
178,1
179,1
180,1
181,1
182,1
183,1
184,1
185,1
186,1
187,1
188,1
189,1
190,1
191,1
192,1
193,1
194,1
195,1
196,1
197,1
198,1
199,1
200,1
201,1
202,1
203,1
204,1
205,1
206,1
207,1
208,1
209,1
210,1
211,1
212,1
213,1
214,1
215,1
216,1
217,1
218,1
219,1
220,1
221,1
222,1
223,1
224,1
225,1
226,1
227,1
228,1
229,1
230,1
231,1
232,1
233,1
234,1
235,1
236,1
237,1
238,1
239,1
240,1
241,1
242,1
243,1
244,1
245,1
246,1
247,1
248,1
249,1
250,1
251,1
252,1
253,1
254,1
255,1
256,1
257,1
258,1
259,1
260,1
261,1
262,1
263,1
264,1
265,1
266,1
267,1
268,1
269,1
270,1
271,1
272,1
273,1
274,1
275,1
276,1
277,1
278,1
279,1
280,1
281,1
282,1
283,1
284,1
285,1
286,1
287,1
288,1
289,1
290,1
291,1
292,1
293,1
294,1
295,1
296,1
297,1
298,1
299,1
300,1
301,1
302,1
303,1
304,1
305,1
306,1
307,1
308,1
309,1
310,1
311,1
312,1
313,1
314,1
315,1
316,1
317,1
318,1
319,1
320,1
321,1
322,1
323,1
324,1
325,1
326,1
327,1
328,1
329,1
330,1
331,1
332,1
333,1
334,1
335,1
336,1
337,1
338,1
339,1
340,1
341,1
342,1
343,1
344,1
345,1
346,1
347,1
348,1
349,1
350,1
351,1
352,1
353,1
354,1
355,1
356,1
357,1
358,1
359,1
360,1
361,1
362,1
18kgold,3
2020,3
3,1
3leg,1
3leggedcat,1
3leggedcatsofinstagram,1
4ever,3
Null,3
abiertas,3
abudhabi,3
accesories,3
accessories,4
acer,3
adi_acongz,6
adorable,1
adornyourself,3
africanemeralds,3
africanminerals,3
agricultura,3
agro,3
alain,3
alekswatches,3
alexandrite,8
alexisrusselljewelry,9
almyrastudio,3
alphasapphire,3
altajoyeria,2
amber,3
ambiance,3
americandiamond,3
amethyst,18
ametrine,1
amojoias,2
android,3
anelesmeralda,3
antingberlian,3
antique,4
antiques,4
apple,3
aquamarine,11
arcanebijouterie,6
army,3
arstack,9
art,4
artbyjoannedouglas,3
artdeco,4
artdecocookies,4
arvow,9
ashhoffmanjewelry,4
ashlees_custom_creat,4
ashstack,4
asscher,3
astrology,3
astroworld,3
auni._.v,3
avatar,3
babypink,3
bajucewek,8
bakersofinstagram,4
baking,4
bangles,5
batik,3
batuakik,8
batuakikpermata,4
batupermata,1
batuttahsstar,3
beachbling,2
beautiful,3
beauty,3
beeleganteveryday,3
belgium,3
berlian,12
berlianbanjar,3
berlianeropa,3
berlianeropamurah,3
berliangiamurah,3
berlianhitam,3
beryl,3
bespoke,3
betta,6
betta_colours,6
betta_dyin,26
betta_hobbyist_fns,3
bettaadditc,6
bettabreeding,3
bettafancy,6
bettafish,9
bettagiant,6
bettahias,3
bettaindonesia,3
bettaindonesian,6
bettajawatengah,3
bettajawatimur,3
bettakoi,6
bettamulticolours,6
bettanganjuk,3
bettathailand,3
bff,3
bigthingscoming,3
bird,3
birdaddict,3
birdlovers,3
black,3
blendedcotton,3
blond,3
blue,3
blueeyes,3
bluesapphire,7
bogor,8
bohemia,3
bohochic,6
bohojewelry,3
bold,3
bollywood,3
bombayfashion,3
boutique,6
bqueen,3
bqueenmode,6
bracelet,10
bracelets,3
bridal,7
bridalcollection,3
bride,3
brides,3
bridesofindia,3
brilliance,4
bringit,3
brussels,3
bruxelles,3
bts,3
bxlove,3
cabochon,9
cabochonemerald,9
californiahistory,3
camera,1
campo,3
canon,3
capemay,2
carlifestyle,9
carvingemerald,3
casualwear,3
catcute,1
cateye,8
catface,1
catlovers,1
catphoto,1
catpicoftheday,1
catpictures,1
cats_of_instagram,1
catsofinstagram,1
catsofsingapore,1
catstagram,1
catstargram,1
cdxdjwe2020,4
cdxveschetti,4
cebollas,3
celebstyle,3
chain,3
champ,3
champagnegem,8
champagnegem500kspecialedition,4
champagnegemgoestodoha,4
champion,3
chennai,3
chrysoberyl,5
cincinberlian,3
cincinberlianmurah,3
cincinkawin,3
cincinnikah,3
cincinsolitaire,3
citrine,3
class,3
clutch,3
collection,1
collector,1
colombia,9
colombianemerald,19
colombianemeralds,3
colombo,3
colorgemstone,2
colors,3
cookieart,4
cookiegram,4
cookies,4
cookiesofinstagram,4
cool_amnry78,6
coral,3
cornflower,1
cornflowersapphire,1
cosecha,3
costume,3
costumedesign,3
createeveryday,3
crowntail,6
cuddly.beauty,3
cupang,3
cupangavatar,3
cupangbetina,6
cupangemeraldnemo,3
cupanghellboy,3
cupanghias,9
cupanghiasindonesia,6
cupangindonesia,6
cupangkoi,3
cupangkoigalaxy,3
cupangkontes,6
cupangplakat,3
cupangunik,3
cupangwarujayeng,3
cushion,3
cushioncut,3
customcookies,4
cute,1
cutstone,3
cy,3
daintyearrings,3
daintyjewelry,3
danglingearrings,3
deconstructed,3
decoratedcookies,4
decorateyourself,3
dell,3
desi,3
design,3
designer,6
dessert,4
dewaygembel,3
dhyanda_rocks,8
diamant,3
diamante,2
diamond,21
diamondjewellery,2
diamondjewelry,1
diamondring,16
diamonds,22
diamonds_lover,6
diamondset,3
diamondshop,3
dimas_giantbetta,2
discount,6
djwe,4
djwe2020,13
doha,4
doubletail,6
dreamdress,3
dreamring,9
dress,5
dubai,3
earrings,16
ecommerce,3
elegance,3
elegant,3
elegante,3
emerald,232
emeraldcut,18
emeraldcutdiamond,4
emeraldearrings,9
emeraldengagementring,18
emeraldgreen,18
emeraldjewellery,9
emeraldjewelry,9
emeraldmakeup,3
emeraldobsessions,3
emeraldproducts,3
emeraldring,12
emeraldrings,9
emeralds,10
emeraldsanddiamonds,9
emeraldsecret,3
emeralpool,3
emeraude,6
emm.empire,4
engaged,4
engagement,3
engagementring,9
enjoy,3
eog,3
escotesinfinitos,3
esfahan,1
esmeralda,10
esmeralda_gems,9
esmeraldacolombiana,2
esmeraldagems,9
estilo,3
ethical,2
eto2nd,4
etsy,3
eumereço,2
euphoria,3
europeanjewellery,3
europeanuae,3
everyday,3
evgenuv,3
excellent,3
exceptionalemerald,4
eyes,3
f3_gems,2
fabiosalini,9
fabiosalinigioielli,9
fabrics,3
facebook,3
fakefur,9
fancydiamonds,2
fashion,18
fashionblogger,6
fashionista,3
fashionjewels,3
fashions,3
fashionstylist,3
fastcar,9
fccpbetta,3
feelawesome,3
femenina,3
festivalofindia,3
festivaloflights,3
fifi,3
finejewellery,9
finejewelry,15
finejewelrydesign,9
finejewels,9
finejewlery,9
finequality,9
fire,4
firoozeh_nour,6
flameless,3
flatlay,3
flirty,3
follow,3
followme,3
for_theloveofjewelle,9
fortheloveofjewellery,9
fortheloveofjewelry,9
friyay,3
fromwhereistand,3
funny,3
galar,3
galaxy,3
gamefreak,3
gamefreakmemes,3
gamer,3
games,3
garnet,13
gela,3
gelinesjewelry,3
gem,6
gemas,2
gemasnaturales,2
gemlightbox,1
gemlover,2
gemologia,2
gemologist,3
gemology,2
gempassion,2
gemporn,2
gemquality,9
gems,7
gemsandminerals,3
gemstone,11
gemstonejewelry,10
gemstonelover,3
gemstonerings,9
gemstones,14
gemstonesjewelry,3
gemstoneuniverse,6
gemtime.de,4
gemtooba,2
gen3,3
geode,4
geodecookies,4
giantbetta,6
giantemerald,6
giantmarble,6
giantmulticolor,6
giantnemo,6
girl,6
girlboss,3
glitter,4
glitterbomb,4
glittermakeup,4
glitternails,4
glitternailsdesign,4
glitterombrenails,4
glittery,4
gold,34
gold_in_art,3
goldbar,2
goldcreation,3
goldearring,2
goldencitrine,1
goldjewellery,2
goldjewelry,1
goldlockets,2
goldring,2
goldsmith,3
green,19
greenamethyst,3
greeneyes,1
greenglitter,4
greenmakeup,3
greennails,4
hair,3
halfmoon,6
handcrafted,3
handmadeapproved,3
handmadejewellery,4
handmadejewelry,5
happy,3
hat,3
hautejoaillerie,18
heart,3
hellboybetta,3
henrys,2
henryscapemay,2
henryscm,2
hermes,3
highfashion,3
highjewellery,9
highjewelry,16
hochelaga,2
hoenn,3
hoennmeme,3
hoennmemes,3
homefragrance,3
homesick,3
houston,3
huawei,3
hudabeauty,6
hudabeautyobsessions,3
hypercars,9
ido,13
ifuckinglovewatches,3
ifw,3
ily,3
impexaira,3
india,3
indianfashion,3
indonesia,17
influencerstyle,2
instacookie,4
instadaily,3
instadiamond,2
instafashionist,2
instafollow,3
instagem,2
instagems,2
instagirl,3
instagood,6
instagram,10
instajewelry,6
instajewels,3
instajoias,2
instalike,3
instaluxury,2
instaphoto,3
instastyle,3
insugrat,3
insugratdistribuidora,3
international,2
ios,3
iphone,3
iran,1
isfahan,1
italianjewellery,9
jakarta,8
jbl,3
jewel,6
jeweler,3
jewelery,3
jewellery,12
jewellery_blog,9
jewellerydesigner,12
jewellove,3
jewelry,41
jewelryaddict,6
jewelrydesign,3
jewelrydesigner,6
jewelrygram,9
jewelryinspiration,6
jewelrylove,3
jewelrylover,6
jewelrylovers,3
jewelrymaking,3
jewelryofinstagram,3
jewelryoftheday,6
jewelryshop,3
jewels,8
jewelsofinstagram,3
joalheriaartesanal,3
joias,3
joiasdeluxo,2
joiasexclusivas,2
joyas,2
joyasdediseño,2
joyeria,2
jualbeliperhiasan,3
jualberlian,3
jualberlianasli,3
jualberlianeropa,3
jualberliangia,3
jualberlianmurah,3
jualbluesapphire,3
jualcincinberlian,3
jualcincinberlianmurah,3
jualpermata,1
jualsimulantsapphire,1
jyotishgems,3
jyotishgemstones,3
k.ocampo_xx,3
kadoistri,3
kadosuami,3
kalimaya,8
kalungberlianmurah,3
katerina_perez,18
kemp,3
keyhole,3
khanayaz.gems,4
kitten,1
kittycat,1
klyk,3
klykcouture,3
kp❤️malpani,9
krabi,3
ladies,3
lapislazuli,4
latestcollection,3
lavingiajewels,3
lavish_boutiquewv,3
lavishbridalandpromboutique,3
lavishgirlslay,3
lavishprom2020,3
lavishsquad,3
lavishsquadgoal,3
lavishyesmoment,3
layaway,3
leaf,3
leather,3
leggy,1
leggy_kitty,1
leggythecat,1
leggythekitten,1
lenovo,3
leonkajewellery,3
lessaux,6
lessauxjoias,3
lifestyle,1
lige_giant,6
like,3
likeme,3
liontinberlian,3
liveit,3
lksister.usa,3
local,2
lockets,2
lombardpsiepolestate,3
london,4
londonart,4
londonblogger,4
londonbluetopaz,1
londonbridge,4
londoncity,4
londoner,4
londoneye,4
londonfashion,4
londonfashionweek,4
londonfood,4
londonlife,4
londonphotographer,4
londonpop,4
londonstyle,4
londontown,4
longlasting,3
look,2
looseglitter,4
looseglitternails,4
lot80e,2
lot80est on Instagra,2
love,19
loveblue,2
loveemerald,9
loveit,3
loveitorreturnit,3
lovemyjob,2
lowprice,2
luxury,16
luxuryjewelry,6
luxurylifestyle,5
madeinoklahoma,4
madrid,2
make_up_by_renee,3
makeup,6
makeupartist,3
makeupbyme,3
makeupgreen,3
makeuptutorial,3
malpanijewellery,9
mangalsutra,2
mangasabullonadas,3
marquise,3
mas_gemas,2
mavia_khan_gems_,3
mayafashions,3
mayafashions_,3
maybeline,3
maybelline,3
mayuri_trendy_jewels,3
melange,3
melt,3
meme,3
memes,3
memes.sceptile,3
memories,3
merida,3
mermaidjewels,3
mididress,3
mikedavis816,9
mine,3
mix,3
moda,3
modellife,3
modernbride,9
moments,3
monterrey,3
montreal,2
mood,2
moonstone,8
motorola,3
mtldesigner,2
mua,3
mumbai,3
musthave,3
muzo,9
myloveaffairwithdiamonds,4
myrtlebeach,4
myrtlebeachwedding,4
nail4passion on Inst,4
nailideas,4
nailporn,4
nailtutorials,4
nailvideo,4
nailvideos,4
nailvids,4
nasilowskyfoto,3
nataliapazcabrera,3
nativjoias,3
natural,1
naturalemerald,3
naturalemeralds,3
naturalgems,3
naturalgemstone,2
naturalhair,9
naturalpermata,8
naturalstone,3
natureinspiredjewelry,3
naturelover,1
necklace,32
nemo,6
nemocandy,3
nemoemerald,3
nemogalaxi,3
nemomultycolor,3
newarrivals,3
newyork,2
nicond7100,3
nikon,3
ninegems47,3
nintendo,3
nintendomemes,3
nkimpex,3
nouvellecreation,4
obiebettanganjuk,9
obod_betta,2
offer,2
offers,2
offshoulder,3
okc,4
okcbaker,4
okccookies,4
oklahomabaker,4
oklahomacity,4
olimiajewellery,8
olive,3
omegaruby,3
oneofakindjewelry,18
onlineshopping,3
ootd,2
opal,6
opaljewelry,8
orange,2
orchid22,9
orchid22__,9
organicjewelry,3
ouro,6
ouro18k,3
outfit,2
oval,3
overfifty,9
ownit,3
pagansofinstagram,4
pageantdresses,3
paint,3
pak.gems on Instagra,3
paraibatourmaline,2
partywear,3
patryk.nasilowsky.fo,3
patryknasilowsky,3
pear,3
pearl,18
pearlnecklace,3
pearls,3
pearlsaretimeless,9
pendant,5
pendants,3
peridot,8
permata,1
photo,6
photograph,4
photography,9
photooftheday,6
photoshooting,3
pic,3
picoftheday,6
picture,3
piedrasdecolor,2
pikachu,3
pirus,8
plakat,6
plakatnemo,3
playstation,3
pokefunny,3
pokelife,3
pokemonblue,3
pokemonfunny,3
pokemonlife,3
pokemonmeme,3
pokemonmemes,3
polskadziewczyna,3
positive,3
pouchbag,3
precious,3
preciousgems,3
preciouspebblesinc,3
preciousstones,9
pretty,2
princess,3
prom,3
prom2020,3
promdresses,3
promfashion,3
promszn,3
quartz,11
r.mesquitajoias,2
radiant,3
ramones,3
rare,1
raregems,9
realgems,5
realgems.nyc,2
realgold,2
red,3
redlips,9
regaliabysapna,3
regaliamumbai,3
regaljewels,2
regaljewelsinc,2
regentelitegaming,3
rescue,1
rescued,1
rescuedcat,1
rescuedkittens,1
revamp,3
review,3
rich,9
ring,18
ringpic,4
rings,14
ringstack,9
rishabexports,3
rmesquitajoias,2
rosegold,9
round,6
royalbluesapphire,2
royalicing,4
rubi,6
rubies,2
ruby,39
rubyburma,1
ruffles,3
sabda,3
sabikaaaleyah,3
sale,9
samsung,3
sandbergreser,3
sandwich,9
saopaulo,2
sapphire,29
sapphireengagementring,3
sapphirering,3
sara,3
saree,3
satin,6
sayyes,3
scentchips,3
scentchipsusa,3
scintillation,4
seda,3
seductora,3
selfie,3
sell,2
semipreciousstones,3
sepatumurah,8
sephora,3
sephorafrance,3
sewing,3
sexy,8
shadow,3
sharjah,3
shipping,6
shopinbrussels,3
shoplocal,3
shoponline,3
siapasuruhmaingiant,6
sicily,3
siembra,3
silk,2
silver,10
silver_ring,6
silverhair,9
silverring,8
simulant,1
simulantsapphire,1
singaporecat,1
sky,2
smile,6
sofisticada,3
solitairering,9
somethingblue,3
somethinggreen,9
sootfree,3
soperfectjewelry_tha,3
soperfectjewelryoffi,4
south,3
sparkle,7
specialoffers,2
sphene,1
spinel,1
srilanka,3
stackingrings,9
stacksarethenewblack,9
statementjewellery,3
sterlingsilver,4
stilllife,3
stonezone__,1
stpatricksday,2
stringbag,3
style,13
styleinspo,3
stylemeetsculture,3
styling,3
stylist,3
sugarcookies,4
summer,3
summersale,3
sun,3
supreme,3
susinogioielli,6
tambaram,3
tanzanite,6
tanzaniteearrings,3
tanzanitejewelry,3
tati,3
teal,3
thegemhunter on Inst,9
tissus,3
topaz,14
topemeraldyn,3
touchlantern,3
traditional,3
traditionalwedding,3
translucent,3
trend,3
trending,3
trendy,3
tsavorite,8
turquoise,9
twinklestar,3
uae,3
uberlandia,3
uncutdiamonds,3
uniquering,9
vaporosos,3
velour,3
velvet,6
venezuela,3
veschettijewelry,4
vestuario,3
volantes,3
waxmelts,3
waxtarts,3
waxwarmer,3
wedding,7
weddingjewelry,3
weddingrings,9
weddingsutra,3
weddingvows,3
wedmegood,3
weekendvibes,3
white,3
whitegold,3
women,3
wonderfulindonesia,3
workwear,3
worldwide,2
wroclaw,3
xbox,3
xiaomi,3
yellow,2
yellowsapphire,3
youmatter,3
yourdailydoseofsparkle,4
yourrealsource,2
yummy,4
zagreb,3
zambianemerald,14
zamrud,8
zillionaire.lifestyl,9
zircon,1
александриты,3
бриллианты,3
изумруды,3
картье,3
купитькольцосизумрудом,3
муассаниты,3
подарки8марта,3
резьбапоизутмруду,3
рубины,3
сапфиры,3
ээювелирноеискусство,3
آرامگاه_خیام_نیشابوری,6
اكسبلور,4
الامارات,4
الجزائر,4
الدمام,4
الريال,4
السعودية,4
الكويت,4
الکساندریت,6
انگشتر_فیروزه,6
ایران,4
تخفیف,6
جواهر,1
جواهرات,6
دستبند,6
سفر,1
سنگ_طبیعی,6
سنگ_قیمتی,6
طلا,1
طلاوجواهرات,1
عقیق_کبود,6
عقیق_یمن,6
فیروزه_اصل,6
فیروزه_فروشی,6
فیروزه_نیشابور,6
فیروزه_کوب,6
مدل,1
مس,6
نقره,6
نیشابور,6
گالری_طوبی,1
گردنبند,7
گوشواره,7
กำไลเพชร,3
ราคาโรงงาน,3
ร้านเพชร,3
สร้อยคอเพชร,3
เพชรน้ำดี,3
เพชรสวย,3
💎,5
💚,2
