,RowSum
0,1
1,1
2,1
3,1
4,1
5,1
6,1
7,1
8,1
9,1
10,1
11,1
12,1
13,1
14,1
15,1
16,1
17,1
18,1
19,1
20,1
21,1
22,1
23,1
24,1
25,1
26,1
27,1
28,1
29,1
30,1
31,1
32,1
33,1
34,1
35,1
36,1
37,1
38,1
39,1
40,1
41,1
42,1
1corinthians,2
2019,2
21weekspregnant,2
3points,2
8lugcummins,2
Null,2
a2jettafreak,2
abundance,2
aesthetics,2
alaskanatheart,2
aleb3_10,2
amazing,2
andieeygenraam,2
asl,2
autumnbene,2
baby,2
badday,2
balance,2
beablessing,2
beingdeaf,2
believe,2
bendthebarman,2
beyourownmotivation,2
bhud,2
bible,2
biblequotes,2
biblereading,2
bilbefor21,2
bodymindsoul,2
bollywood,2
bootybuilding,2
bootycall,2
bootywork,2
bootyworkouts,2
britomallbright,2
buttruth,2
chd,2
chdwarrior,2
chicago,2
child,2
chosen,2
christian,2
christianinspiration,2
christianity,2
christianmotivation,2
christianquotes,2
christiansofinstagram,2
cocktails,2
consistency,2
contactme,2
correct,2
coughsyrup,2
day2,2
deaf,2
debbndann,2
determined,2
dontblameanyonebutyourself,2
dontblamethedevil,4
dontknow,2
dontmakethatmistake,2
dreammaker,2
drugs,2
drugskill,2
entrepreneur,2
faith,2
february,2
fetus,2
fit,2
fitchicks,2
fitgirls,2
fitlife,2
fitlifestyle,2
fitness,2
fitspo,2
flower,2
forgiveme,2
forreal,2
freetools,2
freetraining,2
gains,2
getout,2
girlswholift,2
girlswithmuscle,2
givemejesus,2
goalcrusher,2
goals,2
godismyrock,2
goodsong,2
gospeltruth,2
hardertodo,2
hardtruth,2
havefaith,2
heartheword,2
her,2
him,2
hlhs,2
hypoplasticleftheart,2
hypoplasticleftheartsyndrome,2
il,2
ithurts,2
itsfun,2
itsnotjustchurchitslife,2
jeremiah,2
joy,2
justdoit,2
kelsea_mack93,2
languages,2
lean,2
learning,2
learnwithme,2
legday,2
letslearn,2
libation_report,2
libertygbr,2
libertyhpt,2
libertyhvw,2
libertylive,2
libertysfd,2
libertyykr,2
lifechanges,2
lifelessons,2
lifesucker,2
listen,2
listentogod,2
listenup,2
livefit,2
liveyourpurpose,2
lol,2
love,4
lovehistruth,2
loveli723,2
lovethem,2
macklemore,2
magagram19,2
makeuporbreakup,2
mallorysemanco,1
massiveaction,2
message,2
midweekreminder,2
motivated,2
moveforward,2
movemountains,2
musclehustle,2
myfaithspiration,4
mylibertylive,4
needstobetold,2
needtohear,2
networkmarketing,2
neverquit,2
newhabits,2
newparents,2
notoxicpeople,2
obeyingishard,2
obeytheword,2
otherside,2
pastorgrant,2
peace,2
percs,2
perfecrnomatterwhat,2
personaltrainer,2
planetwisdom,1
police,2
positivity,2
praisethelord,2
prayer,2
prayers,2
pregnant,2
privategym,2
privatetrainer,2
quoteoftheday,4
quotes,2
realdifferent,2
reallife,2
realtalk,2
relationships,2
reminder,2
report,2
repost,2
residualincome,2
respond,2
rorabear15,2
ryanlewis,2
sadness,2
sammysamla,2
schellepurcell on In,2
seekhimfirst,2
series,2
sermon,2
sharonlicht72,2
shots,2
signlanguage,2
sin,2
sininthechurch,2
sky,2
speakup,2
spreadthelove,2
squats,2
stength,2
tagafriend,2
tears,2
thatwasyoubooboo,2
thegains,2
toughdecisions,2
toughtohear,39
toxicpeople,2
toxicrelationships,2
trustgodsplan,2
trustyourjourney,2
truth,6
tryitout,2
unionnet27,2
usa,2
watch,2
weightloss,2
wordsofwisdom,2
workouts,2
worldshattered,2
yourgoals,2
yourpassions,2
youvsyou,2
