,RowSum
0,1
1,1
2,1
3,1
4,1
5,1
6,1
7,1
8,1
9,1
10,1
11,1
12,1
13,1
14,1
15,1
16,1
17,1
18,1
19,1
20,1
21,1
22,1
23,1
24,1
2020,2
anaheim,2
artisanbeveragecooperative,1
bambucha,2
bitcheswhobrunch,1
blissfulnutritionist,1
boochorganickombucha,1
booze,1
boulderco,1
breakfastofchampions,1
breath,1
brewedinmassachusetts,1
brewedinthe6since2006,2
brunchallday,1
brunchtime,1
buchmosa,1
celebrate,2
certifiedorganic,2
chipotleflorentine,1
cocktails,3
columbuscounty,1
cultivationkitchen,2
delicious,2
deliciousaf,1
detox,2
downtownwhiteville,3
drinklocal,1
eatmarketplace,1
fairtrade,1
farmacyonmain,9
fermented,3
fermenteddrinks,2
fermentedfoods,2
fermentedteacompany,1
food_effects_nutriti,1
friday,2
friyay,2
glutenfree,3
goals,1
greenfieldma,1
guthealth,2
gypsylifewellness,1
halotherapy,1
happyhour,3
happynewyear,3
health,1
healthandhappiness,1
healthydrink,2
healthykombucha,2
heritagephilly,1
juice,1
juicejar,1
katalystkombucha,2
keepitcolumbus,2
kombucha,9
kombuchaaddict,2
kombuchabar,4
kombuchacocktail,1
kombuchacocktails,4
kombuchaflavours,2
kombuchahealth,2
kombuchainacan,1
kombuchalove,4
kombuchalovers,4
kombuchamimosa,16
kombuchamocktail,1
kombuchaontap,6
kombuchatea,2
lauraalysewirick,1
livingelixir,1
localkombucha,2
lowsugarbrew,2
madeincanada,2
mimosa,1
mimosabar,2
mimosabrunch,2
mimosarecipes,3
mocktail,1
morningsare4mimosas,2
mountains,1
movement,1
natural,1
ncbusiness,1
newcocktail,1
newdecade,1
newyear2019,1
newyearstoast,1
nomnom,1
orangecounty,2
organic,4
organickombucha,2
panaceabrewingcompany,3
pancakes,1
plantbased,2
plantbaseddiet,2
porquemaria,1
portlandyoga,1
prebiotics,2
probiotic,5
probioticcocktail,1
probiotics,1
proprobiotic,1
quesadillas,1
raw,2
saltspa,1
seabirdskitchen,2
seabirdssouthcoast,1
sobercurious,1
southernsunpubandbrewery,1
tgif,4
thedeliciouskombucha,2
thirstythursday,2
tonicakombucha,4
veganbrunchnewyork,1
veganfood,1
vegansoﬁg,1
vidapourtea,1
weekendvibes,1
wellness,1
whiteville,2
whitevillenc,1
workerowned,1
yoga,1
yogabeaverton,1
yogahillsboro,1
yogaomazing,2
yogapdx,1
yuhbrunch,1
yuhomesteaders,1
yum,1
yumm,1
