,RowSum
0,1
1,1
2,1
3,1
4,1
5,1
6,1
7,1
8,1
9,1
10,1
11,1
12,1
13,1
14,1
15,1
16,1
17,1
18,1
19,1
20,1
21,1
22,1
23,1
24,1
25,1
26,1
27,1
28,1
29,1
30,1
31,1
32,1
33,1
34,1
35,1
36,1
37,1
38,1
39,1
40,1
41,1
42,1
43,1
44,1
45,1
46,1
47,1
48,1
49,1
50,1
51,1
52,1
53,1
54,1
55,1
56,1
57,1
58,1
59,1
60,1
61,1
62,1
63,1
64,1
65,1
66,1
67,1
68,1
69,1
70,1
71,1
72,1
73,1
74,1
75,1
76,1
77,1
78,1
79,1
80,1
81,1
82,1
83,1
84,1
85,1
86,1
87,1
88,1
89,1
90,1
91,1
92,1
93,1
94,1
95,1
96,1
97,1
98,1
99,1
100,1
101,1
102,1
103,1
104,1
105,1
106,1
107,1
108,1
109,1
110,1
111,1
112,1
113,1
114,1
115,1
116,1
117,1
118,1
119,1
120,1
121,1
122,1
123,1
124,1
125,1
126,1
127,1
128,1
129,1
130,1
131,1
132,1
133,1
134,1
135,1
136,1
137,1
138,1
139,1
140,1
141,1
142,1
143,1
144,1
145,1
146,1
147,1
148,1
149,1
150,1
151,1
152,1
153,1
154,1
155,1
156,1
157,1
158,1
159,1
160,1
161,1
162,1
163,1
164,1
165,1
166,1
167,1
168,1
169,1
170,1
171,1
172,1
173,1
174,1
175,1
176,1
177,1
178,1
179,1
 The Horseshoe (@the,4
420,4
_destined_4_greatnes,2
aero,3
afakasi,4
afatasi,4
allday,3
allieesherman,2
angelgurl2437,5
argelia_la_gitana,3
avenuegastrobar,5
backupleadsinger,4
barrellfactory,3
bartender,3
bartenderlife,3
beautifully_minded_r,3
beer,4
beerontap,4
blackandtan,5
blackbridge,4
blandst,5
bluemoon,3
boardgamecafe,7
bourbonstreet,3
bouttimepub,8
breakingmydiet,2
brittany_bowers,3
buffalo,3
bushmills,3
butches,5
butchkowals,5
cafedrinks,4
caribbeanliquorssxm,8
catherinejonesyy,3
charlotte,5
charlotteevents,5
charlottenc,5
churchstreet,5
clairisaexplainsital,4
cleandrinking,4
clt,5
cltnc,5
coffeevidkashot,3
conklinbar,3
conklincrazy,3
cornedbeefandcabbage,4
craftcocktails,3
culvercity,3
customshotglass,3
d,4
daiqritas,8
daiqritasexpress,8
daiquiri,8
daiquiristogo,8
daydrink,5
delish,3
dimitri,4
districtbrewing,4
dontpinchme,3
downtown,7
downtownorlando,3
dr_pix,3
drank,5
drinkcraftcocktails,3
drinkgreen,5
drinking,5
drinkingforacause,4
drinklocal,6
drinkresponsibly,3
drinks,4
drinksondrink,4
drinkspecials,3
drinkstagram,3
drinkv1,4
drunk,5
eatdrinkandgo,4
eatdrinklocal,3
eatlocal,3
erica11rae,3
escapeclubyqr,14
escaperooms,4
familybusiness,3
feedyourseoul,5
feleciafrench_ on In,5
festivedrinks,4
firstrounds,4
fleadh,3
foodie,3
foodporn,3
foodstagram,2
fourleafclover,3
friends,5
fun,8
fundraisers,4
gaymer,3
gays,3
german,3
getlucky,5
gettingourdrinkon,5
ginger20169,3
goinguponatuesday,3
golddistrict,5
gooddrinks,5
goodfood,5
goodluck,4
goodmorning,4
goodpeople,5
goodtimeswithfriends,5
goodvibes,7
goudabarandgrill,8
green,9
greenbeer,18
greenbeerontap,3
greendrinks,4
greenfoodcoloring,4
greengoblin,3
greenisin,3
greenshot,10
greinhagen,4
guiness,3
happyhour,6
happystpatricksday,8
happystpatricksday🍀,3
happystpattys,4
harp,3
hemehim,4
highheelsandjeans,4
horseshoecafe,4
iblamepaleo,4
icook,3
idrink,3
ieat,3
ig,2
instagood,2
instahub,2
irish,14
irishattitude,2
irishcreamliquor,4
irishgirl,5
irishpub,4
irishwhiskey,9
irshcarbomb,3
islandboy,4
islander,4
italian,3
itsfiveoclocksomewhere,3
jameson,15
jr,2
katherinecissney,2
kcbranaghans,8
keepthespinach,3
kissmeimirish,5
kittykat742069,4
kiwicrushed,4
lacymassara77,3
ladyluck,3
larryfink19 on Insta,3
leprechaun,15
lesbian,3
life_of_mr_levi,5
lindsaynp,3
liquidluck,5
localisbetter,3
localsupportslocal,3
longbeach,4
love,9
lp,4
luckoftheirish,3
luckoftheirish🍀,4
luckycharms,3
makedaisiesnotwar,3
maltynational,4
marchmadness,4
marcottes,3
matchalatte,4
meech,4
meech206,4
meuli,4
midorimelonliqeur,3
mintmartini,4
missoula,3
mitri,4
mo_schnei,3
moemakeup,5
mojitos,4
mollysirishcream,3
moments,4
mondayisnotsoblue,3
mrmojo_jojo,5
nathanbillsefp,4
nba,4
nhl,4
noblackfriday,5
nokale,3
oakforest,3
oforick,3
onikwia on Instagram,2
onlyonsxm,5
orangeave,3
orlando,3
pjia,5
pjiae,5
polyboy,4
polymovement,4
polynesian,4
ponyboy,3
potofgold,4
prettyboyproblems,4
prince_yoma,4
pubcrawlsf,3
pumpkinspicepasquale,3
rahway,5
rarecreationmitch,3
rnrthursdays,5
round1,2
rumchata,5
samoan,4
seenindublin,2
seeyqr,4
seoulfoodmeatco,5
shamrock,7
shamrocksformda,4
shamrockshot,171
shoplocal,5
shot,8
shots,19
shotsforeveryone,4
shotsforsupport,4
shotsshotsshots,3
smoke,4
smoketricks,4
southend,5
spd,2
specials,4
sportspub,4
springbreak2016,5
staleys,3
staleysclubturlock,3
staygold,3
stmaartenairport,5
stpaddys,3
stpaddysday,7
stparticksday,3
stpatricks,3
stpatricksday,54
stpatricksdaydrinks,7
stpatricksdayweekend,4
stpattys,10
stpattysday,28
stpattysweekend,3
sxm,5
techrehearsal,4
tentparty,5
the_montana_distille,3
theend,3
thelumbergenie,4
themt,3
theneighborlady,4
theokcfoodeater,3
theokcfoodeater on I,3
thirstyla,3
thirstythursday,3
tipsybartender,4
toodamnsweet,2
topshottuesdays,3
trevorob08 on Instag,2
tricks,4
tullamoredewirishwhiskey,3
turlock,3
turnedup,3
ucf,3
uptown23rd,3
v1vodka,4
vanillavodka,4
vape,4
vapetricks,4
velvetttrose,5
vibes,4
vodka,4
warehousedistrict,7
weareallirishonstpatricksday,4
wednesday,5
weebitoirish,3
weed,4
weedporn,4
weekendfun,3
westorlando,3
wetwillies,2
whiskey,4
wilmore,5
woosterohio,4
worldsshorteststpatricksdayparade,3
yuengling,5
yummy,3
yumyums,2
