,RowSum
0,1
1,1
2,1
3,1
4,1
5,1
6,1
7,1
8,1
9,1
10,1
11,1
12,1
13,1
14,1
15,1
16,1
17,1
18,1
19,1
20,1
21,1
22,1
23,1
24,1
25,1
26,1
27,1
28,1
29,1
30,1
31,1
32,1
33,1
34,1
35,1
36,1
37,1
38,1
39,1
40,1
41,1
42,1
43,1
44,1
45,1
46,1
47,1
48,1
49,1
50,1
51,1
52,1
53,1
54,1
55,1
56,1
57,1
58,1
59,1
60,1
61,1
62,1
63,1
64,1
65,1
66,1
67,1
68,1
69,1
70,1
71,1
72,1
73,1
74,1
75,1
76,1
77,1
78,1
79,1
80,1
81,1
82,1
83,1
84,1
85,1
86,1
87,1
88,1
89,1
90,1
91,1
92,1
93,1
94,1
95,1
96,1
97,1
98,1
99,1
100,1
101,1
102,1
103,1
104,1
105,1
106,1
107,1
108,1
109,1
110,1
111,1
112,1
113,1
114,1
115,1
116,1
117,1
118,1
119,1
120,1
121,1
122,1
123,1
124,1
125,1
126,1
127,1
128,1
129,1
130,1
131,1
132,1
133,1
134,1
135,1
136,1
137,1
138,1
139,1
140,1
141,1
142,1
143,1
144,1
145,1
146,1
166mm63 on Instagram,1
26on26,2
absinthe,1
adks,1
adventuresofrobandkyndra,2
alchemyandatwist,5
alcohol,2
amari,5
amaro,15
amarococktails,4
amarodiangostura,8
amaromontenegro,2
americano,3
andreasttoft,4
angelsclubminsk,4
angelsenvy,2
angostura,7
angosturaaromaticbitters,4
angosturabitters,7
anselmkiefer,3
anticaformula_official,1
aperitivo,3
appuntamentoyes,3
aromaticbitters,2
art,3
artfuel,3
artisandrinks,4
artist,1
bar,13
barcasanostra,8
barlife,2
barlumeudine,6
barman,1
barsweethome,8
barsweetmanhattan,4
barsweetrye,4
bartechniques,4
bartender,14
bartenderchoice,2
bartenderlife,12
bartenderlove,3
bartendersofinstagram,2
bartenderstyle,4
bastillewhiskey,2
beer,2
belsazar,3
belsazarred,3
berrettodanotte,4
birthday,2
bittercubebar,3
bitterisbetter,1
bitters,8
blackandbluealbum,1
blackbird,1
blackstraprum,2
boozeporn,4
bostonma,3
bourbon,4
bourboncocktails,3
bowandhammer,2
brendansando,3
broadwaymasala,2
brunch,3
bulleitbourbon,10
bursters,3
carlosantonorsi,2
carpano,3
carpano230,1
carpanoantica,2
casoni,1
celebrations,2
cfernandezdc,2
chambersundays,1
champagne,2
cheers,6
chef,2
cherrybitters,3
chicago,1
china,3
chipanddale,3
cigar,2
cinzano,3
class,4
classiccocktail,4
classicdrinks,4
clearice,4
cocchi,7
cocktail,32
cocktailathome,3
cocktailatstarbucks,3
cocktailbar,11
cocktailbartender,4
cocktailgram,4
cocktailhour,8
cocktaillovers,4
cocktailoclock,4
cocktailoftheday,4
cocktailporn,7
cocktailrecipe,6
cocktailrecipes,4
cocktails,56
cocktailsaturdaiz,2
cocktailsnight,3
cocktailsofinstagram,5
cocktails🍸,7
cocktails🍹,4
cocktails🥃,3
cocktailwelly,4
coffeeinfused,2
competition,1
craftcocktail,2
craftcocktails,5
craftedmixology,2
cruzan,2
cup,2
dailycocktail,4
dani_burgosh,1
danmatthews,6
danmatthewsdan,3
datenight,2
daythree,2
diageo,3
differnet,1
dockdays,1
dolin,4
dolinrouge,4
dram,2
drink,16
drinklocal,4
drinkoftheday,4
drinks,23
drinksofinstagram,9
drinksragram,4
drinkstagram,12
drinksyndikat,3
drinkup,5
drjekyllandmrhyde,1
dryvermouth,3
easyandcompany,1
eatlocal,4
eckers1,3
eddie.lo,2
edinburgh,2
esprit_rezin,4
fancyvermouthdrink,2
fancywhiskeydrink,2
farmington,2
farmtotable,4
fbf,1
fernetaboutit,1
fernetlover,1
finaleligure,1
finearts,1
finedining,2
food,2
foodblogging,3
foodofinstagram,4
fourseasonshotel,1
fratellibranca,2
free,3
freetasting,3
freighthousedrinks,4
freighthousefood,4
garnish,2
gbrmlnr.thepig,3
genova,1
getinmybelly,2
gettingtoknowyou,1
getyourdrankon,4
graphic,6
grind,1
hangarbicocca,3
happycamper,2
happyhour,1
havanabar,2
havanabarwellington,6
hellespont_alhambra,1
hellomilan,3
hershey,4
holidays,2
homebar,17
homebartender,12
homebartending,4
homemadebitters,5
homemadecocktails,4
homemadedrink,4
homemadedrinks,4
homemixology,3
hospo,2
hospolife,2
houseofangostura,4
how2drink,4
ig_italia,3
igerslombardia,3
igersmilano,3
ilmiobarpersempre,4
ilovemilano,3
imbibe,15
imbibegram,2
imperfecteric,3
indianfood,1
inlombardia,3
instadram,2
instadrink,6
instadrinks,7
instagood,2
instawhisky,2
instylemagazine,3
inunafotografia,3
inunoscatto,3
irvspub,4
isettepalazzicelesti,3
italian,4
italy,2
itsbeenawhile,3
jamaicanrum,3
jamaicarum,3
jcarver,3
jdietz_74,4
joellebarake,6
jumpsuit,1
karanewman,4
kuchekup,1
kyndra_v,2
lafayettesquare,2
lamoka,3
leeds,3
leedscocktails,3
libation,2
liqueur,5
liquidlunch,1
london,6
love,2
lowabv,4
ls.litto,3
luca__goffredo__91,1
luxardo,4
luxardocherries,4
malt,2
manhattan,46
manhattancocktail,12
manhattanriff,4
maraschinocherries,4
markcareaga on Insta,3
marlborough,2
marlboroughchardonnay,2
martinborough,2
martinboroughpinotnoir,2
martini,4
martinirosso,4
mattsmithysmith,3
metropolis,3
mezcal,4
michelin,2
michters,4
michtersbarrelstrengthrye,4
michtersrye,4
michterswhiskey,4
milan,3
milano,3
milano_cartoline,3
milanoaplacetobe,3
milanocityofficial,3
milanodavivere,3
minnesota,2
mint,1
missyelliott,2
misterbitters,3
mixologist,4
mixology,18
mixologyguide,2
modernclassics,4
mokat1976 on Instagr,3
mondayscocktail,3
montenegro,2
mychicagopix,1
mymilan,3
myownwhiskeybar,3
n.kalinichenko,3
nightcap,7
nitecapnyc,1
nofilter,1
norcalcigars,4
norules,4
nye2015,4
nye2018,1
offal,2
oldoverholt,2
orangebitters,2
padrovermouth,2
pe770brother,3
photo,2
photography,2
pirellihangarbicocca,3
politesociety,2
pretty,2
profiles,1
prost,4
puntemes,3
puntemes_it,3
question,1
raquettelake,1
redwoodcity,1
repealday,2
repost,3
reversemanhattan,123
rosa,3
rotundabrewpub,4
rum,18
rumhattan,3
rye,13
ryewhiskey,8
scotch,2
scotchwhisky,2
scotland,2
seafood,1
settetorri,3
sewingjuice,3
shockinglyunique,1
shotz_of_lombardia,3
singlemalt,2
singlemaltwhisky,2
sipsip,4
smoked,2
smokeddrink,2
smokylovecocktail,3
sophianecampbell,3
staggerleebar,3
staggerleebeeroldfashioned,3
stagrestis,3
stagrestisamaro,3
starbucksreserveroastery,3
stilllife,6
stilllifephotography,6
stirrednotshaken,2
stl_whiskeyguardian,2
strangerdrinks,4
studiophotography,6
studiousrex,2
style,4
sundayfunday,3
susandjones27 on Ins,3
sweetvermouth,10
tapas,2
tasting,3
tasty,2
teamtenzin,3
thanksderrick,1
thebartenderchoice,1
thebartendershandshake,1
thecocktail.blog,2
thedawsonbeverageacademy,4
thedawsonchi,4
theinkcreative,3
tigermountaintails,2
tinahdee,3
tisdel_subzerowolf,4
trevor.michel,3
turistipercaso,3
urbanbar,1
urbanbaruk,1
vancouver,1
vandv,3
vermouth,19
vermouthditorino,1
vermouthrosso,3
viceandvirtue,3
viceandvirtueleeds,3
vintage,3
violin,1
violinist,1
vittoriacaffe,1
vittoriacaffefinaleligure,1
vivomilano,3
vodka,2
volgomilano,3
walteriuliucci_barte,2
wednesday,3
weeflowers,3
wellyonaplate,2
whiskey,10
whiskeyforward,1
whiskeygram,3
whisky,1
whiskygram,2
whiskylovers,2
whiskyporn,2
wildturkey,3
willett,4
wine,2
winter,2
wiscocktail,1
writing,3
yew,1
yum,2
élevé,1
барминск,4
гдемойбульдэ,3
коктейль,4
ресторан,4
ресторанминск,4
🍸,1
