{"title": "Aristocrat", "img": "https:////cdn.liquor.com/wp-content/uploads/2015/12/17144355/The-Return-of-the-Kir-Royale-kir-royale-720x720-recipe.jpg", "ingredients_key": ["Red burgundy", "Strawberry syrup*", "Pimms", "Champagne", "Garnish", "Glass"], "ingredients_value": ["1 1⁄2 oz", "1 oz", "1⁄2", "None", "Lemon twirl or grated nutmeg", "Flute"], "recipe": ["Combine all ingredients except for Champagne ahead of time and chill in refrigerator.", "Pour into a flute and top with the Champagne.", "Garnish with a lemon twirl or scrape of nutmeg."], "profile_key": ["Flavor", "Base Spirit", "Cocktail Type", "Served", "Preparation", "Strength", "Difficulty", "Hours", "Brands"], "profile_value": [["Bubbly", "Sweet"], ["Liqueurs"], ["Modern Classics"], ["Neat/Up"], ["Poured"], ["Medium"], ["Simple"], ["Afternoon", "Evening", "Morning/Brunch"], ["None"]]}