{"title": "Ascot", "img": "https:////cdn.liquor.com/wp-content/uploads/2014/04/15090844/the-ascot-720-720-article.jpg", "ingredients_key": ["Ultimat vodka", "Pierre Ferrand Ambre Cognac", "Carpano Antica formula vermouth", "Dolin dry vermouth", "Glass"], "ingredients_value": ["1 oz", "1 oz", "1⁄2 oz", "1⁄2 oz", "Coupe"], "recipe": ["Add all the ingredients to a mixing glass and fill with ice.", "Stir, and strain into a chilled coupe glass."], "profile_key": ["Flavor", "Base Spirit", "Cocktail Type", "Served", "Preparation", "Strength", "Difficulty", "Hours", "Brands"], "profile_value": [["Spirit-forward"], ["Cognac", "Vodka"], ["Modern Classics"], ["Neat/Up"], ["Stirred"], ["Strong"], ["Medium"], ["Evening"], ["Carpano Antica", "Dolin", "Pierre Ferrand", "Ultimat"]]}