{"title": "BentonsOldFashioned", "img": "https:////cdn.liquor.com/wp-content/uploads/2018/08/14074619/bentons-old-fashioned-720x720-recipe.jpg", "ingredients_key": ["Fat-washed Four Roses bourbon*", "Grade B maple syrup", "Angostura bitters", "Garnish", "Glass"], "ingredients_value": ["2 oz", "1⁄4 oz", "2 dashes", "Orange peel", "Rocks glass"], "recipe": ["Add all the ingredients into a mixing glass and stir.", "Strain into a rocks glass with one large ice cube.", "Express the oil of an orange peel over the cocktail and drop in the peel."], "profile_key": ["Flavor", "Base Spirit", "Cocktail Type", "Served", "Preparation", "Strength", "Difficulty", "Hours", "Brands"], "profile_value": [["Salty/Savory"], ["Bourbon / American Whiskey", "Whiskey"], ["Modern Classics"], ["On the Rocks"], ["Stirred"], ["Medium"], ["Complicated"], ["Evening"], ["Angostura", "Four Roses"]]}