{"title": "BloodyKirby", "img": "https:////cdn.liquor.com/wp-content/uploads/2019/05/08132244/bloody-kirby-720x720-recipe.jpg", "ingredients_key": ["Grey Goose Le Citron vodka", "Kirby cucumber slice, peeled", "Tabasco sauce", "Dry vermouth", "Tomato juice", "Garnish", "Glass"], "ingredients_value": ["1 1⁄2 oz", "1 1⁄2", "1 dash", "1⁄4 oz", "1 1⁄2 oz", "Kirby cucumber spear", "Rocks"], "recipe": ["In a shaker, muddle the vodka, cucumber, Tabasco and vermouth.", "Strain into a rocks glass filled with ice.", "Top with the tomato juice and garnish with a Kirby cucumber spear."], "profile_key": ["Flavor", "Base Spirit", "Cocktail Type", "Served", "Preparation", "Strength", "Difficulty", "Hours", "Brands"], "profile_value": [["Salty/Savory"], ["Vermouth / Aperitif Wine", "Vodka"], ["Modern Classics"], ["On the Rocks"], ["None"], ["Medium"], ["Complicated"], ["Morning/Brunch"], ["Grey Goose"]]}