{"title": "BlowJob", "img": "https:////cdn.liquor.com/wp-content/uploads/2016/12/22114129/Blow-Job-Shot-720x720-recipe.jpg", "ingredients_key": ["Amaretto liqueur", "Irish cream liqueur", "Whipped cream", "Glass"], "ingredients_value": ["1⁄2 oz", "1⁄5 oz", "None", "Shot"], "recipe": ["In a shot glass, slowly pour the amaretto, then the Irish cream, and top it with the whipped cream without mixing. "], "profile_key": ["Flavor", "Base Spirit", "Cocktail Type", "Served", "Preparation", "Strength", "Difficulty", "Hours", "Brands"], "profile_value": [["Creamy", "Sweet"], ["Amaretto"], ["Modern Classics", "Shots"], ["Neat/Up"], ["Poured"], ["Medium"], ["Simple"], ["Evening"], ["None"]]}