{"title": "Boulevardier", "img": "https:////cdn.liquor.com/wp-content/uploads/2019/09/12094720/Boulevardier-720x720-recipe.jpg", "ingredients_key": ["Bourbon or rye", "Campari", "Sweet vermouth", "Garnish", "Glass"], "ingredients_value": ["1 1⁄4 oz", "1 oz", "1 oz", "Orange peel", "Rocks"], "recipe": ["Add all ingredients into a mixing glass with ice and stir until chilled.", "Strain into a rocks glass over fresh ice.", "Garnish with an orange peel."], "profile_key": ["Flavor", "Base Spirit", "Cocktail Type", "Served", "Preparation", "Strength", "Difficulty", "Hours", "Brands"], "profile_value": [["Spirit-forward", "Sweet"], ["Bourbon / American Whiskey"], ["Classics"], ["Neat/Up"], ["Stirred"], ["Medium"], ["Medium"], ["Evening"], ["Bulleit", "Campari"]]}