{"title": "BourbonManhattan", "img": "https:////cdn.liquor.com/wp-content/uploads/2019/11/05105913/manhattan-720-720-recipe.jpg", "ingredients_key": ["Bourbon", "Italian sweet vermouth", "Angostura bitters", "Garnish", "Glass"], "ingredients_value": ["2 oz", "1 oz", "2 dashes", "Cherry ", "Cocktail"], "recipe": ["Add all the ingredients into a mixing glass with ice and stir.", "Strain into a chilled cocktail glass.", "Garnish with a cherry.", "(If you prefer a dry Manhattan, use dry vermouth instead of sweet and garnish with a lemon twist.)."], "profile_key": ["Flavor", "Base Spirit", "Cocktail Type", "Served", "Preparation", "Strength", "Difficulty", "Hours", "Brands"], "profile_value": [["Spirit-forward"], ["Bourbon / American Whiskey"], ["Classics"], ["Neat/Up"], ["Stirred"], ["Strong"], ["Medium"], ["Aperitif", "Dinner/Paired with food", "Evening"], ["Bulleit"]]}