{"title": "BourbonStrawberryIcedTea", "img": "https:////cdn.liquor.com/wp-content/uploads/2018/06/04100618/bourbon-strawberry-iced-tea-720x720-article.jpg", "ingredients_key": ["Large fresh strawberries (sliced into quarters)", "Fresh lemon juice", "Rich simple syrup (2 parts sugar, 1 part water)", "Bourbon", "Unsweetened iced tea, to top", "Garnish", "Glass"], "ingredients_value": ["2", "1 oz", "3⁄4 oz", "2 oz", "None", "Mint sprig", "Collins"], "recipe": ["Add the strawberries and lemon juice into a mixing glass and gently muddle.", "Add the syrup and bourbon, fill the glass with ice, and shake until well-chilled.", "Strain into a Collins glass over fresh ice.", "Top with unsweetened iced tea.", "Garnish with a mint sprig and skewered blueberries and strawberries."], "profile_key": ["Flavor", "Base Spirit", "Cocktail Type", "Served", "Preparation", "Strength", "Difficulty", "Hours", "Brands"], "profile_value": [["Fruity/Citrus-forward", "Sweet"], ["Bourbon / American Whiskey", "Whiskey"], ["Modern Classics"], ["On the Rocks"], ["Shaken"], ["Medium"], ["Medium"], ["Afternoon"], ["George Dickel"]]}