{"title": "BourbonOldFashioned", "img": "https:////cdn.liquor.com/wp-content/uploads/2018/05/08113350/bourbon-old-fashioned-720x720-recipe.jpg", "ingredients_key": ["Sugar", "Angostura bitters", "Water", "Bourbon", "Garnish", "Glass"], "ingredients_value": ["1⁄2 tsp", "3 dashes", "1 tsp", "2 oz", "Orange peel", "Rocks"], "recipe": ["Add the sugar, bitters and water into a rocks glass, and stir until sugar is nearly dissolved.", "Fill the glass with large ice cubes, add the bourbon, and gently stir to combine the flavors.", "Express the oil of an orange peel over the glass, then drop in."], "profile_key": ["Flavor", "Base Spirit", "Cocktail Type", "Served", "Preparation", "Strength", "Difficulty", "Hours", "Brands"], "profile_value": [["Spirit-forward", "Sweet"], ["Bourbon / American Whiskey", "Whiskey"], ["Classics"], ["On the Rocks"], ["None"], ["Medium"], ["Medium"], ["Afternoon", "Evening"], ["Wild Turkey 101"]]}