{"title": "BourbonLift", "img": "https:////cdn.liquor.com/wp-content/uploads/2019/11/05120858/bourbon-lift-720-720-recipe.jpg", "ingredients_key": ["Bourbon", "Heavy cream", "House Spirits coffee liqueur", "Orgeat", "Club soda, to top", "Glass"], "ingredients_value": ["1 1⁄2 oz", "1⁄2 oz", "1⁄2 oz", "1⁄2 oz", "None", "Collins"], "recipe": ["Add all ingredients except the club soda into a shaker with ice and shake for 10 seconds.", "Double-strain into a Collins glass.", "Fill with the club soda, pouring from about 6 inches above the glass.", "Wait a few seconds and then add another splash of soda. This will lift the foam above the top of the glass.", "Serve with a straw."], "profile_key": ["Flavor", "Base Spirit", "Cocktail Type", "Served", "Preparation", "Strength", "Difficulty", "Hours", "Brands"], "profile_value": [["Bubbly", "Creamy", "Sweet"], ["Bourbon / American Whiskey"], ["Modern Classics"], ["Neat/Up"], ["Shaken"], ["Medium"], ["Medium"], ["Afternoon", "Digestif", "Dinner/Paired with food", "Evening"], ["Bulleit", "House Spirits"]]}