{"title": "Bramble", "img": "https:////cdn.liquor.com/wp-content/uploads/2016/09/16091143/bramble-720x720-recipe.jpg", "ingredients_key": ["Gin", "Freshly squeezed lemon juice", "Simple syrup", "Creme de mure", "Garnish", "Glass"], "ingredients_value": ["2 oz", "1 oz", "2 barspoons", "1⁄2 oz", "Lemon half-wheel", "Old Fashioned"], "recipe": ["Add the gin, lemon juice and simple syrup into a shaker with ice and shake.", "Fine-strain into an Old Fashioned glass over crushed ice.", "Lace over top with the creme de mure.", "Garnish with a lemon half-wheel and a fresh blackberry."], "profile_key": ["Flavor", "Base Spirit", "Cocktail Type", "Served", "Preparation", "Strength", "Difficulty", "Hours", "Brands"], "profile_value": [["Fruity/Citrus-forward"], ["Gin"], ["Classics"], ["On the Rocks"], ["Shaken"], ["Medium"], ["Simple"], ["Afternoon", "Evening"], ["None"]]}