{"title": "CloverClub", "img": "https:////cdn.liquor.com/wp-content/uploads/2012/02/06130257/clover-club-720x720-article.jpg", "ingredients_key": ["Gin", "Egg white", "Fresh lemon juice", "Raspberry syrup*", "Garnish", "Glass"], "ingredients_value": ["2 oz", "1", "1⁄2 oz", "1⁄2 oz", "Raspberries", "Cocktail"], "recipe": ["Add all the ingredients into a shaker with ice and shake.", "Strain into a chilled cocktail glass.", "Garnish with 3 speared raspberries.", "*Instead of raspberry syrup, you can muddle 3 or 4 fresh raspberries and 1/2 oz simple syrup (1 part sugar, 1 part water)."], "profile_key": ["Flavor", "Base Spirit", "Cocktail Type", "Served", "Preparation", "Strength", "Difficulty", "Hours", "Brands"], "profile_value": [["Fruity/Citrus-forward", "Sour", "Sweet"], ["Gin"], ["Classics"], ["Neat/Up"], ["Shaken"], ["Medium"], ["Medium"], ["Evening", "Morning/Brunch"], ["None"]]}