{"title": "Cobra'sFang", "img": "https:////cdn.liquor.com/wp-content/uploads/2017/01/05094928/cobras-fang-720x720-recipe.jpg", "ingredients_key": ["Dark Jamaican rum", "151-proof demerara rum", "Freshly Squeezed Lime Juice", "Falernum", "Freshly squeezed orange juice", "Fassionola syrup", "Angostura bitters", "Grenadine*", "Herbsaint liqueur", "Garnish", "Glass"], "ingredients_value": ["1⁄2 oz", "1⁄2 oz", "1⁄2 oz", "1⁄2 oz", "1⁄2 oz", "1⁄4 oz", "1 dash", "1 dash", "1 dash", "Mint leaf", "Highball or tall Tiki mug"], "recipe": ["Blend all of the ingredients with 6 oz of crushed ice for 5 seconds, and pour into a highball glass or tall Tiki mug.", "Garnish with a mint leaf and lime wheel."], "profile_key": ["Flavor", "Base Spirit", "Cocktail Type", "Served", "Preparation", "Strength", "Difficulty", "Hours", "Brands"], "profile_value": [["Fruity/Citrus-forward"], ["Rum"], ["Classics"], ["Frozen"], ["Blended"], ["Medium"], ["Medium"], ["Afternoon"], ["Angostura"]]}