{"title": "DalesRainbowPlantersPunch", "img": "https:////cdn.liquor.com/wp-content/uploads/2017/05/31140445/11-Essential-Cocktails-for-your-June-Parties-dales-rainbow-planters-punch-720x720-slideshow.jpg", "ingredients_key": ["Myers's dark rum", "Appleton white rum", "Orange curacao", "Fresh orange juice", "Pineapple juice", "Simple syrup", "St. Elizabeth allspice dram", "Fresh lime juice", "Grenadine", "Angostura bitters", "Garnish", "Glass"], "ingredients_value": ["5 oz", "5 oz", "3 oz", "6 oz", "6 oz", "3 oz", "1⁄2 oz", "3 oz", "3 oz", "1 tbsp", "Pineapple slices", "Punch or goblet"], "recipe": ["Combine all ingredients in a large pitcher or bowl.", "Before serving, shake individual drinks in a shaker with ice and strain into punch cups or large goblets filled three-quarters of the way with ice.", "Garnish each drink with pineapple, orange and lime slices."], "profile_key": ["Flavor", "Base Spirit", "Cocktail Type", "Served", "Preparation", "Strength", "Difficulty", "Hours", "Brands"], "profile_value": [["Fruity/Citrus-forward", "Sweet"], ["Rum"], ["Punches", "Tiki / Tropical"], ["On the Rocks"], ["Shaken"], ["Medium"], ["Medium"], ["Afternoon", "Dinner/Paired with food", "Evening"], ["Appleton Estate", "Myers's", "St. Elizabeth"]]}