{"title": "DeadbeatDaiquiri", "img": "https:////cdn.liquor.com/wp-content/uploads/2016/09/14125340/Deadbeat-Daiquiri-720x720-recipe.jpg", "ingredients_key": ["Cana Brava 7-year-old grand reserve aneja rum", "lychee nuts, shelled (drained if canned)", "Freshly Squeezed Lime Juice", "Simple syrup", "Maraschino liqueur", "Rhum Clement Mahina Coco liqueur", "Fee Brothers Aztec chocolate bitters", "Garnish", "Glass"], "ingredients_value": ["2 oz", "4 whole", "1 oz", "1⁄2 oz", "1⁄2 oz", "1⁄4 oz", "1 dash", "Edible orchid", "Cocktail Kingdom Pearl Diver"], "recipe": ["Blend all of the ingredients in a blender with 1.5 cups crushed ice for up to 20 seconds until frapped.", "Pour unstrained into a Cocktail Kingdom Pearl Diver glass, and garnish with an edible orchid, pineapple wedge and straw."], "profile_key": ["Flavor", "Base Spirit", "Cocktail Type", "Served", "Preparation", "Strength", "Difficulty", "Hours", "Brands"], "profile_value": [["Fruity/Citrus-forward"], ["Rum"], ["Frozen / Blended"], ["Frozen"], ["Blended"], ["Medium"], ["Medium"], ["Afternoon"], ["Cana Brava", "Fee Brothers", "Rhum Clement"]]}