{"title": "DiamondDistrict", "img": "https:////cdn.liquor.com/wp-content/uploads/2019/01/14090634/diamond-district-720x720-recipe.jpg", "ingredients_key": ["Carpano Antica Formula vermouth", "Sancho-pepper-infused Wild Turkey 101 rye whiskey*", "Scrappys lime bitters", "Garnish", "Glass"], "ingredients_value": ["2 oz", "1 oz", "2 dashes", "Lemon twist", "Coupe"], "recipe": ["Add all ingredients into a mixing glass with ice and stir until well-chilled.", "Strain into a chilled coupe.", "Garnish with a lemon twist.", "*Sancho-pepper-infused Wild Turkey 101 rye whiskey: Infuse 4 grams of sancho peppers in a 750 mL bottle of Wild Turkey 101 rye whiskey for 1 hour. Strain out solids and adjust with more rye if necessary for desired taste."], "profile_key": ["Flavor", "Base Spirit", "Cocktail Type", "Served", "Preparation", "Strength", "Difficulty", "Hours", "Brands"], "profile_value": [["Spirit-forward"], ["Vermouth / Aperitif Wine"], ["Modern Classics"], ["Neat/Up"], ["Stirred"], ["Strong"], ["Medium"], ["Evening"], ["carpano", "Scrappy's", "Wild Turkey"]]}