{"title": "DIYPinkGinCocktail", "img": "https:////cdn.liquor.com/wp-content/uploads/2017/01/13090111/Pink-Gins-Is-Exactly-What-to-Drink-for-Valentines-Day-720x720-article.jpg", "ingredients_key": ["London dry or Old Tom gin", "Angostura bitters", "Garnish", "Glass"], "ingredients_value": ["2 oz", "4 dashes", "Lime peel", "Coupe"], "recipe": ["Dash the bitters into a chilled coupe. Gently tip the glass and rotate it to coat the inside of the glass. Pour out the excess bitters.", "Stir the gin in a mixing glass with ice, then strain into the prepared glass.", "Garnish with a curl of lime peel."], "profile_key": ["Flavor", "Base Spirit", "Cocktail Type", "Served", "Preparation", "Strength", "Difficulty", "Hours", "Brands"], "profile_value": [["Spirit-forward"], ["Gin"], ["Classics"], ["Neat/Up"], ["Stirred"], ["Strong"], ["Simple"], ["Afternoon", "Evening"], ["Angostura Bitters"]]}