{"title": "DryMartini", "img": "https:////cdn.liquor.com/wp-content/uploads/2018/09/05093330/dry-martini-720x720-recipe.jpg", "ingredients_key": ["Gin", "Dry vermouth", "Orange bitters", "Garnish", "Glass"], "ingredients_value": ["2 1⁄2 oz", "1⁄2 oz", "1 dash", "Lemon twist", "Cocktail"], "recipe": ["Add all the ingredients into a mixing glass with ice and stir until very cold.", "Strain into a chilled cocktail glass.", "Garnish with a lemon twist."], "profile_key": ["Flavor", "Base Spirit", "Cocktail Type", "Served", "Preparation", "Strength", "Difficulty", "Hours", "Brands"], "profile_value": [["Spirit-forward"], ["Gin", "Vermouth / Aperitif Wine"], ["Classics", "Martinis"], ["Neat/Up"], ["Stirred"], ["Strong"], ["Medium"], ["Dinner/Paired with food", "Evening"], ["None"]]}