{"title": "Eggnog", "img": "https:////cdn.liquor.com/wp-content/uploads/2017/11/06162327/eggnog-720x720-recipe.jpg", "ingredients_key": ["Eggs, separated", "Sugar, divided", "Heavy cream", "Whole milk", "Rum, bourbon or brandy", "Garnish", "Glass"], "ingredients_value": ["2", "1⁄4 cup", "4 oz", "10 oz", "4 oz", "Grated nutmeg", "Rocks glass, punch or tea cup"], "recipe": ["In a large bowl, beat together egg yolks and sugar until fluffy.", "Stir in milk, heavy cream and spirit of choice.", "In a separate bowl, beat egg whites until soft peaks form.", "Fold egg whites into yolk mixture.", "Serve in a rocks glass, punch or tea cup.", "Garnish with freshly grated nutmeg."], "profile_key": ["Flavor", "Base Spirit", "Cocktail Type", "Served", "Preparation", "Strength", "Difficulty", "Hours", "Brands"], "profile_value": [["Creamy", "Sweet"], ["Bourbon / American Whiskey", "Rum"], ["Classics"], ["Neat/Up"], ["Stirred"], ["Medium"], ["Medium"], ["Evening", "Nightcap"], ["None"]]}