{"title": "Emerald", "img": "https:////cdn.liquor.com/wp-content/uploads/2016/05/11085632/emerald.jpg", "ingredients_key": ["Irish whiskey", "Sweet Italian vermouth", "Orange bitters", "Garnish", "Glass"], "ingredients_value": ["2 oz", "1 oz", "1 dash", "Orange peel", "Cocktail"], "recipe": ["Stir the whiskey, vermouth and bitters with cracked ice for 30 seconds, then strain into a chilled cocktail glass and garnish with an orange peel."], "profile_key": ["Flavor", "Base Spirit", "Cocktail Type", "Served", "Preparation", "Strength", "Difficulty", "Hours", "Brands"], "profile_value": [["Bitter", "Spirit-forward"], ["Irish Whiskey"], ["Modern Classics"], ["Neat/Up"], ["Stirred"], ["Strong"], ["Simple"], ["Evening"], ["None"]]}