{"title": "Fennel75", "img": "https:////cdn.liquor.com/wp-content/uploads/2015/12/21081130/fennel-75-720x720-recipe.jpg", "ingredients_key": ["Don Julio blanco tequila", "Ciccio E Figli Finocchietto liqueur", "Fresh lime juice", "Raw honey syrup", "Orange bitters", "Sparkling wine", "Garnish", "Glass"], "ingredients_value": ["3⁄4 oz", "3⁄4 oz", "1⁄4 oz", "1⁄4 oz", "1 dash", "None", "Fennel frond", "Flute"], "recipe": ["Add all ingredients except sparkling wine to a shaker with ice.", "Shake, and strain into a flute over ice.", "Top with sparkling wine and garnish with a fennel frond."], "profile_key": ["Flavor", "Base Spirit", "Cocktail Type", "Served", "Preparation", "Strength", "Difficulty", "Hours", "Brands"], "profile_value": [["Bitter", "Bubbly"], ["Tequila"], ["Modern Classics"], ["Neat/Up"], ["Shaken"], ["Light"], ["Medium"], ["Afternoon", "Dinner/Paired with food", "Evening"], ["Ciccio E Figli", "don julio"]]}