{"title": "FrenchMartini", "img": "https:////cdn.liquor.com/wp-content/uploads/2018/01/29145229/french-martini-720x720-recipe.jpg", "ingredients_key": ["Vodka", "Pineapple juice", "Creme de cassis liqueur", "Glass"], "ingredients_value": ["2 oz", "1 3⁄4 oz", "1⁄4 oz", "Cocktail"], "recipe": ["Add all the ingredients into a shaker with ice and shake.", "Fine-strain into a chilled cocktail glass."], "profile_key": ["Flavor", "Base Spirit", "Cocktail Type", "Served", "Preparation", "Strength", "Difficulty", "Hours", "Brands"], "profile_value": [["Fruity/Citrus-forward", "Sour", "Sweet"], ["Vodka"], ["Martinis"], ["Neat/Up"], ["Shaken"], ["Strong"], ["Medium"], ["Aperitif", "Evening"], ["None"]]}