{"title": "Frohito", "img": "https:////cdn.liquor.com/wp-content/uploads/2013/07/Frohito.jpg", "ingredients_key": ["Mint syrup", "Light Virgin Islands rum", "Lime juice", "Crushed ice (about 2.25 cups)", "Garnish", "Glass"], "ingredients_value": ["1 oz", "4 oz", "1 oz", "18 oz", "1 Mint sprig", "Cocktail"], "recipe": ["Add .25 ounce of the Mint Syrup to each of two chilled cocktail glasses and set aside.", "Add the rum, lime juice and ice to a blender and blend until a uniform frappe consistency.", "Divide the mixture evenly between the two glasses and top each with an additional .25 ounce of the Mint Syrup.", "Garnish each glass with a mint sprig."], "profile_key": ["Flavor", "Base Spirit", "Cocktail Type", "Served", "Preparation", "Strength", "Difficulty", "Hours", "Brands"], "profile_value": [["Fruity/Citrus-forward", "Sweet"], ["Rum"], ["Frozen / Blended"], ["Frozen"], ["Blended"], ["Medium"], ["Complicated"], ["Afternoon", "Evening"], ["None"]]}