{"title": "Frose", "img": "https:////cdn.liquor.com/wp-content/uploads/2017/06/06113810/froze-720-720-recipe.jpg", "ingredients_key": ["Rose (750mL, something full-bodied and dark in color, such as a pinot noir or merlot-based rose)", "Simple syrup", "Aperol", "Fresh lemon juice", "Garnish", "Glass"], "ingredients_value": ["1 bottle", "1⁄3 cup", "1 oz", "1 oz", "Lemon twist", "Coupe"], "recipe": ["Pour the rose into a 13 x 9 baking pan, and place in the freezer for up to 6 hours or until almost solid.", "Remove the mixture and scrape into a blender, chopping up the larger icy bits.", "Add the remaining ingredients along with 3/4 cup crushed ice to the blender, and puree until thickened.", "Divide evenly into coupe glasses.", "Garnish with lemon twists."], "profile_key": ["Flavor", "Base Spirit", "Cocktail Type", "Served", "Preparation", "Strength", "Difficulty", "Hours", "Brands"], "profile_value": [["Fruity/Citrus-forward"], ["Wine"], ["Frozen / Blended"], ["Frozen"], ["Blended"], ["Light"], ["Medium"], ["Afternoon"], ["Aperol"]]}