{"title": "GoldRush", "img": "https:////cdn.liquor.com/wp-content/uploads/2018/10/12140014/gold-rush-720x720-recipe.jpg", "ingredients_key": ["Bourbon", "Honey syrup*", "Fresh lemon juice", "Garnish", "Glass"], "ingredients_value": ["2 oz", "1 oz", "3⁄4 oz", "Lemon peel", "Rocks"], "recipe": ["Add all the ingredients into a shaker with ice and shake for 30 seconds.", "Strain into a chilled rocks glass with one large ice cube.", "Garnish with a lemon peel.", "*Honey syrup: Add 1/2 cup honey and 1/2 cup water to a small saucepan over medium heat. (You can experiment and decide how much of a honey flavor you want in your syrup. The more honey you use, the thicker the syrup and stronger in flavor it will be.) Stir until blended. Strain into a jar and seal tightly with a lid. Will keep for 1 month in the refrigerator."], "profile_key": ["Flavor", "Base Spirit", "Cocktail Type", "Served", "Preparation", "Strength", "Difficulty", "Hours", "Brands"], "profile_value": [["Sour", "Sweet"], ["Bourbon / American Whiskey", "Whiskey"], ["Modern Classics"], ["Large Ice Cube"], ["Shaken"], ["Medium"], ["Medium"], ["Afternoon", "Evening"], ["Booker's", "Wild Turkey"]]}