{"title": "GreenBeast", "img": "https:////cdn.liquor.com/wp-content/uploads/2016/06/24121053/11-Essential-Cocktails-for-July-Parties-green-beast-720x720-slideshow.jpg", "ingredients_key": ["Pernod absinthe", "Fresh lime juice", "Simple syrup", "Water", "Garnish", "Glass"], "ingredients_value": ["1 oz", "1 oz", "1 oz", "4 oz", "Cucumber slices", "Collins"], "recipe": ["Add all ingredients to a Collins glass with ice.", "Garnish with 4 cucumber slices and stir.", "(This recipe can be multiplied to fill a large punch bowl.)."], "profile_key": ["Flavor", "Base Spirit", "Cocktail Type", "Served", "Preparation", "Strength", "Difficulty", "Hours", "Brands"], "profile_value": [["Sour", "Sweet"], ["Absinthe"], ["Punches"], ["On the Rocks"], ["Stirred"], ["Medium"], ["Simple"], ["Dinner/Paired with food", "Evening"], ["Pernod"]]}