{"title": "GreenMargarita", "img": "https:////cdn.liquor.com/wp-content/uploads/2019/04/24081516/garden-margarita-720x720-recipe.jpg", "ingredients_key": ["Blanco tequila", "Combier", "St-Germain", "Fresh lime juice", "Pea puree", "Garnish", "Glass"], "ingredients_value": ["1 1⁄2 oz", "1⁄2 oz", "1⁄2 oz", "3⁄4 oz", "1 oz", "Lime wheel", "Rocks"], "recipe": ["Add all ingredients into a shaker with ice and shake.", "Strain into a rocks glass over fresh ice.", "Garnish with a lime wheel."], "profile_key": ["Flavor", "Base Spirit", "Cocktail Type", "Served", "Preparation", "Strength", "Difficulty", "Hours", "Brands"], "profile_value": [["Salty/Savory"], ["Tequila"], ["Modern Classics"], ["On the Rocks"], ["Shaken"], ["Medium"], ["Medium"], ["None"], ["Combier", "st. germain"]]}