{"title": "HolidayHooch", "img": "https:////cdn.liquor.com/wp-content/uploads/2018/12/19153006/holiday-hooch-720x720-slideshow.jpg", "ingredients_key": ["Underground moonshine", "Mr. Stacks gingerbread liqueur", "Illy coffee", "Garnish", "Glass"], "ingredients_value": ["3⁄4 oz", "3 oz", "3 oz", "Whipped cream", "Irish Coffee mug"], "recipe": ["Add all ingredients to an Irish Coffee mug and stir gently.", "Garish with whipped cream."], "profile_key": ["Flavor", "Base Spirit", "Cocktail Type", "Served", "Preparation", "Strength", "Difficulty", "Hours", "Brands"], "profile_value": [["Bitter", "Spirit-forward"], ["Liqueurs"], ["Hot"], ["Hot/Warm"], ["Cooked/Heated"], ["Medium"], ["Simple"], ["Evening"], ["Illy", "Mr. Stacks", "Underground"]]}