{"title": "HotToddy", "img": "https:////cdn.liquor.com/wp-content/uploads/2017/11/14112604/hot-toddy-720x720-recipe.jpg", "ingredients_key": ["Boiling water, to fill a mug", "Cloves", "Lemon peel or wheel", "Demerara sugar or brown sugar", "Fresh lemon juice", "Bourbon, rye whiskey, Irish whiskey or scotch", "Glass"], "ingredients_value": ["None", "4", "1", "2 tsp", "1⁄4 oz", "2 oz", "Mug"], "recipe": ["Fill a mug with boiling water and let stand for a minute or two to warm.", "Meanwhile, stick the cloves into the lemon peel or wheel and set aside.", "Empty the mug and fill about halfway with fresh boiling water.", "Add the sugar and stir to dissolve.", "Add the prepared lemon peel or wheel and stir.", "Add the lemon juice and whiskey, and stir again."], "profile_key": ["Flavor", "Base Spirit", "Cocktail Type", "Served", "Preparation", "Strength", "Difficulty", "Hours", "Brands"], "profile_value": [["Sour", "Spirit-forward", "Sweet"], ["Bourbon / American Whiskey", "Irish Whiskey", "Rye Whiskey", "Scotch", "Whiskey"], ["Classics", "Hot"], ["Hot/Warm"], ["Cooked/Heated"], ["Medium"], ["Medium"], ["Evening", "Nightcap"], ["Bulleit"]]}