{"title": "Jell-OShots", "img": "https:////cdn.liquor.com/wp-content/uploads/2016/07/12125901/Jello-Shots-720-square.jpg", "ingredients_key": ["Jell-O or other flavored gelatin (any flavor will work, but do not use unflavored)", "Boiling water", "Vodka or white rum", "Cold water", "Glass"], "ingredients_value": ["3 oz", "8 oz", "4 oz", "4 oz", "Shot"], "recipe": ["In a medium bowl, stir together the Jell-O and boiling water until the Jell-O dissolves.", "Add the vodka or rum and cold water, and stir to combine.", "Pour 1 oz of the mixture into each of 16 shot glasses (small plastic or paper cups will also work) and chill until solid."], "profile_key": ["Flavor", "Base Spirit", "Cocktail Type", "Served", "Preparation", "Strength", "Difficulty", "Hours", "Brands"], "profile_value": [["Sweet"], ["Rum", "Vodka"], ["Classics"], ["None"], ["None"], ["Medium"], ["Medium"], ["Evening"], ["Sobieski"]]}