{"title": "JingleBall", "img": "https:////cdn.liquor.com/wp-content/uploads/2018/11/28085734/jingle-ball-720x720-recipe.jpg", "ingredients_key": ["Pine-infused vodka, chilled*", "Soda water, chilled", "Cranberry juice", "Garnish", "Glass"], "ingredients_value": ["2 oz", "4 oz", "1⁄4 oz", "Pine sprigs", "Large holiday ornament (plastic or drink-safe glass)"], "recipe": ["Fill a small bowl or plate with crushed ice.", "Place a large holiday ornament in the middle of the ice and remove the top.", "Add 2 pine sprigs and 8 fresh cranberries.", "Pour the chilled pine-infused vodka into the ornament.", "Top with the chilled soda water.", "Finish with the cranberry juice.", "Serve with a straw.", "*Pine-infused vodka: Add 3 large pine sprigs into a 750 mL bottle of unflavored vodka, and let sit at room temperature for 24 hours. Strain out sprigs, and store in the freezer indefinitely."], "profile_key": ["Flavor", "Base Spirit", "Cocktail Type", "Served", "Preparation", "Strength", "Difficulty", "Hours", "Brands"], "profile_value": [["Herbaceous", "Sweet"], ["Vodka"], ["Modern Classics"], ["Neat/Up"], ["Poured"], ["Medium"], ["Medium"], ["Evening"], ["None"]]}