{"title": "Kamikaze", "img": "https:////cdn.liquor.com/wp-content/uploads/2019/08/05121040/Kamikaze-720-720-recipe.jpg", "ingredients_key": ["Vodka", "Orange liqueur", "Fresh lime juice", "Glass"], "ingredients_value": ["2 oz", "3⁄4 oz", "3⁄4 oz", "Shot glass"], "recipe": ["Add all the ingredients into a shaker with ice, and shake thoroughly until well-chilled.", "Double-strain into two shot glasses."], "profile_key": ["Flavor", "Base Spirit", "Cocktail Type", "Served", "Preparation", "Strength", "Difficulty", "Hours", "Brands"], "profile_value": [["Fruity/Citrus-forward", "Sour", "Sweet"], ["Vodka"], ["Shots"], ["Neat/Up"], ["Shaken"], ["Medium"], ["Medium"], ["Evening"], ["None"]]}