{"title": "KirRoyale", "img": "https:////cdn.liquor.com/wp-content/uploads/2016/12/21135126/kir-royale-720x720-article.jpg", "ingredients_key": ["Creme de Cassis", "Dry sparkling wine, to top", "Garnish", "Glass"], "ingredients_value": ["1⁄2 oz", "None", "Lemon twist", "Champagne flute"], "recipe": ["Pour the creme de cassis into a Champagne flute.", "Top with the sparkling wine.", "Garnish with a lemon twist."], "profile_key": ["Flavor", "Base Spirit", "Cocktail Type", "Served", "Preparation", "Strength", "Difficulty", "Hours", "Brands"], "profile_value": [["Bubbly"], ["Champagne & Sparkling Wine", "Liqueurs"], ["Classics"], ["Neat/Up"], ["Poured"], ["Light"], ["Simple"], ["Afternoon", "Dinner/Paired with food", "Evening"], ["None"]]}