{"title": "Last-MinuteMulledWine", "img": "https:////cdn.liquor.com/wp-content/uploads/2012/11/04134539/last-minute-mulled-wine-720sq.jpg", "ingredients_key": ["Fruity red wine (such as Beaujolais or syrah)", "Bourbon or brandy", "Star anise pods", "Long strip of lemon or orange peel", "Sugar", "Garnish", "Glass"], "ingredients_value": ["1⁄2 bottle", "2 oz", "2", "1", "1 tsp", "Cinnamon sticks", "Mugs or punch cups"], "recipe": ["Add all ingredients into a small saucepan.", "Cook over low heat until warm (do not boil), remove from heat and let stand for 5-10 minutes.", "Serve in mugs or punch cups.", "Garnish with cinnamon sticks."], "profile_key": ["Flavor", "Base Spirit", "Cocktail Type", "Served", "Preparation", "Strength", "Difficulty", "Hours", "Brands"], "profile_value": [["Spicy", "Sweet"], ["Bourbon / American Whiskey", "Brandy", "Cognac"], ["Classics", "Hot", "Punches"], ["Hot/Warm"], ["Cooked/Heated"], ["Medium"], ["Medium"], ["Evening"], ["Hennessy"]]}