{"title": "MaiTai", "img": "https:////cdn.liquor.com/wp-content/uploads/2018/08/10101652/mai-tai-720x720-recipe.jpg", "ingredients_key": ["Coruba dark Jamaican rum", "Rhum Clement V.S.O.P. Martinique rhum agricole vieux", "Orange curacao", "Latitude 29 Formula orgeat", "Fresh lime juice (keep shell)", "Simple syrup (to taste)", "Garnish", "Glass"], "ingredients_value": ["1 oz", "1 oz", "1⁄2 oz", "1⁄2 oz", "1 oz", "1⁄4 oz", "Lime shell", "Double Old Fashioned"], "recipe": ["Add all the ingredients into a shaker with 2 scoops of crushed ice, and shake well for 10 seconds.", "Pour unstrained into a double Old Fashioned glass.", "Sink the spent lime shell into the drink.", "Garnish with a mint sprig."], "profile_key": ["Flavor", "Base Spirit", "Cocktail Type", "Served", "Preparation", "Strength", "Difficulty", "Hours", "Brands"], "profile_value": [["Fruity/Citrus-forward", "Sweet"], ["Rhum Agricole", "Rum"], ["Tiki / Tropical"], ["On the Rocks"], ["Shaken"], ["Strong"], ["Medium"], ["Afternoon"], ["Clement", "Coruba", "Latitude 29"]]}