{"title": "Manhattan", "img": "https:////cdn.liquor.com/wp-content/uploads/2018/05/10144903/Manhattan-720x720-recipe.jpg", "ingredients_key": ["Bourbon or rye", "Sweet vermouth", "Angostura bitters", "Orange bitters", "Garnish", "Glass"], "ingredients_value": ["2 oz", "1 oz", "2 dashes", "1 dash", "Brandied cherry", "Coupe"], "recipe": ["Add all the ingredients into a mixing glass with ice, and stir until well-chilled.", "Strain into a chilled coupe.", "Garnish with a brandied cherry."], "profile_key": ["Flavor", "Base Spirit", "Cocktail Type", "Served", "Preparation", "Strength", "Difficulty", "Hours", "Brands"], "profile_value": [["Spirit-forward"], ["Bourbon / American Whiskey", "Rye Whiskey", "Whiskey"], ["Classics"], ["Neat/Up"], ["Stirred"], ["Medium"], ["Simple"], ["Evening"], ["Angostura", "Bulleit"]]}