{"title": "Margarita", "img": "https:////cdn.liquor.com/wp-content/uploads/2018/04/23134943/Margarita-720x720-recipe-v2.jpg", "ingredients_key": ["Blanco tequila", "Fresh lime juice", "Orange liqueur", "Agave syrup", "Garnish", "Glass"], "ingredients_value": ["2 oz", "1 oz", "1⁄2 oz", "1⁄2 oz", "Lime wheel", "Rocks glass"], "recipe": ["Add all the ingredients into a shaker with ice, and shake until chilled.", "Strain into the prepared rocks glass over fresh ice.", "Garnish with a lime wheel and kosher salt (optional)."], "profile_key": ["Flavor", "Base Spirit", "Cocktail Type", "Served", "Preparation", "Strength", "Difficulty", "Hours", "Brands"], "profile_value": [["Fruity/Citrus-forward", "Sour"], ["Tequila"], ["Classics", "Margaritas"], ["Neat/Up", "On the Rocks"], ["Shaken"], ["Medium"], ["Medium"], ["Afternoon", "Dinner/Paired with food", "Evening"], ["None"]]}