{"title": "MasterCleanseShot", "img": "https:////cdn.liquor.com/wp-content/uploads/2018/01/10083140/Master-Cleanse-Shot-720x720-article.jpg", "ingredients_key": ["Pisco", "Fresh lemon juice", "Grade-A maple syrup", "Ground cayenne pepper", "Chili powder", "Glass"], "ingredients_value": ["2 oz", "1 oz", "1⁄2 oz", "1 dash", "1 dash", "Tumbler or shot glass"], "recipe": ["Add all the ingredients to a shaker with ice and shake.", "Strain into 2 small tumblers or 2 large shot glasses."], "profile_key": ["Flavor", "Base Spirit", "Cocktail Type", "Served", "Preparation", "Strength", "Difficulty", "Hours", "Brands"], "profile_value": [["Fruity/Citrus-forward", "Spicy", "Sweet"], ["Pisco"], ["Shots"], ["Neat/Up"], ["Shaken"], ["Medium"], ["Medium"], ["Morning/Brunch"], ["None"]]}