{"title": "MoscowMule", "img": "https:////cdn.liquor.com/wp-content/uploads/2017/12/28124459/moscow-mule-720-720-recipe.jpg", "ingredients_key": ["Vodka", "Ginger beer (preferably organic)", "Fresh lime juice", "Garnish", "Glass"], "ingredients_value": ["2 oz", "3 oz", "1 oz", "Lime wheel", "Highball"], "recipe": ["Add all the ingredients to a highball glass filled with ice.", "Garnish with a lime wheel."], "profile_key": ["Flavor", "Base Spirit", "Cocktail Type", "Served", "Preparation", "Strength", "Difficulty", "Hours", "Brands"], "profile_value": [["Sweet"], ["Vodka"], ["Classics"], ["On the Rocks"], ["Stirred"], ["Medium"], ["Simple"], ["Afternoon"], ["None"]]}