{"title": "Negroni", "img": "https:////cdn.liquor.com/wp-content/uploads/2018/05/08110806/negroni-720x720-recipe.jpg", "ingredients_key": ["Gin", "Campari", "Sweet vermouth", "Garnish", "Glass"], "ingredients_value": ["1 oz", "1 oz", "1 oz", "Orange peel", "Rocks"], "recipe": ["Add all the ingredients into a mixing glass with ice, and stir until well-chilled.", "Strain into a rocks glass filled with large ice cubes.", "Garnish with an orange peel."], "profile_key": ["Flavor", "Base Spirit", "Cocktail Type", "Served", "Preparation", "Strength", "Difficulty", "Hours", "Brands"], "profile_value": [["Bitter", "Spirit-forward"], ["Gin", "Liqueurs", "Vermouth / Aperitif Wine"], ["Classics"], ["On the Rocks"], ["Stirred"], ["Strong"], ["Medium"], ["Aperitif", "Evening"], ["None"]]}