{"title": "Paloma", "img": "https:////cdn.liquor.com/wp-content/uploads/2017/11/06095937/paloma-720x720-recipe.jpg", "ingredients_key": ["Tequila", "Fresh lime juice", "Grapefruit soda, to top", "Garnish", "Glass"], "ingredients_value": ["2 oz", "1⁄2 oz", "None", "Lime wheel", "Highball"], "recipe": ["Add the tequila and lime juice to a highball glass filled with ice.", "Fill with grapefruit soda, and stir briefly."], "profile_key": ["Flavor", "Base Spirit", "Cocktail Type", "Served", "Preparation", "Strength", "Difficulty", "Hours", "Brands"], "profile_value": [["Bubbly", "Fruity/Citrus-forward", "Sour", "Sweet"], ["Tequila"], ["Classics"], ["On the Rocks"], ["Stirred"], ["Medium"], ["Simple"], ["Afternoon", "Dinner/Paired with food", "Evening"], ["None"]]}