{"title": "PoncheNavideno", "img": "https:////cdn.liquor.com/wp-content/uploads/2016/11/21072232/Mexican-Ponche-Navideno-720x720-recipe.jpg", "ingredients_key": ["Light rum", "Piloncillo (Mexican-style unrefined brown sugar), grated (or 1 cup packed dark brown sugar)", "Cinnamon sticks", "Whole cloves", "Tamarind paste", "Tart apples, peeled, cored, finely chopped", "Ripe pear, peeled, cored, finely chopped", "Packed raisins or golden raisins", "Dried hibiscus flowers (also known as jamaica or sorrel), tied inside a square of cheesecloth", "Juice of 1 lemon", "Water", "Garnish", "Glass"], "ingredients_value": ["10 oz", "12 oz", "2", "5", "1 tbsp", "2", "1", "1⁄2 cup", "1 cup", "None", "10 cup", "Lemon slice", "Punch glass"], "recipe": ["In a large stockpot, add the water, piloncillo, cinnamon sticks, cloves and tamarind paste, and bring to a boil. Drop to a simmer, and stir to completely dissolve the tamarind paste. Simmer for 15 minutes.", "Add the apples, pear, raisins and hibiscus flowers, and simmer for 15 minutes, until the fruit is soft and raisins are rehydrated.", "Squeeze the remaining liquid out of the cheesecloth packet and discard. Remove the cinnamon sticks and cloves and discard. Stir in the lemon juice and rum.", "Ladle the punch between 12 punch glasses, thinly slice 2 lemons, and garnish each glass with a slice."], "profile_key": ["Flavor", "Base Spirit", "Cocktail Type", "Served", "Preparation", "Strength", "Difficulty", "Hours", "Brands"], "profile_value": [["Fruity/Citrus-forward"], ["Rum"], ["Modern Classics", "Punches"], ["Neat/Up"], ["Stirred"], ["Medium"], ["Complicated"], ["Afternoon", "Evening"], ["None"]]}