{"title": "Preakness", "img": "https:////cdn.liquor.com/wp-content/uploads/2011/01/31074344/preakness2.jpg", "ingredients_key": ["American rye whiskey", "Sweet vermouth", "Benedictine", "Angostura bitters", "Garnish", "Glass"], "ingredients_value": ["1 1⁄2 oz", "3⁄4 oz", "1⁄4 oz", "1 dash", "1 Lemon twist", "Cocktail"], "recipe": ["Add all in the ingredients to a mixing glass and fill with ice.", "Stir, and strain into a chilled cocktail glass.", "Garnish with a lemon twist."], "profile_key": ["Flavor", "Base Spirit", "Cocktail Type", "Served", "Preparation", "Strength", "Difficulty", "Hours", "Brands"], "profile_value": [["Spirit-forward"], ["Bourbon / American Whiskey", "Vermouth / Aperitif Wine"], ["Modern Classics"], ["Neat/Up"], ["Stirred"], ["Strong"], ["Medium"], ["Aperitif"], ["Benedictine"]]}