{"title": "PumpkinToddy", "img": "https:////cdn.liquor.com/wp-content/uploads/2018/10/17131325/pumpkin-toddy-720x720-article-1.jpg", "ingredients_key": ["Apple brandy", "Rye whiskey", "Fresh lemon juice", "Grade B maple syrup", "Pumpkin puree", "Angostura bitters", "Garnish", "Glass"], "ingredients_value": ["1 oz", "1⁄2 oz", "1⁄2 oz", "1⁄2 oz", "1 tsp", "2 drops", "Grated cinnamon", "Mug"], "recipe": ["Add all the ingredients except the water to a preheated mug.", "Top with 5 oz boiling water and stir to combine.", "Top with grated cinnamon."], "profile_key": ["Flavor", "Base Spirit", "Cocktail Type", "Served", "Preparation", "Strength", "Difficulty", "Hours", "Brands"], "profile_value": [["None"], ["Brandy", "Rye Whiskey"], ["Hot"], ["Hot/Warm"], ["Cooked/Heated", "Poured"], ["Medium"], ["Medium"], ["None"], ["Laird's Applejack", "Rittenhouse"]]}