{"title": "RedSnapper", "img": "https:////cdn.liquor.com/wp-content/uploads/2017/01/05101425/red-snapper-720x720-recipe.jpg", "ingredients_key": ["Celery salt", "Freshly ground black pepper", "Lime wedge", "Gin", "Tomato juice", "Freshly squeezed lemon juice", "Tabasco", "Worcestershire sauce", "Garnish", "Glass"], "ingredients_value": ["2 pinches", "2 pinches", "1", "2 oz", "4 oz", "1⁄2 oz", "6 dashes", "4 dashes", "Celery stalk", "Pint"], "recipe": ["Pour the salt and pepper onto a small plate.", "Rub the juicy side of a lime wedge along the lip of a pint glass, rim the glass with the salt and pepper, and fill the glass with ice.", "Add the remaining ingredients into a shaker with ice, and shake until chilled.", "Strain into the prepared glass, and garnish with a celery stalk and lime wedge."], "profile_key": ["Flavor", "Base Spirit", "Cocktail Type", "Served", "Preparation", "Strength", "Difficulty", "Hours", "Brands"], "profile_value": [["Salty/Savory", "Sour", "Spicy"], ["Gin"], ["Classics"], ["On the Rocks"], ["Shaken"], ["Medium"], ["Simple"], ["Morning/Brunch"], ["Tabasco"]]}