{"title": "RoomTemperatureMartiniNo_1", "img": "https:////cdn.liquor.com/wp-content/uploads/2017/07/24135042/room-temperature-martini-1-720x720-recipe.jpg", "ingredients_key": ["Booth's dry gin", "Montanaro bianco vermouth", "Chilled water", "Lemon bitters", "Orange bitters", "Garnish", "Glass"], "ingredients_value": ["1 oz", "2 oz", "3⁄4 oz", "14 drops", "8 drops", "Lemon peel", "Coupe or Martini"], "recipe": ["Add all ingredients into a mixing glass and stir.", "Strain into a slightly chilled coupe or Martini glass.", "Garnish with a lemon peel."], "profile_key": ["Flavor", "Base Spirit", "Cocktail Type", "Served", "Preparation", "Strength", "Difficulty", "Hours", "Brands"], "profile_value": [["Spirit-forward"], ["Gin"], ["Classics"], ["Neat/Up"], ["Stirred"], ["Strong"], ["Medium"], ["Evening"], ["Booth's", "Montanaro"]]}