{"title": "SexontheBeach", "img": "https:////cdn.liquor.com/wp-content/uploads/2017/09/01105701/sex-on-the-beach-720x720-Molly.jpeg", "ingredients_key": ["Vodka", "Peach schnapps", "Orange or pineapple juice", "Cranberry juice", "Chambord or creme de cassis (optional)", "Garnish", "Glass"], "ingredients_value": ["1 1⁄2 oz", "1⁄2 oz", "1 1⁄2 oz", "1 1⁄2 oz", "1⁄2 oz", "Cocktail umbrella", "Highball"], "recipe": ["Add all the ingredients into a shaker with ice and shake.", "Strain into a highball glass over fresh ice.", "Garnish with a cocktail umbrella."], "profile_key": ["Flavor", "Base Spirit", "Cocktail Type", "Served", "Preparation", "Strength", "Difficulty", "Hours", "Brands"], "profile_value": [["Fruity/Citrus-forward", "Sweet"], ["Vodka"], ["Tiki / Tropical"], ["On the Rocks"], ["Shaken"], ["Medium"], ["Medium"], ["Afternoon", "Evening"], ["None"]]}