{"title": "ShamrockShot", "img": "https:////cdn.liquor.com/wp-content/uploads/2019/02/27084039/shamrock-shots-720x720-article.jpg", "ingredients_key": ["Vanilla vodka", "Creme de menthe", "Chocolate bitters", "Heavy cream", "Garnish", "Glass"], "ingredients_value": ["1 1⁄4 oz", "1 1⁄4 oz", "4 dashes", "2 oz", "Whipped cream", "Shot"], "recipe": ["Add all ingredients into a shaker with ice and shake.", "Strain into a shot glass.", "Top with whipped cream.", "Garnish with an Andes creme de menthe thin."], "profile_key": ["Flavor", "Base Spirit", "Cocktail Type", "Served", "Preparation", "Strength", "Difficulty", "Hours", "Brands"], "profile_value": [["Creamy", "Sweet"], ["Vodka"], ["Shots"], ["Neat/Up"], ["Shaken"], ["Medium"], ["Medium"], ["Evening"], ["None"]]}