{"title": "StrawberryBasilMargarita", "img": "https:////cdn.liquor.com/wp-content/uploads/2016/04/25103628/11-Essential-Cocktails-for-May-Parties-strawberry-basil-margarita-720x720-slideshow.jpg", "ingredients_key": ["Medium strawberries", "Basil leaves", "Lime juice", "Simple syrup", "Tequila", "Cointreau", "Maraschino liqueur", "Garnish", "Glass"], "ingredients_value": ["3", "3", "3⁄4 oz", "3⁄4 oz", "1 1⁄2 oz", "1⁄2 oz", "1⁄4 oz", "1 Lime wheel", "Margarita"], "recipe": ["In a shaker, muddle the strawberries, basil, lime juice and simple syrup.", "Add the remaining ingredients and fill with ice.", "Shake vigorously and strain into a Margarita glass filled with fresh ice.", "Garnish with a lime wheel and additional basil leaf."], "profile_key": ["Flavor", "Base Spirit", "Cocktail Type", "Served", "Preparation", "Strength", "Difficulty", "Hours", "Brands"], "profile_value": [["Fruity/Citrus-forward"], ["Tequila"], ["Margaritas"], ["On the Rocks"], ["Shaken"], ["Medium"], ["Complicated"], ["Afternoon"], ["Cointreau"]]}