{"title": "StrawberryDaiquiri", "img": "https:////cdn.liquor.com/wp-content/uploads/2011/01/01170006/strawberry-daiquiri.jpg", "ingredients_key": ["Aged Puerto Rican or Jamaican rum", "Fresh lime juice", "Rich simple syrup (2 parts sugar, 1 part water)", "Strawberry", "Ice cubes", "Garnish", "Glass"], "ingredients_value": ["1 1⁄2 oz", "3⁄4 oz", "1 oz", "1", "6", "Edible orchid", "Margarita or wine goblet"], "recipe": ["Add all ingredients into a blender and blend until smooth.", "Pour into a Margarita glass or wine goblet.", "Garnish with an edible orchid and a cocktail umbrella."], "profile_key": ["Flavor", "Base Spirit", "Cocktail Type", "Served", "Preparation", "Strength", "Difficulty", "Hours", "Brands"], "profile_value": [["Fruity/Citrus-forward", "Sour", "Sweet"], ["Rum"], ["Classics", "Frozen / Blended", "Tiki / Tropical"], ["Frozen"], ["Blended"], ["Medium"], ["Complicated"], ["Evening"], ["None"]]}