{"title": "Teal-quilaSunrise", "img": "https:////cdn.liquor.com/wp-content/uploads/2017/07/13090635/teal-quila-sunrise-720x720-recipe.jpg", "ingredients_key": ["Tequila blanco", "Grand Marnier liqueur", "Fresh lemon juice", "Raspberry syrup*", "Blue curacao", "Garnish", "Glass"], "ingredients_value": ["2 oz", "3⁄4 oz", "3⁄4 oz", "1⁄2 oz", "1⁄4 oz", "Lemon twist", "Highball"], "recipe": ["Pour the syrup into a Highball glass and fill with crushed ice.", "Add the rest of the ingredients to a shaker with ice, and shake until chilled.", "Strain over the crushed ice.", "Garnish with a lemon twist and raspberry.", "*Raspberry syrup: In a small glass, muddle 6 raspberries. Add 6 oz simple syrup and stir. Fine-strain into a separate glass to remove the seeds."], "profile_key": ["Flavor", "Base Spirit", "Cocktail Type", "Served", "Preparation", "Strength", "Difficulty", "Hours", "Brands"], "profile_value": [["Fruity/Citrus-forward", "Sweet"], ["Tequila"], ["Modern Classics"], ["On the Rocks"], ["Shaken"], ["Light"], ["Medium"], ["Afternoon", "Evening"], ["Grand Marnier"]]}