{"title": "TomCollins", "img": "https:////cdn.liquor.com/wp-content/uploads/2019/04/03080950/Tom-Collins-720x720-recipe.jpg", "ingredients_key": ["London dry gin", "Fresh lemon juice", "Simple syrup", "Club soda, to top", "Garnish", "Glass"], "ingredients_value": ["2 oz", "1 oz", "1⁄2 oz", "None", "Lemon wheel", "Collins"], "recipe": ["Add the gin, lemon juice and simple syrup into a Collins glass.", "Fill with ice, top with club soda and stir.", "Garnish with a lemon wheel and maraschino cherry (optional)."], "profile_key": ["Flavor", "Base Spirit", "Cocktail Type", "Served", "Preparation", "Strength", "Difficulty", "Hours", "Brands"], "profile_value": [["Bubbly", "Sour", "Sweet"], ["Gin"], ["Classics"], ["On the Rocks"], ["Shaken"], ["Medium"], ["Medium"], ["Afternoon", "Dinner/Paired with food", "Evening"], ["None"]]}