{"title": "TurfClub", "img": "https:////cdn.liquor.com/wp-content/uploads/2018/09/12203317/turf-club-720x720-recipe.jpg", "ingredients_key": ["Old Tom gin", "Sweet vermouth", "Orange bitters", "Angostura bitters", "Garnish", "Glass"], "ingredients_value": ["2 oz", "1 oz", "1 dash", "1 dash", "Lemon peel", "Coupe"], "recipe": ["Add all the ingredients into a mixing glass with ice and stir until cold (for about 30 seconds).", "Strain into a chilled coupe.", "Garnish with a lemon peel."], "profile_key": ["Flavor", "Base Spirit", "Cocktail Type", "Served", "Preparation", "Strength", "Difficulty", "Hours", "Brands"], "profile_value": [["Spirit-forward"], ["Gin"], ["Classics"], ["Neat/Up"], ["Stirred"], ["Strong"], ["Medium"], ["Evening"], ["Angostura"]]}