{"title": "UptownWays", "img": "https:////cdn.liquor.com/wp-content/uploads/2017/06/29104120/Tates-CreightenBrown-003.jpg", "ingredients_key": ["Hennessy V.S.O.P Privilege cognac", "Berry and pepper syrup*", "Pineapple juice", "Fresh lemon juice", "Rose Champagne", "Garnish", "Glass"], "ingredients_value": ["1 1⁄2 oz", "1 oz", "1⁄2 oz", "1⁄2 oz", "2 oz", "Lemon-peel-wrapped blackberry", "Champagne flute"], "recipe": ["Add all the ingredients except the rose to a shaker filled with ice and shake.", "Add the rose, and strain into a Champagne flute.", "Garnish with a lemon peel-wrapped blackberry.", "*Berry and pepper syrup: Muddle 1 cup water, 1 cup sugar, 6 strawberries, 10 blackberries and 2 jalapeno peppers in a saucepan. Bring to a boil and cook for 14 to 18 minutes. Let cool before using."], "profile_key": ["Flavor", "Base Spirit", "Cocktail Type", "Served", "Preparation", "Strength", "Difficulty", "Hours", "Brands"], "profile_value": [["Bubbly", "Sweet"], ["Champagne & Sparkling Wine", "Cognac"], ["Modern Classics"], ["Neat/Up"], ["Shaken"], ["Medium"], ["Complicated"], ["Afternoon", "Morning/Brunch"], ["Hennessy"]]}