{"title": "VieuxCarre", "img": "https:////cdn.liquor.com/wp-content/uploads/2019/01/22125120/vieux-carre-720x720-recipe.jpg", "ingredients_key": ["Rye whiskey", "Cognac", "Sweet vermouth", "Benedictine", "Peychauds bitters", "Angostura bitters", "Garnish", "Glass"], "ingredients_value": ["3⁄4 oz", "3⁄4 oz", "3⁄4 oz", "1⁄4 oz", "2 dashes", "2 dashes", "Lemon peel", "Rocks"], "recipe": ["Add all ingredients into a mixing glass with ice and stir until well-chilled.", "Strain into a rocks glass over fresh ice.", "Garnish with a lemon peel."], "profile_key": ["Flavor", "Base Spirit", "Cocktail Type", "Served", "Preparation", "Strength", "Difficulty", "Hours", "Brands"], "profile_value": [["Spirit-forward"], ["Cognac", "Rye Whiskey"], ["Classics"], ["Neat/Up"], ["Stirred"], ["Medium"], ["Medium"], ["Digestif", "Dinner/Paired with food", "Evening"], ["Angostura", "Benedictine", "Hennessy", "Peychaud's"]]}