{"title": "Vladimiry", "img": "https:////cdn.liquor.com/wp-content/uploads/2019/05/21111700/vladimiry-720x720-article.jpg", "ingredients_key": ["Vodka", "Carrot juice", "Fresh lemon juice", "Celery salt", "Black pepper", "Caraway seeds", "Horseradish", "Shallot, roughly chopped", "Garnish", "Glass"], "ingredients_value": ["1 3⁄4 oz", "4 oz", "3⁄4 oz", "1⁄4 tsp", "1⁄4 tsp", "1⁄4 tsp", "1⁄2 tsp", "1⁄2", "Pickle spear", "Highball"], "recipe": ["Add all ingredients into a blender and blend until smooth.", "Pour into a highball glass over ice and stir lightly.", "Garnish with a pickle spear and 2 sprigs of dill."], "profile_key": ["Flavor", "Base Spirit", "Cocktail Type", "Served", "Preparation", "Strength", "Difficulty", "Hours", "Brands"], "profile_value": [["Salty/Savory"], ["Vodka"], ["Modern Classics"], ["On the Rocks"], ["Stirred"], ["Medium"], ["Medium"], ["Morning/Brunch"], ["None"]]}