{"title": "WatermelonWhiteWineSpritzer", "img": "https:////cdn.liquor.com/wp-content/uploads/2018/05/21112503/Watermelon-Spritzer_720x720.jpg", "ingredients_key": ["Watermelon, cubed", "Agave nectar", "White wine", "Club soda", "Garnish", "Glass"], "ingredients_value": ["2 cup", "1 tbsp", "2 cup", "2 cup", "Watermelon wedge", "Cocktail"], "recipe": ["Add the watermelon and agave nectar into a food processor or blender, and pulse until smooth. If desired, pour through a cheesecloth to strain.", "Pour 1/4 of the mixture into each of 4 cocktail classes.", "Top with equal parts white wine and club soda (about 1/2 cup each).", "Garnish with a watermelon wedge."], "profile_key": ["Flavor", "Base Spirit", "Cocktail Type", "Served", "Preparation", "Strength", "Difficulty", "Hours", "Brands"], "profile_value": [["Fruity/Citrus-forward", "Sweet"], ["Wine"], ["None"], ["Frozen", "Neat/Up"], ["Blended"], ["Light"], ["Medium"], ["Afternoon", "Morning/Brunch"], ["None"]]}