{"title": "WhiskeySour", "img": "https:////cdn.liquor.com/wp-content/uploads/2018/03/21204941/whiskey-sour-720x720-article.jpg", "ingredients_key": ["Bourbon", "Fresh lemon juice", "Simple syrup", "Egg white (optional)", "Garnish", "Glass"], "ingredients_value": ["2 oz", "3⁄4 oz", "3⁄4 oz", "1⁄2", "Angostura bitters", "Coupe"], "recipe": ["Add all the ingredients into a shaker and dry-shake (no ice).", "Add ice and shake again until well-chilled.", "Strain into a chilled coupe.", "Top with 3-5 drops of Angostura bitters."], "profile_key": ["Flavor", "Base Spirit", "Cocktail Type", "Served", "Preparation", "Strength", "Difficulty", "Hours", "Brands"], "profile_value": [["Sour"], ["Bourbon / American Whiskey", "Whiskey"], ["Modern Classics"], ["Neat/Up"], ["Shaken"], ["Medium"], ["Medium"], ["Evening"], ["None"]]}