{"title": "WhiskeySmash", "img": "https:////cdn.liquor.com/wp-content/uploads/2017/08/03111040/11-Essential-Cocktails-for-your-August-Parties-whiskey-smash-720x720-slideshow.jpg", "ingredients_key": ["Lemon", "Mint leaves", "Simple syrup", "Bourbon", "Garnish", "Glass"], "ingredients_value": ["3 wedges", "4", "3⁄4 oz", "2 oz", "Mint sprig", "Rocks"], "recipe": ["Muddle the lemon in a shaker.", "Add the remaining ingredients and ice and shake.", "Double-strain into a rocks glass over one large ice cube.", "Slap a mint sprig between your hands and use as garnish.", "Serve with a straw."], "profile_key": ["Flavor", "Base Spirit", "Cocktail Type", "Served", "Preparation", "Strength", "Difficulty", "Hours", "Brands"], "profile_value": [["Fruity/Citrus-forward", "Sour", "Sweet"], ["Bourbon / American Whiskey", "Whiskey"], ["Classics"], ["On the Rocks"], ["Shaken"], ["Medium"], ["Medium"], ["Afternoon"], ["George Dickel"]]}