{"title": "WinterDaiquiri", "img": "https:////cdn.liquor.com/wp-content/uploads/2018/01/08131132/winter-daiquiri-720x720-recipe.jpg", "ingredients_key": ["Banks 5 Island rum", "Cruzan black strap rum", "Fresh lime juice", "Simple syrup", "Garnish", "Glass"], "ingredients_value": ["1 oz", "1 oz", "3⁄4 oz", "3⁄4 oz", "Lime wheel", "Coupe"], "recipe": ["Add all ingredients to a cocktail shaker filled with ice, and shake until well-chilled.", "Strain into a coupe glass.", "Garnish with a lime wheel."], "profile_key": ["Flavor", "Base Spirit", "Cocktail Type", "Served", "Preparation", "Strength", "Difficulty", "Hours", "Brands"], "profile_value": [["Sweet"], ["Rum"], ["Modern Classics"], ["Neat/Up"], ["Shaken"], ["Medium"], ["Medium"], ["Evening"], ["Banks", "Cruzan"]]}