{"title": "X-MasSin", "img": "https:////cdn.liquor.com/wp-content/uploads/2016/10/12142534/xmas-sin-recipe-720x720-main.jpg", "ingredients_key": ["Chateau de Laubade XO Bas Armagnac", "Coffee liqueur", "Chestnut liqueur", "Genepy liqueur", "Coffee beans", "Hot water", "Garnish", "Glass"], "ingredients_value": ["1 1⁄2 oz", "1⁄2 oz", "1⁄2 oz", "1⁄2 oz", "5", "2 1⁄2 oz", "Grated nutmeg", "Toddy"], "recipe": ["In a small saucepan, combine all of the ingredients except for the water, and heat without bringing to a boil.", "Strain the mixture into a toddy glass, and top with hot water to fill."], "profile_key": ["Flavor", "Base Spirit", "Cocktail Type", "Served", "Preparation", "Strength", "Difficulty", "Hours", "Brands"], "profile_value": [["Spirit-forward"], ["Armagnac"], ["Modern Classics"], ["Hot/Warm", "Neat/Up"], ["Cooked/Heated"], ["Strong"], ["Medium"], ["Aperitif", "Digestif", "Evening"], ["Chateau de Laubade"]]}