{"title": "YodaSour", "img": "https:////cdn.liquor.com/wp-content/uploads/2018/04/25085739/sour-yoda-720x720-article.jpg", "ingredients_key": ["Absinthe, to coat", "Pisco", "Fresh lime juice", "Simple syrup", "Large egg white", "Matcha", "Garnish", "Glass"], "ingredients_value": ["None", "2 oz", "3⁄4 oz", "1⁄2 oz", "1", "1 tsp", "Matcha", "Coupe"], "recipe": ["Coat the inside of a chilled coupe with 3 sprays of absinthe, discarding any excess, and set aside.", "Add all the remaining ingredients into a shaker and dry-shake (no ice).", "Fill the shaker with ice, and shake again until well-chilled.", "Strain into the prepared coupe.", "Sift matcha over a Yoda stencil to garnish."], "profile_key": ["Flavor", "Base Spirit", "Cocktail Type", "Served", "Preparation", "Strength", "Difficulty", "Hours", "Brands"], "profile_value": [["Sour"], ["Pisco"], ["Modern Classics"], ["Neat/Up"], ["Shaken"], ["Medium"], ["Medium"], ["Evening"], ["None"]]}