{"title": "50_50Martini", "img": "https:////cdn.liquor.com/wp-content/uploads/2016/08/15094655/50-50-martini-720x720-recipe.jpg", "ingredients_key": ["Vodka", "La Quintinye Vermouth Royal Blanc", "Garnish", "Glass"], "ingredients_value": ["2 oz", "2 oz", "Lemon twist", "Coupe"], "recipe": ["Stir the vodka and vermouth in a mixing glass with ice.", "Strain into a chilled coupe.", "Garnish with a lemon twist."], "profile_key": ["Flavor", "Base Spirit", "Cocktail Type", "Served", "Preparation", "Strength", "Difficulty", "Hours", "Brands"], "profile_value": [["Spirit-forward"], ["Vodka"], ["Classics", "Martinis"], ["Neat/Up"], ["Stirred"], ["Strong"], ["Simple"], ["Evening"], ["La Quintinye Vermouth Royal"]]}