{"title": "All-PurposeEggnog", "img": "https:////cdn.liquor.com/wp-content/uploads/2014/12/recipe-eggnog.jpg", "ingredients_key": ["Large eggs, separated", "Powdered sugar", "Dark rum (can substitute bourbon or brandy, or a mix)", "Whole milk", "Heavy cream", "Nutmeg", "Almond extract", "Garnish", "Glass"], "ingredients_value": ["8", "1 cup", "16 oz", "1 1⁄2 pt", "1 pt", "2 tsp", "1 tsp", "1 Freshly grated nutmeg", "Punch or tea cups"], "recipe": ["In the bowl of a stand mixer or with a hand mixer, beat egg yolks at medium-high speed until thick and pale yellow.", "Slowly add two-thirds of a cup of the powdered sugar (save one-third for later) and beat until fully dissolved.", "Add the rum (or other spirits), milk, heavy cream, nutmeg and almond extract and stir to combine.In a separate bowl, beat the egg whites until they maintain soft peaks.", "Gradually add the remaining one-third cup of powdered sugar and beat until incorporated and stiff peaks form.", "Gently whisk the egg whites into the eggnog mixture.", "Chill, and serve in a punch bowl.", "Garnish with freshly grated nutmeg sprinkled on top."], "profile_key": ["Flavor", "Base Spirit", "Cocktail Type", "Served", "Preparation", "Strength", "Difficulty", "Hours", "Brands"], "profile_value": [["Creamy"], ["Rum"], ["Classics", "Punches"], ["Neat/Up"], ["Stirred"], ["Light"], ["Medium"], ["Evening"], ["None"]]}