{"title": "AudreySaunders'Tom&Jerry", "img": "https:////cdn.liquor.com/wp-content/uploads/2018/12/10122259/tom-and-jerry-720x720-recipe.jpg", "ingredients_key": ["Tom & Jerry batter*", "Plantation Barbados rum", "Pierre Ferrand Ambre cognac", "Milk, heated", "Garnish", "Glass"], "ingredients_value": ["2 oz", "1 oz", "1 oz", "6 oz", "Grated nutmeg", "Irish Coffee mug"], "recipe": ["Place the batter in a preheated 10 oz Irish Coffee mug.", "Add the rum and cognac.", "Heat the milk with a hot pot (or in a saucepan).", "Briskly stir the batter with a short whisk or spoon while adding the heated milk so that the ingredients are beaten together.", "Top with freshly grated nutmeg.", "*Tom & Jerry batter: Separate yolks and whites of 12 eggs. Run egg whites through a food processor until stiff. Transfer to a bowl. Run egg yolks until through a food processor until they are thin as water. While the food processor is running, add 2 lbs white sugar, 1 tsp ground cinnamon, 1/2 tsp ground allspice, 1/2 tsp ground nutmeg, 1/2 tsp ground cloves, 2 oz anejo rum (like Plantation Barbados), 6 tbsp fine Madagascar vanilla extract and 4 dashes Angostura bitters to egg yolks. Add egg whites back into egg yolk mixture and whisk together. Store inside a sterilized container in refrigerator."], "profile_key": ["Flavor", "Base Spirit", "Cocktail Type", "Served", "Preparation", "Strength", "Difficulty", "Hours", "Brands"], "profile_value": [["Creamy", "Sweet"], ["Cognac", "Rum"], ["Classics"], ["Hot/Warm"], ["Cooked/Heated"], ["Medium"], ["Medium"], ["Evening"], ["Pierre Ferrand", "Plantation"]]}