{"title": "Aviation", "img": "https:////cdn.liquor.com/wp-content/uploads/2019/01/22133711/aviation-new-720x720-recipe-1.jpg", "ingredients_key": ["Gin", "Maraschino liqueur", "Creme de violette or Creme Yvette", "Fresh lemon juice", "Garnish", "Glass"], "ingredients_value": ["2 oz", "1⁄2 oz", "1⁄4 oz", "3⁄4 oz", "Brandied cherry", "Cocktail"], "recipe": ["Add all ingredients into a shaker with ice and shake.", "Strain into a cocktail glass.", "Garnish with a brandied cherry."], "profile_key": ["Flavor", "Base Spirit", "Cocktail Type", "Served", "Preparation", "Strength", "Difficulty", "Hours", "Brands"], "profile_value": [["Fruity/Citrus-forward", "Spirit-forward", "Sweet"], ["Gin"], ["Classics"], ["Neat/Up"], ["Shaken"], ["Strong"], ["Simple"], ["Evening"], ["None"]]}