{"title": "B-52", "img": "https:////cdn.liquor.com/wp-content/uploads/2016/12/05144234/B52-shot-720sq.jpg", "ingredients_key": ["Coffee liqueur", "Baileys Irish cream liqueur", "Grand Marnier liqueur", "Glass"], "ingredients_value": ["1⁄3 oz", "1⁄3 oz", "1⁄3 oz", "Shot"], "recipe": ["Layer the three spirits in a shot glass in the order they're listed."], "profile_key": ["Flavor", "Base Spirit", "Cocktail Type", "Served", "Preparation", "Strength", "Difficulty", "Hours", "Brands"], "profile_value": [["Creamy", "Spirit-forward"], ["Liqueurs"], ["Shots"], ["Neat/Up"], ["None"], ["Strong"], ["Complicated"], ["Evening"], ["Bailey's", "Grand Marnier", "Kahlua"]]}