{"title": "BananaSurfer", "img": "https:////cdn.liquor.com/wp-content/uploads/2017/06/29104108/ChelseaCorner-CaseyWillis-003.jpg", "ingredients_key": ["Hennessy V.S.O.P Privilege cognac", "Spiced rum", "Banana cordial", "Cinnamon-honey syrup*", "Coconut cream*", "Chocolate mole bitters", "Garnish", "Glass"], "ingredients_value": ["1 1⁄2 oz", "1⁄2 oz", "1⁄2 oz", "1⁄2 oz", "1⁄2 oz", "1 dash", "Cacao dust", "Mug"], "recipe": ["Add all the ingredients to a shaker with ice and shake.", "Strain into a Tiki mug filled with crushed ice.", "Garnish with cacao dust.", "*Cinnamon-honey syrup: Bring 2 cups of water and 4 cinnamon sticks to a boil, and let simmer for 15 minutes. Add 2 cups honey and stir to dissolve. Let cool before using."], "profile_key": ["Flavor", "Base Spirit", "Cocktail Type", "Served", "Preparation", "Strength", "Difficulty", "Hours", "Brands"], "profile_value": [["Fruity/Citrus-forward"], ["Brandy", "Cognac", "Rum"], ["Tiki / Tropical"], ["On the Rocks"], ["Shaken"], ["Medium"], ["Complicated"], ["Afternoon", "Evening"], ["Hennessy"]]}