{"title": "BayouBloodyMary", "img": "https:////cdn.liquor.com/wp-content/uploads/2018/05/07111055/bayou-bloody-mary-720-720-recipe.jpg", "ingredients_key": ["Vodka", "Tomato juice", "Tabasco sauce", "Worcestershire sauce", "Prepared horseradish", "Celery salt", "Ground black pepper", "Fresh lemon juice", "Garnish", "Glass"], "ingredients_value": ["1 1⁄2 oz", "6 oz", "5 drops", "3 drops", "1 pinch", "1 pinch", "1 pinch", "1 dash", "Spiced pickled string beans", "Pint"], "recipe": ["Add all the ingredients into a pint glass with ice and stir.", "Garnish with 4 spiced pickled string beans, 2 olives and 4 crawfish tails."], "profile_key": ["Flavor", "Base Spirit", "Cocktail Type", "Served", "Preparation", "Strength", "Difficulty", "Hours", "Brands"], "profile_value": [["Salty/Savory", "Spicy"], ["Vodka"], ["Classics"], ["On the Rocks"], ["Stirred"], ["Light"], ["Simple"], ["Morning/Brunch"], ["Tabasco"]]}