{"title": "BigRed", "img": "https:////cdn.liquor.com/wp-content/uploads/2016/08/16145417/big-red-720x720-recipe.jpg", "ingredients_key": ["Johnnie Walker Red Label Scotch whiskey", "Budweiser", "Ginger beer", "Glass"], "ingredients_value": ["2 oz", "2 oz", "2 oz", "Collins"], "recipe": ["Pour all of the ingredients in a Collins glass filled with ice."], "profile_key": ["Flavor", "Base Spirit", "Cocktail Type", "Served", "Preparation", "Strength", "Difficulty", "Hours", "Brands"], "profile_value": [["Spirit-forward"], ["Beer", "Scotch"], ["Modern Classics"], ["On the Rocks"], ["Stirred"], ["Medium"], ["Simple"], ["Afternoon"], ["Budweiser", "Johnnie Walker"]]}