{"title": "BlackberryMintJulepMargarita", "img": "https:////cdn.liquor.com/wp-content/uploads/2019/04/24110753/blackberry-mint-julep-margarita-720x720-article.jpg", "ingredients_key": ["Anejo tequila", "Blackberries", "Mint leaves", "Fresh lime juice", "Honey syrup (one part honey, one part water)", "Garnish", "Glass"], "ingredients_value": ["2 oz", "5", "6", "1 oz", "1 oz", "Blackberries", "Julep cup"], "recipe": ["In a shaker, add all ingredients and muddle.", "Add ice and shake.", "Strain into a Julep cup over fresh ice.", "Garnish with 2 speared blackberries and a mint sprig."], "profile_key": ["Flavor", "Base Spirit", "Cocktail Type", "Served", "Preparation", "Strength", "Difficulty", "Hours", "Brands"], "profile_value": [["Fruity/Citrus-forward", "Sweet"], ["Tequila"], ["Margaritas"], ["On the Rocks"], ["Shaken"], ["Medium"], ["Medium"], ["Afternoon"], ["None"]]}