{"title": "BloodyMary", "img": "https:////cdn.liquor.com/wp-content/uploads/2017/09/01105541/classic-bloody-mary-720x720-recipe.jpg", "ingredients_key": ["Lemon wedge", "Lime wedge", "Vodka", "Tomato juice", "Tabasco sauce", "Prepared horseradish", "Worcestershire sauce", "Celery salt", "Ground black pepper", "smoked paprika", "Garnish", "Glass"], "ingredients_value": ["1", "1", "2 oz", "4 oz", "2 dashes", "2 tsp", "2 dashes", "1 pinch", "1 pinch", "1 pinch", "Lime wedge", "Pint"], "recipe": ["Pour some celery salt onto a small plate.", "Rub the juicy side of the lemon or lime wedge along the lip of a pint glass.", "Roll the outer edge of the glass in celery salt until fully coated.", "Fill with ice and set aside.", "Squeeze the lemon and lime wedges into a shaker and drop them in.", "Add the remaining ingredients and ice and shake gently.", "Strain into the prepared glass.", "Garnish with a parsley sprig, 2 speared green olives and a lime wedge and a celery stalk (optional)."], "profile_key": ["Flavor", "Base Spirit", "Cocktail Type", "Served", "Preparation", "Strength", "Difficulty", "Hours", "Brands"], "profile_value": [["Salty/Savory", "Sour", "Spicy"], ["Vodka"], ["Classics"], ["On the Rocks"], ["Shaken"], ["Light"], ["Complicated"], ["Morning/Brunch"], ["None"]]}