{"title": "BloodyMaria", "img": "https:////cdn.liquor.com/wp-content/uploads/2014/02/04131517/bloody-maria-720-720-recipe1.jpg", "ingredients_key": ["Tequila", "Tomato juice", "Fresh lemon juice", "Worcestershire sauce", "Tabasco sauce", "Tapatio hot sauce", "Prepared horseradish, to taste", "Celery salt", "Ground black pepper", "Garnish", "Glass"], "ingredients_value": ["2 oz", "4 oz", "1⁄2 oz", "4 dashes", "2 dashes", "2 dashes", "1⁄2 tbsp", "1 pinch", "1 pinch", "Lime wedge", "Pint"], "recipe": ["Add all the ingredients to a shaker and fill with ice.", "Shake briefly and strain into a pint glass filled with fresh ice.", "Garnish with a lime wedge, a lemon wedge, a cucumber spear and a skewer of sweet pepper slices, jalapeno slices and queso fresco."], "profile_key": ["Flavor", "Base Spirit", "Cocktail Type", "Served", "Preparation", "Strength", "Difficulty", "Hours", "Brands"], "profile_value": [["Salty/Savory", "Spicy"], ["Tequila"], ["Classics"], ["On the Rocks"], ["Shaken"], ["Medium"], ["Medium"], ["Morning/Brunch"], ["None"]]}