{"title": "BloodyBulldog", "img": "https:////cdn.liquor.com/wp-content/uploads/2011/10/19141958/bloody-bulldog-newest.jpg", "ingredients_key": ["Bulldog gIn", "Tomato juice", "Lemon juice", "Garlic clove, minced", "Prepared horseradish", "Balsamic vinegar", "Worcestershire sauce", "Celery salt", "Black pepper", "Tabasco sauce", "Garnish", "Glass"], "ingredients_value": ["2 oz", "4 oz", "1⁄2 oz", "half", "1 tbsp", "1 tbsp", "1 tsp", "3 dashes", "3 dashes", "None", "Celery", "Highball"], "recipe": ["Add all the ingredients to a highball glass, fill with ice and stir.", "Garnish with any of the following: a celery stalk, pickled okra, a dill pickle spear, an asparagus spear, a skewer with 3 olives, a skewer with 3 cherry tomatoes or a carrot stick."], "profile_key": ["Flavor", "Base Spirit", "Cocktail Type", "Served", "Preparation", "Strength", "Difficulty", "Hours", "Brands"], "profile_value": [["Salty/Savory", "Spicy"], ["Gin"], ["Classics"], ["On the Rocks"], ["Stirred"], ["Medium"], ["Medium"], ["Morning/Brunch"], ["Bulldog"]]}