{"title": "BloodyRoman", "img": "https:////cdn.liquor.com/wp-content/uploads/2012/06/19141614/bloody-roman.jpg", "ingredients_key": ["Castelvetrano or other mild green olives", "Beer (preferably Anchor Steam), cold", "Roman Mix", "Oysters (preferably Kumamato or Kusshi), shucked, liquor reserved", "Garnish", "Glass"], "ingredients_value": ["12 oz", "36 oz", "None", "12", "Olives", "Pint"], "recipe": ["Place 2 olives in each of 6 pint glasses.", "Pour half a bottle of beer into each glass and top with the Roman Mix, divided evenly among the glasses.", "Place 2 shucked oysters with their liquor in each glass and garnish with an additional olive, a serrano chile and a few chile threads."], "profile_key": ["Flavor", "Base Spirit", "Cocktail Type", "Served", "Preparation", "Strength", "Difficulty", "Hours", "Brands"], "profile_value": [["Salty/Savory", "Spicy"], ["Beer"], ["Modern Classics"], ["Neat/Up"], ["None"], ["Light"], ["Complicated"], ["Morning/Brunch"], ["Anchor"]]}