{"title": "BlueBlazer", "img": "https:////cdn.liquor.com/wp-content/uploads/2018/12/10143514/blue-blazer-720x720-recipe.jpg", "ingredients_key": ["Cask-strength scotch", "Demerara or raw sugar", "Boiling water (plus more boiling water to heat mugs)", "Garnish", "Glass"], "ingredients_value": ["4 oz", "2 tsp", "3 oz", "Lemon peel", "Glass mug or teacup"], "recipe": ["Preheat 2 glass mugs with boiling water and discard water.", "Clear all flammable materials from mixing area. Lay down a damp towel or 2 to soak up potential spills. Keep a fire extinguisher on hand.", "Pour sugar, scotch and boiling water into one of the mugs, and ignite with a match.", "Very carefully, pour flaming liquid back and forth from mug to mug (about 5 times).", "Pour drink evenly into mugs and extinguish flame.", "Garnish with lemon peels."], "profile_key": ["Flavor", "Base Spirit", "Cocktail Type", "Served", "Preparation", "Strength", "Difficulty", "Hours", "Brands"], "profile_value": [["Sweet"], ["Scotch", "Whiskey"], ["Classics"], ["Hot/Warm"], ["Cooked/Heated"], ["Strong"], ["Medium"], ["Evening"], ["None"]]}