{"title": "BoatHousePunch", "img": "https:////cdn.liquor.com/wp-content/uploads/2019/06/18113946/beat-house-punch-720x720-recipe.jpg", "ingredients_key": ["Dorothy Parker American gin", "Sugar", "Lemon", "Aperol", "St-Germain", "Fresh lemon juice", "Orange juice", "Grapefruit juice", "Rose Champagne (6 oz)", "Garnish", "Glass"], "ingredients_value": ["9 oz", "2 tbsp", "1", "6 oz", "9 oz", "9 oz", "9 oz", "9 oz", "1⁄4 bottle", "Orange wheels", "Pitcher"], "recipe": ["In a large pitcher, muddle the lemon peel and sugar.", "Let stand for at least 30 minutes.", "Add the remaining ingredients, fill with ice and stir briefly.", "Garnish with orange wheels."], "profile_key": ["Flavor", "Base Spirit", "Cocktail Type", "Served", "Preparation", "Strength", "Difficulty", "Hours", "Brands"], "profile_value": [["Bubbly", "Fruity/Citrus-forward", "Sweet"], ["Gin"], ["Punches"], ["On the Rocks"], ["Stirred"], ["Medium"], ["Complicated"], ["Afternoon", "Dinner/Paired with food", "Evening"], ["Aperol", "Dorothy Parker Gin", "st. germain"]]}