{"title": "Bourbon&RootBeer", "img": "https:////cdn.liquor.com/wp-content/uploads/2018/09/13135648/Bourbon-Root-Beer-cocktail-720x720-article.jpg", "ingredients_key": ["Bourbon", "Root beer", "Glass"], "ingredients_value": ["2 oz", "6 oz", "Collins"], "recipe": ["Pour the bourbon into a Collins glass over ice.", "Add the root beer, and stir slowly.", "Serve with a straw."], "profile_key": ["Flavor", "Base Spirit", "Cocktail Type", "Served", "Preparation", "Strength", "Difficulty", "Hours", "Brands"], "profile_value": [["Sweet"], ["Bourbon / American Whiskey", "Whiskey"], ["Modern Classics"], ["On the Rocks"], ["Stirred"], ["Medium"], ["Simple"], ["Afternoon"], ["None"]]}