{"title": "BourbonRosemaryPunch", "img": "https:////cdn.liquor.com/wp-content/uploads/2018/11/02092246/Bourbon-Rosemary-Punch-720x720-article.jpg", "ingredients_key": ["Rosemary-infused Aperol (750 mL)*", "Bourbon", "Honey syrup", "Grapefruit juice", "Dry sparkling wine (750 mL)", "Soda water (750 mL)", "Garnish", "Glass"], "ingredients_value": ["1 bottle", "12 oz", "6 oz", "6 oz", "1 bottle", "1 bottle", "Grapefruit wheels", "Punch Bowl"], "recipe": ["Combine the first four ingredients in a punch bowl and add large ice cubes.", "Top with the sparkling wine and soda water.", "Garnish with grapefruit wheels and rosemary sprigs.", "*Rosemary-infused Aperol: Place 4 sprigs of rosemary in a 750 mL bottle of Aperol and let sit for 6 hours at room temperature, then strain out herbs."], "profile_key": ["Flavor", "Base Spirit", "Cocktail Type", "Served", "Preparation", "Strength", "Difficulty", "Hours", "Brands"], "profile_value": [["Herbaceous", "Sweet"], ["Bourbon / American Whiskey", "Whiskey"], ["Punches"], ["On the Rocks"], ["None"], ["Medium"], ["Medium"], ["Afternoon"], ["Aperol"]]}