{"title": "BourbonCiderSlushie", "img": "https:////cdn.liquor.com/wp-content/uploads/2018/09/20085158/Bourbon-Cider-Slushie-720x720-article.jpg", "ingredients_key": ["Bourbon", "Cinnamon vanilla syrup*", "Fresh lemon juice", "Apple cider", "Garnish", "Glass"], "ingredients_value": ["2 oz", "3⁄4 oz", "3⁄4 oz", "1 oz", "Apple slice", "Moscow Mule mug"], "recipe": ["Combine all the ingredients into a blender with cubed ice and blend until smooth.", "Pour into a Moscow Mule mug.", "Garnish with an apple slice and a cinnamon stick.", "*Cinnamon-vanilla syrup: In a saucepan, bring 2 cinnamon sticks, 1 tsp vanilla extract, 3/4 cup water and 3/4 cup turbinado sugar to a boil. Stir until the sugar dissolves. Let sit for 10 minutes. Strain into a sealed container and refrigerate for up to 1 month."], "profile_key": ["Flavor", "Base Spirit", "Cocktail Type", "Served", "Preparation", "Strength", "Difficulty", "Hours", "Brands"], "profile_value": [["Sweet"], ["Bourbon / American Whiskey", "Whiskey"], ["Frozen / Blended"], ["Frozen"], ["Blended"], ["Medium"], ["Medium"], ["Afternoon"], ["None"]]}