{"title": "Caesar", "img": "https:////cdn.liquor.com/wp-content/uploads/2016/08/19133832/caesar-720x720-recipe.jpg", "ingredients_key": ["Vodka", "Freshly Squeezed Lime Juice", "Tabasco sauce", "Worcestershire sauce", "Kosher salt", "Coarsely ground black pepper", "Tomato juice", "Clam juice", "Garnish", "Glass"], "ingredients_value": ["2 oz", "1⁄2 oz", "2 dashes", "3 dashes", "pinch", "pinch", "3 oz", "2 oz", "Carrot, sliced lengthwise", "Old Fashioned"], "recipe": ["Add all of the ingredients in a mixing glass, add ice, and roll the contents between mixing glass and a shaker tin until well-blended.", "Rim the lip of a double Old Fashioned glass with lime, and dip it into a mixture of the pepper and salt.", "Strain into a prepared ice-filled double Old Fashioned glass, and garnish with a carrot sliced lengthwise."], "profile_key": ["Flavor", "Base Spirit", "Cocktail Type", "Served", "Preparation", "Strength", "Difficulty", "Hours", "Brands"], "profile_value": [["Salty/Savory"], ["Vodka"], ["Modern Classics"], ["On the Rocks"], ["Shaken"], ["Medium"], ["Medium"], ["Morning/Brunch"], ["None"]]}