{"title": "ChampagneCocktail", "img": "https:////cdn.liquor.com/wp-content/uploads/2013/11/15123337/champagne-cocktail-720-720-recipe.jpg", "ingredients_key": ["Sugar cube", "Angostura bitters", "Champagne", "Garnish", "Glass"], "ingredients_value": ["1", "2 dashes", "None", "Lemon twist", "Flute"], "recipe": ["Place sugar cube on a spoon and douse with bitters.", "Drop into a Champagne flute and fill with Champagne.", "Garnish with a lemon twist."], "profile_key": ["Flavor", "Base Spirit", "Cocktail Type", "Served", "Preparation", "Strength", "Difficulty", "Hours", "Brands"], "profile_value": [["Bubbly", "Sweet"], ["None"], ["Classics"], ["Neat/Up"], ["None"], ["Medium"], ["Simple"], ["Dinner/Paired with food", "Evening"], ["None"]]}