{"title": "ChristmasPunch", "img": "https:////cdn.liquor.com/wp-content/uploads/2016/11/18081322/christmas-punch-720x720-recipe.jpg", "ingredients_key": ["Light rum (optional)", "Cranberry juice", "Simple syrup (2:1)", "Tart cherry juice", "Allspice", "Grated fresh ginger", "Freshly grated nutmeg", "Ginger ale", "Garnish", "Glass"], "ingredients_value": ["1 1⁄2 oz", "1⁄2 oz", "1⁄2 oz", "1⁄4 oz", "dash", "dash", "dash", "2 oz", "Ground ginger", "Rocks"], "recipe": ["Combine all of the ingredients except for the ginger ale and nutmeg in shaker with ice and shake.", "Strain into rocks glass over ice, and top with the ginger ale.", "Gently stir, and garnish with ground ginger."], "profile_key": ["Flavor", "Base Spirit", "Cocktail Type", "Served", "Preparation", "Strength", "Difficulty", "Hours", "Brands"], "profile_value": [["Sweet"], ["Rum"], ["Modern Classics"], ["On the Rocks"], ["Shaken"], ["Medium"], ["Medium"], ["Afternoon", "Evening"], ["None"]]}