{"title": "Cosmopolitan", "img": "https:////cdn.liquor.com/wp-content/uploads/2017/11/06100445/cosmopolitan-720x720-recipe.jpg", "ingredients_key": ["Citrus vodka", "Cointreau", "Fresh lime juice", "Cranberry juice", "Garnish", "Glass"], "ingredients_value": ["1 1⁄2 oz", "1 oz", "1⁄2 oz", "1 dash", "Lime wheel", "Cocktail"], "recipe": ["Add all ingredients into a shaker with ice and shake.", "Strain into a chilled cocktail glass.", "Garnish with a lime wheel."], "profile_key": ["Flavor", "Base Spirit", "Cocktail Type", "Served", "Preparation", "Strength", "Difficulty", "Hours", "Brands"], "profile_value": [["Fruity/Citrus-forward", "Sour", "Spirit-forward"], ["Vodka"], ["Classics"], ["Neat/Up"], ["Shaken"], ["Medium"], ["Medium"], ["Evening"], ["Cointreau"]]}