{"title": "Cranberry-GingerMimosa", "img": "https:////cdn.liquor.com/wp-content/uploads/2018/12/13094140/sugared-cranberry-ginger-mimosa-720x720-article.jpg", "ingredients_key": ["Ginger ale or ginger beer", "Cranberry juice", "Champagne, to Top", "Garnish", "Glass"], "ingredients_value": ["2 oz", "2 oz", "None", "Sugared cranberries", "Champagne flute"], "recipe": ["Combine all of the ingredients in a Champagne flute.", "Garnish with skewered sugared cranberries."], "profile_key": ["Flavor", "Base Spirit", "Cocktail Type", "Served", "Preparation", "Strength", "Difficulty", "Hours", "Brands"], "profile_value": [["Bubbly", "Sweet"], ["Champagne & Sparkling Wine"], ["Modern Classics"], ["Neat/Up"], ["Stirred"], ["Light"], ["Simple"], ["Evening", "Morning/Brunch", "Nightcap"], ["None"]]}