{"title": "Daiquiri", "img": "https:////cdn.liquor.com/wp-content/uploads/2018/04/23143458/daiquiri-720x720-recipe.jpg", "ingredients_key": ["Light rum", "Fresh lime juice", "Demerara sugar syrup", "Garnish", "Glass"], "ingredients_value": ["2 oz", "1 oz", "3⁄4 oz", "Lime twist", "Coupe"], "recipe": ["Add all the ingredients into a shaker with ice, and shake until well-chilled.", "Strain into a chilled coupe.", "Garnish with a lime twist."], "profile_key": ["Flavor", "Base Spirit", "Cocktail Type", "Served", "Preparation", "Strength", "Difficulty", "Hours", "Brands"], "profile_value": [["Fruity/Citrus-forward", "Sour", "Sweet"], ["Rum"], ["Classics", "Tiki / Tropical"], ["Neat/Up"], ["Shaken"], ["Medium"], ["Medium"], ["Afternoon", "Dinner/Paired with food", "Evening"], ["None"]]}