{"title": "DarknStormy", "img": "https:////cdn.liquor.com/wp-content/uploads/2016/10/04133803/dark-n-stormy-720sq.jpg", "ingredients_key": ["Gosling's Black Seal rum", "Stormy ginger beer, to top", "Garnish", "Glass"], "ingredients_value": ["1 1⁄2 oz", "None", "Lime wedge", "Collins or Highball"], "recipe": ["Fill a tall glass with ice, and add the rum.", "Top with the ginger beer.", "Garnish with a lime wedge."], "profile_key": ["Flavor", "Base Spirit", "Cocktail Type", "Served", "Preparation", "Strength", "Difficulty", "Hours", "Brands"], "profile_value": [["Bubbly", "Sweet"], ["Rum"], ["Classics"], ["On the Rocks"], ["None"], ["Medium"], ["Simple"], ["Afternoon", "Digestif", "Dinner/Paired with food", "Evening"], ["Gosling's"]]}