{"title": "DevilsMargarita", "img": "https:////cdn.liquor.com/wp-content/uploads/2018/10/09083454/devils-margarita-720x720-article.jpg", "ingredients_key": ["Blanco tequila", "Fresh lime juice", "Simple syrup", "Red wine", "Garnish", "Glass"], "ingredients_value": ["1 1⁄2 oz", "1 oz", "3⁄4 oz", "1⁄2 oz", "Lime wheel", "Cocktail"], "recipe": ["In a pint glass, add the tequila, lime juice and syrup with ice and shake until well-chilled.", "Strain into a cocktail glass.", "Float the red wine over the glass.", "Garnish with a lime wheel."], "profile_key": ["Flavor", "Base Spirit", "Cocktail Type", "Served", "Preparation", "Strength", "Difficulty", "Hours", "Brands"], "profile_value": [["Sweet"], ["Tequila"], ["Modern Classics"], ["Neat/Up"], ["Shaken"], ["Medium"], ["Medium"], ["Afternoon"], ["None"]]}