{"title": "DirtyMartini", "img": "https:////cdn.liquor.com/wp-content/uploads/2011/04/15150034/dirty-martini-720x720-recipe.jpg", "ingredients_key": ["Gin or vodka", "Dry vermouth", "Olive brine", "Garnish", "Glass"], "ingredients_value": ["2 1⁄2 oz", "1⁄2 oz", "1⁄2 oz", "Olives", "Cocktail"], "recipe": ["Add all the ingredients into a mixing glass with ice and stir.", "Strain into a chilled cocktail glass.", "Garnish with 2 olives."], "profile_key": ["Flavor", "Base Spirit", "Cocktail Type", "Served", "Preparation", "Strength", "Difficulty", "Hours", "Brands"], "profile_value": [["Salty/Savory", "Spirit-forward"], ["Gin", "Vodka"], ["Classics", "Martinis"], ["Neat/Up"], ["Stirred"], ["Strong"], ["Medium"], ["Aperitif", "Dinner/Paired with food", "Evening"], ["None"]]}