{"title": "DistritoFederal(AKATequilaManhattan)", "img": "https:////cdn.liquor.com/wp-content/uploads/2013/04/Distrito-Federal.jpg", "ingredients_key": ["Reposado tequila", "Sweet vermouth", "Orange bitters", "Garnish", "Glass"], "ingredients_value": ["2 oz", "1 oz", "2 dashes", "1 Lime twist or cherry", "Cocktail"], "recipe": ["Add all the ingredients to a mixing glass and fill with ice.", "Stir, and strain into a chilled cocktail glass.", "Garnish with a lime twist or a cherry."], "profile_key": ["Flavor", "Base Spirit", "Cocktail Type", "Served", "Preparation", "Strength", "Difficulty", "Hours", "Brands"], "profile_value": [["Spirit-forward"], ["Tequila"], ["None"], ["Neat/Up"], ["Stirred"], ["Medium"], ["Medium"], ["Dinner/Paired with food", "Evening"], ["Cazadores"]]}