{"title": "DubiousManhattan", "img": "https:////cdn.liquor.com/wp-content/uploads/2010/03/dubious-manhattan.jpg", "ingredients_key": ["Bourbon", "Dubonnet Rouge", "Sweet red vermouth", "Peach bitters", "Garnish", "Glass"], "ingredients_value": ["2 oz", "1⁄2 oz", "1⁄2 oz", "1 dash", "1 3 Drunken Plumped Cherries", "Martini"], "recipe": ["Add all the ingredients to a shaker and fill with ice.", "Shake vigorously and strain into a Martini glass.", "Spear 3 Drunken Plumped Cherries on a cocktail pick and drop into the drink."], "profile_key": ["Flavor", "Base Spirit", "Cocktail Type", "Served", "Preparation", "Strength", "Difficulty", "Hours", "Brands"], "profile_value": [["Spirit-forward"], ["Bourbon / American Whiskey", "Vermouth / Aperitif Wine"], ["Modern Classics"], ["Neat/Up"], ["Shaken"], ["Strong"], ["Medium"], ["Aperitif", "Evening"], ["None"]]}