{"title": "DutchmansDaiquiri", "img": "https:////cdn.liquor.com/wp-content/uploads/2010/09/02111000/dutchmans-daiquiri.jpg", "ingredients_key": ["Bols genever", "Red chile pepper, seeded and sliced", "Lime juice", "Rich sugar syrup (2 parts sugar, 1 part water)", "Garnish", "Glass"], "ingredients_value": ["1 1⁄2 oz", "quarter", "3⁄4 oz", "1⁄2 oz", "1 Red chile pepper", "Martini"], "recipe": ["In a shaker, muddle the chile.", "Add the remaining ingredients and fill with ice.", "Shake, and double-strain into a Martini glass.", "Garnish with a red chile pepper."], "profile_key": ["Flavor", "Base Spirit", "Cocktail Type", "Served", "Preparation", "Strength", "Difficulty", "Hours", "Brands"], "profile_value": [["Sour", "Spicy", "Sweet"], ["Gin"], ["Modern Classics"], ["Neat/Up"], ["Shaken"], ["Medium"], ["Complicated"], ["Afternoon", "Dinner/Paired with food", "Evening"], ["Bols"]]}