{"title": "EmployeesOnlyManhattan", "img": "https:////cdn.liquor.com/wp-content/uploads/2012/02/24103514/employees-only-manhattan.jpg", "ingredients_key": ["Rye whiskey", "Sweet vermouth", "Grand Marnier", "Angostura bitters", "Garnish", "Glass"], "ingredients_value": ["1 1⁄2 oz", "1 3⁄4 oz", "1⁄2 oz", "3 dashes", "Lemon twist", "Cocktail"], "recipe": ["Add all the ingredients into a mixing glass with ice and stir.", "Strain into a cocktail glass.", "Garnish with a lemon twist."], "profile_key": ["Flavor", "Base Spirit", "Cocktail Type", "Served", "Preparation", "Strength", "Difficulty", "Hours", "Brands"], "profile_value": [["Spirit-forward"], ["Rye Whiskey"], ["Classics", "Modern Classics"], ["Neat/Up"], ["Stirred"], ["Strong"], ["Medium"], ["Aperitif", "Dinner/Paired with food", "Evening"], ["Grand Marnier"]]}