{"title": "FlamingDr_PepperShot", "img": "https:////cdn.liquor.com/wp-content/uploads/2009/11/05151251/flaming-dr-pepper-shot.jpg", "ingredients_key": ["Beer", "Amaretto", "Rum", "Glass"], "ingredients_value": ["None", "3⁄4 oz", "1⁄4 oz", "Shot and pint"], "recipe": ["Fill a pint glass halfway with beer.", "Add the amaretto to a shot glass and top with the rum.", "Set the rum on fire and very carefully drop the shot glass into the beer.This is one drink best to order in a bar and not make at home."], "profile_key": ["Flavor", "Base Spirit", "Cocktail Type", "Served", "Preparation", "Strength", "Difficulty", "Hours", "Brands"], "profile_value": [["Bubbly", "Spirit-forward"], ["Beer", "Liqueurs", "Rum"], ["Shots"], ["Neat/Up"], ["None"], ["Medium"], ["Complicated"], ["Evening"], ["None"]]}