{"title": "FortDefianceIrishCoffee", "img": "https:////cdn.liquor.com/wp-content/uploads/2018/02/28112524/Fort-Defiance-Irish-Coffee-720x720-recipe.jpg", "ingredients_key": ["Powers Irish whiskey", "Simple syrup", "Counter Culture espresso", "Heavy cream", "Garnish", "Glass"], "ingredients_value": ["1 1⁄2 oz", "1 oz", "1 shot", "1 1⁄2 oz", "Grated cinnamon", "Irish Coffee mug"], "recipe": ["Add the whiskey and simple syrup into a mixing tin.", "Add a little boiling water to an Irish Coffee mug to heat it, and nestle the tin in the mug so that the tin heats as well.", "Add the heavy cream to a separate mixing tin, and dry-shake (without ice) until the cream thickens.", "Dump the water out of the mug, add the whiskey-sugar mixture, and fill with boiling water to about 1 inch below the rim.", "Pour the espresso shot followed by the thickened cream on top, and grate cinnamon."], "profile_key": ["Flavor", "Base Spirit", "Cocktail Type", "Served", "Preparation", "Strength", "Difficulty", "Hours", "Brands"], "profile_value": [["Bitter", "Creamy"], ["Irish Whiskey", "Whiskey"], ["Hot"], ["Hot/Warm"], ["Cooked/Heated"], ["Medium"], ["Medium"], ["Evening"], ["Counter Culture", "Powers"]]}