{"title": "French75", "img": "https:////cdn.liquor.com/wp-content/uploads/2015/11/02130618/French75.jpg", "ingredients_key": ["1.5 oz Bluecoat American Dry Gin", ".75 oz Fresh lemon juice", ".25 oz Simple syrup", "2 oz Champagne", "Garnish", "Glass"], "ingredients_value": ["None", "None", "None", "None", "twist Lemon", "Champagne flute"], "recipe": ["Add all ingredients except Champagne to an ice-filled shaker and shake vigorously.", "Uncap shaker and add Champagne.", "Strain mixture into a Champagne glass and garnish with an expressed lemon twist."], "profile_key": ["Flavor", "Base Spirit", "Cocktail Type", "Served", "Preparation", "Strength", "Difficulty", "Hours", "Brands"], "profile_value": [["Bubbly", "Fruity/Citrus-forward", "Spirit-forward"], ["Gin"], ["Classics"], ["Neat/Up"], ["Shaken"], ["Medium"], ["Medium"], ["Afternoon", "Dinner/Paired with food", "Evening"], ["Bluecoat"]]}