{"title": "FrozenMargarita", "img": "https:////cdn.liquor.com/wp-content/uploads/2017/07/05150949/Frozen-Margarita-720x720-recipe.jpg", "ingredients_key": ["Blanco tequila", "Fresh lime juice", "Orange liqueur", "Garnish", "Glass"], "ingredients_value": ["2 oz", "1 oz", "3⁄4 oz", "Salt rim", "Margarita"], "recipe": ["Salt the rim of a chilled Margarita glass and put aside.", "Add all the ingredients into a blender, and top with 1 cup of ice. Blend until the mixture is smooth and frothy.", "Pour the contents into the salted Margarita glass.", "Garnish with a lime wheel."], "profile_key": ["Flavor", "Base Spirit", "Cocktail Type", "Served", "Preparation", "Strength", "Difficulty", "Hours", "Brands"], "profile_value": [["Fruity/Citrus-forward"], ["Tequila"], ["Frozen / Blended"], ["Frozen"], ["Blended"], ["Medium"], ["Medium"], ["Afternoon"], ["None"]]}