{"title": "FrozenSangria", "img": "https:////cdn.liquor.com/wp-content/uploads/2017/05/12152614/frozen-sangria_720x720.jpg", "ingredients_key": ["Drambuie", "Triple sec", "Chardonnay", "Fresh orange juice", "Fresh lime juice", "honey", "Frozen berries", "Cherry bitters", "Garnish", "Glass"], "ingredients_value": ["3 oz", "1 oz", "1 cup", "1 oz", "1 oz", "1 oz", "2 cup", "10 dashes", "Skewered berries", "Wine Glass"], "recipe": ["Add all the Ingredients to a blender, and blend until smooth.", "Garnish with skewered berries and a basil sprig."], "profile_key": ["Flavor", "Base Spirit", "Cocktail Type", "Served", "Preparation", "Strength", "Difficulty", "Hours", "Brands"], "profile_value": [["Fruity/Citrus-forward"], ["None"], ["Frozen / Blended"], ["Frozen"], ["Blended"], ["Light"], ["Medium"], ["Afternoon", "Morning/Brunch"], ["Drambuie"]]}