{"title": "Gibson", "img": "https:////cdn.liquor.com/wp-content/uploads/2019/08/23101503/gibson-720x720-recipe.jpg", "ingredients_key": ["Gin or vodka", "Dry vermouth", "Garnish", "Glass"], "ingredients_value": ["2 1⁄2 oz", "1⁄2 oz", "Cocktail onion", "Cocktail"], "recipe": ["Add the ingredients into a mixing glass with ice and stir.", "Strain into a chilled cocktail glass.", "Garnish with a cocktail onion."], "profile_key": ["Flavor", "Base Spirit", "Cocktail Type", "Served", "Preparation", "Strength", "Difficulty", "Hours", "Brands"], "profile_value": [["Salty/Savory", "Spirit-forward"], ["Gin", "Vermouth / Aperitif Wine", "Vodka"], ["Classics", "Martinis"], ["Neat/Up"], ["Stirred"], ["Strong"], ["Medium"], ["Aperitif", "Dinner/Paired with food", "Evening"], ["None"]]}