{"title": "GinFizz", "img": "https:////cdn.liquor.com/wp-content/uploads/2017/08/25101601/gin-fizz-720-720-article.jpg", "ingredients_key": ["Gin", "Fresh lemon juice", "Simple syrup", "Egg white (about 1/2 oz)", "Club soda", "Glass"], "ingredients_value": ["2 oz", "1 oz", "3⁄4 oz", "1", "1 oz", "Fizz or Collins"], "recipe": [" Add the first four ingredients to a shaker and dry-shake (without ice) for about 10 seconds.", " Add 3 or 4 ice cubes and shake very well.", " Double-strain into a chilled fizz glass and top with club soda."], "profile_key": ["Flavor", "Base Spirit", "Cocktail Type", "Served", "Preparation", "Strength", "Difficulty", "Hours", "Brands"], "profile_value": [["Bubbly", "Sour"], ["Gin"], ["Classics"], ["Neat/Up"], ["Shaken"], ["Medium"], ["Medium"], ["Afternoon", "Evening"], ["None"]]}