{"title": "GreenHoliday", "img": "https:////cdn.liquor.com/wp-content/uploads/2016/12/01144455/green-holiday-720x720-recipe.jpg", "ingredients_key": ["Absolut Citron vodka", "Wheatgrass juice", "Fresh lime juice", "Agave nectar", "Garnish", "Glass"], "ingredients_value": ["1 1⁄2 oz", "1 oz", "1⁄2 oz", "1⁄4 oz", "Mint leaves", "Rocks"], "recipe": ["Add all ingredients into a shaker with ice and shake until chilled.", "Strain into a rocks glass over ice.", "Garnish with 3 mint leaves and a watermelon radish slice."], "profile_key": ["Flavor", "Base Spirit", "Cocktail Type", "Served", "Preparation", "Strength", "Difficulty", "Hours", "Brands"], "profile_value": [["Sweet"], ["Vodka"], ["Modern Classics"], ["Neat/Up"], ["Shaken"], ["Medium"], ["Medium"], ["Afternoon"], ["Absolut", "Monin"]]}