{"title": "Greyhound", "img": "https:////cdn.liquor.com/wp-content/uploads/2019/04/22121207/greyhound-720x720-recipe.jpg", "ingredients_key": ["Vodka", "Grapefruit juice, to top", "Garnish", "Glass"], "ingredients_value": ["1 1⁄2 oz", "None", "Lime wheel", "Double rocks"], "recipe": ["Add ingredients into a double rocks glass with ice and stir gently.", "Garnish with a lime wheel."], "profile_key": ["Flavor", "Base Spirit", "Cocktail Type", "Served", "Preparation", "Strength", "Difficulty", "Hours", "Brands"], "profile_value": [["Fruity/Citrus-forward", "Sour"], ["Vodka"], ["Classics"], ["On the Rocks"], ["Stirred"], ["Medium"], ["Simple"], ["Evening"], ["None"]]}