{"title": "HemingwayDaiquiri", "img": "https:////cdn.liquor.com/wp-content/uploads/2015/01/recipe-hemingway-daiquiri-1.jpg", "ingredients_key": ["White rum", "Key lime juice", "Grapefruit juice", "Maraschino liqueur", "Simple syrup", "Garnish", "Glass"], "ingredients_value": ["2 oz", "3⁄4 oz", "1⁄2 oz", "1⁄2 oz", "2 tbsp", "whole Lime wheel", "Wine"], "recipe": ["Add all ingredients into a blender with ice and pulse the blender until the drink has a slushy consistency.", "Divide the contents of the blender between 8 wine glasses.", "Garnish each with a lime wheel."], "profile_key": ["Flavor", "Base Spirit", "Cocktail Type", "Served", "Preparation", "Strength", "Difficulty", "Hours", "Brands"], "profile_value": [["Fruity/Citrus-forward", "Spirit-forward"], ["Rum"], ["Classics", "Frozen / Blended"], ["Frozen"], ["Blended"], ["Medium"], ["Medium"], ["None"], ["None"]]}