{"title": "HibiscusSummerGardenPunch", "img": "https:////cdn.liquor.com/wp-content/uploads/2017/08/16104257/beefeater_hibiscus_punch_720x720.png", "ingredients_key": ["London dry gin", "Hibiscus tea, chilled*", "Creme de cacao", "Fresh lemon juice", "Simple syrup", "Bitter lemon soda", "Garnish", "Glass"], "ingredients_value": ["15 oz", "10 oz", "1 1⁄2 oz", "5 oz", "2 1⁄2", "10 oz", "Raspberries", "Punch Bowl"], "recipe": ["In a punch bowl, combine all of the ingredients except for the bitter lemon soda.", "Add cubed ice and gently stir with a ladle to mix.", "Top with the bitter lemon soda, and garnish with a generous amount (2 to 3 cups) of raspberries and sliced strawberries.", "Grate orange zest over the punch."], "profile_key": ["Flavor", "Base Spirit", "Cocktail Type", "Served", "Preparation", "Strength", "Difficulty", "Hours", "Brands"], "profile_value": [["Fruity/Citrus-forward"], ["Gin"], ["Punches"], ["On the Rocks"], ["Stirred"], ["Medium"], ["Medium"], ["Afternoon"], ["None"]]}