{"title": "HotButteredRum", "img": "https:////cdn.liquor.com/wp-content/uploads/2013/12/16124209/hot-buttered-rum-720x720-recipe.jpg", "ingredients_key": ["Gold rum", "Hot buttered rum batter", "Boiling water", "Garnish", "Glass"], "ingredients_value": ["2 oz", "1 tbsp", "None", "Cinnamon stick", "Mug"], "recipe": ["Add the rum and batter to a mug.", "Fill with boiling water and stir."], "profile_key": ["Flavor", "Base Spirit", "Cocktail Type", "Served", "Preparation", "Strength", "Difficulty", "Hours", "Brands"], "profile_value": [["Creamy", "Sweet"], ["Rum"], ["Classics", "Hot"], ["Hot/Warm"], ["Stirred"], ["Medium"], ["Complicated"], ["Afternoon", "Evening", "Nightcap"], ["None"]]}