{"title": "Hurricane", "img": "https:////cdn.liquor.com/wp-content/uploads/2019/01/22115657/hurricane-720x720-recipe.jpg", "ingredients_key": ["Light rum", "Dark rum", "Fresh lime juice", "Orange juice", "Passion fruit puree", "Simple syrup", "Grenadine*", "Garnish", "Glass"], "ingredients_value": ["2 oz", "2 oz", "1 oz", "1 oz", "1⁄2 oz", "1⁄2 oz", "1 barspoon", "Orange wheel", "Hurricane"], "recipe": ["Add all ingredients into a shaker with ice and shake.", "Strain into a large Hurricane glass over fresh ice.", "Garnish with an orange half-wheel and a preserved cherry."], "profile_key": ["Flavor", "Base Spirit", "Cocktail Type", "Served", "Preparation", "Strength", "Difficulty", "Hours", "Brands"], "profile_value": [["Spirit-forward", "Sweet"], ["Rum"], ["Tiki / Tropical"], ["On the Rocks"], ["Shaken"], ["Strong"], ["Medium"], ["Afternoon", "Evening"], ["None"]]}