{"title": "IrishCoffee", "img": "https:////cdn.liquor.com/wp-content/uploads/2017/02/22140200/irish-coffee-720x720-recipe1.jpg", "ingredients_key": ["Irish whiskey", "Brown sugar", "Brewed coffee, hot", "Garnish", "Glass"], "ingredients_value": ["1 1⁄2 oz", "2 tsp", "None", "Whipped cream", "Irish Coffee mug"], "recipe": ["Filling an Irish Coffee mug with hot water, let sit for 2 minutes, then discard the water.", "Add the whiskey and sugar to the glass, fill with the coffee, and stir.", "Top with an inch of unsweetened lightly whipped cream."], "profile_key": ["Flavor", "Base Spirit", "Cocktail Type", "Served", "Preparation", "Strength", "Difficulty", "Hours", "Brands"], "profile_value": [["Bitter", "Creamy", "Sweet"], ["Irish Whiskey"], ["Hot"], ["Hot/Warm"], ["Cooked/Heated"], ["Medium"], ["Simple"], ["Morning/Brunch", "Nightcap"], ["Jameson"]]}