{"title": "JeffreyMorgenthalersHotToddy", "img": "https:////cdn.liquor.com/wp-content/uploads/2018/11/01145317/Jeffrey-Morgenthalers-Hot-Toddy-720x720-recipe.jpg", "ingredients_key": ["Bourbon", "Ginger syrup*", "Fresh lemon juice", "Allspice or pimento dram", "Garnish", "Glass"], "ingredients_value": ["1 1⁄2 oz", "1 oz", "3⁄4 oz", "1 tsp", "Orange peel", "Glass mug"], "recipe": ["Stir all the ingredients in a bain-marie until warmed through. (If no bain-marie or double-boiler is available, pour very warm water into a mixing tin, then in a smaller mixing tin, add all the ingredients and nestle the smaller tin inside the larger tin until ingredients are warm.).", "Pour into a preheated mug and top with 3 oz boiling water.", "Garnish with an orange peel.", "*Ginger syrup: Roughly chop 8 oz washed, unpeeled ginger (each piece about the size of your pinkie-tip). Put in a blender and combine with equal parts sugar and boiling water. Blend on high until mixture is smooth, then fine-strain through a sieve."], "profile_key": ["Flavor", "Base Spirit", "Cocktail Type", "Served", "Preparation", "Strength", "Difficulty", "Hours", "Brands"], "profile_value": [["Sweet"], ["Bourbon / American Whiskey", "Whiskey"], ["None"], ["Hot/Warm"], ["Cooked/Heated"], ["Medium"], ["Medium"], ["Evening"], ["None"]]}