{"title": "KombuchaMimosa", "img": "https:////cdn.liquor.com/wp-content/uploads/2018/01/03142227/Everything-You-Need-to-know-About-the-Drinks-That-Could-Save-Your-Morning-720x720-article-v21.jpg", "ingredients_key": ["Chilled kombucha", "Sparkling wine", "Glass"], "ingredients_value": ["2 oz", "4 oz", "Champagne flute"], "recipe": ["Pour the sparkling wine into a Champagne flute.", "Top with the kombucha."], "profile_key": ["Flavor", "Base Spirit", "Cocktail Type", "Served", "Preparation", "Strength", "Difficulty", "Hours", "Brands"], "profile_value": [["Bubbly"], ["Champagne & Sparkling Wine"], ["Modern Classics"], ["Neat/Up"], ["Stirred"], ["Light"], ["Simple"], ["Morning/Brunch"], ["None"]]}