{"title": "LemonDrop", "img": "https:////cdn.liquor.com/wp-content/uploads/2018/07/27061510/lemon-drop-720x720-recipe.jpg", "ingredients_key": ["Vodka", "Triple sec", "Simple syrup", "Fresh lemon juice", "Garnish", "Glass"], "ingredients_value": ["2 oz", "1⁄2 oz", "1 oz", "1 oz", "Sugar rim", "Cocktail or coupe"], "recipe": ["Coat the rim of a cocktail glass with sugar and set aside (do this a few minutes ahead of time so the sugar can dry and adhere well to the glass).", " Add all the ingredients into a shaker with ice and shake.", "Strain into the prepared glass."], "profile_key": ["Flavor", "Base Spirit", "Cocktail Type", "Served", "Preparation", "Strength", "Difficulty", "Hours", "Brands"], "profile_value": [["Fruity/Citrus-forward"], ["Vodka"], ["Modern Classics"], ["Neat/Up"], ["Shaken"], ["Medium"], ["Medium"], ["Afternoon", "Evening"], ["None"]]}