{"title": "Let'sPumpkin", "img": "https:////cdn.liquor.com/wp-content/uploads/2016/10/20134233/How-to-Use-a-Pumpkin-as-a-Punch-Bowl-720x720-article.jpg", "ingredients_key": ["Elijah Craig bourbon", "Domaine de Canton ginger liqueur", "Farmers Market organic pumpkin puree", "Fall spice syrup*", "Apple juice", "Pineapple juice", "Lemon juice", "Marshmallow Fluff or toasted meringue**", "Garnish", "Glass"], "ingredients_value": ["18 oz", "8 oz", "6 tbsp", "4 oz", "12 oz", "12 oz", "12 oz", "None", "Lemon wheels", "Mini hollowed-out pumpkin"], "recipe": ["With a jagged edge, cut open the top of a pumpkin, scoop out the seeds, and rinse out the pumpkin.", "Add all of the ingredients into the pumpkin with ice and stir.", "Add 5 lemon wheels, thinly sliced, and 3 pineapple wheels, thinly sliced, to the bowl for garnish.", "*Fall spice syrup: Toast 2 tsp of cardamom in a saucepan at medium heat. Add 5 whole star anise, 1 tsp of nutmeg, 5 diced stems of whole ginger root, 3 cinnamon sticks, 3 cloves, 1 whole orange twist, 2 cups of fine white sugar and 2 cups of water, and stir until the sugar has completely dissolved. Let it cool for 30 minutes, and use a fine-mesh sieve to strain into a Mason jar. (Keeps in the refrigerator for up to 4 weeks.).", "**Toasted meringue: Separate 5 whole eggs and place the whites in a large bowl. Beat the egg whites with an electric or handheld mixer until they become soft. Add 3 tsp of sugar gradually as the egg whites are beaten to stiff peaks. Use a large spoon to transfer the meringue into a plastic-coated pastry bag to squeeze the meringue onto each punch-filled glass mug or mini pumpkin."], "profile_key": ["Flavor", "Base Spirit", "Cocktail Type", "Served", "Preparation", "Strength", "Difficulty", "Hours", "Brands"], "profile_value": [["Spicy", "Sweet"], ["Bourbon / American Whiskey"], ["Punches"], ["Neat/Up"], ["Stirred"], ["Medium"], ["Complicated"], ["Afternoon", "Evening"], ["elijah craig", "Farmers Market"]]}