{"title": "MangoBravaDaiquiri", "img": "https:////cdn.liquor.com/wp-content/uploads/2013/03/30153638/Mango-Brava-Daiquiri.jpg", "ingredients_key": ["Mango-Infused Rum", "Lime juice", "Simple syrup (one part sugar, one part water)", "Garnish", "Glass"], "ingredients_value": ["2 oz", "1⁄2 oz", "1⁄2 oz", "1 Lime wheel", "Cocktail"], "recipe": ["Add all the ingredients to a shaker and fill with ice.", "Shake, and strain into a chilled cocktail glass.", "Garnish with a lime wheel."], "profile_key": ["Flavor", "Base Spirit", "Cocktail Type", "Served", "Preparation", "Strength", "Difficulty", "Hours", "Brands"], "profile_value": [["Fruity/Citrus-forward", "Sour", "Sweet"], ["Rum"], ["Tiki / Tropical"], ["Neat/Up"], ["Shaken"], ["Medium"], ["Complicated"], ["Afternoon", "Dinner/Paired with food"], ["Cana Brava"]]}