{"title": "Mimosa", "img": "https:////cdn.liquor.com/wp-content/uploads/2016/07/23122415/mimosa-recipe-720-square.jpg", "ingredients_key": ["Orange juice", "Sparkling wine, chilled", "Garnish"], "ingredients_value": ["2 oz", "None", "1 Champagne flute"], "recipe": ["Add the orange juice to a Champagne flute.", "Fill with sparkling wine."], "profile_key": ["Flavor", "Base Spirit", "Cocktail Type", "Served", "Preparation", "Strength", "Difficulty", "Hours", "Brands"], "profile_value": [["Fruity/Citrus-forward", "Sweet"], ["Champagne & Sparkling Wine"], ["Classics"], ["Neat/Up"], ["None"], ["Light"], ["Simple"], ["Morning/Brunch"], ["None"]]}