{"title": "MintJulep", "img": "https:////cdn.liquor.com/wp-content/uploads/2017/09/01105647/mint-julep-720x720-recipe-Molly.jpg", "ingredients_key": ["Simple syrup", "Mint leaves", "Bourbon", "Garnish", "Glass"], "ingredients_value": ["1⁄4 oz", "8", "2 oz", "Bitters", "Julep or rocks"], "recipe": ["In a Julep cup or rocks glass, lightly muddle the mint and syrup.", "Add the bourbon and pack tightly with crushed ice.", "Stir until the cup is frosted on the outside.", "Top with more crushed ice to form an ice dome and garnish with a mint sprig and few optional drops of bitters."], "profile_key": ["Flavor", "Base Spirit", "Cocktail Type", "Served", "Preparation", "Strength", "Difficulty", "Hours", "Brands"], "profile_value": [["Spirit-forward", "Sweet"], ["Bourbon / American Whiskey", "Whiskey"], ["Classics"], ["On the Rocks"], ["Stirred"], ["Strong"], ["Medium"], ["Afternoon", "Evening"], ["Bulleit"]]}