{"title": "Mojito", "img": "https:////cdn.liquor.com/wp-content/uploads/2018/09/04153106/mojito-720x720-recipe.jpg", "ingredients_key": ["White rum", "Mint leaves", "Fresh lime juice", "Simple syrup", "Club soda, to top", "Garnish", "Glass"], "ingredients_value": ["2 oz", "3", "3⁄4 oz", "1⁄2 oz", "None", "Mint sprig", "Highball"], "recipe": ["Lightly muddle the mint in a shaker.", "Add the rum, lime juice, simple syrup and ice and give it a brief shake.", "Strain into a highball glass over fresh ice.", "Top with the club soda.", "Garnish with a mint sprig and lime wheel."], "profile_key": ["Flavor", "Base Spirit", "Cocktail Type", "Served", "Preparation", "Strength", "Difficulty", "Hours", "Brands"], "profile_value": [["Bubbly", "Fruity/Citrus-forward", "Sour", "Sweet"], ["Rum"], ["Classics", "Tiki / Tropical"], ["On the Rocks"], ["Shaken"], ["Medium"], ["Complicated"], ["Afternoon", "Dinner/Paired with food", "Evening"], ["None"]]}