{"title": "MuddledPine", "img": "https:////cdn.liquor.com/wp-content/uploads/2016/11/18081623/muddled-pine-720x720-recipe.jpg", "ingredients_key": ["Angostura bitters", "Fresh lemon juice", "Pine syrup*", "Fresh cranberries", "Gin or vodka", "Lemon-lime soda", "Garnish", "Glass"], "ingredients_value": ["dash", "1 oz", "1⁄2 oz", "15", "1 oz", "1⁄2 oz", "Cranberries", "Rocks"], "recipe": ["Add the bitters, lemon juice, pine syrup and cranberries to a shaker, and muddle the cranberries.", "Add the gin or vodka (optional) and ice, and shake until chilled.", "Strain into a rocks glass over ice, and top with the lemon-lime soda.", "Garnish with 3 cranberries and a sprig of pine.", "*Pine syrup: Bring 1 cup of water and 1 cup of sugar to a boil until dissolved. Reduce heat to low, and add a handful of chopped pine needles. Stir and remove from heat, and let sit for 2 hours. Strain and refrigerate. Keeps up to 3 weeks."], "profile_key": ["Flavor", "Base Spirit", "Cocktail Type", "Served", "Preparation", "Strength", "Difficulty", "Hours", "Brands"], "profile_value": [["Sweet"], ["Gin", "Vodka"], ["Modern Classics"], ["On the Rocks"], ["Shaken"], ["Medium"], ["Medium"], ["Afternoon", "Evening"], ["Angostura Bitters"]]}