{"title": "NegroniSbagliato", "img": "https:////cdn.liquor.com/wp-content/uploads/2017/12/14074127/negroni-sbagliato-720x720-recipe.jpg", "ingredients_key": ["Sweet vermouth", "Campari liqueur", "Assorted seasonal fruit", "Prosecco", "Garnish", "Glass"], "ingredients_value": ["750 ml", "750 ml", "1 cup", "750 ml", "Grated cinnamon", "Punch"], "recipe": ["Add the vermouth and liqueur to a punch bowl and add large ice cubes or a large ice block.", "Add the fruit and top with the prosecco.", "Stir gently and garnish with freshly grated cinnamon."], "profile_key": ["Flavor", "Base Spirit", "Cocktail Type", "Served", "Preparation", "Strength", "Difficulty", "Hours", "Brands"], "profile_value": [["Bitter", "Bubbly", "Sweet"], ["Liqueurs", "Vermouth / Aperitif Wine"], ["Classics", "Punches"], ["On the Rocks"], ["Stirred"], ["Light"], ["Medium"], ["Aperitif", "Evening"], ["Campari"]]}