{"title": "NewYorkSour", "img": "https:////cdn.liquor.com/wp-content/uploads/2016/09/01082624/11-Go-To-Cocktails-for-September-Parties-new-york-sour-720x720-slideshow.jpg", "ingredients_key": ["Rye whiskey or bourbon", "Lemon juice", "Simple syrup", "Egg white (optional)", "Red wine", "Glass"], "ingredients_value": ["2 oz", "1 oz", "3⁄4 oz", "1", "1⁄2 oz", "Rocks"], "recipe": ["Add all ingredients except the wine into a shaker with ice and shake.", "Strain into a rocks glass over fresh ice.", "Slowly pour the wine over the back of a bar spoon so that it floats on top of the drink."], "profile_key": ["Flavor", "Base Spirit", "Cocktail Type", "Served", "Preparation", "Strength", "Difficulty", "Hours", "Brands"], "profile_value": [["Sour", "Sweet"], ["Bourbon / American Whiskey", "Rye Whiskey"], ["Classics"], ["On the Rocks"], ["Shaken"], ["Medium"], ["Medium"], ["None"], ["George Dickel"]]}