{"title": "OaxacanOldFashioned", "img": "https:////cdn.liquor.com/wp-content/uploads/2018/05/17091847/oaxacan-old-fashioned-720x720-article.jpg", "ingredients_key": ["Tequila", "Del Maguey San Luis Del Rio mezcal", "Agave nectar", "Angostura bitters", "Garnish", "Glass"], "ingredients_value": ["1 1⁄2 oz", "1⁄2 oz", "1 barspoon", "2 dashes", "Flamed orange peel", "Old Fashioned"], "recipe": ["Add all the ingredients into an Old Fashioned glass with 1 large ice cube, and stir until chilled.", "Garnish with a flamed orange peel."], "profile_key": ["Flavor", "Base Spirit", "Cocktail Type", "Served", "Preparation", "Strength", "Difficulty", "Hours", "Brands"], "profile_value": [["Spirit-forward"], ["Tequila"], ["Modern Classics"], ["On the Rocks"], ["Stirred"], ["Strong"], ["Medium"], ["Evening"], ["Angostura", "Del Maguey"]]}