{"title": "OldFashioned", "img": "https:////cdn.liquor.com/wp-content/uploads/2017/09/29103812/4-Rules-for-Drinking-Scotch-old-fashioned-720x720-slideshow.jpg", "ingredients_key": ["Bourbon", "White sugar", "Angostura bitters", "Regan's Orange Bitters No. 6", "Cold water", "Brown sugar cube", "Garnish", "Glass"], "ingredients_value": ["2 oz", "1⁄2 tsp", "3 dashes", "1 dash", "1⁄4 oz", "1", "Lemon", "Rocks"], "recipe": ["Add all ingredients into a mixing glass, muddle to break down the sugar and stir briefly.", "Fill with ice and stir again.", "Strain into a rocks glass over ice.", "Twist slices of lemon and orange peel over the drink to express the oil and drop them in."], "profile_key": ["Flavor", "Base Spirit", "Cocktail Type", "Served", "Preparation", "Strength", "Difficulty", "Hours", "Brands"], "profile_value": [["Spirit-forward", "Sweet"], ["Bourbon / American Whiskey"], ["Classics"], ["On the Rocks"], ["None"], ["Medium"], ["Medium"], ["Dinner/Paired with food", "Evening"], ["Bulleit"]]}