{"title": "Painkiller", "img": "https:////cdn.liquor.com/wp-content/uploads/2019/02/13081626/painkiller-720x720-recipe.jpg", "ingredients_key": ["Dark or navy-strength rum", "Pineapple juice", "Orange juice", "Cream of coconut", "Garnish", "Glass"], "ingredients_value": ["2 1⁄2 oz", "2 1⁄2 oz", "1 oz", "1 oz", "Grated nutmeg", "Large snifter"], "recipe": ["Add all ingredients into a shaker with ice and shake until well-chilled.", "Strain into a large snifter filled with pebble ice.", "Garnish with grated nutmeg and a skewered pineapple leaf and preserved cherry."], "profile_key": ["Flavor", "Base Spirit", "Cocktail Type", "Served", "Preparation", "Strength", "Difficulty", "Hours", "Brands"], "profile_value": [["Fruity/Citrus-forward", "Sweet"], ["Rum"], ["Tiki / Tropical"], ["On the Rocks"], ["Shaken"], ["Medium"], ["Medium"], ["Afternoon"], ["None"]]}