{"title": "PinaColada", "img": "https:////cdn.liquor.com/wp-content/uploads/2019/02/13090826/pina-colada-720x720-recipe.jpg", "ingredients_key": ["Light rum", "Cream of coconut", "Pineapple juice", "Fresh lime juice", "Garnish", "Glass"], "ingredients_value": ["2 oz", "1 1⁄2 oz", "1 1⁄2 oz", "1⁄2 oz", "Pineapple wedge", "Hurricane"], "recipe": ["Add all ingredients into a shaker with ice and shake vigorously (20-30 seconds).", "Strain into a chilled Hurricane glass over pebble ice.", "Garnish with a pineapple wedge and pineapple leaf."], "profile_key": ["Flavor", "Base Spirit", "Cocktail Type", "Served", "Preparation", "Strength", "Difficulty", "Hours", "Brands"], "profile_value": [["Creamy", "Fruity/Citrus-forward", "Sweet"], ["Rum"], ["Tiki / Tropical"], ["Frozen", "On the Rocks"], ["Shaken"], ["Medium"], ["Medium"], ["Afternoon", "Evening"], ["None"]]}