{"title": "RamosGinFizz", "img": "https:////cdn.liquor.com/wp-content/uploads/2019/04/08140002/Ramos-Gin-Fizz-720x720-recipe.jpg", "ingredients_key": ["Gin", "Heavy cream", "Fresh lemon juice", "Fresh lime juice", "Simple syrup", "Orange flower water", "Fresh egg white", "Club soda, to top", "Glass"], "ingredients_value": ["2 oz", "1⁄2 oz", "1⁄2 oz", "1⁄2 oz", "3⁄4 oz", "3 dashes", "1", "None", "Collins"], "recipe": ["Add all ingredients except the club soda into a shaker and dry-shake vigorously (without ice).", "Fill with ice and shake again.", "Strain into a Collins glass.", "Pour a little bit of club soda back and forth between the empty halves of the shaker to pick up any residual egg white, then pour into the glass."], "profile_key": ["Flavor", "Base Spirit", "Cocktail Type", "Served", "Preparation", "Strength", "Difficulty", "Hours", "Brands"], "profile_value": [["Bubbly", "Creamy", "Sour"], ["Gin"], ["Classics"], ["Neat/Up"], ["Shaken"], ["Medium"], ["Medium"], ["Afternoon", "Evening"], ["None"]]}