{"title": "ReverseManhattan", "img": "https:////cdn.liquor.com/wp-content/uploads/2019/01/14103211/reverse-manhattan-720x720-recipe.jpg", "ingredients_key": ["Sweet vermouth blend*", "Rye whiskey", "Angostura bitters", "Garnish", "Glass"], "ingredients_value": ["2 oz", "1 oz", "2 dashes", "Marasca cherry", "Nick and Nora"], "recipe": ["Add all ingredients into a mixing glass with ice and stir until well-chilled.", "Strain into a chilled Nick & Nora glass.", "Garnish with a marasca cherry."], "profile_key": ["Flavor", "Base Spirit", "Cocktail Type", "Served", "Preparation", "Strength", "Difficulty", "Hours", "Brands"], "profile_value": [["Spirit-forward"], ["Vermouth / Aperitif Wine"], ["Modern Classics"], ["Neat/Up"], ["Stirred"], ["Strong"], ["Medium"], ["Evening"], ["Angostura", "carpano", "Cocchi", "Punt e Mes"]]}