{"title": "ReverseMartini,BartendersSpecial", "img": "https:////cdn.liquor.com/wp-content/uploads/2018/06/11134301/reverse-martini-720x720-article.jpg", "ingredients_key": ["Dolin Blanc Vermouth de Chambery", "Spirit Works vodka", "Luxardo maraschino liqueur", "Garnish", "Glass"], "ingredients_value": ["1 3⁄4 oz", "1 oz", "1 barspoon", "Brandied cherry", "Cocktail"], "recipe": ["Add all the ingredients into a mixing glass with ice, and stir until well-chilled.", "Strain into a chilled cocktail glass.", "Garnish with a speared brandied cherry."], "profile_key": ["Flavor", "Base Spirit", "Cocktail Type", "Served", "Preparation", "Strength", "Difficulty", "Hours", "Brands"], "profile_value": [["Spirit-forward"], ["Vermouth / Aperitif Wine", "Vodka"], ["Martinis"], ["Neat/Up"], ["Stirred"], ["Strong"], ["Medium"], ["Evening"], ["Dolin", "Luxardo", "Spirit Works"]]}