{"title": "Saturn", "img": "https:////cdn.liquor.com/wp-content/uploads/2016/09/29123527/saturn-720x720-recipe.jpg", "ingredients_key": ["Gin", "Freshly squeezed lemon juice", "Passion fruit syrup*", "Orgeat", "Falernum", "Garnish", "Glass"], "ingredients_value": ["1 1⁄4 oz", "1⁄2 oz", "1⁄2 oz", "1⁄4 oz", "1⁄4 oz", "Parasol", "Tiki mug or Highball"], "recipe": ["Add all of the ingredients to a blender with crushed ice, and blend until smooth.", "Pour unstrained into a Tiki mug or highball glass.", "Garnish with a parasol, edible flower and orange peel.", "Serve with a straw."], "profile_key": ["Flavor", "Base Spirit", "Cocktail Type", "Served", "Preparation", "Strength", "Difficulty", "Hours", "Brands"], "profile_value": [["Fruity/Citrus-forward"], ["Gin"], ["Tiki / Tropical"], ["Frozen"], ["Blended"], ["Medium"], ["Medium"], ["Afternoon"], ["None"]]}