{"title": "Sazerac", "img": "https:////cdn.liquor.com/wp-content/uploads/2018/05/10145323/sazerac-720x720-recipe.jpg", "ingredients_key": ["Absinthe, to rinse", "Sugar cube", "Cold water", "Peychauds bitters", "Angostura bitters", "Rye whiskey", "Cognac", "Garnish", "Glass"], "ingredients_value": ["None", "1", "1⁄2 tsp", "3 dashes", "2 dashes", "1 1⁄4 oz", "1 1⁄4 oz", "Lemon peel", "Rocks"], "recipe": ["Rinse a chilled rocks glass with absinthe, discarding any excess, and set aside.", "In a mixing glass, muddle the sugar cube, water and both bitters.", "Add the rye and cognac fill with ice, and stir until well-chilled.", "Strain into the prepared glass.", "Twist a slice of lemon peel over the surface to extract the oils and then discard."], "profile_key": ["Flavor", "Base Spirit", "Cocktail Type", "Served", "Preparation", "Strength", "Difficulty", "Hours", "Brands"], "profile_value": [["Spirit-forward"], ["Brandy", "Cognac", "Rye Whiskey"], ["Classics"], ["Neat/Up"], ["Stirred"], ["Strong"], ["Medium"], ["Afternoon", "Evening"], ["Angostura", "Hennessy", "Peychaud's"]]}