{"title": "Scofflaw", "img": "https:////cdn.liquor.com/wp-content/uploads/2016/09/01082630/11-Go-To-Cocktails-for-September-Parties-scofflaw-720x720-slideshow.jpg", "ingredients_key": ["Bourbon or rye whiskey", "Dry vermouth", "Fresh lemon juice", "Grenadine", "Orange bitters", "Glass"], "ingredients_value": ["2 oz", "1 oz", "1⁄4 oz", "1⁄2 oz", "2 dashes", "Cocktail"], "recipe": ["Add all ingredients into a shaker with ice and shake.", "Strain into a chilled cocktail glass."], "profile_key": ["Flavor", "Base Spirit", "Cocktail Type", "Served", "Preparation", "Strength", "Difficulty", "Hours", "Brands"], "profile_value": [["Sour", "Spirit-forward", "Sweet"], ["Bourbon / American Whiskey", "Rye Whiskey", "Vermouth / Aperitif Wine"], ["Classics"], ["Neat/Up"], ["Shaken"], ["Medium"], ["Medium"], ["Aperitif", "Dinner/Paired with food", "Evening"], ["George Dickel"]]}