{"title": "Screwdriver", "img": "https:////cdn.liquor.com/wp-content/uploads/2017/11/06162348/screwdrvier-720x720-recipe.jpg", "ingredients_key": ["Vodka", "Orange juice", "Glass"], "ingredients_value": ["1 1⁄2 oz", "None", "Highball"], "recipe": ["Add the vodka into a highball glass over ice.", "Top with the orange juice."], "profile_key": ["Flavor", "Base Spirit", "Cocktail Type", "Served", "Preparation", "Strength", "Difficulty", "Hours", "Brands"], "profile_value": [["Fruity/Citrus-forward", "Sweet"], ["Vodka"], ["Classics"], ["On the Rocks"], ["None"], ["Medium"], ["Simple"], ["Afternoon", "Evening", "Morning/Brunch"], ["None"]]}