{"title": "SingaporeSling", "img": "https:////cdn.liquor.com/wp-content/uploads/2017/11/06162353/singapore-sling-720x720-recipe.jpg", "ingredients_key": ["Gin", "Grand Marnier", "Cherry liqueur", "Herbal liqueur", "Pineapple juice", "Fresh lime juice", "Bitters", "Club soda, to top", "Garnish", "Glass"], "ingredients_value": ["3⁄4 oz", "1⁄4 oz", "1⁄4 oz", "1⁄4 oz", "1 oz", "1⁄2 oz", "1 dash", "None", "Orange slice ", "Highball"], "recipe": ["Add all the ingredients except the club soda into a shaker with ice and shake.", "Strain into a highball glass, and top with the club soda.", "Garnish with an orange slice and a cherry."], "profile_key": ["Flavor", "Base Spirit", "Cocktail Type", "Served", "Preparation", "Strength", "Difficulty", "Hours", "Brands"], "profile_value": [["Bubbly", "Sour", "Sweet"], ["Gin"], ["Classics", "Tiki / Tropical"], ["On the Rocks"], ["Shaken"], ["Medium"], ["Medium"], ["Afternoon", "Evening"], ["None"]]}