{"title": "Snap,Chat&Rum", "img": "https:////cdn.liquor.com/wp-content/uploads/2017/10/13144310/snap-chat-and-rum-720-720-recipe.jpg", "ingredients_key": ["Dark aged rum", "Fresh lime juice", "Simple syrup", "Pressed sugar snap pea with fennel bulb", "Garnish", "Glass"], "ingredients_value": ["1 1⁄2 oz", "1 oz", "3⁄4 oz", "1 1⁄2 oz", "Fennel frond", "Coupe"], "recipe": ["Shake and strain all ingredients into chilled coupe glass.", "Garnish with fennel frond."], "profile_key": ["Flavor", "Base Spirit", "Cocktail Type", "Served", "Preparation", "Strength", "Difficulty", "Hours", "Brands"], "profile_value": [["Fruity/Citrus-forward"], ["Rum"], ["Modern Classics"], ["Neat/Up"], ["Shaken"], ["Medium"], ["Medium"], ["None"], ["None"]]}