{"title": "SourT-iesel", "img": "https:////cdn.liquor.com/wp-content/uploads/2016/10/17135356/Sour-T-iesel-720-720-article.jpg", "ingredients_key": ["Tequila blanco", "Organic fresh-pressed lime juice", "Organic agave nectar", "Pink sea salt", "Organic mint leaves (without stems)", "Organic cold-pressed CBD oil (extracted from industrial hemp)", "Organic aquafaba", "Garnish", "Glass"], "ingredients_value": ["2 oz", "1 oz", "1⁄2 oz", "1 pinch", "3", "5 drops", "3⁄4 oz", "Matcha stencil", "Coupe"], "recipe": ["Place all of the ingredients except for the CBD oil and aquafaba in a cocktail shaker with ice and shake vigorously.", "Fine-strain into a 64 oz container, and add the CBD oil and aquafaba. Emulsify the liquid for 5 seconds with a handheld emulsifier on turbo.", "Transfer the liquid back into the cocktail shaker, and strain the liquid into a coupe glass with a Hawthorne strainer.", "To create a pot leaf image atop the cocktail, use a stencil and ceremonial-grade matcha."], "profile_key": ["Flavor", "Base Spirit", "Cocktail Type", "Served", "Preparation", "Strength", "Difficulty", "Hours", "Brands"], "profile_value": [["Fruity/Citrus-forward"], ["Tequila"], ["Margaritas", "Modern Classics"], ["Neat/Up"], ["Shaken"], ["Medium"], ["Medium"], ["Afternoon", "Evening"], ["None"]]}