{"title": "SouthSide", "img": "https:////cdn.liquor.com/wp-content/uploads/2013/07/South-Side.jpg", "ingredients_key": ["No. 3 gin", "Mint leaves", "Simple syrup", "Fresh lemon juice", "Garnish", "Glass"], "ingredients_value": ["2 oz", "5", "1 oz", "1 oz", "1 Mint sprig", "Cocktail"], "recipe": ["In a shaker, muddle the mint and simple syrup.", "Add the lemon juice and gin, and fill with ice.", "Shake, and double-strain into a cocktail glass.", "Garnish with a mint sprig."], "profile_key": ["Flavor", "Base Spirit", "Cocktail Type", "Served", "Preparation", "Strength", "Difficulty", "Hours", "Brands"], "profile_value": [["Fruity/Citrus-forward", "Sweet"], ["Gin"], ["Classics"], ["Neat/Up"], ["Shaken"], ["Medium"], ["Medium"], ["Afternoon"], ["No. 3"]]}