{"title": "SpanishGin&Tonic", "img": "https:////cdn.liquor.com/wp-content/uploads/2017/07/13091447/spanish-gin-and-tonic-720x720-recipe.jpg", "ingredients_key": ["London dry gin", "Tonic water", "Garnish", "Glass"], "ingredients_value": ["2 oz", "3 oz", "Juniper berries", "Highball, Wine glass, Goblet"], "recipe": ["Pour the gin into a wine glass filled 3/4 with ice.", "Top with the tonic.", "Place juniper berries, a lemon wheel and thyme into the glass.", "*Suggested alternate garnish combinations:.", "Sliced fig, lavender/verbena flower, vanilla bean, lemon wheel, juniper berries.", "Sliced peach, thyme, saffron, lemon wheel, juniper berries."], "profile_key": ["Flavor", "Base Spirit", "Cocktail Type", "Served", "Preparation", "Strength", "Difficulty", "Hours", "Brands"], "profile_value": [["None"], ["Gin"], ["Modern Classics"], ["On the Rocks"], ["Stirred"], ["Light"], ["Simple"], ["Afternoon", "Evening"], ["None"]]}