{"title": "SparklingWatermelonPunch", "img": "https:////cdn.liquor.com/wp-content/uploads/2018/06/26083717/sparkling-watermelon-720x720-article.jpg", "ingredients_key": ["Mini watermelon", "Mint leaves", "Vodka", "Fresh lime juice", "Simple syrup", "Sparkling wine, to top", "Garnish", "Glass"], "ingredients_value": ["1", "6", "4 oz", "2 oz", "1 oz", "None", "Lime wheels", "Half watermelon"], "recipe": ["With 1 large spoon or ice cream scoop, carve out the insides of half a mini watermelon and set aside.", "Add the watermelon chunks and mint leaves to a blender, and puree until smooth.", "Fine-strain the puree to remove pulp and add the juice (about 1 cup) to a separate container.", "In the carved watermelon half, add cubed ice, vodka, lime juice, simple syrup and 5 oz watermelon juice.", "Top with the sparkling wine.", "Garnish with lime wheels and a mint sprig."], "profile_key": ["Flavor", "Base Spirit", "Cocktail Type", "Served", "Preparation", "Strength", "Difficulty", "Hours", "Brands"], "profile_value": [["Fruity/Citrus-forward", "Sweet"], ["Vodka"], ["Punches"], ["On the Rocks"], ["Stirred"], ["Medium"], ["Medium"], ["Afternoon"], ["None"]]}