{"title": "SpicyMintAvocadoMargarita", "img": "https:////cdn.liquor.com/wp-content/uploads/2018/05/03110121/spicy-mint-avocado-margarita-720x720-article.jpg", "ingredients_key": ["Avocado (approximately 2 tbsp)", "Jalapeno pepper (seeds removed)", "Fresh mint leaves", "Fresh lime juice", "Blanco tequila", "Orange liqueur", "Simple syrup", "Salt", "Garnish", "Glass"], "ingredients_value": ["1 slice", "3 slices", "4", "1 oz", "2 oz", "1 oz", "1⁄2 oz", "1 pinch", "Salt rim", "Double rocks"], "recipe": ["Rim a double rocks glass with salt and set aside.", "Add the avocado, jalapeno, mint and lime juice into a mixing glass and muddle until the avocado is mashed.", "Add the tequila, liqueur, syrup and salt.", "Fill the glass with ice, and shake until well-chilled.", "Strain into the prepared glass over fresh ice.", "Garnish with a mint sprig."], "profile_key": ["Flavor", "Base Spirit", "Cocktail Type", "Served", "Preparation", "Strength", "Difficulty", "Hours", "Brands"], "profile_value": [["Spicy", "Sweet"], ["Tequila"], ["Modern Classics"], ["On the Rocks"], ["Shaken"], ["Medium"], ["Medium"], ["Afternoon"], ["None"]]}