{"title": "SufferingBastard", "img": "https:////cdn.liquor.com/wp-content/uploads/2019/01/31143148/suffering-bastard-720x720-article.jpg", "ingredients_key": ["Bourbon", "London dry gin", "Fresh lime juice", "Angostura bitters", "Ginger ale, to top", "Garnish", "Glass"], "ingredients_value": ["1 oz", "1 oz", "1⁄2 oz", "2 dashes", "None", "Mint sprig", "Collins"], "recipe": ["Add the bourbon, gin, lime juice and bitters into a shaker with ice and shake until well-chilled (about 30 seconds).", "Strain into a Collins glass over fresh ice.", "Top with the ginger ale.", "Garnish with a mint sprig."], "profile_key": ["Flavor", "Base Spirit", "Cocktail Type", "Served", "Preparation", "Strength", "Difficulty", "Hours", "Brands"], "profile_value": [["Fruity/Citrus-forward"], ["Bourbon / American Whiskey", "Gin", "Whiskey"], ["Tiki / Tropical"], ["On the Rocks"], ["Shaken"], ["Medium"], ["Medium"], ["Afternoon"], ["Angostura"]]}