{"title": "SummerthymeScrewdriver", "img": "https:////cdn.liquor.com/wp-content/uploads/2018/07/02080255/summerthyme-screwdriver-720x720-article.jpg", "ingredients_key": ["Orange wheels (sliced thickly)", "Lemons", "Vodka", "Aperol", "Fresh orange juice", "Club soda, to top", "Garnish", "Glass"], "ingredients_value": ["5", "2", "11 oz", "5 1⁄2 oz", "17 oz", "None", "Thyme sprig", "Collins"], "recipe": ["Lightly muddle the orange wheels at the bottom of a pitcher.", "Hand-squeeze the lemons into the pitcher, and discard the shell.", "Add the vodka, Aperol and orange juice and fill with ice.", "Top with the club soda and gently stir.", "Garnish with thyme sprigs and orange wheels.", "Serve in a Collins glass."], "profile_key": ["Flavor", "Base Spirit", "Cocktail Type", "Served", "Preparation", "Strength", "Difficulty", "Hours", "Brands"], "profile_value": [["Fruity/Citrus-forward"], ["Vodka"], ["Punches"], ["On the Rocks"], ["Stirred"], ["Medium"], ["Medium"], ["Afternoon"], ["Aperol"]]}