{"title": "TequilaManhattan", "img": "https:////cdn.liquor.com/wp-content/uploads/2017/08/25152007/MANHATTAN-720x720.jpg", "ingredients_key": ["Cazadores reposado tequila", "Sweet vermouth", "Fernet", "Chocolate-mole bitters", "Garnish"], "ingredients_value": ["1 1⁄2 oz", "1 oz", "1⁄2 oz", "2 dashes", "Orange peel"], "recipe": ["Combine all the ingredients in mixing glass with ice, and stir 25 to 30 times.", "Strain into a rocks glass over ice, and garnish with an orange peel."], "profile_key": ["Flavor", "Base Spirit", "Cocktail Type", "Served", "Preparation", "Strength", "Difficulty", "Hours", "Brands"], "profile_value": [["Fruity/Citrus-forward"], ["Tequila"], ["Modern Classics"], ["On the Rocks"], ["Stirred"], ["Medium"], ["Medium"], ["Afternoon"], ["Cazadores"]]}