{"title": "TheDeadRabbitIrishCoffee", "img": "https:////cdn.liquor.com/wp-content/uploads/2013/04/Dead-Rabbit-Irish-Coffee.jpg", "ingredients_key": ["Demerara syrup (one part demerara sugar, one part water)", "Clontarf Irish whiskey", "Brewed coffee, hot", "Heavy cream, lightly whipped", "Garnish", "Glass"], "ingredients_value": ["3⁄4 oz", "1 1⁄2 oz", "4 oz", "None", "1 Nutmeg", "Irish Coffee"], "recipe": ["Fill an Irish Coffee glass with hot water and let stand for a few minutes to warm.", "Pour out the water and add the Demerara syrup, whiskey and coffee.", "Stir to combine and top with a layer of heavy cream the width of your thumb.", "Garnish with freshly grated nutmeg."], "profile_key": ["Flavor", "Base Spirit", "Cocktail Type", "Served", "Preparation", "Strength", "Difficulty", "Hours", "Brands"], "profile_value": [["Bitter", "Sweet"], ["Irish Whiskey"], ["Classics", "Hot"], ["Hot/Warm"], ["None"], ["Medium"], ["Medium"], ["Evening", "Morning/Brunch", "Nightcap"], ["Clontarf"]]}