{"title": "ToughtoHear", "img": "https:////cdn.liquor.com/wp-content/uploads/2013/02/27132051/fa-tough_to_hear.jpg", "ingredients_key": ["Chile de arbol-infused St-Germain", "Leopold Brothers Absinthe Verte", "Lime juice", "Glass"], "ingredients_value": ["1 oz", "1 oz", "splash", "Shot"], "recipe": ["Add all the ingredients to a shaker and fill with ice.", "Shake, and strain into a shot glass."], "profile_key": ["Flavor", "Base Spirit", "Cocktail Type", "Served", "Preparation", "Strength", "Difficulty", "Hours", "Brands"], "profile_value": [["Sour", "Spicy", "Sweet"], ["Absinthe", "Liqueurs"], ["Shots"], ["Neat/Up"], ["Shaken"], ["Medium"], ["Complicated"], ["Evening"], ["Leopold Brothers", "st. germain"]]}