{"title": "Vesper", "img": "https:////cdn.liquor.com/wp-content/uploads/2018/01/29145254/vesper-720x720-recipe.jpg", "ingredients_key": ["Gin", "Vodka", "Lillet blanc aperitif", "Garnish", "Glass"], "ingredients_value": ["3 oz", "1 oz", "1⁄2 oz", "Lemon twist", "Cocktail"], "recipe": ["Add all the ingredients into a mixing glass with ice and stir (or, if preparing the Bond way, shake).", "Strain into a chilled cocktail glass.", "Twist a slice of lemon peel over the drink, rub along the rim of the glass, and drop it in."], "profile_key": ["Flavor", "Base Spirit", "Cocktail Type", "Served", "Preparation", "Strength", "Difficulty", "Hours", "Brands"], "profile_value": [["Spirit-forward"], ["Gin", "Vodka"], ["Classics"], ["Neat/Up"], ["Stirred"], ["Strong"], ["Medium"], ["Aperitif", "Evening"], ["None"]]}