{"title": "VodkaSoda", "img": "https:////cdn.liquor.com/wp-content/uploads/2016/08/18132953/vodka-soda-720x720-recipe.jpg", "ingredients_key": ["Vodka", "Club soda, to top", "Lemon", "Garnish", "Glass"], "ingredients_value": ["2 oz", "None", "1 squeeze", "Lemon wedge", "Collins"], "recipe": ["In a Collins glass, add the vodka, fill with ice, top with the club soda, and add a squeeze of lemon.", "Garnish with a lemon wedge."], "profile_key": ["Flavor", "Base Spirit", "Cocktail Type", "Served", "Preparation", "Strength", "Difficulty", "Hours", "Brands"], "profile_value": [["Spirit-forward"], ["Vodka"], ["Classics"], ["On the Rocks"], ["Stirred"], ["Medium"], ["Simple"], ["Afternoon", "Evening"], ["None"]]}