{"title": "WatermelonBlackberryMargaritaPopsicles", "img": "https:////cdn.liquor.com/wp-content/uploads/2017/06/19111119/Blackberry-Watermelon-Margarita-Popsicle_720x720.jpg", "ingredients_key": ["Watermelon (1/2 a small watermelon)", "Blackberries (79 regular-size berries)", "Limeade", "Pura Vida tequila", "Triple sec"], "ingredients_value": ["20 oz", "3 oz", "4 oz", "4 oz", "2 oz"], "recipe": ["Place all the ingredients in a blender and puree until well-blended.", "Pour the mixture into popsicle molds.", "Cover the molds with foil and cut a tiny hole in the center of each mold.", "Place a popsicle stick through each hole.", "Place in the freezer until frozen."], "profile_key": ["Flavor", "Base Spirit", "Cocktail Type", "Served", "Preparation", "Strength", "Difficulty", "Hours", "Brands"], "profile_value": [["Fruity/Citrus-forward"], ["Tequila"], ["Frozen / Blended"], ["Frozen"], ["Blended"], ["Medium"], ["Medium"], ["Afternoon"], ["Pura Vida"]]}