{"title": "WatermelonMargarita", "img": "https:////cdn.liquor.com/wp-content/uploads/2017/08/31164026/WatermelonMargarita-square-1024x1024.jpg", "ingredients_key": ["Mint leaves", "Light agave nectar", "Cazadores tequila blanco", "Fresh lime juice", "Watermelon juice", "Garnish", "Glass"], "ingredients_value": ["4", "1⁄2 oz", "1 1⁄2 oz", "1⁄2 oz", "1⁄2 oz", "Mint sprig", "Old Fashioned/Rocks"], "recipe": ["Add the mint leaves and agave to a shaking tin and gently muddle.", "Add the remaining ingredients plus ice, shake, and double-strain into a rocks glass filled with ice.", "Garnish with fresh mint sprig and watermelon slice."], "profile_key": ["Flavor", "Base Spirit", "Cocktail Type", "Served", "Preparation", "Strength", "Difficulty", "Hours", "Brands"], "profile_value": [["Sweet"], ["Tequila"], ["Modern Classics"], ["On the Rocks"], ["Shaken"], ["Medium"], ["Medium"], ["Afternoon"], ["None"]]}