,RowSum
꼬냑,2058
위스키,592
cognac,479
와인,321
술스타그램,288
혼술,258
싱글몰트위스키,240
칵테일,218
헤네시,206
싱글몰트,204
보드카,179
싱글몰트바,171
브랜디,170
양주,163
맥주,153
버번,140
directoragit,138
brandy,134
몰트바,124
진,124
whisky,118
몰트,116
hennessy,113
bar,112
부산,108
술,108
nobarinheaven_seoul,104
바비브라운,103
14k,102
ootd,98
해운대,97
버번위스키,97
데일리룩,96
bar_moody on Instagr,96
여자친구선물,96
18k,95
실버,93
광주,93
광안리,93
부산모던바,90
juju_bar1443,90
부산술집,90
서면술집,90
광안리술집,90
해운대bar,90
서면모던바,90
해운대술집,90
서면맛집,90
서면,90
서면bar,90
서면룸,90
서면가라오케,90
광안리bar,90
am_darak,89
실반지,89
전주,89
에코백,89
커플링,89
가드링,89
남원,89
기념일선물,88
리큐르,87
whiskey,87
골드,86
카페투어,85
silver,85
우정링,85
원석,85
10k,85
기념일,85
여수카페,85
커플룩,85
925,85
비즈,85
맞팔,84
cocktail,83
스페이스바센텀,81
센텀맛집,81
부산바,81
부산센텀몰트바,81
부산센텀바,81
센텀바,81
센텀스페이스바,81
부산몰트바,81
명소,81
guanwoozzang,81
부산혼술,81
wine,80
해운대혼술,78
Null,78
vsop,78
사케,77
데낄라,75
am_darak_jj,74
바,74
양평맛집,73
양평술집,69
디렉터아지트,69
위스키바,66
양평혼술,65
스카치위스키,64
노바인헤븐,64
소주,64
센텀위스키,64
럼,63
와인바,63
f4f,62
술안주,62
화이트와인,62
일상,62
아지트,62
데이트,61
천국에는술집이없다,60
논현동,60
강남구,60
영동시장,60
논현동바,60
nobarinheaven,60
영동시장바,60
양평다트,58
다트,58
camus,57
martell,57
주류,56
도자기,56
당일지급,56
골동품,56
현금지급,56
전국방문,56
고가구,56
수입장식품,56
소품,56
전자제품,56
그림,56
장식품,56
술매입,56
junggosesang,56
당일방문,56
수석,56
이태리장식,56
오디오,56
가구,56
엔틱가구,56
가전제품,56
데이트코스,55
혼술스타그램,54
양평역5호선,54
술게임,54
서울양평,54
술내기,54
오룡액,53
travel,53
수정방,53
마르텔,53
동래bar,53
경성대bar,53
corner_21_,51
단체모임,51
광교호수공원,51
수원맛집,51
광교아비뉴프랑,51
광교와인바,51
광교위스키바,51
광교이편한세상,51
광교카페거리,51
광교술집,51
수원술집,51
광교맛집,51
수원,51
광교,51
수원위스키,51
광교싱글몰트,51
인칸데센트,50
martellcognac,49
맥,49
로즈골드,49
마르텔꼬냑,49
막걸리,48
까뮤,47
연남동,46
1l,46
motd,45
今日のコスメ,45
今日のメイク,45
타이거,45
타이어,45
향이아주좋습니다,45
하디xo,45
stollen,45
mussullah_2260,45
rim_otd,45
alcholic,45
테테아틴트,45
cosmetic,45
용산빵집,45
꼬냑으로전처리한충전물로,45
마르텔꼬르동블루,45
숙대빵집,45
인스타뷰티,45
メイク,45
drunken,45
beautylover,45
슈톨렌,45
코덕,45
beautygram,45
beautyaddict,45
크리스마스,45
크리스마스빵,45
beauty,45
bbo_motd,45
bbo_beauty,45
oursblanc,45
ours_blanc__,45
bangkok,45
이제시작,45
hardy,45
beautystgram,45
내려주세요,45
곰빵집,45
instabeauty,45
hh_choi,45
schubert_65,45
コスメ,45
고주망태,45
우스블랑,45
오늘의메이크업,45
구형,45
효창공원,45
효창공원역,45
술꾼,45
효창공원역카페,45
효창공원카페,45
효창동,45
효창동빵집,45
コスメ好き,45
같이,45
맥칠리,45
shoppingspree,45
못살아,45
la_romanee_,45
맥테테아틴트,45
방콕여행,45
martellcordonbleu,45
뷰티스타그램,45
praylody,45
martellextraoldcognac,45
사이다,44
레미마틴,44
백주,44
샴페인,43
연남동바,43
압생트,40
전통주,40
기록스타그램,40
기록,40
bottle_re,40
커플,39
연남동칵테일,39
생일파티,39
알마냑,36
명절,35
연희동혼술,35
연남동몰트바,35
연희동,35
연희동바,35
연희동와인,35
연남동싱글몰트,35
연남동와인,35
연희동싱글몰트,35
연희동칵테일,35
연남동혼술,35
연남동포트와인,35
연희동몰트바,35
연희동포트와인,35
헤네시xo,34
daily,34
야식,34
xo,33
선물,33
marswhisky,32
마르스위스키,32
remymartin,30
소통,29
데일리,29
분위기,27
율량동,26
안주스타그램,26
싱글,25
수입맥주,25
수제맥주,25
까뮈,25
여행,24
좋아요,24
글렌피딕,24
cocktails,23
선팔,23
먹스타그램,23
tasting,23
율량동술집,22
율량동맥주,22
수도원맥주,22
설날,22
청주와인,22
벨기에맥주전문점,22
wine__beer,22
쉐리와인,22
와인앤비어,22
청주양주,22
율량동핫플레이스,22
청주바틀샵,22
율량동와인,22
청주맥주,22
율량동양주,22
주류도매,21
부산주류,21
sehwa_alcoholic_liqu,21
코냑,21
경남주류,21
세화주류,21
고마카다케,21
창원주류,21
마산주류,21
주류유통,21
주류회사,21
komagatake,21
김해주류,21
고마가타케,21
수입주류,21
팔로우,20
팔로워,20
france,20
맛집,20
bourbon,19
맛스타그램,19
korea,19
선팔하면맞팔,19
발렌타인데이,19
나폴레옹,19
아이스크림,16
bartender,16
주정강화와인,16
집술,16
헤네시vsop,16
여행스타그램,16
로버트몬다비,16
핫플,16
jmt,15
popcornhouse,15
럽스타그램,15
joo0331,15
led_ilsan,15
enjoy,15
레미마틴xo,15
데킬라,14
패션,14
취미,14
발렌타인,14
soul__barista_lee,14
울산,13
조니워커,13
스테이크,13
로라메르시에,13
울산바,13
요리도전기,12
힐링,12
프라팡,12
펜션,12
연휴,12
자취생,12
바텐더,12
singlemaltwhisky,12
좋반,12
interior,12
selfie,12
koreanfood,12
후라팡,12
korean,12
좋아요반사,12
요리스타그램,12
homecooking,12
칼바도스,12
고량주,12
asmr,12
꼬냐크,12
세계맥주200가지,12
assabeer_no.1,12
인친,12
세계주류,12
테이스팅,12
아싸비어,12
치즈,12
럼등,12
이태원,12
칵테일바,12
코냑스타그램,12
cuisine,12
꼬냑다이아,12
와인120종,12
frapin,12
homealoneinfrance,12
beer,12
hennessyxo,12
할인매장,12
카페거리,12
recipe,12
감사합니다,11
로얄살루트,11
앱솔루트,11
chef_jss,11
인테리어,11
서면룸바,11
vodka,11
장퓨트레뷰,11
사이드카,11
블렌디드위스키,11
럼주,11
안주,11
초콜릿,11
놉크릭,11
일상스타그램,11
양주스타그램,11
레드와인,11
뮈코,11
recolte_korea,10
우리집,10
경리단길,10
luxury,10
홈바,10
instagood,10
drink,10
진저,9
진토닉,9
앤티크로즈,9
증류주,9
증류,9
distiller,9
withsool,9
등심,9
johnniewalker,9
남대문시장,8
설연휴,8
조니워커블루라벨,8
선팔맞팔,8
photo,8
planetzorba,8
조니워커블루,8
존맛탱,8
육포,8
시음,8
설,8
siglemalt,8
solskja on Instagram,8
yoonha.hwang,8
ulsan,8
예쁜목걸이,8
달달,8
q_yamyam_p,8
자메이카럼,8
otard,8
schurrers,8
숙희,8
소셜와이닝,8
까메오반지,8
위스키액티비티,8
sulsultalk,8
minjung_hi,8
theluckycat,8
예거,8
오뎅탕,8
소고기,8
까메오목걸이,8
일상그램,8
오오티디,8
울산칵테일,8
ulsanbar,8
잭다니엘,8
scotchwhisky,8
오픈,8
유럽,8
luckycat,8
singlemalt,8
lodge,8
까메오,8
liquor,8
삼산,8
까메오귀걸이,8
살라미,8
이색여행,8
우정반지,8
🥃,8
좋은술,8
슈에무라,8
카발란,8
foodstagram,8
koospick,8
칵케일맛집,8
fff,8
보드커,8
가족모임,8
frapincognac,8
벨에어진,8
가평,8
가평펜션,8
아이스크림250가지,8
delight_macho,8
럭키캣,8
foodstuff_trader,8
frapinvipxo,8
데이트깡패,8
애플턴21년,8
데이트명소,8
hyemin042489,8
불금,8
첫줄안녕,8
hohohoseong,8
애플턴에스테이트,8
청평,8
frip,8
청평펜션,8
술쟁이,8
초콜렛,8
glenlunar,8
glenfiddich,8
드라이스킨젤,8
런던,8
스카치,8
트루트릭브로우카라03,8
alcohol,8
밀레짐,8
한우,8
baronotard,8
스페인,8
행복,8
armagnac,8
무디,8
cognacfrapin,8
혼펜,8
시가,8
시가바,8
520i,8
화요,8
맛집추천,8
광어회,8
하드포뮬러02씰브라운,8
피트,8
bmw,8
스틸라하이드시크플루이드,8
프립,8
견과류,8
바이오오일,8
프랑스,8
camusborderiesvsop,8
국내여행,8
cheongpyeong,8
팝콘하우스펜션,8
팝콘하우스,8
아르마냑,8
cocktailbar,8
강남,8
i5701,8
예물,8
짐빔,8
jimbeam,8
달동,8
진로,8
술술토크,8
야호,8
대전,8
비바이바닐라,8
글렌피딕15년,8
follow,7
komagatakenatureofshinshu,7
followme,7
구형꼬냑,7
frie,7
french,7
oldcognac,7
caferoyal,7
cognac_ragnaud_sabou,7
together,7
모임,7
gin,7
치킨,7
치즈플레이트,7
선팔환영,7
딸기,7
newtypechan,7
고마가타케네이쳐오브신슈,7
coffee,7
웨딩,7
like4like,7
신혼부부,7
귀걸이,7
탕수육,7
classic,7
knobcreek,7
scarlet_bar1,7
달모어,7
recoltant,7
dining,7
dinner,7
설탕,7
suger,7
고기,7
abyss,7
portcaskfinish,7
escort,7
sweet,7
kilkerran,7
루이13세,7
부산핫플,7
히비키,7
주얼리,7
넷플릭스추천,7
술상,7
집술스타그램,7
돈까스,7
happy,7
14kgold,7
셰리와인,7
촵촵,7
산삼,7
l4l,7
greenmars0522,7
meukow,7
🔥,7
부산맛집,7
차오르면,7
글렌모렌지,7
instadrink,7
bistro,7
글렌캐런,6
wildturkey101,6
리본bar,6
la갈비,6
와일드터키101,6
대구bar,6
대구바,6
한잔,6
달서구bar,6
대구이색맛집,6
신혼,6
대구칵테일바,6
대구몰트,6
대구맛집,6
서부정류장,6
리본바,6
달서구바,6
❤️,6
ribbon9113 on Instag,6
대구혼술,6
친구,6
올스파이스,5
밤,5
팀바이크도안점,5
팀바이크,5
주문제작,5
chunjiyoon,5
술빚는남자,5
bicyclelife,5
yongyeob_mir_,5
왕가옛날순대,5
뮤지컬,5
black.red_j,5
bobbybrown,5
바카디,5
조니워커블랙라벨,5
조니워커블랙라벨12년,5
바카디8년,5
다크럼,5
마무리,5
리큐어,5
로드바이크,5
camusjosephine,5
닷사이23,5
kim_dong_ho_0515,5
lauramercier,5
피트좋아,5
조니워커블랙,5
specialized,5
울산bar,5
주정뱅이,5
울산술집,5
s___j___94,5
타드샘플,5
연어,5
hennessyvs,5
오늘의_class,5
오늘도행복,5
알람빅,5
양조,5
대전팀바이크,5
동호회,5
mtb,5
ha.e.go,5
앙투라지,5
까뮈조세핀,5
서래마을,5
샴페인쿼츠,5
vector3,5
히트레이,5
カクテル,5
잇센틱_소셜와이닝,5
mi_sun8883,5
글렌모렌지25,5
청담25,5
taeyoung_sweeny,5
자전거동호회,5
야임마,5
teambike,5
브랜디카시스,5
johnniewalkerblacklablel12y,5
서재,5
금문주,5
johnniewalkerblacklabel12,5
anyoungdong34,5
johnniewalkerblacklabel12years,5
삼산bar,5
네그로니,5
아이다,5
deine306 on Instagra,5
삼산술집,5
라프로익,5
아이섀도우좋아,5
베스퍼,5
낮술,5
스피릿,5
johnniewalkerblacklabel,5
많이,5
술빚기,5
카시스,5
이여곰탕,5
jinking2848,5
orbea,5
johnniewalkerblack12,5
까메오팔찌,4
광복동맛집,4
광교맘,4
급작여행,4
금은방,4
광고차량,4
김해,4
구래동,4
금목걸이,4
김뽂,4
글렌고인,4
금2유,4
글렌고인페드로히메네즈,4
글렌드로낙,4
깊은풍미,4
글렌루나,4
김집사그램,4
글렌모랜지,4
김혜지,4
김해펍,4
김해술집,4
글렌모렌지시그넷,4
김해먹자골목,4
김해맛집,4
김치볶음밥,4
글렌피딕12년,4
그뤠잇,4
그레이러프다이아,4
구래역,4
그래도좋다,4
구름한점없음,4
구정,4
구정연휴,4
국악,4
군납,4
굴화,4
굿데이,4
기생충,4
궁동,4
그곳에가고싶다,4
그나저나,4
그대와난,4
그랑마니에르,4
김두수,4
그랑샹파뉴,4
그랑크뤼,4
그래도마싯꼬만,4
그마안✋,4
다좋아,4
까뮈꼬냑,4
또술타령이냐,4
뚝섬역바,4
뚝섬역술집,4
뜨거운날,4
라가불린16,4
라갈비,4
라거파들의,4
라구니타스,4
라이언과함께,4
라이언과함께하는일상,4
라이온,4
락오이스터,4
랑디,4
래스팅패션,4
러프다이아,4
러프다이아반지,4
럭셔리,4
럭키캣메이,4
럭키캣애쉬,4
런던여행중,4
레더,4
레드킹크랩,4
레드향,4
레몬,4
레미마르땡,4
레미마르탱,4
똥집튀김,4
또가야지,4
레미마틴xo스페셜,4
떡볶이,4
도쿄,4
독립병입자,4
독일술,4
돈주면차려주는,4
동그랑땡,4
동대문,4
동명동,4
두부민박,4
둔산동,4
둘은분위기있게,4
둘이서,4
드링키,4
드링킷,4
득템,4
들라주와인,4
등갈비김치찜,4
등심로스,4
등원룩,4
딜러추천,4
따뜻한날,4
따뜻함,4
딸기타르트,4
땅콩과자,4
떡,4
떡국,4
레미마르탱vsop,4
레미마틴xo프리미어크루,4
까뮤가더좋음,4
마지막스케줄끝👍,4
마티니,4
막창,4
만원의행복,4
말레이시아,4
말레이시아양주,4
말리부,4
맛술딴,4
맛스타그램😋,4
맛이쪙,4
맛있는술,4
맛있다그램,4
맛있다요,4
맛있다👍,4
맛있으면0칼로리,4
망고맛,4
매드매트립,4
매일갈비,4
매입차량,4
매형의선물,4
맥주추천,4
맥캘란,4
먹깨비,4
먹는거만,4
먹방,4
먹부림🐷,4
마카오,4
마음이풍족해지는사진,4
레미마틴꼬냑,4
마시는법,4
레미마틴엑스트라,4
레이어드링,4
레이져,4
로얄사이드카,4
로얄살루트21년산,4
로얄샤루트38,4
로얄샬루트,4
로열살루트21년,4
로즈우드호텔,4
롯데캐슬,4
롱앤컬,4
루즈힐벨벳,4
룸카페,4
르페레쥬르,4
리미티드에디션,4
리뷰,4
리스,4
리스톤,4
마데이라,4
마무리깔끔,4
마사정식당,4
마산창동,4
마산창동술집,4
마셔본다,4
마스터블렌더셀렉션,4
도자카야,4
도이치모터스,4
도서관,4
나는얼음잔에,4
나한테취하면돼,4
난로구이,4
날씨요정,4
남대문주류상가,4
남원악세사리,4
남자의,4
남포동맛집,4
남표니는,4
남푠이랑,4
내고향광주,4
내기분마치신라,4
내기분지금신라,4
내님과오빠는양주잔에,4
내님이사온,4
내반쪽,4
내스톼일아니다,4
내외동술집,4
내외동펍,4
내추럴와인,4
내취미,4
내친구가이거먹고취함,4
냉장고속안주,4
냠냠,4
너무해,4
너와나,4
나무,4
나는얼음물마시듯,4
도산공원카페,4
나는30대다,4
까뮤꼬냑,4
까뮤보더리,4
까뮤보더리vsop,4
까뮤엑스오,4
까뮤엘레강스,4
까뮤포트캐스크피니쉬,4
깐풍새우,4
깔바도스,4
깨알출연라이언,4
꼬냑리필,4
꼬냑맛집,4
꼬냑스타그램,4
꼬냑파인상파뉴,4
꼬냑파크,4
꼬똥,4
꼬똥드뚤레아,4
꼬스라보리,4
꽃,4
꾸밈비,4
꾸브와제xo,4
꿀조합,4
꿈,4
꿈에,4
끄적끄적✏,4
나고야스타그램,4
너와함께라면,4
너의,4
네모,4
네모모양,4
담근술,4
담수진주,4
답답하고우울할때,4
당분간노구입,4
대구중고차,4
대놓고,4
대박,4
대전맘,4
대전싱글몰트,4
대전싱글몰트위스키,4
대전칵테일,4
대전칵테일바,4
댜니스타일,4
더글라스랭,4
더도어즈,4
더라이브러리,4
더롯지bar,4
더모멘토,4
더신라서울,4
더파티푸드박스,4
더파티홈파티,4
데이트여행,4
데일리목걸이,4
데일리뱅글,4
데일리팔찌,4
닭강정,4
달짝지근,4
달맞이고개,4
눈이옵니다,4
네팔여행준비,4
넥타이,4
넥플릭스,4
넷플릭스오리지널,4
노군모듬꼬치,4
노래방,4
노량진회,4
노아스밀,4
녹두전,4
논현동야야,4
눈내리는여름k,4
눈팅,4
달리기,4
뉴욕,4
니트,4
다게스탄,4
다먹어주겠어,4
다음엔꼬냑,4
다이어트중,4
다정다감,4
다코타가죽,4
다크초컬릿,4
다트펍,4
단국대학교,4
괌맥주🍺,4
sweetjanebar,4
과자수입,4
gourmetjapan,4
ginseng,4
giraudextravieux25ansd,4
glass,4
glendronach,4
glendronach21,4
glenfarclas,4
glengoyne,4
glengoynepedroximenez,4
glengoynepedroximenezsherrycasks,4
glenmorangie,4
glenmorangiesignet,4
globalchoi on Instag,4
godjae96,4
golf,4
grace_jh__,4
homerecipe,4
grandechampagne,4
grandmarnier,4
gun119620,4
gwang.tak,4
hakushu,4
halabangu,4
🤔,4
hardliquor,4
harry_kim_kj,4
henessy,4
heonwooks,4
highlandparkorigin,4
hobby,4
hojidang on Instagra,4
geum2u,4
gateauderizcoreen,4
gateauderiz,4
gang_e711,4
dogstagram,4
dram,4
dream____79,4
drinkeat_official,4
drinking_y0,4
drinks,4
dubu_zip,4
dutyfree,4
e.y_choi,4
eat,4
eat.drink.love_jk,4
editor_di_stelle,4
edraduor,4
egg,4
el_candado,4
elijahcraigsmallbatch,4
escort_story,4
esmeralda,4
excellence,4
extra,4
fancy,4
fashion,4
favorite,4
fe.yun.3,4
felix_seongjae_kim,4
following,4
food,4
foodie,4
gahy2008,4
homebar,4
hongheehan1,4
dewminjung,4
juyeon_e90,4
jinhan8281,4
jisunrufn,4
jj1.1.1.5,4
jj_jewelry_,4
jjolmeon,4
jju_namme,4
jmtgr,4
jodongjun2,4
johnniewalkerblue,4
johnniewalkerislandgreen,4
johnniewalkerspeysideorigin,4
juheeee11,4
jung_in07,4
jungmi_82,4
jyeok_home_bar,4
hongsc__,4
kavalan,4
kayaflower9878,4
kfc,4
kh.joung,4
khj03133014,4
kim_jonghyun03,4
komagatakelimitededition,4
komagatakelimitededition2018,4
komagatakenatureofshinshushinanotanpopo,4
komagatakeshinotanpopo,4
komagatakeyakushimaaging,4
komagatakeyakushimaaging2019,4
koospicnic,4
koospicnic_australia,4
jihun.jichun on Inst,4
ji_young.3786,4
jh1121sw on Instagra,4
jetaime,4
horsdage,4
hotelshilla,4
huimi85,4
hwang.ariel,4
hwang6412,4
hwayo,4
hwayox,4
hwayoxpremium,4
hyehwamalt,4
hyeong_jn,4
hyun.__.jun,4
hyunho_yoo on Instag,4
iamleeha,4
im__not_famous_alice,4
im_illjay,4
in_hye_1025,4
incheonairport,4
ipa,4
ironkey95,4
itsalovleyday,4
jae_choi_,4
jaeyoon.h,4
jahyunida,4
jameshennessy,4
jameson,4
jeanfillioux,4
jennyhouse,4
jeongheon.lee.750,4
jeonyoonah,4
distill,4
deunsol_cio_via on I,4
koro23_sk,4
antilim1,4
__js__park__,4
_ha_monica,4
_luckydaddy,4
_yeram_plus on Insta,4
a89,4
academyawards,4
adfhjl2135,4
airport,4
aka_naze,4
alc40,4
alcoholnshoes,4
alize,4
alluve_soorin,4
anthonberg,4
arcgin,4
beef,4
architecture,4
ardbeg,4
areum_han6,4
arran,4
au79.925,4
auchan,4
audreyflowers,4
ayoungfbc,4
az_choikang_bm,4
b106,4
baejh9638,4
ballantines17years,4
bar_moody,4
beach,4
__hey_anne__ on Inst,4
_____b9n_____,4
_______jihwan,4
___0eun2 on Instagra,4
0jjang,4
14k반지,4
14k팔찌,4
15년차부부,4
1738,4
17도,4
1979빈티지,4
19명참석,4
200126,4
2001년출시,4
2010년,4
20200125,4
2020년,4
2박3일용,4
2차,4
2차생일상,4
2틀연속,4
316,4
3ce,4
3월여행,4
3차는,4
40년숙성,4
40도,4
418즈워티,4
4차,4
6년째,4
750ml,4
870414_jk,4
92.1z,4
beau,4
beefbulgogi,4
deluze,4
cognag,4
chateaudecognac,4
cheesetteokbokki,4
chef_1ogan,4
chesteryoun,4
chivasregal,4
chivasregal12years,4
chul.lee8240,4
chulminlee on Instag,4
cigarblend,4
cocalero,4
cocnac,4
cocoro_migi,4
cognacfinechampagne,4
cognacpark,4
cohnaq,4
bellotabellota,4
congnac,4
conradseoul,4
coton,4
cotondetulea,4
cotto_6382,4
courvoisierxo,4
craftbeer,4
crkim1229,4
crystal,4
curiositykilledthecat,4
cuttysark,4
daeun_jbbang,4
danielxxkim,4
degustation,4
champagne,4
chaewnys_meals,4
celebration,4
cat,4
bells,4
bellswhiskey,4
bellswhisky,4
bennevis,4
bennevis10,4
bennevis10y,4
bennevis10year,4
bevvybananaa,4
blendedwhisky,4
blendy,4
bloom_khh,4
blossoms_wfs,4
bmw5series,4
bmw7series,4
bmwg30,4
bmwlove,4
boeuf,4
bogwang_jewelry,4
borderies,4
brandysour,4
brusgetta,4
bts,4
bulgogi,4
cadenheads,4
camus_xo_cognac,4
camusborderies,4
camuselegance,4
camusvosp,4
camusvsop,4
koreanfriedchicken,4
kotakinabalu,4
과일향,4
ye_ji_nee_,4
wear_jewelry0,4
wei_anothersky,4
whiskylover,4
whitewine,4
wickedwings,4
wimbledonrob,4
winebar,4
winestagram,4
winetasting,4
woojoonchoi,4
xochabot,4
xo꼬냑,4
xo땡김,4
yawooriful,4
yoichisherryandsweet,4
ダンボー,4
yoojongyeon,4
yoonsungpark,4
younghoyoon1190,4
yungdo.jeong,4
yunjin3012,4
yuric,4
yuric_515,4
zard333,4
zisuu1119,4
владивосток,4
запутешествие,4
▪️,4
エスコート,4
コニャック,4
waqwaq30,4
vladivostok,4
vinum,4
vintage,4
sujin_11.20,4
sul.jiu.alcohol on I,4
sumin0121s,4
sungsiksohn,4
sunset,4
surf,4
surya_kim_,4
suzy_flowersuljip,4
sweetjane,4
swimmingpool,4
tackyung,4
tanjingaru,4
tenore_bjw,4
the_pause,4
thedoors,4
thedrinkoftheday,4
thelibrary,4
theluckycatash,4
theluckycatmay,4
theshilla,4
tottixoxkickz,4
trescepas,4
tteokbokki,4
uigeadail,4
vagabond_d,4
valentineday,4
vhappyer,4
vieilarmagnac,4
vineyard,4
ゴルフ女子,4
ニコラシカ,4
ssum_vv,4
고래바,4
겨울왕국,4
겨울한라산,4
견과류성애자,4
견적,4
경기도,4
경남중고차,4
경매대행,4
경북중고차,4
경의중앙선,4
경자년새해맞이,4
계란,4
계란볶음밥,4
고2,4
고객맞춤형,4
고마가타케리미티드에디션,4
フランス,4
고마가타케야쿠시마에이징,4
고맙습니다그램,4
고민하지마세요,4
고양이,4
고읍맘,4
곧,4
골든구스,4
골뱅이비빔면,4
골프여행길에사온,4
공도맘,4
공항,4
과메기,4
과일,4
과일치즈,4
건축,4
건배,4
건망고,4
건강하자,4
ブランデー,4
レミーマルタン,4
今日の酒,4
名古屋グルメ,4
名古屋飯,4
大好き,4
日常,4
納屋天,4
酒,4
酒グルメ,4
酒スタグラム,4
限定版,4
가성비,4
가족,4
가족스타그램,4
가죽케어,4
각인목걸이,4
각인반지,4
갈리아노,4
갈마,4
감사,4
감사함,4
감성사진,4
갑오직어샤브,4
강근웅처럼살고싶다,4
개스타그램,4
개알바,4
개인차량,4
갬성,4
suhyeong_mom,4
ssilssil,4
kozel,4
michelin_son_star,4
makeupartist,4
makeyour7_,4
malaysia,4
maltbar,4
maltwhisky,4
man2225,4
marijuana0220 on Ins,4
martellxo,4
materblenders,4
mcm,4
merci,4
meukowcognac,4
miaakim_v,4
micako23,4
min_zoooo,4
noghyongggyuggyu,4
mingeun854,4
mingzu_b on Instagra,4
minhaoji,4
mini,4
montes,4
mood,4
moody,4
moodybar,4
ms86clon,4
nanpa_kim on Instagr,4
napoleon,4
necktar90 on Instagr,4
never_ending_wave_,4
noahsmill,4
makeup,4
maisonpaulgiraud,4
madein_sunny on Inst,4
macallanlaliqueglass,4
kr9600,4
kuhngit,4
lagavulin12,4
lagavulin16,4
lalique,4
lamborghiniseoul,4
laphroaig10cs,4
lcro,4
lejouelljewelry,4
leperejules,4
lessrubbishinkamchatka,4
like,4
likeforlikes,4
likes,4
limited,4
limitedaddition,4
lisianthus.allium on,4
lostwolf,4
lostwolf_hangjun,4
louis13,4
lp바,4
luckycatash,4
luckycatmay,4
luckystrike_bar_song,4
lucy.kim0228 on Inst,4
luv__samantha,4
macallan,4
macallaneditionno4,4
macallanenigma,4
noeyh____ on Instagr,4
noni_ryang,4
ssil,4
singlebarrel,4
ruru._.v on Instagra,4
rémeymartin,4
s_ooo_j on Instagram,4
sang_hyeong_01,4
sang_tae_lee,4
scotch,4
selectionno3,4
selstagram,4
seoyun.carpediem,4
seunghoonyeo,4
shanggrila,4
shrajishvili,4
signet,4
singingkim7,4
singlecask,4
noodles,4
singlemaltyoichi,4
singlemaltyoichisherryandsweet,4
sip,4
skition23,4
skywhale17 on Instag,4
smallbatch,4
so_ha_0907,4
songbird,4
soo_nerd,4
soolbin_e on Instagr,4
soonmiyaa,4
soowonopa_sookhee,4
sparklingwine,4
spiegelau,4
royalstag,4
royalsalute21years,4
roshen,4
riha_m0159 on Instag,4
norubbishinkamchatka,4
nouilles,4
oban14,4
oeuf,4
oldbottle,4
oldparr12,4
oreo.bar,4
oscar,4
oscarawards,4
p_qvsb_d,4
parasite,4
parisetoscar,4
pasweerd,4
patecoreene,4
patederiz,4
peanuts,4
peteran75,4
pic,4
premiercrudecognac,4
puco21,4
quantastico,4
r,4
real_hillside_pruden,4
redjumy,4
redwine,4
remymartinxopremiercru,4
repost,4
retro,4
riedel,4
먹스타,4
happylunarnewyear,4
먹스타스램,4
인구해변,4
은애makeup💄,4
을지로바,4
음식,4
음식스타그램,4
음악,4
음주스타그램,4
이거먹고,4
이건또,4
이게뭐라고욕심나네,4
이런날은,4
이민영,4
이쁜바텐더,4
이태리,4
인구카페,4
인기차종,4
육퇴후한잔,4
인사,4
인생네컷,4
인생샷,4
인스타중독,4
인스타쥬얼리,4
인천,4
인천공항,4
인친환영,4
인테리어소품,4
일본술,4
일본요리,4
일부만,4
일상소통,4
일상소통데일리,4
은밀하지않고,4
육아맘일상,4
요이치싱글몰트,4
위스키는맛을잘몰라요🙈,4
용인대학교,4
우드,4
우리동네,4
우리들,4
우아한,4
우정,4
우크라이나,4
우크라이나과자,4
울엄마,4
울집,4
워킹맘,4
원석귀걸이,4
월평,4
위스키그램,4
위스키모임,4
육아맘,4
위스키스타그램,4
위스키입문,4
위스키잔,4
위스키초컬릿,4
위알못,4
위쳐,4
위탁차량,4
유디니,4
유디니유럽,4
유럽스타그램,4
유럽여행,4
유리병재활용이안되,4
유작가,4
육남매,4
일요일,4
일인일닭,4
일인일피자,4
좋반환영,4
정자역,4
정자역맛집,4
제니하우스조혜민,4
제니하우스혜민,4
제임스헤네시,4
제임슨,4
제주도,4
제주삼다수,4
젹바,4
젹바_와인,4
조카스타그램,4
조흔와이너리,4
존맛,4
존재,4
좋아요테러,4
일품진로,4
좋아하는사람들과,4
좋아하는술들,4
좋은기운,4
좋은말씀,4
좋은밸런스,4
좋은자리,4
좋테반사,4
좋테환영,4
주간소바식당산,4
주류상회,4
주류수출입,4
주막,4
주말,4
주말그램,4
정이넘치는,4
정왕동bar,4
정왕동,4
정말로한잔,4
일품진로19년산,4
일품진로🍶,4
임영웅,4
임페리얼블루,4
자랑,4
자양동,4
잔술,4
잘먹어줘서고맙소내여보💕💕,4
잠실,4
장모님의선물,4
장식장용,4
장안동맛집,4
장작구이,4
장작구이통닭,4
재즈바,4
재활용합시다,4
재회,4
저녁,4
저는,4
저만큼,4
전,4
전고오오오올,4
전용잔행사로,4
전주몰트바,4
전주칵테일,4
전주칵테일바,4
점심부터낮술,4
정글안주,4
정글펍,4
용이가준,4
요이치쉐리앤스윗,4
쌈밥,4
양양서핑,4
안심,4
안씨네,4
안주파괴자,4
안톤버그,4
안톤버그위스키봉봉,4
압구정,4
애묘인위스키,4
애주가,4
앤아더스토리즈,4
야드로,4
야야,4
양고기,4
양꼬치,4
양수리,4
양평,4
안동국밥,4
양평동,4
양평맥주,4
양평시장,4
양평카페,4
어머니,4
어머님선물,4
어버이날,4
어제에이어,4
어제저녁,4
어질어질,4
어쩌라거,4
어향육슬,4
언더락,4
얼마나,4
안성맘,4
악세사리쇼핑몰,4
왕좌의게임,4
아사히,4
씐난다,4
씨엘코카레로,4
씨엘코카레로리큐르,4
아구아밤,4
아나고,4
아내스타그램,4
아내의식탁,4
아는것만보인다,4
아드벡우가다일,4
아들아빠,4
아란,4
아르바트거리,4
아바이순대,4
아버님생신파티,4
아스바흐,4
악세사리,4
아우디,4
아이리쉬카밤,4
아이리쉬커피,4
아이스큐브,4
아이스크림가게,4
아직도,4
아침에필라테스,4
아카데미,4
아카포,4
아쿠아블루,4
아크진,4
아트박스,4
아파트,4
악마의술,4
얼음녹아,4
얼음도리필,4
엄마가만들어준팔찌,4
오징어순대,4
예뿌넹🤣,4
예쁜귀걸이,4
예쁜반지,4
예신,4
오늘의,4
오늘저녁,4
오늘하루도수고했어,4
오도이촌생활,4
오래가세요,4
오랜만에,4
오렌지리큐르,4
오버솔,4
오빠알면기절,4
오스카,4
오징어회,4
엄마고마워❤️,4
오크,4
오크칩,4
오타드xo,4
옥스포드,4
온더락,4
온더락으로🥃,4
와우,4
와이너리투어,4
와인대잔치,4
와인모임,4
와인스타그램,4
와인안주,4
와인추천,4
와인한잔,4
예물링,4
예거밤,4
예거마이스터,4
영화,4
엄마선물,4
엄마표팔찌,4
엄태효,4
에드라두어,4
엑스레이티드,4
엘도라도,4
엘리스,4
엘리제,4
엘리제골드,4
여기가,4
여기오길잘했다,4
여수,4
여자친구,4
여행다녀왔습니다,4
여행에미치다,4
여행이최고,4
역삼,4
연기,4
연남동무디,4
연리단길,4
연습중,4
연태,4
연휴그램,4
연휴끝,4
영국술,4
영업사원,4
영원한젊음을달라,4
영천,4
영혼을바친칵테일,4
주말먹방,4
주말일과끝,4
주말잘보내세요,4
필웨이,4
폴란드,4
푸라닭치킨🍗,4
푸라닭🍗,4
프라팡vipxo,4
프랑스술,4
프로포즈링,4
프르모션,4
프리미엄스니커즈,4
플래닛조르바,4
피넛과자,4
피치트리,4
피카소속눈썹,4
피카츄케이크,4
필수코스,4
하나만먹어도,4
포트캐스크,4
하노이,4
하단,4
하루마무리,4
하몽,4
하몽맛집,4
하몽전문점,4
하이네켄코리아로,4
하쿠슈,4
한강신도시,4
한남동,4
한라산,4
한입깨물면,4
한잔하는중,4
한잔하러오세요,4
폴딩안됨,4
포차,4
주문진,4
팔로잉,4
탄중아루,4
태국캬라멜,4
터키석,4
테디펜슬,4
텍사스홀덤,4
텐션,4
텐션업,4
특이한술,4
파라다이스,4
파티,4
판매대행,4
판매차량,4
팔로우늘리기,4
팔로우반사,4
팔찌,4
포인트링,4
팔찌선물,4
팔찌추천,4
패트론,4
펀딩,4
페레로로쉐,4
페이스블러쉬,4
펩시,4
펭빠,4
펭펭,4
펭하,4
편의점,4
평택맘,4
포도,4
포도주,4
한잔했습니다,4
한정판,4
할리갈리,4
회사원맛집,4
혼성주리큐르,4
혼수,4
혼자,4
홈파티,4
홍게,4
홍대,4
홍삼,4
홍주,4
화덕생선구이,4
화요소주,4
화요소주41,4
화요엑스트라프리미엄,4
화요엑스프리미엄,4
화이트앤파트너스,4
효도음주,4
할부,4
효도하자,4
후라팡vipxo,4
후람보아즈,4
휘발유,4
흥행작,4
흰색,4
히딩크인줄,4
🍫,4
🍴,4
🐭,4
👍,4
😋,4
😑,4
🙌🏻,4
호흡중술맛,4
호텔충,4
호텔신라서울,4
호텔신라,4
할아버지사랑해요,4
할아버지찬스,4
할인,4
핫데이,4
핫플레이스,4
해거름,4
해수진주,4
해운대숙박,4
해피,4
햅노틱,4
행복하자,4
행복한일상,4
향긋,4
향기,4
향에,4
헤네시vs,4
헤네시마스터블렌더,4
헤네시파라디엑스트라,4
헤네시한정판,4
헤더,4
헤드업,4
헤어핀,4
헨켈트로켄,4
현금,4
현짜장,4
형,4
혜화몰트,4
호마이카,4
호캉스,4
탄생석,4
타일,4
타이어맛,4
청주반지,4
차돌숙주볶음,4
차스타그램,4
차파세요,4
창동술집,4
처남,4
천생연분,4
천안문,4
천혜향,4
첫줄,4
첫줄반사,4
첫줄👋,4
청담,4
청주맘,4
청주목걸이,4
청주보석,4
최애,4
청주신상,4
청주예랑,4
청주예물,4
청주예물추천,4
청주예식장,4
청주예신,4
청주커플,4
청춘,4
청하,4
체게바라,4
체리안주,4
초대,4
초콜렛선물,4
최고👍,4
차돌,4
찔러보기환영,4
쭈꾸미,4
쫄면,4
주시고,4
죽도해변,4
죽전,4
죽전술집,4
줌마그램,4
중고차문의,4
중국술,4
중리동,4
중리동맛집,4
중식,4
중앙동,4
중앙동맛집,4
쥬얼리쇼핑몰,4
즐거움,4
즐기는,4
지금이기회,4
진을,4
진주귀걸이,4
진주도가,4
진피즈,4
짐빔위스키,4
짐빔하이볼,4
집게핀,4
집만두,4
집밥,4
집밥스타그램,4
집순이스타그램,4
집스타그램,4
집에서놀기,4
최면을거는듯,4
최애맛집,4
타악,4
콜린스,4
캐나다술,4
캐럿,4
커티샥,4
커팅링,4
케빈스케빈,4
케어,4
케익,4
코듀로이,4
코스트코송도점,4
코웍,4
코젤,4
코타키나발루,4
코토,4
콜로썰마스카라,4
콤마,4
추워,4
쿠바,4
쿠바리브레,4
쿤나,4
크래프트맥주,4
큰오빠선물,4
큰오빠호출,4
클래식바,4
클리오,4
키스미마스카라,4
키친205,4
킹콜린스,4
킹크랩,4
킹크랩먹방,4
킹크랩🦀,4
캄프누,4
캄차카,4
칵테일맛있는집,4
칵테일만들기,4
추천,4
축배,4
축복합니다,4
축하,4
출장,4
출장선물,4
충장로,4
취미생활,4
취생이라도,4
취한다,4
취향별곡,4
치마살,4
치즈떡볶이,4
치킨과헤네시라니,4
치킨맛집,4
친구꺼,4
친구들,4
친구에게받은,4
친절한종현씨❤,4
친정,4
친정방문,4
친정에서,4
칡술,4
카덴헤드,4
카드게임,4
카뮤엑스오,4
카스타그램,4
카토비체생활,4
카페,4
쏘맥막걸리좋아하고,4
펜던트,4
뿜뿜,4
벨즈위스키,4
분위기좋은바,4
성남시모임,4
새로운술,4
반지,4
술모임,4
상수바,4
술스크림,4
술스타,4
반자율,4
술이나와요,4
상수동,4
병간지,4
술이들어간다,4
반숙계란,4
술이술술,4
술인테리어,4
샤워가운,4
성남시술좋아하는사람들,4
분위기술집,4
발렌타인선물,4
분당,4
발렌타인데이선물,4
발렌타인30년산,4
부어라마셔라,4
발렌타인17년,4
숙취병맛,4
발렌타인17,4
순천,4
발렌타인12,4
부커스,4
술냄시풀풀,4
술대잔치,4
술만드는남자,4
받으세요,4
술맛집이기도,4
술맛최고,4
술모는게,4
새우구이,4
병도이뻐,4
술장,4
바카디모히또,4
불고기,4
슈러스서프샵,4
슈스타그램,4
슈즈스타그램,4
바르셀로나신혼여행,4
슈크레,4
바르셀로나스냅,4
불꽃,4
불면증해결,4
슈크레얼굴마담,4
살면서처음,4
슈트리,4
살균소독제,4
바르셀로나숙소,4
스몰배치,4
브랜디사우어,4
스미노프,4
부산숙박,4
슈러스,4
바르셀로나여행,4
숭,4
술튜버,4
술집,4
불고기덮밥,4
술추천,4
샤펜티에,4
술친구,4
바사장님,4
보고만있어도힐링,4
술파괴자,4
불고기브루스게타,4
바리바리,4
바르셀로나호텔,4
바르셀로나한인민박,4
술한잔,4
설음식,4
바르셀로나카페,4
살치살,4
발렌타인데이파티,4
발베니,4
바르셀로나맛집,4
셀카,4
셋이라서좋다,4
세종,4
범수야,4
소고기맛집,4
범수네,4
소고기파티,4
부숴버리겠어,4
벤츠,4
소소한일상,4
생일상,4
소소한일상의행복,4
버섯전,4
생일,4
소우주,4
세라믹,4
소주랑위스키만먹어요,4
생맥주,4
셀피,4
셀스타그램,4
숙주,4
부산중고차,4
샤르도네,4
샤또드브류일vsop,4
세종금방,4
샤봇xo,4
베일리스,4
벤네비스,4
세종맘,4
샤스스플린,4
부산여행,4
부산여행코스,4
세종주얼리,4
세종주얼리샵,4
셀러드,4
벤네비스10,4
베율,4
베스트,4
범수표김뽂,4
벨로타벨로타,4
소통스타그램,4
성수동바,4
성수동,4
백설기,4
백석바,4
백록담,4
배우,4
배곧bar,4
수집욕,4
벨루가,4
벨즈,4
배곧,4
배고프다나,4
수프라,4
새해복많이받으세요🙇,4
부쉐론반지,4
수프라라거,4
방울토마토,4
새해,4
새우전,4
새해선물,4
수입,4
색깔만like,4
버드키스,4
샐러드소바,4
소확행,4
속초,4
속초바다,4
속초여행,4
부모님선물,4
송정해수욕장,4
송촌동럭키스트라이크,4
부르곤뉴와인,4
성북동,4
송촌동맛집,4
수면제,4
사기꾼사절,4
성년의날,4
수영장,4
수요일,4
스위트홈,4
스브다이아,4
스윗,4
신차출고,4
서핑,4
빠끄,4
모으실건가요,4
신발덕후,4
봉채비,4
모아놓고,4
샹그릴라,4
서초,4
모스코뮬,4
신의물방울,4
서울신라호텔,4
신의한수,4
사브작사브작,4
모둠순대,4
신종코로나😷,4
신차,4
신차문의,4
모찌코랄,4
모티,4
빈티지,4
신규맛집,4
스윗제인,4
사장님또갈게요,4
몬테스클래식,4
몬테스와인,4
몬테스,4
시흥시bar,4
식당사장님,4
사장님,4
목걸이,4
석양,4
신라호텔,4
몬로이,4
사위들,4
신랑이랑💕,4
사워리치,4
사업파트너,4
뽀로로,4
서울맛집,4
시즌2,4
사랑해,4
메이크업아티스트,4
메이커스마크,4
신탄진핫플,4
메이블린,4
메리설,4
사랑꾼,4
메꼬,4
심서방고마베,4
멀잇오버,4
심장이빠운쓰빠운쓰,4
십자가링,4
싱글몰트요이치,4
볶음,4
본가,4
사람,4
볼빨감,4
싱글배럴,4
신탄진술집,4
메이크업아티스트조혜민,4
샹뜨노아젯,4
신촌,4
봄베이,4
보일핑크,4
명절스타그램,4
신천,4
복,4
뿌셔,4
신천포차,4
면세점,4
신탄진보드카,4
면세,4
사랑합니다,4
멕캘란에디션4,4
사랑받는며느리,4
신탄진,4
신탄진맛집,4
메즈칼,4
보리차인줄,4
시흥시,4
시어머니사랑,4
밀라노,4
스타일,4
미인,4
선물추천,4
보드카싼집,4
미역국,4
미스터트롯,4
사하구,4
미도리,4
사파이어블루,4
사진,4
미니어쳐,4
스테이크는,4
사주세요,4
미니어처,4
스틸라,4
미국술,4
미국,4
미즈나라,4
블루밍서울,4
문의줄래요,4
스칼렛바,4
바르셀로나두부민박,4
브랜딩,4
바르셀로나,4
브루스게타,4
스카치로얄실버에디션,4
바론오타르,4
선팔하면맞팔가요,4
선셋,4
샴페인케잌,4
스카치블루30년산,4
블랙,4
블랙사파이어포도,4
밑창보강,4
보고있나정재기,4
블랜디,4
밀라노타이,4
블루라벨,4
물만두,4
블루킹크랩,4
스파클링와인,4
시댁행사,4
뫼코,4
비가와요,4
몽키47,4
시급은간식따위,4
몽키,4
시급함😨,4
몽주,4
비싼게좋냐,4
시가블렌드,4
비싼술,4
비엠더블유,4
시바스리갈12년,4
비즈반지,4
몬테스클래식카버네소비뇽,4
시승,4
시애틀,4
시공,4
샤로수길,4
무거운맛,4
비싸기만하다,4
보르도,4
스팸,4
무이자할부,4
스페인스냅,4
비스키,4
샵이추워서따뜻한데가좋아요,4
스페인여행,4
스피크이지바,4
무이자,4
사장님👏,4
무역아이템,4
무디바,4
습관성음주,4
카페로얄,3
forest,3
부대찌개,3
부산갈매기,3
부나하벤12,3
부드러움,3
칰칰,3
두잔,3
fredericmestreau,3
칭따오,3
봄,3
healthcare,3
동파육,3
hi._.k2,3
브솝,3
블랙팬서,3
청사과,3
청담폴스타,3
hsw_0303,3
비비고,3
첫경험,3
참치마요,3
참나무,3
찬찬찬,3
비즈팔찌,3
대잼👍,3
빈티지컵,3
indonesia,3
찔끔찔끔,3
instadaily,3
찐만두,3
instagram,3
instalike,3
짜파구리,3
집이체고,3
iwai,3
iwaitradition,3
iwaitraditionwinecaskfinish,3
izakaya,3
집에서,3
jaed_king,3
브리또,3
hennessyvsop,3
동생들과함께,3
hendricks,3
동백섬,3
동백산책로,3
동명동핫플,3
glassescase,3
동래,3
부소담악,3
돈없어서엔트리급만주문,3
충북혁신도시펍,3
충북혁신도시위스키,3
glengyledistillery,3
충북혁신도시술집,3
충북혁신도시바,3
glenmorangieoriginal,3
충북혁신도시몰트,3
충북혁신도시맛집,3
충북혁신도시,3
goldjewelry,3
충북옥천,3
gubanova1707 on Inst,3
gwansig97,3
분위기좋은bar,3
hakushu12,3
초콜릿살라미,3
불,3
초량,3
hbd,3
followforfollow,3
들러리,3
경리단길오마카세,3
follow4follow,3
awesome,3
리치마니티,3
bbmua_dahye,3
마라탕면,3
미워잉,3
bakers,3
해물밥,3
해방촌,3
핵귀,3
밀푀유나베,3
문스톤,3
문래바,3
향기가득,3
향이좋음,3
허세스타그램,3
헤네스,3
헤네시꼬냑,3
밀크티,3
한우오마카세,3
프랑스와인,3
benriach17,3
프렌치커넥션,3
바보커플,3
로즈,3
피톤치드,3
필름끈김😱,3
billionaire,3
billiards,3
benriach16,3
한우사랑,3
하단bar,3
루이14세,3
르챔버,3
리마인드웨딩,3
바나나칩,3
한방,3
한번만뒤집기,3
albore,3
몰트위스키,3
adorable_seonju,3
메타세콰이어숲,3
매우,3
회식스타그램🍻,3
2_joonheee,3
매운탕,3
2019젊은작가상수상작품집,3
후도마끼,3
1soso28980,3
1971,3
몰라일단먹자,3
1800테남파,3
16,3
👩‍👩‍👧,3
1000ship,3
🙏🏻,3
01,3
써니홈테리어,3
화인산림욕장,3
화이트데이선물,3
화이트데이,3
망리단길,3
맛과향은예술,3
absolutvodka,3
맛남,3
호주산양갈비,3
_chssk,3
맛은,3
__bany_,3
목동술집,3
목동사거리,3
목동맛집,3
맛있었음,3
512saloon,3
512_saloon,3
맛집탐방그램,3
망고베리샐러드,3
프레드릭메스트로,3
bowling,3
볼트,3
킬커란피티드,3
띵곡,3
베트남술,3
베지터블가죽,3
diamonds,3
킬리만자로의표범,3
킬커란,3
design,3
킬케란,3
쿠엘포모히토,3
킬케란헤빌리피티드,3
death_punch1,3
deanston12,3
dayoung_luv,3
dailyphoto,3
라떼,3
daejinjja_kim,3
뚭,3
쿠엘포모히또,3
프랑스마카롱,3
espressomartini,3
fast95년생,3
디사론노,3
family,3
eunsukso,3
eunbi516,3
esthermu.jewelry,3
esther0078,3
코랄슈가,3
drinker100,3
코스요리,3
코스트코,3
eathentic,3
땡구,3
earrings,3
dynamic,3
콩나물,3
cuerpo,3
락볼링장,3
러셀리저브싱글배럴,3
포트케스크피니시,3
밤새,3
chelthy_,3
발렌타인21년산,3
camusnapoleon,3
발데스피노,3
camuscognac,3
받고,3
레프레미스,3
번트레드,3
폴지로,3
bya_world,3
busangalmaegi,3
bulleitbourbon,3
buffalotrace,3
bs_sansaho,3
풍경,3
chillvibes,3
china,3
chj20th,3
팔찌스타그램,3
버팔로트레이스,3
토요근무,3
퇴근주,3
퇴근후위스키한잔,3
퇴근후일상,3
cognacwithaview,3
트렌디한초콜릿,3
cognaclandy,3
트리는언제치우지,3
티라미수,3
티플러,3
coduck_cla on Instag,3
뱅글팔찌,3
뱅글,3
백반,3
티토스,3
퇴근후식사,3
사기당구,3
taeyoup.woo,3
오늘,3
오늘의야식,3
suuyeon_kim,3
sunsusunsus,3
오드비,3
sun,3
금문고량주,3
studio_orae,3
오징어새우부추전🦑🦐,3
sting_pub,3
sting,3
술모으기취미,3
금주다짐,3
금팔찌,3
술모으기,3
soooooo,3
올로로소,3
술날,3
술고래들,3
sws와,3
tagsforlikes,3
숙취로,3
tbt,3
vietnam,3
굽네,3
vegtanleather,3
역시,3
tu0409mm,3
tteockbokki_lover on,3
연어샐러드,3
연어초밥,3
tomintoul,3
tobermory10,3
to_maru,3
ticticpong,3
themixology,3
theglenlivet15,3
글래스와인,3
the,3
tequila,3
tenampa,3
예도랑,3
순살,3
singlemoltwhisky,3
이벤트,3
수변공원,3
까뮤나폴레옹,3
손코치,3
소통환영,3
소통해요,3
꺄딸리야꼬릿,3
소주한모금,3
꼬냑랑디,3
꼬냑맛뭐죵,3
유자,3
유전자검사,3
소소한,3
육즙탕수육👍,3
presidentsreservecognac,3
셀뱅킹,3
phytoncide,3
passportcase,3
이기대,3
이러니언제살빼겠니,3
이런좋은날,3
원데이클래스,3
울애기,3
와일드터키,3
우정템,3
숙취,3
숙축안되서하루종일갤갤,3
숙주볶음,3
용산으로가서,3
숙성회,3
용호동,3
sik__kuu,3
우라만,3
siahello,3
우리동생,3
shillyemyeongju50,3
shillyemyeongju,3
shelter_lab,3
우리아빠,3
seung_yong_sung,3
serim21,3
수집,3
seoul,3
우정스타그램,3
굴피,3
여섯번째,3
군포,3
아침산책,3
가죽공예,3
가죽공방,3
가족사진,3
가성비위스키,3
가성비브랜디,3
아트왁스,3
風景,3
신용보증기금,3
신상맛집,3
안경케이스,3
自然,3
신례명주미니어쳐,3
森林浴,3
森,3
골프,3
신례명주50도,3
신례명주,3
공부가주,3
압구정로데오,3
고맙습니다,3
아이템,3
군만두,3
고마가타케츠누키에이징,3
싱글몰트위스키바,3
결혼기념일,3
경의선숲길,3
아내선물,3
실장님께서직접준비해주신,3
신혼밥상,3
건강한삶,3
아드벡드럼,3
갬성천재,3
아드벡퍼펙튬,3
고급일식당,3
고디바,3
아마레또,3
고래고기,3
신촌가죽공방,3
감사한하루,3
고마가타케더블셀라즈,3
감바스알아히요,3
감바스,3
メタセコイア,3
フィトンチッド,3
앤틱로즈,3
コニヤック,3
스팅펍,3
스튜디오오래,3
스테이크샐러드,3
wildturkeybourbonwhiskey,3
wildturkeybourbon,3
wildturkey8years,3
wildturkey8y,3
wildturkey8,3
wildturkey101proof,3
wildturkey101bourbon,3
에스코트,3
wildturkey,3
에스코트17,3
스타벅스리저브,3
스키,3
군고구마,3
webstagram,3
여권케이스,3
wdna,3
with,3
구기종목,3
woongkki,3
yujin1115,3
야마자키,3
カミュ,3
いいね返し,3
양인자작사,3
시바스리갈,3
시메사바,3
얘기나눠요,3
어머님과함께,3
어비스,3
workshop,3
yongpyong,3
yolo_9809,3
광안대교,3
yjyu317,3
스픈,3
yamazaki12,3
언팔삭제,3
얼그레이,3
끼리더블모찌,3
스팅,3
이와이,3
니카1987,3
leatherwork,3
leathercraft,3
녹아내림,3
landscape,3
조니워커그린,3
조용필,3
누가_뭐라든_내_스탈대로_꼬냑_언더락,3
kyung_min_min,3
종류가참많구나,3
니카싱글캐스크,3
내주량은,3
좋은날에,3
좋은마남,3
니카위스키,3
삼겹살,3
좋은술은,3
kongbong71,3
komagataketsunukiaging2019,3
komagatakenatureofshinshukohiganzakura,3
다이나믹,3
lechamber,3
제육볶음,3
lid,3
life,3
너무좋아,3
저잔이끝이아닙니다,3
lycheemartini,3
전복,3
전쟁의서막,3
love,3
생파,3
생일축하해,3
정규반,3
lonngrow,3
longwallet,3
london8099,3
lol,3
네일캐어,3
네트워크마케팅,3
생얼로,3
샐먼,3
likeforlike,3
샐러리,3
다이닝바,3
주류시장,3
komagatakekohiganzakura,3
달달함,3
쥐포,3
jo.yunhye,3
쥬얼리,3
사서고생한휴무끝,3
jkjoo101082,3
사망설,3
즐기면서일하기,3
jiyeon_ju_,3
직장인의하루,3
jinsangkyung,3
사랑합니다❤️,3
사랑둥이,3
질감,3
당구장,3
집,3
사람보다,3
사기볼링,3
이와이트레디션,3
japan,3
중화요리,3
johnniewalkergreenlabel,3
komagatakedoublecellars2019,3
사장님실장님댁,3
komagatakedoublecellars,3
다이아,3
kodak888_drink,3
산정우유,3
산삼주,3
산딸기,3
kilkerranwhisky,3
kilkerranheavilypeated2,3
kilkerranheavilypeated,3
주얼리그램,3
주얼리선물,3
주얼리추천,3
junglackson,3
줄기세포보관,3
juho9584,3
줄기세포영양제,3
ju__hyo__ on Instagr,3
jooseacool,3
줄기세포치료제,3
장지갑,3
komagataketsunukiaging,3
oaktree,3
인스타그램,3
nikkasinglecaskmaltwhisky1987,3
nikkasinglecaskmaltwhisky,3
일식요리,3
nikkasinglecask1987,3
nikkasinglecask,3
자연,3
nikka,3
metasequoia,3
서면핫플,3
잉글랜드불독,3
성공,3
nature,3
남산의부장들,3
인형아님,3
myfriendbulldog,3
muse__d,3
서브웨이,3
moulin_yoon,3
내기졌음,3
일일향,3
서초마카롱,3
minsta_b,3
mmacssong,3
mojito,3
moment__sj on Instag,3
monkey47,3
일식전문점,3
nly.company,3
일식,3
내자동바,3
나눠먹었어요🤣,3
ohyesujin.0,3
off_the___wagon,3
내일,3
장모님선물,3
malted,3
이자까야,3
이태리가죽,3
나도아르헨티나,3
세잔,3
잘모름,3
서강대,3
잘먹겠습니다🙏,3
이차는,3
이와이트레디션와인캐스크피니시,3
자이글구이,3
시끌벅적,2
음주데이트,2
유니콘님,2
코지,2
코지타벨리니,2
럽,2
남자의취미,2
pewter,2
씨리얼보울,2
dessert,2
집술질,2
italiapewter,2
hombar,2
헿,2
뽕따,2
holic,2
파이퍼하이직,2
2,2
이태원로드바,2
cositabellini_korea,2
홈까페,2
홈텐더,2
cositabellini,2
다트가생각날때,2
가족여행,2
다트가기억날때,2
boutique,2
bjw2556,2
mhee3847,2
디저트,2
bowl,2
boutiqueyspeyside2,2
boutiqueycompany,2
부티크와이,2
로드,2
부티키,2
부티키위스키,2
boutiqueyspeyside,2
lordbar,2
cereal,2
새우,2
새로운취미,2
너랑나,2
술을싫어한다는분,2
artofpewter,2
love_u_.ha,2
샴팡,2
boutiqueywhisky,2
801,1
802,1
803,1
798,1
800,1
799,1
797,1
796,1
795,1
794,1
804,1
860,1
805,1
816,1
824,1
823,1
822,1
821,1
820,1
819,1
818,1
817,1
815,1
806,1
814,1
813,1
812,1
811,1
810,1
793,1
808,1
807,1
809,1
787,1
792,1
763,1
770,1
769,1
768,1
767,1
766,1
765,1
764,1
762,1
772,1
761,1
760,1
759,1
758,1
757,1
756,1
755,1
771,1
773,1
791,1
783,1
790,1
789,1
788,1
826,1
786,1
785,1
784,1
782,1
774,1
781,1
780,1
779,1
778,1
777,1
776,1
775,1
825,1
836,1
827,1
886,1
853,1
885,1
852,1
867,1
868,1
869,1
884,1
851,1
883,1
850,1
870,1
871,1
872,1
893,1
882,1
854,1
887,1
849,1
866,1
861,1
890,1
862,1
863,1
864,1
865,1
859,1
891,1
858,1
857,1
856,1
892,1
889,1
855,1
888,1
880,1
873,1
828,1
879,1
843,1
842,1
841,1
840,1
839,1
838,1
837,1
753,1
835,1
834,1
833,1
832,1
831,1
830,1
829,1
844,1
845,1
894,1
901,1
874,1
895,1
881,1
896,1
848,1
875,1
847,1
897,1
876,1
877,1
898,1
899,1
900,1
846,1
878,1
754,1
660,1
752,1
657,1
604,1
655,1
654,1
605,1
606,1
653,1
652,1
651,1
650,1
649,1
648,1
647,1
607,1
646,1
608,1
656,1
658,1
609,1
659,1
675,1
674,1
673,1
672,1
671,1
670,1
669,1
668,1
667,1
666,1
665,1
664,1
663,1
662,1
661,1
903,1
610,1
751,1
632,1
617,1
618,1
619,1
631,1
630,1
629,1
628,1
620,1
627,1
626,1
625,1
624,1
623,1
622,1
621,1
616,1
615,1
645,1
633,1
644,1
643,1
642,1
641,1
640,1
639,1
638,1
611,1
637,1
612,1
636,1
635,1
634,1
613,1
614,1
676,1
677,1
678,1
733,1
731,1
730,1
729,1
728,1
727,1
726,1
725,1
724,1
723,1
722,1
721,1
720,1
719,1
718,1
717,1
732,1
734,1
679,1
735,1
750,1
749,1
748,1
747,1
746,1
745,1
744,1
743,1
742,1
741,1
740,1
739,1
738,1
737,1
736,1
716,1
715,1
714,1
713,1
694,1
693,1
692,1
691,1
690,1
689,1
688,1
687,1
686,1
685,1
684,1
683,1
682,1
681,1
680,1
695,1
696,1
697,1
706,1
712,1
711,1
710,1
709,1
708,1
707,1
705,1
698,1
704,1
703,1
702,1
701,1
700,1
699,1
902,1
1088,1
904,1
1111,1
1109,1
1108,1
1107,1
1106,1
1105,1
1104,1
1103,1
1102,1
1101,1
1100,1
1099,1
1098,1
1097,1
1096,1
1095,1
1110,1
1112,1
1093,1
1113,1
1128,1
1127,1
1126,1
1125,1
1124,1
1123,1
1122,1
1121,1
1120,1
1119,1
1118,1
1117,1
1116,1
1115,1
1114,1
1094,1
1092,1
905,1
1072,1
1070,1
1069,1
1068,1
1067,1
1066,1
1065,1
1064,1
1063,1
1062,1
1061,1
1060,1
1059,1
1058,1
1057,1
1056,1
1071,1
1073,1
1091,1
1074,1
1090,1
1089,1
1087,1
1086,1
1085,1
1084,1
1083,1
1082,1
1081,1
1080,1
1079,1
1078,1
1077,1
1076,1
1075,1
1129,1
1130,1
1131,1
1159,1
1178,1
1158,1
1179,1
1157,1
1180,1
602,1
1181,1
1182,1
1156,1
1183,1
1155,1
1184,1
1185,1
1154,1
1186,1
1177,1
1176,1
1132,1
1175,1
1165,1
1164,1
1166,1
1167,1
1163,1
1168,1
1169,1
1170,1
1171,1
1172,1
1173,1
1162,1
1161,1
1174,1
1160,1
1153,1
1152,1
1187,1
1188,1
1147,1
1146,1
1145,1
1144,1
1143,1
1142,1
1141,1
1140,1
1139,1
1138,1
1137,1
1136,1
1135,1
1134,1
1133,1
1148,1
1149,1
1150,1
1194,1
1189,1
1190,1
1191,1
1151,1
1192,1
1193,1
1195,1
1202,1
1196,1
1197,1
1198,1
1199,1
1200,1
1201,1
1055,1
1054,1
1053,1
959,1
957,1
956,1
955,1
954,1
953,1
952,1
951,1
950,1
949,1
948,1
947,1
946,1
945,1
944,1
943,1
958,1
960,1
978,1
961,1
976,1
975,1
974,1
973,1
972,1
971,1
970,1
969,1
968,1
967,1
966,1
965,1
964,1
963,1
962,1
942,1
941,1
940,1
939,1
920,1
919,1
918,1
917,1
916,1
915,1
914,1
913,1
912,1
911,1
910,1
909,1
908,1
907,1
906,1
921,1
922,1
923,1
932,1
938,1
937,1
936,1
935,1
934,1
933,1
931,1
924,1
930,1
929,1
928,1
927,1
926,1
925,1
977,1
979,1
1052,1
1034,1
1032,1
1031,1
1030,1
1029,1
1028,1
1027,1
1026,1
1025,1
1024,1
1023,1
1022,1
1021,1
1020,1
1019,1
1018,1
1033,1
1035,1
980,1
1036,1
1051,1
1050,1
1049,1
1048,1
1047,1
1046,1
1045,1
1044,1
1043,1
1042,1
1041,1
1040,1
1039,1
1038,1
1037,1
1017,1
1016,1
1015,1
1014,1
995,1
994,1
993,1
992,1
991,1
990,1
989,1
988,1
987,1
986,1
985,1
984,1
983,1
982,1
981,1
996,1
997,1
998,1
1007,1
1013,1
1012,1
1011,1
1010,1
1009,1
1008,1
1006,1
999,1
1005,1
1004,1
1003,1
1002,1
1001,1
1000,1
603,1
137,1
601,1
206,1
204,1
203,1
202,1
201,1
200,1
199,1
198,1
197,1
196,1
195,1
194,1
193,1
192,1
191,1
190,1
205,1
207,1
188,1
208,1
223,1
222,1
221,1
220,1
219,1
218,1
217,1
216,1
215,1
214,1
213,1
212,1
211,1
210,1
209,1
189,1
187,1
150,1
168,1
166,1
165,1
164,1
163,1
162,1
161,1
160,1
159,1
158,1
157,1
156,1
155,1
154,1
153,1
152,1
167,1
169,1
186,1
170,1
185,1
184,1
183,1
182,1
181,1
180,1
179,1
178,1
177,1
176,1
175,1
174,1
173,1
172,1
171,1
224,1
225,1
226,1
281,1
279,1
278,1
277,1
276,1
275,1
274,1
273,1
272,1
271,1
270,1
269,1
268,1
267,1
266,1
265,1
280,1
282,1
227,1
283,1
298,1
297,1
296,1
295,1
294,1
293,1
292,1
291,1
290,1
289,1
288,1
287,1
286,1
285,1
284,1
264,1
263,1
262,1
261,1
242,1
241,1
240,1
239,1
238,1
237,1
236,1
235,1
234,1
233,1
232,1
231,1
230,1
229,1
228,1
243,1
244,1
245,1
254,1
260,1
259,1
258,1
257,1
256,1
255,1
253,1
246,1
252,1
251,1
250,1
249,1
248,1
247,1
151,1
149,1
600,1
54,1
53,1
52,1
2,1
3,1
4,1
51,1
1204,1
5,1
6,1
7,1
8,1
9,1
50,1
10,1
49,1
1,1
55,1
48,1
56,1
71,1
70,1
69,1
68,1
67,1
66,1
65,1
64,1
63,1
62,1
61,1
60,1
59,1
58,1
57,1
11,1
12,1
148,1
18,1
33,1
32,1
31,1
30,1
29,1
28,1
27,1
26,1
25,1
24,1
19,1
23,1
22,1
21,1
20,1
34,1
35,1
47,1
36,1
13,1
46,1
45,1
44,1
14,1
15,1
43,1
42,1
41,1
16,1
17,1
40,1
39,1
38,1
37,1
72,1
73,1
74,1
129,1
127,1
126,1
125,1
124,1
123,1
122,1
121,1
120,1
119,1
118,1
117,1
116,1
115,1
114,1
113,1
128,1
130,1
75,1
131,1
147,1
146,1
145,1
144,1
143,1
142,1
141,1
140,1
139,1
138,1
136,1
135,1
134,1
133,1
132,1
112,1
111,1
110,1
109,1
90,1
89,1
88,1
87,1
86,1
85,1
84,1
83,1
82,1
81,1
80,1
79,1
78,1
77,1
76,1
91,1
92,1
93,1
102,1
108,1
107,1
106,1
105,1
104,1
103,1
101,1
94,1
100,1
99,1
98,1
97,1
96,1
95,1
299,1
300,1
301,1
507,1
505,1
504,1
503,1
502,1
501,1
500,1
499,1
498,1
497,1
496,1
495,1
494,1
493,1
492,1
491,1
506,1
508,1
489,1
509,1
524,1
523,1
522,1
521,1
520,1
519,1
518,1
517,1
516,1
515,1
514,1
513,1
512,1
511,1
510,1
490,1
488,1
302,1
469,1
467,1
466,1
465,1
464,1
463,1
462,1
461,1
460,1
459,1
458,1
457,1
456,1
455,1
454,1
453,1
468,1
470,1
487,1
471,1
486,1
485,1
484,1
483,1
482,1
481,1
480,1
479,1
478,1
477,1
476,1
475,1
474,1
473,1
472,1
525,1
526,1
527,1
582,1
580,1
579,1
578,1
577,1
576,1
575,1
574,1
573,1
572,1
571,1
570,1
569,1
568,1
567,1
566,1
581,1
583,1
528,1
584,1
599,1
598,1
597,1
596,1
595,1
594,1
593,1
592,1
591,1
590,1
589,1
588,1
587,1
586,1
585,1
565,1
564,1
563,1
562,1
543,1
542,1
541,1
540,1
539,1
538,1
537,1
536,1
535,1
534,1
533,1
532,1
531,1
530,1
529,1
544,1
545,1
546,1
555,1
561,1
560,1
559,1
558,1
557,1
556,1
554,1
547,1
553,1
552,1
551,1
550,1
549,1
548,1
452,1
451,1
450,1
356,1
354,1
353,1
352,1
351,1
350,1
349,1
348,1
347,1
346,1
345,1
344,1
343,1
342,1
341,1
340,1
355,1
357,1
375,1
358,1
373,1
372,1
371,1
370,1
369,1
368,1
367,1
366,1
365,1
364,1
363,1
362,1
361,1
360,1
359,1
339,1
338,1
337,1
336,1
317,1
316,1
315,1
314,1
313,1
312,1
311,1
310,1
309,1
308,1
307,1
306,1
305,1
304,1
303,1
318,1
319,1
320,1
329,1
335,1
334,1
333,1
332,1
331,1
330,1
328,1
321,1
327,1
326,1
325,1
324,1
323,1
322,1
374,1
376,1
449,1
431,1
429,1
428,1
427,1
426,1
425,1
424,1
423,1
422,1
421,1
420,1
419,1
418,1
417,1
416,1
415,1
430,1
432,1
377,1
433,1
448,1
447,1
446,1
445,1
444,1
443,1
442,1
441,1
440,1
439,1
438,1
437,1
436,1
435,1
434,1
414,1
413,1
412,1
411,1
392,1
391,1
390,1
389,1
388,1
387,1
386,1
385,1
384,1
383,1
382,1
381,1
380,1
379,1
378,1
393,1
394,1
395,1
404,1
410,1
409,1
408,1
407,1
406,1
405,1
403,1
396,1
402,1
401,1
400,1
399,1
398,1
397,1
1203,1
1938,1
1205,1
2014,1
2012,1
2011,1
2010,1
2009,1
2008,1
2007,1
2006,1
2005,1
2004,1
2003,1
2002,1
2001,1
2000,1
1999,1
1998,1
2013,1
2015,1
1996,1
2016,1
2031,1
2030,1
2029,1
2028,1
2027,1
2026,1
2025,1
2024,1
2023,1
2022,1
2021,1
2020,1
2019,1
2018,1
2017,1
1997,1
1995,1
1958,1
1976,1
1974,1
1973,1
1972,1
1971,1
1970,1
1969,1
1968,1
1967,1
1966,1
1965,1
1964,1
1963,1
1962,1
1961,1
1960,1
1975,1
1977,1
1994,1
1978,1
1993,1
1992,1
1991,1
1990,1
1989,1
1988,1
1987,1
1986,1
1985,1
1984,1
1983,1
1982,1
1981,1
1980,1
1979,1
2032,1
2033,1
2034,1
2089,1
2087,1
2086,1
2085,1
2084,1
2083,1
2082,1
2081,1
2080,1
2079,1
2078,1
2077,1
2076,1
2075,1
2074,1
2073,1
2088,1
2090,1
2035,1
2091,1
2106,1
2105,1
2104,1
2103,1
2102,1
2101,1
2100,1
2099,1
2098,1
2097,1
2096,1
2095,1
2094,1
2093,1
2092,1
2072,1
2071,1
2070,1
2069,1
2050,1
2049,1
2048,1
2047,1
2046,1
2045,1
2044,1
2043,1
2042,1
2041,1
2040,1
2039,1
2038,1
2037,1
2036,1
2051,1
2052,1
2053,1
2062,1
2068,1
2067,1
2066,1
2065,1
2064,1
2063,1
2061,1
2054,1
2060,1
2059,1
2058,1
2057,1
2056,1
2055,1
1959,1
1957,1
1206,1
1863,1
1861,1
1860,1
1859,1
1858,1
1857,1
1856,1
1855,1
1854,1
1853,1
1852,1
1851,1
1850,1
1849,1
1848,1
1847,1
1862,1
1864,1
1845,1
1865,1
1880,1
1879,1
1878,1
1877,1
1876,1
1875,1
1874,1
1873,1
1872,1
1871,1
1870,1
1869,1
1868,1
1867,1
1866,1
1846,1
1844,1
1956,1
1825,1
1823,1
1822,1
1821,1
1820,1
1819,1
1818,1
1817,1
1816,1
1815,1
1814,1
1813,1
1812,1
1811,1
1810,1
1809,1
1824,1
1826,1
1843,1
1827,1
1842,1
1841,1
1840,1
1839,1
1838,1
1837,1
1836,1
1835,1
1834,1
1833,1
1832,1
1831,1
1830,1
1829,1
1828,1
1881,1
1882,1
1883,1
먹어,1
1936,1
1935,1
1934,1
1933,1
1932,1
1931,1
1930,1
1929,1
1928,1
1927,1
1926,1
1925,1
1924,1
1923,1
1922,1
1937,1
1939,1
1884,1
1940,1
1955,1
1954,1
1953,1
1952,1
1951,1
1950,1
1949,1
1948,1
1947,1
1946,1
1945,1
1944,1
1943,1
1942,1
1941,1
1921,1
1920,1
1919,1
1918,1
1899,1
1898,1
1897,1
1896,1
1895,1
1894,1
1893,1
1892,1
1891,1
1890,1
1889,1
1888,1
1887,1
1886,1
1885,1
1900,1
1901,1
1902,1
1911,1
1917,1
1916,1
1915,1
1914,1
1913,1
1912,1
1910,1
1903,1
1909,1
1908,1
1907,1
1906,1
1905,1
1904,1
2107,1
2108,1
2109,1
2315,1
2313,1
2312,1
2311,1
2310,1
2309,1
2308,1
2307,1
2306,1
2305,1
2304,1
2303,1
2302,1
2301,1
2300,1
2299,1
2314,1
2316,1
2297,1
2317,1
2332,1
2331,1
2330,1
2329,1
2328,1
2327,1
2326,1
2325,1
2324,1
2323,1
2322,1
2321,1
2320,1
2319,1
2318,1
2298,1
2296,1
2110,1
2277,1
2275,1
2274,1
2273,1
2272,1
2271,1
2270,1
2269,1
2268,1
2267,1
2266,1
2265,1
2264,1
2263,1
2262,1
2261,1
2276,1
2278,1
2295,1
2279,1
2294,1
2293,1
2292,1
2291,1
2290,1
2289,1
2288,1
2287,1
2286,1
2285,1
2284,1
2283,1
2282,1
2281,1
2280,1
2333,1
2334,1
2335,1
그외등등,1
아빠가,1
鸡尾酒,1
韓国バー,1
威士忌酒吧,1
バー,1
앤틱팔찌,1
ソウルバー,1
ウィスキー,1
yongbro_happyday,1
wlsxo00,1
여친선물,1
여친주얼리,1
vesper_seoul on Inst,1
vesper,1
vely__heea,1
공주인가,1
꼬냑팔찌,1
2336,1
셀럽패션,1
먹순아,1
루시디아주얼리,1
루시디아,1
로얄살루트21년,1
벌어올게,1
베스퍼바,1
라뇨,1
디자이너주얼리,1
볼빨간딱새우,1
데일리패션,1
사슬팔찌,1
다둥이,1
샐러드,1
서래마을낮술,1
서래마을바,1
taessuny,1
오늘도,1
오징어인가,1
seoulbar,1
2351,1
2350,1
2349,1
2348,1
2347,1
2346,1
2345,1
2344,1
2343,1
2342,1
2341,1
2340,1
2339,1
2338,1
2337,1
2352,1
2353,1
2354,1
적당히,1
seoraevillage,1
ragnaudsabourin,1
읏짜,1
익선동주얼리,1
잇아이템,1
잘큰다,1
lucidia_jewelry,1
18k팔찌,1
종로주얼리,1
주얼리브랜드,1
첫줄빠이,1
flexin_o_kam,1
표정은,1
한사발,1
2260,1
2259,1
2258,1
2164,1
2162,1
2161,1
2160,1
2159,1
2158,1
2157,1
2156,1
2155,1
2154,1
2153,1
2152,1
2151,1
2150,1
2149,1
2148,1
2163,1
2165,1
2183,1
2166,1
2181,1
2180,1
2179,1
2178,1
2177,1
2176,1
2175,1
2174,1
2173,1
2172,1
2171,1
2170,1
2169,1
2168,1
2167,1
2147,1
2146,1
2145,1
2144,1
2125,1
2124,1
2123,1
2122,1
2121,1
2120,1
2119,1
2118,1
2117,1
2116,1
2115,1
2114,1
2113,1
2112,1
2111,1
2126,1
2127,1
2128,1
2137,1
2143,1
2142,1
2141,1
2140,1
2139,1
2138,1
2136,1
2129,1
2135,1
2134,1
2133,1
2132,1
2131,1
2130,1
2182,1
2184,1
2257,1
2239,1
2237,1
2236,1
2235,1
2234,1
2233,1
2232,1
2231,1
2230,1
2229,1
2228,1
2227,1
2226,1
2225,1
2224,1
2223,1
2238,1
2240,1
2185,1
2241,1
2256,1
2255,1
2254,1
2253,1
2252,1
2251,1
2250,1
2249,1
2248,1
2247,1
2246,1
2245,1
2244,1
2243,1
2242,1
2222,1
2221,1
2220,1
2219,1
2200,1
2199,1
2198,1
2197,1
2196,1
2195,1
2194,1
2193,1
2192,1
2191,1
2190,1
2189,1
2188,1
2187,1
2186,1
2201,1
2202,1
2203,1
2212,1
2218,1
2217,1
2216,1
2215,1
2214,1
2213,1
2211,1
2204,1
2210,1
2209,1
2208,1
2207,1
2206,1
2205,1
1808,1
1807,1
1806,1
1411,1
1409,1
1408,1
1407,1
1406,1
1405,1
1404,1
1403,1
1402,1
1401,1
1400,1
1399,1
1398,1
1397,1
1396,1
1395,1
1410,1
1412,1
1393,1
1413,1
1428,1
1427,1
1426,1
1425,1
1424,1
1423,1
1422,1
1421,1
1420,1
1419,1
1418,1
1417,1
1416,1
1415,1
1414,1
1394,1
1392,1
1505,1
1373,1
1371,1
1370,1
1369,1
1368,1
1367,1
1366,1
1365,1
1364,1
1363,1
1362,1
1361,1
1360,1
1359,1
1358,1
1357,1
1372,1
1374,1
1391,1
1375,1
1390,1
1389,1
1388,1
1387,1
1386,1
1385,1
1384,1
1383,1
1382,1
1381,1
1380,1
1379,1
1378,1
1377,1
1376,1
1429,1
1430,1
1431,1
1486,1
1484,1
1483,1
1482,1
1481,1
1480,1
1479,1
1478,1
1477,1
1476,1
1475,1
1474,1
1473,1
1472,1
1471,1
1470,1
1485,1
1487,1
1432,1
1488,1
1503,1
1502,1
1501,1
1500,1
1499,1
1498,1
1497,1
1496,1
1495,1
1494,1
1493,1
1492,1
1491,1
1490,1
1489,1
1469,1
1468,1
1467,1
1466,1
1447,1
1446,1
1445,1
1444,1
1443,1
1442,1
1441,1
1440,1
1439,1
1438,1
1437,1
1436,1
1435,1
1434,1
1433,1
1448,1
1449,1
1450,1
1459,1
1465,1
1464,1
1463,1
1462,1
1461,1
1460,1
1458,1
1451,1
1457,1
1456,1
1455,1
1454,1
1453,1
1452,1
1356,1
1355,1
1354,1
1260,1
1258,1
1257,1
1256,1
1255,1
1254,1
1253,1
1252,1
1251,1
1250,1
1249,1
1248,1
1247,1
1246,1
1245,1
1244,1
1259,1
1261,1
1279,1
1262,1
1277,1
1276,1
1275,1
1274,1
1273,1
1272,1
1271,1
1270,1
1269,1
1268,1
1267,1
1266,1
1265,1
1264,1
1263,1
1243,1
1242,1
1241,1
1240,1
1221,1
1220,1
1219,1
1218,1
1217,1
1216,1
1215,1
1214,1
1213,1
1212,1
1211,1
1210,1
1209,1
1208,1
1207,1
1222,1
1223,1
1224,1
1233,1
1239,1
1238,1
1237,1
1236,1
1235,1
1234,1
1232,1
1225,1
1231,1
1230,1
1229,1
1228,1
1227,1
1226,1
1278,1
1280,1
1353,1
1335,1
1333,1
1332,1
1331,1
1330,1
1329,1
1328,1
1327,1
1326,1
1325,1
1324,1
1323,1
1322,1
1321,1
1320,1
1319,1
1334,1
1336,1
1281,1
1337,1
1352,1
1351,1
1350,1
1349,1
1348,1
1347,1
1346,1
1345,1
1344,1
1343,1
1342,1
1341,1
1340,1
1339,1
1338,1
1318,1
1317,1
1316,1
1315,1
1296,1
1295,1
1294,1
1293,1
1292,1
1291,1
1290,1
1289,1
1288,1
1287,1
1286,1
1285,1
1284,1
1283,1
1282,1
1297,1
1298,1
1299,1
1308,1
1314,1
1313,1
1312,1
1311,1
1310,1
1309,1
1307,1
1300,1
1306,1
1305,1
1304,1
1303,1
1302,1
1301,1
1504,1
1506,1
1805,1
1712,1
1710,1
1709,1
1708,1
1707,1
1706,1
1705,1
1704,1
1703,1
1702,1
1701,1
1700,1
1699,1
1698,1
1697,1
1696,1
1711,1
1713,1
1694,1
1714,1
1729,1
1728,1
1727,1
1726,1
1725,1
1724,1
1723,1
1722,1
1721,1
1720,1
1719,1
1718,1
1717,1
1716,1
1715,1
1695,1
1693,1
1507,1
1674,1
1672,1
1671,1
1670,1
1669,1
1668,1
1667,1
1666,1
1665,1
1664,1
1663,1
1662,1
1661,1
1660,1
1659,1
1658,1
1673,1
1675,1
1692,1
1676,1
1691,1
1690,1
1689,1
1688,1
1687,1
1686,1
1685,1
1684,1
1683,1
1682,1
1681,1
1680,1
1679,1
1678,1
1677,1
1730,1
1731,1
1732,1
1787,1
1785,1
1784,1
1783,1
1782,1
1781,1
1780,1
1779,1
1778,1
1777,1
1776,1
1775,1
1774,1
1773,1
1772,1
1771,1
1786,1
1788,1
1733,1
1789,1
1804,1
1803,1
1802,1
1801,1
1800,1
1799,1
1798,1
1797,1
1796,1
1795,1
1794,1
1793,1
1792,1
1791,1
1790,1
1770,1
1769,1
1768,1
1767,1
1748,1
1747,1
1746,1
1745,1
1744,1
1743,1
1742,1
1741,1
1740,1
1739,1
1738,1
1737,1
1736,1
1735,1
1734,1
1749,1
1750,1
1751,1
1760,1
1766,1
1765,1
1764,1
1763,1
1762,1
1761,1
1759,1
1752,1
1758,1
1757,1
1756,1
1755,1
1754,1
1753,1
1657,1
1656,1
1655,1
1561,1
1559,1
1558,1
1557,1
1556,1
1555,1
1554,1
1553,1
1552,1
1551,1
1550,1
1549,1
1548,1
1547,1
1546,1
1545,1
1560,1
1562,1
1580,1
1563,1
1578,1
1577,1
1576,1
1575,1
1574,1
1573,1
1572,1
1571,1
1570,1
1569,1
1568,1
1567,1
1566,1
1565,1
1564,1
1544,1
1543,1
1542,1
1541,1
1522,1
1521,1
1520,1
1519,1
1518,1
1517,1
1516,1
1515,1
1514,1
1513,1
1512,1
1511,1
1510,1
1509,1
1508,1
1523,1
1524,1
1525,1
1534,1
1540,1
1539,1
1538,1
1537,1
1536,1
1535,1
1533,1
1526,1
1532,1
1531,1
1530,1
1529,1
1528,1
1527,1
1579,1
1581,1
1654,1
1636,1
1634,1
1633,1
1632,1
1631,1
1630,1
1629,1
1628,1
1627,1
1626,1
1625,1
1624,1
1623,1
1622,1
1621,1
1620,1
1635,1
1637,1
1582,1
1638,1
1653,1
1652,1
1651,1
1650,1
1649,1
1648,1
1647,1
1646,1
1645,1
1644,1
1643,1
1642,1
1641,1
1640,1
1639,1
1619,1
1618,1
1617,1
1616,1
1597,1
1596,1
1595,1
1594,1
1593,1
1592,1
1591,1
1590,1
1589,1
1588,1
1587,1
1586,1
1585,1
1584,1
1583,1
1598,1
1599,1
1600,1
1609,1
1615,1
1614,1
1613,1
1612,1
1611,1
1610,1
1608,1
1601,1
1607,1
1606,1
1605,1
1604,1
1603,1
1602,1
0,1
