,RowSum
리큐어,634
보드카,221
칵테일,187
liquordutch,160
liqueur,115
리큐르,109
위스키,106
브랜디,104
coffee,100
카페,90
콜드브루,88
커피,87
이벤트,87
Null,82
데낄라,82
아메리카노,80
고급커피,80
술,80
핸드드립,80
향기좋은커피,80
liquorcoffeebar,80
리큐어커피바,80
드립커피,80
몰트바,79
싱글몰트,79
신촌맛집,75
고급술,75
마포구맛집,75
마포구신수동450,75
분위기좋은바,75
서강대역맛집,75
서강대맛집,75
다트,75
와인,72
육공방,71
죽전카페거리,71
카페거리,71
하얏트호텔쉐프,71
강남대,71
세계맥주,71
몰트,71
콜키지,71
보정카페거리,71
데이트장소,71
단국대,71
단체환영,71
셀프맥주바,71
리큐어더치,70
형제대포집,68
음식,67
보정동,64
맥주광,64
カクテル,57
술스타그램,56
맥주,56
양주,55
싱싱광어,54
drinks,54
リキュール,51
용인다트,50
bartender,47
티나,44
일상,42
wine,42
vedrenne,41
bartenderlife,41
bartending,41
mixologyart,41
mixology,41
mixologist,41
mixologie,41
럼,41
베드렌,41
vedrenne_liqueurs_sy,41
imbibe,41
monquerape,40
madeinfrance,40
barman,39
올리커,39
vedrenneliqueurs,38
signaturecocktail,38
cocktailculture,38
cocktailbar,38
strawberry,36
joolini,33
혼술,33
먹스타그램,32
진,31
디저트,31
케이크,31
tina,29
소통,28
🥃,28
바,27
베이킹클래스,27
나카무라아카데미,27
맛있는,27
tina.japan,26
liquor,26
인스타그램,26
마카롱,25
bar,23
party,22
partyliqueur,22
fromkorea,22
귀여운,22
光るボトル,22
strawberryliqueur,22
좋아요,22
최고,22
fusionliqueur,22
선물,22
맞팔,22
맛집,22
ティナ,22
苺,22
パーティー,22
パーティーリキュール,22
데킬라,21
디저트카페,21
무스케이크,21
디저트클래스,21
일본구매대행,21
xrated,21
구움과자,21
제과재료,21
구매대행,21
베이킹재료,21
베이킹원데이클래스,21
베이킹스타그램,21
베이킹수업,21
베이킹쇼핑몰,21
르노뜨르,21
silpan_1,21
베이킹,21
홍대,21
디저트레시피,21
르꼬르동블루,21
lafiole,20
bayonne,20
코냑,20
beauty,20
라피올르,20
izarra,20
healthcare,20
cafe,20
몽크라페,20
프랑스,20
cheese,20
cocktail,20
barista,20
테킬라,20
sirop,20
paysbasque,20
song.jungha,19
alcohol,18
우유리큐르,18
맛스타그램,18
chocolate,18
실팬,18
약주,18
일본공구,18
샴페인,18
밀크리큐르,18
allliquor,18
hpnotiq,17
홈술,17
파이어볼,17
먹방,17
전통주,17
리몬첼로,17
동네창고,17
팔리니,17
팔리니리몬첼로,17
위례와인바,16
biotech,16
데일리,16
foodtech,16
위례와인체험장,16
라피올레,16
크휘드도흐,16
cruudedor,16
리큐어더치커피,15
daily,15
ラベンダー,14
오가닉,14
organic,14
주류도매,14
주류마켓,14
sweetiloha,14
주류소매,14
고메이,14
sulwhasooad,14
주역타로,14
음주,14
수입전문,14
셀렉샵,14
오븐엔조이,14
유기농,14
고쿠라,14
합정,14
한국어,14
고쿠라맛집,14
고쿠라여행,14
sweetosmanthus,14
tasteofhome,14
프로포즈,14
에이엘엘리커,14
バー蒼,14
ジントニック,14
자음생소셜셀럽,14
実家,14
설화술플래그십스토어,14
年中行事,14
market,14
일본어,14
일본,14
桂花陳酒,14
가을저녁,14
bar蒼,14
秋,14
autumn,14
金木犀,14
myparentsgarden,14
k1mmg,14
金木犀酒,14
가야금공연,14
가을,14
홈메이드,14
구미,14
설화수플래그십스토어,14
상수,14
꽃향기,14
__burrow__,14
7candy777,14
델리,14
503_hood,14
4c다이아몬드,14
병맥주2500원부터팝니당,14
후쿠오카,14
후쿠오카여행,14
디저트술,14
커스텀,14
케이터링,14
라벤다,14
라벤다리큐어,14
라운지,14
문화공간,14
페트리코,14
4cdiamond,14
4c_diamond,14
루프탑,14
만리향,14
삼페인,14
ry8o_ky3o,14
기타큐슈맛집,14
homemadeliquor,14
설화수루프탑리큐어,14
금목서주,14
기타큐슈,14
설화수,14
기타큐슈여행,14
금목서,14
hyenmood,14
금리단길,14
홈바,14
harddrink,14
metabevkorea,12
利口酒,12
아그와,12
대구,12
좋아요반사,12
라삐올레,12
agriscience,12
탤런트,12
엑스레이티드,12
젤라또,11
レッドライト,11
홈텐딩,11
초콜릿,11
분위기,11
휴무공지,11
liqueurs,11
beer,11
silpan,10
강남,10
코카레로,10
펍,10
쿠앵트로,10
tea,10
the,10
cointreau,10
바텐더,10
macaron,10
소주,10
치킨,10
제이원제이코리아,10
제과점,10
whisky,9
brandy,9
coldbrew,9
코인트로,9
밀크티,9
이태원,9
도매상,8
甜酒,8
서울,8
선릉,8
네그로니,8
비노비,8
남자,8
spirits,8
성남,8
꼬냑,8
선팔하면맞팔,8
레스케이프호텔,8
雞尾酒,8
멜론,8
메타베브코리아,8
가라오케,8
맨바,8
깔루아,8
🍊,8
2020년,8
🍷,8
alcoholicdrinks,8
마크다모르,8
미도리샤워,8
베르무트,8
솔로,8
역삼,8
대구칵테일바,8
whiskey,8
asia,8
中国,8
혼술스타그램,8
대구와인바,8
wholesale,8
usa,8
台灣,8
批发商,8
winter,8
신에게바치는술,8
日本,8
논현,8
훈남,8
여성전용바,8
베르가못,8
チョコレート,8
thematcha,8
블랙러시안,8
က,8
베네딕틴돔,8
bulksupplies,8
여성전용,8
진주맛집,8
event,8
orangeliqueur,8
exports,8
칠곡와인바,8
칠곡,8
청담,8
이탈리쿠스,8
진주칵테일바,8
진주칵테일,8
진주카페,8
진주와인바,8
진주데이트코스,8
esbbev,8
진주데이트,8
진주,8
imports,8
midori,8
instagram,8
좋반,8
italicus,8
일상스타그램,8
jiwon9494,8
정기휴무일,8
bergamotliqueur,8
eu,8
칠곡칵테일바,8
평거동,8
평거동와인바,8
christmas,8
클럽,8
크리스마스,8
cocktails,8
평거동맛집,8
코타티,8
한국,8
평거동술집,8
matcha,8
daniel.haeum on Inst,8
칵테일스타그램,8
평거동칵테일바,8
칵테일바,8
dom,8
찹스테이크,7
갬성맛집,7
술집,7
갬성술집,7
술한잔,7
갬성,7
혼밥,7
리얼펍,7
파스타,7
파티,7
liquore,7
술안주,7
모짜르트,7
타이쿠,7
고양이,7
셀스타그램,7
분위기좋은,7
베일리스,7
안주,7
dessert,7
민락2지구,7
민락동,7
민락맛집,7
노첼로,7
칵테일4000원부터팝니당,7
rum,7
예쁜술,7
하이볼,7
여유,7
의정부,7
의정부맛집,7
의정부술집,7
realpub_tj on Instag,7
ootd,7
피자,7
칵테일레시피,6
대구핫플,6
코카레로밤,6
디종밤,6
멋집,6
dacquoise,6
바투어,6
바닐라빈,6
타히티바닐라빈,6
동경제과학교,6
대구술집,6
cocktailrecipe,6
베이커리,6
샤뗀느,6
동성로술집,6
공평주,6
대구바,6
꼬르동블루,6
talewhale,6
ビール,6
gin,6
chatenignes,6
cassis,6
drinkswithhelen,6
카시스,6
맛집투어,6
dutch,5
홈카페,5
미국맥주,5
salers,5
ウィスキー,5
셀프카페,5
향,5
ジン,5
셀프커피,5
독일맥주,5
バー,5
더치,5
서비스,5
아이스,5
ブランデー,5
ラム,5
동성로,4
mariko_s0628,4
듀어스,4
드레스,4
drkhkimbb,4
avecjj,4
drinky_krewery on In,4
drinky,4
eauxdevie,4
eunji2535,4
empereur,4
동기,4
다이어리,4
taengsweet,4
달서구,4
달콤쌉쌀,4
fashion,4
faircafe,4
blackrussian,4
botd,4
대동강맥주,4
대동강페일에일,4
더치커피,4
92_j.hwan,4
taeng_made,4
sweetnsour,4
데일리룩,4
데일리술,4
데헷,4
ottosilver,4
5비,4
도머,4
bottle,4
독일,4
sul_note,4
starrynight,4
디종아마레또,4
디저트그램,4
class,4
seoul,4
로얄살루트,4
cinzanodry,4
cinzano1757,4
cinzano,4
리골오렌지,4
25,4
saturday,4
choux,4
sang_jun3189,4
리코르43,4
2020년한해도잘부탁드립니당,4
choi_han_sae,4
chocolateliqueur,4
chezmarcel,4
brew,4
20191224,4
리큐어추천,4
restaurant,4
200119,4
champagne,4
릴레블랑,4
마리브리자드,4
마지막컷,4
caramel,4
campari,4
cake,4
raspberry,4
cocalero,4
drink,4
bakery,4
dress,4
dominique_brugiere,4
december,4
date,4
southerncomfort,4
디종바닐라,4
taster,4
dailybeer,4
디종카카오,4
라가블린,4
southern,4
southafrica,4
crocante,4
cream,4
paris,4
so_ju_bang,4
parisbrest,4
singleorigin,4
라즈베리,4
라프로익,4
b00_00uu,4
cognac,4
pierreherme,4
coffeeliqueur,4
런던,4
plant,4
레미마틴,4
다꾸,4
giftfrompatient,4
food,4
licor,4
legend,4
洋酒シリーズ,4
牛乳,4
kyungbokuniversity,4
kwaifeh,4
korea,4
kitchen,4
josecuervo,4
beverage,4
jmt,4
jm_franco,4
merrychristmas,4
jirun_j,4
갈기산로제와인,4
jhyumin,4
jeanpaulhevin,4
ansan,4
mg스피릿,4
weekend,4
w_whiskeyshop,4
vinob_jinju,4
건국대학교,4
건국대학교글로컬캠퍼스,4
vieuxcarre,4
겨울,4
alcoholic_janedoe,4
경복대,4
vermut,4
경복대학교,4
lichior,4
alcoholstagram,4
경자년,4
licor43,4
zzoongg,4
λικέρ,4
ликер,4
ליקר,4
maplegarlic,4
amarula,4
ゴディバ,4
ゴディバチョコレートリキュール,4
mandarine,4
makgeolli,4
madslow__,4
x,4
madslow,4
beerstagram,4
luv,4
ラズベリー,4
london,4
wine_dutch,4
ale,4
angelofpandora,4
berlin,4
liquer,4
lilletblanc,4
likör,4
liker,4
lifestyle,4
memory,4
alcool,4
licéar,4
경복대학교호텔관광과,4
italyliqueur,4
negroni,4
home,4
그레나딘시럽,4
그림,4
글램클럽,4
글렌파클라스,4
tequila,4
글렌피딕,4
hk____lim,4
heavenly__o on Insta,4
harry_kim_kj,4
happyhour,4
happychristmas,4
happy,4
grandmarnier,4
godiva,4
김덕현,4
김해,4
깊고,4
까뮤xo,4
glamclub_xo,4
gintonic,4
나기수,4
나란히,4
yuna_cha92,4
남아공,4
gift,4
남현주,4
garlicbread,4
future306 on Instagr,4
fruitliqueur,4
absinthe,4
homebrew,4
계명대,4
군대,4
anthonberg,4
aperitif,4
ipa,4
ajrrhtkfrl,4
고급양주,4
instamood,4
mg스피릿라임,4
instafood,4
uk,4
mimo,4
in_di_vidual,4
triomphe,4
tradition,4
moetchandon,4
곧영업마감,4
byounghun_gilbert,4
bartender_kuro,4
moonjk_94,4
mrblack,4
골든슬럼버,4
공군,4
imboldn.daily,4
과실주,4
imboldn,4
bar_golden_slumber,4
icebreaker,4
hoteltourism,4
hops,4
napoléon,4
black.red_j,4
semina,4
막걸리,4
영국,4
오존,4
오미자주,4
오늘의술,4
오늘의_class,4
예거마이스터,4
예거,4
영업재개합니당,4
피에르에르메,4
여자아이돌,4
외국술,4
핀란디아,4
얼스타그램,4
트리옹프,4
어서오세요,4
양주수집,4
양주바,4
약가의달콤함과쌉쌀함이공존하는밀맥주,4
야인시대,4
올리커세미나,4
프레첼,4
셀피,4
이쁘네,4
일상룩,4
인스타무드,4
인스타,4
이한치한으로극복합시다,4
이태리술,4
이태리,4
이탈리아술,4
이쁜칵테일,4
유학생일상,4
우곡생주,4
유학생,4
유지방,4
유럽꿀,4
위스키봉봉,4
프랑스와인바,4
위스키러버,4
프랑스유학생,4
우리술품평회,4
야밤혼술,4
야밤한잔,4
야밤,4
스타일,4
아그와디볼리비아,4
싱글오리진,4
신사의품격,4
행오버,4
시크릿가든,4
허니비케이크,4
스피릿,4
스페인술,4
슈,4
앨리스인원더랜드,4
술추천,4
술초콜릿,4
허브리큐르,4
술노트,4
호텔관광과,4
숙면용,4
수제맥주,4
소셜와이닝,4
아그와밀키스,4
아그와밤,4
아라비카커피,4
아마룰라,4
앨리스,4
액자,4
알파카,4
한명이백번오는매장,4
핫식스,4
알콜스타그램,4
알콜,4
해외술,4
알아요나도,4
안톤버그,4
해운대,4
안산,4
아포카토,4
아페르티프,4
아이스브레이커,4
아이리시위스키,4
아이디어스,4
임볼든,4
잇센틱_소셜와이닝,4
자두맛,4
파울라너헤페바이스,4
파리브레스트,4
칵테일공부,4
카페후식,4
카페크렘므,4
카페스타그램,4
파울라너,4
친자노드라이,4
친자노1757드라이,4
친자노1757,4
충주가볼만한곳,4
파티그램,4
충주핫플,4
충주파스타,4
충주칵테일,4
충주여행,4
충주술집,4
충주맛집,4
충주데이트,4
칵테일메이킹,4
칵테일이야기,4
칵테일인스타그램,4
칼바도스,4
퇴근,4
토요일,4
터져버리기,4
탁주,4
타드샘플,4
클래스,4
크림,4
크리스마스이브,4
크로캉슈,4
쿠엥트로,4
콰이페,4
코젤다크,4
커피리큐어,4
캄파리코리아,4
캄파리바텐더,4
캄파리,4
캄빠리,4
충주까페,4
충주,4
자취,4
전통주갤러리,4
제임슨,4
제빵사,4
정체모를칵테일,4
정장,4
정상영업,4
정글펍,4
점심메뉴,4
점심,4
전원주,4
최주봉,4
전설의마녀,4
저녁메뉴,4
저녁,4
장폴에방,4
포스터,4
자취요리,4
자취생밥상,4
자취생,4
조니워커,4
조용,4
조화,4
존맛탱,4
촉촉해,4
팔로우,4
초록빛,4
청라핫플레이스,4
청라글램클럽,4
첫줄테러,4
첫줄,4
팔로우대환영,4
패션,4
차이나블루,4
찔레꽃,4
진한토닉,4
진토닉,4
진자노,4
중앙동,4
주말,4
주름살,4
소酒방,4
하남카페,4
부드러운,4
홈,4
분위기갑,4
휴식,4
바닐라아이스크림,4
황범식,4
분위기안고,4
사장님,4
사장님최고,4
밀맥주좋아하는분들이주목할만한맥주,4
보정맥주광,4
메이플갈릭,4
멜론리큐어,4
혼성주,4
명품커피,4
보드카토닉,4
바우,4
미스터블랙,4
베를린,4
뷰카레,4
미사리카페,4
병칵테일,4
미도리칵테일,4
병맥주2500원부터,4
새해복많이받으세요🙇,4
미도리,4
새해,4
문어숙회,4
살구맛,4
무알콜,4
서던컴포트,4
산사춘,4
바틀45000원부터팝니당,4
맛있다,4
매슬,4
서래마을바,4
발베니,4
선물인증,4
선팔,4
별밤,4
부천맛집,4
선후임,4
별이빛나는밤,4
설연휴영업공지,4
성서,4
방구석바텐더,4
혼밥스타그램,4
말차,4
벤리악,4
세종대왕어주,4
맥주마시기엔오지게추운날씨라는거,4
매드슬로우,4
별이빛나는밤에,4
발렌타인,4
후레쉬,4
선물용,4
🍦,4
부천,4
북한맥주아임다,4
제주도여행,3
제주맛집,3
kgb레몬,3
kgb,3
ipa맥주,3
젤라또연구소,3
jeongjong,3
제주살이,3
퍼펙트코리아및피닉스컵이틀남음,3
제주도가볼만한곳,3
제주혼술,3
brendalee,3
제주혼밥,3
k.gayeon2,3
jejucuju,3
제주쿠주소셜클럽,3
junsun_10,3
제주쿠주,3
제주시청술집,3
제주시청맛집,3
고르곤졸라피자,3
limoncello,3
제주도,3
프라브다,3
풍부한산미의진과라임주스가상큼하게만난칵테일,3
부산,3
부산에그타르트,3
부산케이크,3
manhattan,3
자리,3
부산타르트,3
입문용ipa,3
me_an_official,3
laboratorioilpiu,3
일출주,3
힙노틱,3
일쀼연구소,3
일쀼,3
일단,3
일,3
mistia,3
인싸,3
2020新リキュール,3
잔치날,3
luv0601luv,3
잠실바,3
둔산동,3
leesoongro,3
돼지등갈비찜,3
lemon,3
병맥주,3
정종,3
🍹,3
접대,3
🍸,3
독해,3
독하다,3
2019마지막대회,3
전맛집,3
봄베이사파이어,3
재료,3
펄하버,3
봉명동,3
죄송합니다,3
hi.vino,3
191212,3
모차르트,3
cuju,3
코끼리맥주,3
daejeonmm,3
머드쉐이크에스프레소,3
daily_wine_gimhae,3
커플스타그램,3
커플,3
캠핑요리,3
캠핑,3
캐논볼,3
리미티드에디션,3
머드쉐이크초코,3
리꾸오레,3
dringkingparty,3
먹으면서,3
칵테일파티,3
모듬전,3
코스트코,3
코스트코추천상품,3
머드쉐이크,3
맥주아니고칵테일,3
트렌드,3
트러플,3
마부육전,3
맛있어,3
타이쿠시트러스,3
말리부,3
크리스마스선물,3
쿠주,3
costco,3
리큐르주,3
맨하탄,3
콜키지병당만원,3
콜라보,3
코코넛스트롱라거,3
코카토닉,3
coldshot,3
레시피,3
칵테일4천원부터팝니당,3
백화수복,3
무스카트,3
파티술,3
미스티아,3
라보라또리오,3
초코,3
초보드링커,3
라마조티,3
흔들리는사진속에서,3
highball,3
라마조띠,3
첫맛은상큼하고끝맛은달콤한칵테일,3
뜬금없이왠스펀지밥인지궁금하신분들은,3
차에서,3
businessparty,3
ilpiu,3
발렌타인데이,3
퍼펙트코리아,3
진도홍주,3
라임,3
뭐만들어먹지,3
cannonball,3
레몬술,3
레몬플레이버를이것저것먹어봤는데이거만한게없네요,3
레몬케이크,3
카페미안,3
카페루이,3
카이피리냐,3
레몬주,3
fireballwhiskey,3
레몬과토닉워터넣어서화요토닉으로한잔,3
canujoinus,3
레몬,3
럽스타그램💕,3
럽스타그램❤️,3
츄러스,3
럽스타그램,3
럽스타,3
gelato,3
대흥동,3
bjw2556,3
프라브다보드카,3
비즈니스파티,3
해냈다,3
알콜젤라또,3
オシャレ,3
コーヒー,3
화요,3
해놓고,3
김렛,3
안하고,3
トニック,3
ハイボール,3
asiatraditional,3
93.jason,3
기다리다가,3
홍주,3
홈텐더,3
ビールカクテル,3
ピーチツリー,3
홈바인테리어,3
マスカット,3
사케,3
사촌지간,3
お酒,3
사진맛집,3
얼바니트러플,3
인디카ipa,3
남자의취미,3
후란보,3
사실저도궁금하거든요,3
날짜안맞으면대회는안나가겠단소리죠ㅠ,3
야회,3
winegallerysillim,3
끝,3
사촌모임,3
앱솔엑스트랙,3
yearend,3
yongjungcollection_s,3
앱솔루트,3
zn.gold,3
꿀밤,3
화요25,3
사진찍는게올드하다고혼남ㅠㅠ,3
ミスティア,3
아우터스페이스보드카,3
샴폐인,3
강남술집,3
시저샐러드,3
선릉맛집,3
선릉술집,3
가족,3
감성,3
갔더니,3
스윗칵테일,3
관평동,3
강남펍,3
궁동,3
술파티,3
술자리,3
술자,3
술스타그램🍻,3
alchohol,3
송년회,3
소셜클럽,3
고급인테리어,3
飲み会,3
시트러스,3
아늑한,3
해운대케이크맛집,3
근데인스타갬성이뭔가요대체,3
해운대감성커피,3
해운대디저트카페,3
해운대아지트,3
샷,3
샷으로드시는분은아직까진못봤음,3
해운대카페,3
해운대카페추천,3
그렇다고계속마시면넌이미취해있을것이야,3
식사,3
해운대타르트,3
신세계,3
신상,3
그래도은총씨땡큐ㅋㅋㅋ,3
신림역세계주류,3
신림역4번출구,3
신림,3
핵인싸,3
핑크술,3
얼바니,3
없어서,3
분위기좋은술집,3
rjheung,3
원샷,3
원더페일에일,3
달달,3
sake,3
우정여행,3
달다구리,3
달다,3
😝😝😝,3
refinedricewine,3
seongheegegool,3
불금,3
serim__12,3
shooter,3
와인갤러리,3
와이키키롤케이크,3
불금엔다트지,3
에게물어보시면됩니당,3
달달하고상큼한데이상하게취하네,3
달달한술인데술맛이안나요,3
오빠짱,3
이런곳이였구나,3
monaco_u,3
인디카,3
29펍,3
nangyu77,3
2차,3
이탈리아,3
이야기고래,3
셀카,3
pan_da_bung,3
위스키매니아,3
은행동,3
육전,3
peachtree,3
peachtreeliqueur,3
pearl_harbour,3
유성,3
분위기깡패,3
ramazzotti,3
singsong_table on In,3
불금이다,3
smxmj,3
연말선물용,3
연말메뉴,3
다시감,3
연락받고,3
여행,3
내사랑타이쿠☺️,3
여자들이좋아하는술,3
엑스술,3
tonic,3
엑스레이티드트로픽스,3
피치트리,3
truffle,3
truffleliquor,3
피치트리하이볼,3
urbani,3
urbanitartufi,3
urbanitartufi_korea,3
urbanitruffle,3
연말모임,3
연말,3
누가좀알려줘봐바,3
브런치,3
오리지널핫윙,3
피나콜라다,3
피냐콜라다,3
불사르자,3
뉴질랜드맥주,3
예약,3
예거밤,3
트로픽스,3
내스탈❤️,3
연인,3
연말파티,3
연습합시다,3
연어,3
피닉스컵,3
휴무,3
blackcurrant,2
25살할래,2
12월5일,2
3퍼센트,2
alcoholink,2
3パーセント,2
프란젤리코,2
barma,2
1234godnmj,2
ay라운지,2
하피쿠르사워,2
frangelico,2
cherish____0_ on Ins,2
생일스타그램,2
생일파티,2
생파,2
생파는지난주에,2
샴페인🥂,2
세상해맑음🌞,2
세인트제임스,2
겨울아이,2
시간이야속해😭,2
酔う,2
箱買い,2
探したよ,2
会えたね,2
今度は,2
乳酸飲料,2
ハピクルサワー,2
알코올도수,2
サントリー,2
생일케이크🎂,2
산토리,2
アルコール飲料,2
사진속,2
칵테일만들기,2
믿고싶지않아,2
라거맥주,2
벌써29살이라니,2
병맥주🍺,2
보드카싼집,2
보스톤라거,2
부천다트펍,2
부천대,2
부천데이트장소,2
부천데이트코스,2
부천보드게임,2
부천역술집,2
달콤함과쌉싸름함이공존하는무게감있는맥주,2
달콤한카라멜향과맥아향이매력적인맥주,2
내년엔,2
사무엘아담스,2
알코올음료,2
부천역,2
アルコール度,2
진짜생일은오늘,2
saintjames,2
recipe,2
orgeat,2
orange,2
jung_woosung,2
jichan0816,2
집술,2
오렌지,2
horoyoi,2
hbd❤️,2
hapikle,2
친스타그램👭,2
카시스오렌지,2
ほろよいでも,2
saturdaynight,2
llilaclove_ on Insta,2
어쩌구저쩌구,2
suntory,2
veltair on Instagram,2
ほろよい,2
248,1
254,1
278,1
253,1
252,1
251,1
250,1
279,1
249,1
267,1
255,1
246,1
245,1
244,1
243,1
242,1
241,1
240,1
239,1
238,1
237,1
247,1
256,1
277,1
257,1
266,1
268,1
269,1
270,1
271,1
272,1
265,1
264,1
263,1
262,1
261,1
260,1
259,1
235,1
273,1
274,1
258,1
275,1
276,1
236,1
224,1
234,1
212,1
195,1
196,1
214,1
197,1
198,1
199,1
200,1
213,1
201,1
202,1
233,1
203,1
204,1
211,1
210,1
209,1
205,1
208,1
207,1
206,1
215,1
281,1
194,1
216,1
232,1
231,1
230,1
229,1
228,1
227,1
226,1
225,1
223,1
222,1
221,1
220,1
219,1
218,1
217,1
190,1
191,1
192,1
193,1
280,1
313,1
282,1
341,1
350,1
349,1
348,1
347,1
346,1
345,1
344,1
343,1
342,1
340,1
352,1
339,1
338,1
337,1
336,1
335,1
334,1
333,1
332,1
331,1
351,1
353,1
283,1
365,1
374,1
373,1
372,1
371,1
370,1
369,1
368,1
367,1
366,1
364,1
354,1
363,1
362,1
361,1
360,1
359,1
358,1
357,1
356,1
355,1
330,1
329,1
328,1
294,1
303,1
302,1
301,1
300,1
299,1
298,1
297,1
296,1
295,1
293,1
327,1
292,1
291,1
290,1
289,1
288,1
287,1
286,1
285,1
284,1
304,1
305,1
306,1
307,1
326,1
325,1
324,1
323,1
322,1
321,1
320,1
319,1
318,1
317,1
316,1
315,1
314,1
188,1
312,1
311,1
310,1
309,1
308,1
189,1
156,1
187,1
58,1
66,1
65,1
64,1
1,1
63,1
62,1
61,1
60,1
59,1
57,1
68,1
56,1
55,1
54,1
53,1
52,1
51,1
50,1
49,1
48,1
67,1
69,1
186,1
81,1
90,1
89,1
88,1
87,1
86,1
85,1
84,1
83,1
82,1
80,1
70,1
79,1
78,1
77,1
76,1
75,1
74,1
73,1
72,1
71,1
47,1
46,1
45,1
16,1
9,1
27,1
10,1
11,1
12,1
13,1
14,1
15,1
26,1
17,1
44,1
18,1
19,1
20,1
21,1
22,1
23,1
24,1
376,1
25,1
8,1
7,1
6,1
5,1
43,1
42,1
41,1
40,1
39,1
38,1
37,1
36,1
35,1
34,1
33,1
32,1
31,1
30,1
29,1
28,1
2,1
3,1
4,1
91,1
92,1
93,1
152,1
162,1
161,1
160,1
159,1
158,1
157,1
155,1
154,1
153,1
151,1
140,1
150,1
149,1
148,1
147,1
146,1
145,1
144,1
143,1
142,1
163,1
164,1
165,1
166,1
185,1
184,1
183,1
182,1
181,1
180,1
179,1
178,1
177,1
176,1
175,1
174,1
173,1
172,1
171,1
170,1
169,1
168,1
167,1
141,1
139,1
94,1
105,1
114,1
113,1
112,1
111,1
110,1
109,1
108,1
107,1
106,1
104,1
138,1
103,1
102,1
101,1
100,1
99,1
98,1
97,1
96,1
95,1
115,1
116,1
117,1
118,1
137,1
136,1
135,1
134,1
133,1
132,1
131,1
130,1
129,1
128,1
127,1
126,1
125,1
124,1
123,1
122,1
121,1
120,1
119,1
375,1
689,1
377,1
624,1
633,1
632,1
631,1
630,1
629,1
628,1
627,1
626,1
625,1
623,1
635,1
622,1
621,1
620,1
619,1
618,1
617,1
616,1
615,1
614,1
634,1
636,1
378,1
648,1
657,1
656,1
655,1
654,1
653,1
652,1
651,1
650,1
649,1
647,1
637,1
646,1
645,1
644,1
643,1
642,1
641,1
640,1
639,1
638,1
613,1
612,1
611,1
577,1
586,1
585,1
584,1
583,1
582,1
581,1
580,1
579,1
578,1
576,1
610,1
575,1
574,1
573,1
572,1
571,1
570,1
569,1
568,1
567,1
587,1
588,1
589,1
590,1
609,1
608,1
607,1
606,1
605,1
604,1
603,1
602,1
601,1
600,1
599,1
598,1
597,1
596,1
595,1
594,1
593,1
592,1
591,1
658,1
659,1
660,1
720,1
gentian,1
cdrive,1
피맥,1
appleton,1
725,1
724,1
723,1
722,1
721,1
719,1
708,1
718,1
717,1
716,1
715,1
714,1
713,1
712,1
711,1
710,1
gentiane,1
차이티,1
잔에따라마셔야풍미를제대로느낄수있슴돠,1
madeinfrancel,1
맞아나조리사였어,1
부드러우면서도탄산이강한에일맥주,1
블랙베티,1
난역시요리하는게좋아,1
숙희,1
시카고치즈피자,1
쓴맛이얕아부드럽게마실수있는맥주,1
씨드라이브,1
아,1
안주새로준비하면서느낀건,1
애플톤,1
에딩거,1
에딩거헤페,1
에일맥주,1
supercassis,1
오리엔탈드레싱샐러드,1
mixtv_kimmix,1
인퓨징,1
maurinquina,1
709,1
707,1
661,1
672,1
681,1
680,1
679,1
678,1
677,1
676,1
675,1
674,1
673,1
671,1
706,1
670,1
669,1
668,1
667,1
666,1
665,1
664,1
663,1
662,1
682,1
683,1
684,1
685,1
705,1
704,1
703,1
702,1
701,1
700,1
699,1
698,1
697,1
696,1
695,1
694,1
693,1
692,1
691,1
690,1
688,1
687,1
686,1
566,1
565,1
564,1
436,1
445,1
444,1
443,1
442,1
441,1
440,1
439,1
438,1
437,1
435,1
424,1
434,1
433,1
432,1
431,1
430,1
429,1
428,1
427,1
426,1
446,1
447,1
448,1
449,1
468,1
467,1
466,1
465,1
464,1
463,1
462,1
461,1
460,1
459,1
458,1
457,1
456,1
455,1
454,1
453,1
452,1
451,1
450,1
425,1
423,1
470,1
389,1
398,1
397,1
396,1
395,1
394,1
393,1
392,1
391,1
390,1
388,1
422,1
387,1
386,1
385,1
384,1
383,1
382,1
381,1
380,1
379,1
399,1
400,1
401,1
402,1
421,1
420,1
419,1
418,1
417,1
416,1
415,1
414,1
413,1
412,1
411,1
410,1
409,1
408,1
407,1
406,1
405,1
404,1
403,1
469,1
471,1
563,1
530,1
539,1
538,1
537,1
536,1
535,1
534,1
533,1
532,1
531,1
529,1
518,1
528,1
527,1
526,1
525,1
524,1
523,1
522,1
521,1
520,1
540,1
541,1
542,1
543,1
562,1
561,1
560,1
559,1
558,1
557,1
556,1
555,1
554,1
553,1
552,1
551,1
550,1
549,1
548,1
547,1
546,1
545,1
544,1
519,1
517,1
472,1
483,1
492,1
491,1
490,1
489,1
488,1
487,1
486,1
485,1
484,1
482,1
516,1
481,1
480,1
479,1
478,1
477,1
476,1
475,1
474,1
473,1
493,1
494,1
495,1
496,1
515,1
514,1
513,1
512,1
511,1
510,1
509,1
508,1
507,1
506,1
505,1
504,1
503,1
502,1
501,1
500,1
499,1
498,1
497,1
0,1
