,RowSum
스파클링와인,122
와인,42
일상,25
wine,24
화이트와인,21
와인스타그램,20
레드와인,19
sparklingwine,17
소통,16
famouschateaux,15
샴페인,13
데일리,11
좋아요,11
로제와인,9
맞팔,9
winelover,9
스파클링,9
cantina_di_gfvino,8
rarestwines,8
우리집,8
좋반,8
winetasting,8
와인바,7
mood,7
술,7
팔로우,7
winestagram,7
naturalwine,7
frenchwine,7
프랑스와인,7
집밥,7
카페투어,7
댓글,7
champagne,7
광교카페거리,7
vintagewine,7
daily,6
シャンパン,6
와인추천,6
대구,6
프랑스,6
맛집,6
f4f,6
スパークリングワイン,6
redwine,6
lesvinsdemaeil,6
스테이크,6
france,6
야식,6
모스카토다스티,5
먹방,5
cafe,5
jonghyuw,5
카페,5
안심,4
연말와인,4
겨울감성,4
고기,4
아스티,4
아내의소원,4
아내생일,4
에이미와인리스트,4
감성그램,4
와인사랑,4
옛날노래,4
와인카페,4
ruedelasoif,4
shiraz,4
soonmaymin,4
spainwine,4
vindefrance,4
용인,4
반신욕,4
요리스타그램,4
와인🍷,4
와인테이스팅,4
와인장터,4
yoolri9992,4
winecafe,4
와인에빠졌다,4
winemerchant,4
와인쇼룸,4
신혼스타그램,4
wineoffrance,4
wineshop,4
와이너리,4
wineshowroom,4
yoolri90,4
십년뒤에도예약ㅎㅎ,4
요알못,4
신혼부부,4
광교와인바,4
딸기,4
생일상차림,4
생일상,4
떼루아,4
똥손,4
러쉬,4
러쉬입욕제,4
사진그램,4
로겐브로트,4
로제펫낫,4
리슬링,4
마르케시디바롤로,4
비상금,4
마스크필수,4
마이야르,4
불족,4
불꺼놓고,4
분위기,4
맛스타그램,4
부자되기,4
뵈브클리코,4
먹스타그램,4
보히가스,4
몸소독중,4
무드등과,4
무서워,4
미역국,4
디저트,4
서른살기념,4
서른살님들,4
수요일,4
광란의파티,4
식물원인지,4
까비네쇼비뇽,4
시청,4
시즈닝,4
시어링,4
스파,4
남편밥상,4
이마트트레이더스,4
스월,4
쉬라즈,4
네추럴와인,4
쇼비뇽블랑,4
휘들라스와프,4
댓글환영,4
소통해요,4
소통스타그램,4
소통그램,4
댓반,4
소불고기,4
소고기,4
데일리그램,4
도산공원,4
선팔맞팔,4
선팔,4
돈벌기,4
이마트,4
반신욕즐기기,4
포곡읍,4
집밥스타그램,4
코로나19,4
cafetour,4
향초,4
코로나바이러스,4
brendantracey,4
follow,4
집에서,4
집밖은위험해,4
dessertist_,4
코스트코공세점,4
줌마그램,4
bordeauxwine,4
loveryeon80,4
ltalywine,4
lucete_vely,4
marechesidibarolo,4
평일,4
dessert,4
조심하세요,4
카페감성,4
hyunjeongkkim,4
취저,4
hongkongwine,4
플랜테리어,4
italywine,4
jay_park___,4
하트케이크,4
칸티나디지에프비노,4
cellar,4
이태리와인,4
케잌,4
chefclubkr,4
francewine,4
첫줄안녕,4
첫생일,4
처인구,4
족발,4
luxurywine,4
bmk.1226,4
인친해요,4
rarewines,4
일상스타그램,4
일상소통,4
dosanpark,4
일상기록,4
amy.archive,4
화장실인지,4
Null,4
q.__.p____day,4
인스타푸드,4
인스타일상,4
12시간노래방,4
인스타데일리,4
인스타그램,4
펫낫,4
인스타,4
rarewine,4
포템터짐,4
pomerol,4
투데이,4
filippos_papadakis,4
fff,4
f4follow,4
oldwine,4
톡소다,4
전대리,4
photo,4
저리가,4
asti,4
파티룸,4
petnat,4
petrus,4
디저트와인,3
딸기카나페,3
cu와인,3
domperignon,3
dailywine,3
domperignon1990,3
dnfltkfkd17,3
딸바보,3
dasom775 on Instagra,3
domperignon1985,3
딸기향,3
때문에,3
dailygram,3
rotkappchen,3
럽스타그램,3
모놀와인앤컬처,3
먹기,3
banfirosaregale,3
먹스타,3
banfi,3
먹스타그램🍕,3
모놀와인,3
bandaltokki,3
맛집추천,3
모스까또,3
모엣샹동,3
모여서놀자,3
무스카토다스티,3
미국와인,3
밖에못나가서,3
망원동,3
brachetto,3
cu,3
리델,3
레몬에이드,3
레뱅드매일,3
로제스파클링,3
coeyunhyi2743,3
clickshes,3
로트캡션로제,3
리델샴페인잔,3
cafe_soulmate,3
chess154,3
cheeze,3
마무리,3
castellobanfi,3
많은,3
cake,3
맘편하게,3
from.withju,3
돈꽃다발,3
monol,3
감성,3
lawfish,3
감베로니크레마파스타,3
가성비와인,3
ワイン会,3
ワイン,3
フランスワイン,3
leechijae,3
винныйпогреб,3
yoonae1573,3
lovelycat81,3
wineos,3
moetchandon,3
wineoclock,3
monol_wine_culture,3
강릉,3
onesmallglass,3
wineclub,3
organicwine,3
paris_croissant_hann,3
wineanddesign,3
rosewine,3
weleadcasualclass,3
vintagechampagn,3
vinnature,3
tonis39,3
sweetwine,3
spaklingwine,3
soulmate_eb,3
se.young_22,3
kim_jongkwon_,3
건강하세요,3
domperignon1996,3
남매맘,3
돈,3
데일리와인,3
emmaadjmay on Instag,3
fishman,3
fishman_sashimibar,3
대학동기,3
foodstagram,3
달달,3
노묘,3
frenchchampagne,3
냥아치,3
내친구,3
hama_cutie on Instag,3
hbd,3
hyosun_so,3
jin_bbii,3
남매그램,3
instagram,3
instawine,3
iphone,3
jazz,3
jazzclub,3
광교와인,3
과일치즈플레이트,3
jejuisland,3
과일치즈,3
공예그램,3
jejutrip,3
jhee_soul,3
공간,3
🥂,3
돔페리뇽,3
실패없는와인,3
피쉬맨,3
오늘,3
오늘의와인,3
탕수육,3
올드빈티지,3
올빈,3
와이프오더,3
코리안숏헤어,3
와인모르는여자,3
와인스터디,3
코로나,3
와인에는도넛,3
코넌드럼로제스파클링,3
와인추천잘하는곳,3
요즘,3
코넌드럼로제,3
울산,3
울산갈곳,3
울산데이트,3
코너룸,3
터키쉬앙고라단모,3
예뻐,3
영통와인,3
아들바보,3
프리덤,3
프로슈토루꼴라피자,3
프랑스샴페인,3
신라호텔,3
신라호텔더파크뷰,3
신랑늦게와서,3
심술,3
씨마크,3
아이폰11프로,3
여행,3
안주,3
알리올리오,3
판교와인,3
알콜🍾,3
애들이고생,3
파리크라상,3
언니선물,3
엄마랑,3
캣초딩,3
울산맘,3
울산맛집,3
체스154,3
재즈클럽,3
초회,3
초딩,3
제주도,3
제주맛집,3
제주시청,3
제주시청맛집,3
제주여행,3
졸맛탱,3
재즈라이브,3
좋아요반사,3
주정강화와인,3
죽전와인,3
줄삼치,3
집사그램,3
집에오니좋다,3
짭쪼름하니,3
착한가격와인,3
재즈바,3
재즈공연,3
울산베이커리,3
치즈플레이트,3
울산소울메이트,3
캘리포니아와인,3
울산카페,3
원스몰글라스,3
친절한사장님,3
유딩,3
육아육묘,3
치즈플레이팅,3
이,3
재즈,3
치과위생사,3
취미,3
자가격리,3
자기취향대로,3
자유부인,3
자칭,3
잘마시고있다,3
장미향,3
시청맛집,3
참숯화덕피자,3
시원한,3
사진,3
혼술,3
빈티지샴페인,3
빈티지와인,3
사랑해요,3
호텔,3
사시미,3
사시미바,3
사시미바피쉬맨,3
사케,3
생활,3
삼계탕,3
해주는,3
상현와인,3
해산물,3
핫플레이스,3
생선구이,3
생신,3
생신선물,3
비싸네😅,3
비스트로달고나,3
비밀,3
브런치맛집,3
효녀코스프레,3
회,3
화이트데이선물,3
반피로사리갈,3
발레벨보,3
발레벨보모스까또스푸만떼,3
배터짐,3
뱅쇼,3
버니니,3
복지마트달고나,3
부부,3
부산,3
부산재즈,3
부산재즈바,3
분당와인,3
브라케토다퀴,3
브런치,3
생일,3
협동조합달고나,3
한남동,3
한남동디저트,3
수원와인,3
수다타임,3
숭어,3
한나킴와인,3
쉐리,3
스트레스,3
송파맛집,3
송리단길피자맛집,3
송리단길파스타맛집,3
소주잔,3
피제리아라고,3
스페인,3
소울메이트,3
수지와인,3
선물은,3
샴페인스타그램,3
세계와인,3
성안동카페,3
할거너무없음,3
한남동맛집,3
샹파뉴,3
한남동카페,3
30000maravedies,2
11번출구을지로술집,2
홍대피플,2
홍대속눈썹연장,2
홍대카페,2
청포도에이드,2
추천,2
홍대맛집,2
bar,2
청포도주스,2
하이볼,2
포트와인,2
폴드코스트로제,2
2호점,2
피곤,2
deltawinery,2
aropayouth,2
binzip,2
2차는,2
청포도타르트,2
7,2
합정속눈썹,2
홍대눈썹문신,2
추천메뉴,2
청년아로파,2
키ki,2
flowermin44,2
food,2
합정맛집,2
토마토스파게티,2
피노누아,2
토죠로쎄세코,2
euljiro3ga,2
euljiro,2
호텔멤버쉽,2
파티,2
gggggoodwine on Inst,2
홍대,2
hamisim7,2
bodegamarañones,2
펜션,2
hyeoni.x,2
치즈과일플래터,2
반야트리,2
축하회식,2
포도봉봉,2
binzip_emptyhouse,2
포도봉봉주,2
반반보쌈,2
탄산,2
ki_seoul,2
덕천,2
똥밟았다,2
또갈래용,2
샤로수길맛집,2
서울,2
돌곰네,2
서울야경,2
성수동,2
세븐스프링스,2
대선,2
굴전,2
스테이크맛집,2
남산야경,2
꽃등심,2
꼬막무침,2
깜보오보코이,2
김채원w뷰티,2
그라넘라운지,2
그라넘,2
사우나,2
로버트파커,2
빌라욜란다모스카토다스티,2
빈집,2
kimchaewonw_,2
반야트리클럽앤스파,2
반얀트리멤버쉽,2
문어랑,2
문바,2
반얀트리문바,2
반얀트리호텔,2
봄맞이,2
봄소풍,2
봄자켓,2
봄침구,2
봉골레파스타,2
부다발리,2
맛있어,2
맘카페,2
비노아미쿠스,2
비어있는집,2
굴짬뽕,2
바베큐,2
굴,2
을지로3가역,2
vinoamicus,2
sunnyfile,2
sparkling,2
웨딩답례품,2
을지로3가,2
seog_96,2
seo.dana,2
selfie,2
이탈리아,2
whitewine,2
입맛존중,2
rose,2
portwine,2
pauldecoste,2
접대,2
조개탕,2
과일플래터,2
주지육림,2
vinoamicus_wine,2
onedaytwobottle,2
압구정속눈썹,2
you_kaaaaaaa,2
강원도여행,2
와인오브파이어,2
양양,2
십분의일_바로옆,2
골목길,2
가지관자볶음,2
가르나차,2
온수풀,2
온천계란명란파스타,2
winesforchange,2
와인러버,2
와인맛집,2
wineoffire,2
와인안주,2
65,1
64,1
57,1
63,1
62,1
61,1
60,1
59,1
58,1
87,1
56,1
55,1
54,1
53,1
52,1
67,1
51,1
50,1
49,1
48,1
66,1
74,1
68,1
69,1
88,1
86,1
89,1
85,1
84,1
46,1
83,1
82,1
81,1
80,1
79,1
78,1
77,1
76,1
75,1
73,1
72,1
71,1
70,1
47,1
27,1
45,1
10,1
19,1
18,1
17,1
16,1
15,1
14,1
13,1
12,1
11,1
9,1
44,1
8,1
7,1
91,1
6,1
5,1
1,1
4,1
2,1
3,1
20,1
21,1
22,1
23,1
43,1
42,1
41,1
40,1
39,1
38,1
37,1
36,1
35,1
34,1
33,1
32,1
31,1
30,1
29,1
28,1
26,1
25,1
24,1
90,1
132,1
92,1
151,1
160,1
159,1
158,1
157,1
156,1
155,1
154,1
153,1
152,1
150,1
93,1
149,1
148,1
147,1
146,1
145,1
144,1
143,1
142,1
141,1
161,1
162,1
163,1
164,1
hyunv__v,1
양키스씨푸드볼,1
양키수산,1
랍스터,1
문래맛집,1
문래창작촌,1
177,1
176,1
175,1
174,1
173,1
172,1
171,1
170,1
169,1
168,1
167,1
166,1
165,1
140,1
139,1
138,1
114,1
112,1
111,1
110,1
109,1
108,1
107,1
106,1
105,1
104,1
103,1
102,1
101,1
100,1
99,1
98,1
97,1
96,1
95,1
94,1
113,1
115,1
137,1
116,1
136,1
135,1
134,1
133,1
131,1
130,1
129,1
128,1
127,1
126,1
125,1
124,1
123,1
122,1
121,1
120,1
119,1
118,1
117,1
0,1
