,RowSum
아페리티프,442
양림동,292
양림동맛집,288
양인제과,272
양림동카페,265
Null,261
양림동빵집,240
광주빵집,240
yangin_bakeshop,196
광주케이크,177
양림동케이크,162
광주도넛,160
펭귄마을,157
도넛박스,118
케이크,103
디저트,93
배달의민족,88
빵배달,77
배민,77
광주파티쉐,61
광주팡도르,60
광주케이크맛집,59
디저트맛집,57
이벤트,44
파티쉐,44
발렌타인데이,42
sassykorea,34
저칼로리,34
쎄시시드르,34
시드르,34
프랑스,34
사과샴페인,34
순수과즙,34
천연사과주,34
노르망디,34
수제도넛,32
cidre,31
cider,31
sassycidre,31
식전주,31
애플사이다,31
스파클링와인,31
쎄시,31
사이더,31
사과와인,31
내추럴와인,31
애플사이더,31
사과주,31
프랑스시드르,31
광주밀크잼,29
광주수제잼,29
광주크로와상,28
와인추천,28
애플와인,27
aperitif,27
광주맛집,27
충장로카페,21
동명동,21
카페바리에,20
광주도넛박스,19
좋은빵,18
광주디저트,18
첨단카페,18
봉선동카페,18
상무지구맛집,17
디저트엔쎄시시드르,17
발렌타인데이케이크,16
봉선동빵집,15
초콜릿,15
호랑가시나무,15
봉선동맛집,14
딸기,14
바리에프엔비,14
설명절,14
좋은사람,14
충장로,14
좋은동네,14
딸기케이크,14
육각커피,14
브런치엔쎄시시드르,14
양인제과2호점,14
바리에,14
광주발렌타인데이,13
수제잼,13
산딸기잼,12
광주초콜릿,12
동명동빵집,12
동명동맛집,12
앙버터프레첼,11
쎄시시드르쁘와레,11
휴무,11
소식,11
동명동카페,11
미니케이크출시기념,11
베이커리,11
가정의달,11
미니케이크,11
sassycidrepoire,11
케이크토퍼,11
크로슈,11
광주수제도넛,11
갈레트데루아,10
갈레트,10
밀크카라멜잼,10
설연휴,10
주현절,10
글루텐프리,10
베리에이케이크,9
앙버터,9
샴페인,8
シャンパン,8
봉선동,8
초코케이크,8
퀸아망,8
cheongdamgabriel on ,8
michelin1star,8
상무지구빵집,8
큐벨쿠키,8
아시아문화전당,8
라즈베리잼,8
수완지구카페,8
미슐랭1스타,8
champagne,8
themrt on Instagram:,7
푸드스타그램,7
sassycidrerose,7
술스타그램,7
aperitivo,7
페스츄리,7
쎄시시드르로제,7
romrom_favourite,7
jiiii.0105,7
해피발렌타인,6
버터프레첼,6
충장로레스토랑,6
충장로파스타맛집,6
daily,6
여행에미치다,6
밀크잼,6
광주피자맛집,6
일상,5
먹스타그램,5
광주딸기팡도르,5
광주,5
앙버터도넛,5
맘모스,4
마티니,4
롯데호텔,4
광주인셀덤,4
건강한먹거리,4
parislife,4
parisienne,4
oscars2020,4
런던여행,4
vinchaud,4
맛집,4
onthetable,4
mood,4
모닝빵,4
모닥치기,4
lottehotel,4
레드와인,4
드라이마티니,4
thailandtrave,4
yuyuan,4
sanginitalia,4
theculpeper,4
赤ワイン,4
ワイン,4
까눌레,4
ミシュラン1つ星,4
フォーシーズンズ,4
너무좋아,4
네이버검색,4
スイーツ,4
redwine,4
데낄라,4
pinotnoir,4
お酒,4
pierregagnaire,4
런던맛집,4
돌잔치케이크,4
광화문맛집,4
광주핫플,4
perry,4
겹겹의의도,4
wonizz,4
pearcider,4
toscana,4
겹겹의의도🥐,4
vinrouge,4
디저트그램,4
sweets,4
vinchaud❤️,4
thailand,4
popo_park,4
martini,4
미니햄버거,4
집밥,4
제주한달살기,4
전식,4
저녁식사,4
인셀덤이여준,4
인셀덤v그룹,4
이탈리안레스토랑,4
이탈리아여행,4
이탈리아,4
유유안,4
요리스타그램,4
와인스타그램,4
와인,4
올리브,4
온더테이블,4
chohyeon32,4
오는정김밥,4
열빙어,4
여행스타그램,4
여행,4
좋은재료,4
짱구분식,4
day3,4
초코까눌레,4
홈쿡,4
헨드릭스,4
피에르가니에르,4
피렌체,4
피노누아,4
프랑스겨울나기,4
포시즌스호텔서울,4
포시즌스호텔,4
apéritif,4
bangkok,4
bangkoklife,4
bangkoktravel,4
티나케이크,4
통밤식빵,4
태국여행,4
태국,4
크로와상맛집,4
boumboum_paris,4
칵테일,4
cooking,4
여행그램,4
빵사랑🍞,4
뱅쇼집에서만들기,4
honey_vivi_,4
incellderm_zzunni,4
빨미까레,4
붐붐파리,4
italian,4
italianfood,4
보초서는중_,4
italianrestaurant,4
뱅쇼,4
hiver,4
방콕여행,4
방콕,4
방쇼집에서만들기,4
방쇼,4
발렌타인데이선물,4
발렌타인데이데이트,4
jin,4
jjuni_mommys2,4
homecook,4
travel,4
hendrix,4
doongdooong_,4
술,4
travelgram,4
firenze,4
fourseasonshotel,4
신메뉴,4
grilledfish,4
dessert,4
dequila,4
쑥떡크림프라푸치노,4
아몬드크로와상,4
시사모구이,4
eixample,3
morrofi,3
dubai,3
lahoradelvermut,3
a_nununu,3
architecture,3
bar,3
jh1548,3
chilling,3
glamping,3
barcelona,3
interiordesign,3
camping,3
hatta,3
passionpassport,3
culturetrip,3
cedricgrolet,3
cedricgroletopera,3
hattasedrtrailers,3
dayoff,3
힐링여행,3
vermut,3
양인,3
베르무트,3
베이커리엔쎄시시드르,3
봉선동케이크,3
봉선동피자,3
블루베리,3
산딸기크로와상,3
세드릭그롤레,3
스콘,3
신발,3
신상,3
쌍촌동,3
아침풍경,3
양림제과,3
양인제과케이크,3
바,3
왕코등갈비,3
유럽어디까지가봤니,3
인테리어,3
주말,3
캠핑,3
케이크맛집,3
투다리,3
파리맛집,3
파스타,3
표주박,3
하타,3
홍어삼합,3
vermuteria,3
바르셀로나,3
어딘가,3
먹부림,3
김치우동,3
맛집들ㅋ난리네,3
글램핑,3
데이오프,3
그라제1985,3
광주크로와상맛집,3
금호지구,3
두바이,3
디자인,3
맛나넹,3
건축,3
모로피,3
visitbarcelona,3
데일리,2
단체주문,2
모임,2
최애빵집,2
진짜우유식빵,2
맛스타그램,2
cake,2
광주케잌,2
파티,2
파티음식,2
신년파티,2
팡도르,2
먹짱,2
foodie,2
fff,2
like,2
foodstagram,2
먹스타,2
빵집,2
193,1
199,1
198,1
197,1
196,1
195,1
194,1
167,1
192,1
191,1
189,1
188,1
187,1
186,1
185,1
190,1
201,1
200,1
210,1
217,1
216,1
215,1
214,1
213,1
212,1
211,1
209,1
183,1
208,1
207,1
206,1
205,1
204,1
203,1
202,1
184,1
179,1
182,1
170,1
160,1
161,1
162,1
163,1
164,1
165,1
219,1
151,1
166,1
152,1
169,1
168,1
154,1
153,1
159,1
150,1
181,1
173,1
180,1
178,1
177,1
176,1
175,1
174,1
172,1
155,1
148,1
171,1
156,1
149,1
157,1
158,1
218,1
251,1
220,1
257,1
273,1
272,1
271,1
270,1
269,1
268,1
267,1
266,1
265,1
264,1
263,1
262,1
261,1
260,1
259,1
274,1
275,1
276,1
285,1
291,1
290,1
289,1
288,1
287,1
286,1
284,1
277,1
283,1
282,1
281,1
280,1
279,1
278,1
258,1
256,1
221,1
255,1
236,1
235,1
234,1
233,1
232,1
231,1
230,1
229,1
228,1
227,1
226,1
225,1
224,1
223,1
222,1
237,1
238,1
239,1
248,1
254,1
253,1
252,1
146,1
250,1
249,1
247,1
240,1
246,1
245,1
244,1
243,1
242,1
241,1
147,1
114,1
145,1
36,1
52,1
51,1
50,1
49,1
48,1
47,1
46,1
45,1
44,1
43,1
42,1
41,1
40,1
39,1
38,1
53,1
54,1
55,1
64,1
70,1
69,1
68,1
67,1
66,1
65,1
63,1
56,1
62,1
61,1
60,1
59,1
58,1
57,1
37,1
35,1
144,1
34,1
10,1
11,1
12,1
13,1
14,1
23,1
293,1
22,1
15,1
16,1
17,1
18,1
19,1
20,1
21,1
9,1
8,1
7,1
27,1
33,1
32,1
31,1
30,1
29,1
28,1
26,1
6,1
25,1
2,1
3,1
4,1
5,1
24,1
71,1
72,1
73,1
74,1
125,1
124,1
123,1
122,1
121,1
120,1
119,1
118,1
117,1
116,1
115,1
113,1
1,1
112,1
111,1
126,1
127,1
128,1
137,1
143,1
142,1
141,1
140,1
139,1
138,1
136,1
129,1
135,1
134,1
133,1
132,1
131,1
130,1
110,1
109,1
108,1
82,1
88,1
87,1
86,1
85,1
84,1
83,1
81,1
90,1
80,1
79,1
78,1
77,1
76,1
75,1
89,1
91,1
107,1
100,1
106,1
105,1
104,1
103,1
102,1
101,1
99,1
92,1
98,1
97,1
96,1
95,1
94,1
93,1
292,1
475,1
294,1
479,1
495,1
494,1
493,1
492,1
491,1
490,1
489,1
488,1
487,1
486,1
485,1
484,1
483,1
482,1
481,1
496,1
497,1
498,1
507,1
513,1
512,1
511,1
510,1
509,1
508,1
506,1
499,1
505,1
504,1
503,1
502,1
501,1
500,1
480,1
478,1
515,1
477,1
457,1
456,1
455,1
454,1
453,1
452,1
451,1
450,1
449,1
448,1
447,1
446,1
445,1
444,1
443,1
458,1
459,1
460,1
469,1
476,1
474,1
473,1
472,1
471,1
470,1
468,1
461,1
467,1
466,1
465,1
464,1
463,1
462,1
514,1
516,1
295,1
553,1
광주크리스마스케이크,1
고칼로리,1
wootgosalza,1
mybirthdaycake,1
jmt,1
eunoia__sum,1
563,1
562,1
561,1
560,1
559,1
558,1
557,1
556,1
555,1
굴,1
도넛크로와상,1
딸기생크림케이크,1
생일파티,1
홍합,1
해산물,1
오레오크림도넛,1
아페리티프케이크,1
아페리티프블랑제리,1
석화,1
생일케이크,1
맛있게먹으면0칼로리,1
생일,1
빵지순례,1
빵스타그램,1
빵순이,1
빵,1
베리a케이크,1
554,1
552,1
517,1
551,1
532,1
531,1
530,1
529,1
528,1
527,1
526,1
525,1
524,1
523,1
522,1
521,1
520,1
519,1
518,1
533,1
534,1
535,1
544,1
550,1
549,1
548,1
547,1
546,1
545,1
543,1
536,1
542,1
541,1
540,1
539,1
538,1
537,1
442,1
441,1
440,1
331,1
347,1
346,1
345,1
344,1
343,1
342,1
341,1
340,1
339,1
338,1
337,1
336,1
335,1
334,1
333,1
348,1
349,1
350,1
359,1
365,1
364,1
363,1
362,1
361,1
360,1
358,1
351,1
357,1
356,1
355,1
354,1
353,1
352,1
332,1
330,1
439,1
329,1
310,1
309,1
308,1
307,1
306,1
305,1
304,1
303,1
302,1
301,1
300,1
299,1
298,1
297,1
296,1
311,1
312,1
313,1
322,1
328,1
327,1
326,1
325,1
324,1
323,1
321,1
314,1
320,1
319,1
318,1
317,1
316,1
315,1
366,1
367,1
368,1
369,1
420,1
419,1
418,1
417,1
416,1
415,1
414,1
413,1
412,1
411,1
410,1
409,1
408,1
407,1
406,1
421,1
422,1
423,1
432,1
438,1
437,1
436,1
435,1
434,1
433,1
431,1
424,1
430,1
429,1
428,1
427,1
426,1
425,1
405,1
404,1
403,1
377,1
383,1
382,1
381,1
380,1
379,1
378,1
376,1
385,1
375,1
374,1
373,1
372,1
371,1
370,1
384,1
386,1
402,1
395,1
401,1
400,1
399,1
398,1
397,1
396,1
394,1
387,1
393,1
392,1
391,1
390,1
389,1
388,1
0,1
