,RowSum
진,836
bts,627
방탄소년단,601
jin,592
지민,499
jhope,484
rm,477
정국,467
슈가,455
jimin,444
jungkook,440
뷔,411
v,411
suga,407
제이홉,400
김석진,363
김태형,336
박지민,307
민윤기,298
김남준,286
정호석,281
전정국,277
kimseokjin,261
kimtaehyung,238
parkjimin,199
army,184
bangtanboys,181
디스패치,178
dispatch,178
jeonjungkook,166
btsjin,130
뉴욕클리어링,128
minyoongi,127
bts_v,127
seokjin,120
석진,119
kimnamjoon,117
yoongi,117
bangtansonyeondan,114
btsarmy,114
hoseok,113
taehyung,108
bangtan,105
커넥트bts,104
Null,101
mapofthesoul7,98
金碩珍,97
태형,87
btsedits,80
jungkookbts,80
방탄,78
알엠,77
btsmemes,73
btsjimin,73
namjoon,72
junghoseok,70
아미,70
호석,67
김삼진,66
syuga,66
남준,66
minyoogi,66
btsvideos,65
taetae,61
btsjungkook,61
kpop,60
armybts,58
teoriasbts,55
frasesbts,55
fakelove,55
grammysbts,55
jiminie,55
btsgrammy2020,55
bt21shooky,55
onbts,55
rapmonsterbts,55
llerendipity_bangtan,55
love_yourself,55
btsego,55
반탄소넨단,55
btsv,54
worldwidehandsome,53
jinbts,53
ジン,52
防弾少年団,52
현포,50
현장포토,50
ディスパッチ,50
koreadispatch,50
공항패션,50
공항,50
공패,50
btstae,50
디패,50
ジンニム,50
jinbts.id,50
seokjin_rj3,50
seokjinbts,50
seokjinnie,50
btsseokjin,49
윤기,49
방탄진,48
방탄소년단진,47
seokjin_arab1,44
좋아요반사,42
jinnie,41
map_of_the_soul_7,40
fff,38
ilove_bts_blackpink_,37
taejin,37
armyと繋がりたい,36
btsnamjoon,36
キムソクジン,35
arabic.seokjin,34
노츄,33
정국이,33
bias,32
btscomeback,31
tae.is.beauty,31
꾹,29
btshoseok,29
태경,29
btstaehyung,29
민슈가,29
btsyoongi,29
국이,29
뱅탄,29
mapofthesoul,28
kookmin,28
eatjin,26
worldwidehandsomejin,26
btstwt,25
jiminhot,25
melonmusicawards,25
태꾹,25
jiminoppa,25
btsvlive,25
지국,25
jinedit,25
jiminloveland,25
jiminvideos,25
석찌니,25
runbts,25
taebts,25
btsbias,25
국민,25
지민이,25
jikook,25
뷔국,25
꾹🐾,25
jimincute,25
jiminbts,25
bts_jinkookv,25
vjin,25
kpopbts,25
jennie,25
bts_taeofficial,25
bangtanboys._.7b,24
loveyourself,24
connect_bts,24
커덴트bts,24
nuraisyahh75,23
랩몬스터,23
jk,22
jimineyessmile,22
bts好きな人と繋がりたい,22
태태,21
jiminieshi_,21
epiphany,21
ソクジン,20
likeforlikes,20
emeli0310,19
on,19
金泰亨,19
lfl,19
防彈少年團,19
jeonjeongguk,19
田柾國,19
جين,18
dreamhopejinjin,18
بانقتان,18
followforfollowback,18
보라해,18
repost,17
데일리,16
7today,16
beyondthescene,16
鄭號錫,15
金南俊,15
btsxarmy,15
閔玧其,15
bt21,15
arakim127,15
bts_jt09011230,15
좋아요,15
f4f,14
호비,14
btsworld,14
magicshop,14
moon,13
lovejin,13
아미맞팔,13
suga_strikes_da_worl,13
epiphanyjin,13
seokjinhome,13
seokjinniebts,13
seokjinbabes,12
agustd,12
중국,12
tae4purple,12
worldwidecutieguy,12
ジンニム沼,12
영혼의지도7,12
btstagram,12
bangtanarmy,12
btstamilnaduarmy,12
에피파니,12
pinkie.seokjinie,12
korean,12
koobier,12
blackswan,12
방탄소년단_진,12
btsfunnymoments,12
방탄_진,12
btsimagines,12
ddaeng_argoz,12
bangtanbomb,12
jinvymin_,12
bangtanstressburster,12
onchallenge,12
김남준🐨,12
bantanboys,12
protectbts,12
protecttaehyung,12
韓国好きな人と繋がりたい,12
일상,12
rapper,12
__mh__95,11
月曆,11
bulletproofboyscouts,11
sweetmoment,11
ارمي,11
الوسيم_العالمي,11
كيم_سوكجين,11
ibighit.ente,11
いいねした人で気になった人フォロー,11
朴智旻,11
율,11
jinkook,11
rjbt21,11
arabjin200221,11
횰,11
f.t.finkl0516,11
jungkookmam,10
armyさんと繋がりたい,10
전정국💜,9
防弹少年团,9
yeonkimin,9
jimins_ace,9
taejinshipper,8
btsff_minan貴族婚姻,8
btsffforyouрекомендует🖤,8
kpopl4l,8
bighit,8
kookie,8
호피,8
일상스타그램,8
armys,8
btslovemyself,8
홀로그램스티커,8
btsship,8
태태fm,8
핑클,8
kawaii,8
btsjinhwaiting,8
좋아요그램,8
ourjoyjungkook,8
btsleader,8
myheartbeathjk_97,8
즌증구기,8
sin,8
mots7,8
moment_bts,8
bangtxn.jimin,8
bts_behind,8
mapofthesoulpersona,8
태진,8
sweet,8
좋아요테러,8
제이흡,8
정무행알,8
reposted,8
뷔진,8
방무행알,8
어제보다더내일보다덜사랑합니다,8
선팔좋아요,8
소통스타그램,8
아미밤,8
소통합시다,8
윤민,8
대학생,8
소통해요,8
아미밤스티커,8
국,8
멋스티그램,8
댓글,8
댓글좋아요,8
テテ,8
구르미마켓,8
맞팔해요,8
과거사진,8
아포방포,8
어덕행덕,8
gloriousjin,8
슈짐,8
cloudmarkett,8
followme,8
데일리그램,8
인친좋아요,8
데일리룩,8
방탄콘서트,8
couplegoals,8
인친,8
남준이,8
btstimessquare,8
cutecouple,8
비티에스,8
방탄홀로그램스티커,8
방소단,8
방탄스티커,8
방탄소년단정국,8
블랙스완,8
신,8
v_purplelove_bts,8
yoonjin,8
yoonmin,8
yoonminshipper,8
chaejje,8
방탄굿즈,8
아무행알,8
남존,7
btscollection,7
防弾少年団好きな人と繋がりたい,7
momo01v95_army_moa,7
눙,7
인터내셔널팝케이센세이션썬샤인레인보우트레디셔널트랜스퍼usb허브쉬림프bts컴백,7
ジンペン,7
btslove,7
btsarmyinstaclub,7
vbts,7
btssuga,7
vmin,7
bigfandom.korea,7
yoongi_path,7
방탄소년단뷔,7
방탄방탄방방탄,7
いいね返し,7
btsaesthetic,7
btsjhope,7
12moon04,7
ジョングク,7
seokjinnie.120492,7
namjin,7
ジンペンと繋がりたい,7
오늘의방탄,7
バンタン,7
btsfanart,7
오늘여섯시발매,7
폴라로이드,6
컴백,6
아미맞팔해요,6
awbangtan.id,6
angel_jungkook0901,6
좋반,6
gidongdae,6
armyfff,5
rj,5
btsismylife,4
btsfacebook,4
btsfans2020,4
btsedit,4
dailygram,4
i_am_sonia_kpop,4
kbabyarchive,4
idolsofasia_mtv,4
illustration,4
connectbts,4
ilovekimseokjin,4
jyho.mme,4
btsturkisharmy,4
kimtaehyvng.v,4
instagood,4
daily,4
instalike,4
cute,4
jamaisvu,4
jenjunkook9722,4
cyoa_v on Instagram:,4
bts_updates_seoul,4
bts_진,4
bts.joon,4
chibi,4
haluannya.bangtan,4
btscollector,4
btsjiminfly,4
jinsomnia_noona,4
eppi,4
euphoria,4
btsjinedit,4
jinmin,4
jiniepaca,4
bts.updte_,4
fanart,4
btskives,4
bts_7greatpeople,4
doyourthangbts,4
kookjin,4
btsbangtanseonyandan,4
dinoendli,4
decalcomania.bts on ,4
btsiscoming,4
btsisback,4
jungkookiezee,4
bts_has_my_heart,4
btscomebackspecial,4
jin_s124,4
jeongguksdetail,4
teddybearjin,4
kpopcollector,4
아는형,4
뵈,4
2020ss,4
사피예누나,4
석지니,4
20.1.2016,4
슬로건발주,4
슬로건제작,4
16,4
방탄스타그램,4
아미들,4
아미스타그램,4
아이오쓰리,4
옥댄,4
와이드,4
와이드진,4
와이드팬츠,4
보라해💜,4
반탄소년단,4
06,4
내두번째가족,4
국진,4
20년신상,4
20ss,4
김석진에이드,4
2020년신상,4
김적진,4
김태현,4
네이버에서쩨리언니검색,4
맞팔,4
대세바지,4
대세패션,4
덕스타그램,4
덕질,4
랩원피스,4
리얼,4
리유저블컵,4
윤진의있는매일,4
이쁜,4
魂の地図,4
칼맞팔,4
진정,4
진주,4
쩨리언니,4
첫줄,4
첫줄반사,4
촣아요그램,4
카페,4
태현,4
진님,4
팔로우,4
팬질,4
포토카드,4
폴라,4
학생일상스타그램,4
호섹,4
활력소,4
진이,4
진국,4
이쁜컬러,4
입을옷없다할땐,4
이호석,4
인싸,4
인싸그램,4
인싸템,4
인싸패션,4
일곱형제한누나,4
일상기록,4
잔장국,4
지만,4
전국,4
0033_xb,4
정국아,4
정진,4
제제공방,4
조거팬츠,4
증호석,4
kpopfanart,4
경남,4
speakyourself,4
moonbyjin,4
pia__bts,4
procreate,4
rapmonster,4
regrann,4
run_hn110,4
sch_rang_79,4
seofjintie,4
seokjin_universe92,4
bangstan_update,4
seoksmaze,4
sg.jn_237,4
shadow,4
shosho.ahmed.98096.1,4
sope,4
置き画,4
bangtansoyoendan,4
michi_811_ on Instag,4
tae,4
mi613hk,4
boywithluv,4
bighitentertainment,4
kpop好きな人と繋がりたい,4
ksj.__.92,4
kーpop好きと繋がりたい,4
l4l,4
latepost,4
leadermon,4
lovemyself,4
loverclub.__,4
beyongthescene,4
beyondthearmys,4
map_of_seoul_7,4
mapofthesinworld,4
mappersona,4
awake,4
btsfff,4
taehyung_offic,4
カップフォルダー,4
actorjin,4
_monkeypop_,4
نَاصِّر,4
けーぽぺんさんと繋がりたい,4
ゆんじんぐらむ,4
____nj_tt,4
グク,4
wings,4
グテシパ,4
_.agust__sugaa._,4
7legendsbts_ on Inst,4
7comebackspecial,4
樸智旻,4
田柾国,4
worldwiedhandsome,4
aislovesbts,4
vlive,4
tenasiaid_official,4
taehyungbase,4
ami,4
anime,4
animeart,4
welovekimseokjin,4
welovebts,4
vminkook,4
tea_1995,4
ari_tae_bae,4
armybts180213 on Ins,4
armymadeit,3
7,3
armyedits,3
95z,3
btsespañol,3
bts.army.7j7,3
bts_jungkook.f on In,3
bts1230bts_v,3
btsbighit,3
bestboyband,3
🐨,3
armyxbts,3
bangtanquotes81,3
2seok,3
💜,3
btsinshizuoka,3
taetae.kook.m,3
지민씨,3
weloveyoukimseokjin,3
weloveyoujin,3
vanillahobie,3
txt,3
twitter,3
tiktok,3
teimin1013,3
tata,3
taekook,3
mgmavote,3
taegi,3
sunmitzy,3
sooyounspeaks_,3
seokjinnoona,3
selenokth,3
purple.v.tae,3
photocardcollection,3
perro_615,3
naverxdispatch,3
whyjinnie,3
yong_ss1708,3
zepeto,3
zepetobts,3
btsmerch,3
정곡,3
이기원,3
원진,3
아렘,3
쇼가,3
사랑해,3
김석진🐹,3
기원,3
기동대,3
可愛い,3
ヴィ,3
マジックショップ,3
ジンくん,3
ジミン,3
ジェイホープ,3
シュガ,3
アールエム,3
アミしてる,3
mots7iscoming,3
wonjin,3
memes,3
kiwon,3
jinvideo,3
jinlove,3
jinfanart,3
jinbiased,3
jin.king.kimseokjin,3
jin.bts_hob.ak,3
jhop,3
jeon_.jungk00k_,3
hoseokscult,3
grammys,3
goldendiscawards,3
gimsabin54,3
chimchim,3
btsxcorden,3
btsworld_ost,3
btswithaesthetic,3
btstiktok,3
btsquotes,3
memekpop,3
k.1230.t.m,3
jhoop,3
btsphotocard,3
kpopmeme,3
making,3
lxve_fxr_vante,3
loveseokjin,3
kpopcollection,3
kpopfunnymemes,3
lovebts,3
kpopmemes,3
6pm,2
fangirlbtstagram,2
comeback,2
jvj_amethyst,2
wearethebulletproof,2
403,1
416,1
417,1
418,1
419,1
420,1
421,1
422,1
423,1
424,1
425,1
426,1
427,1
428,1
429,1
430,1
431,1
407,1
396,1
402,1
397,1
432,1
404,1
401,1
412,1
413,1
411,1
400,1
410,1
405,1
406,1
414,1
415,1
399,1
398,1
409,1
408,1
450,1
433,1
462,1
394,1
466,1
452,1
465,1
464,1
463,1
453,1
454,1
468,1
455,1
456,1
457,1
458,1
459,1
460,1
461,1
467,1
451,1
434,1
442,1
435,1
436,1
437,1
438,1
439,1
440,1
441,1
443,1
469,1
444,1
445,1
446,1
447,1
448,1
449,1
470,1
395,1
353,1
393,1
344,1
337,1
338,1
339,1
340,1
341,1
342,1
343,1
345,1
335,1
346,1
347,1
348,1
349,1
350,1
351,1
352,1
336,1
334,1
392,1
324,1
317,1
318,1
319,1
320,1
321,1
322,1
323,1
325,1
333,1
326,1
327,1
328,1
329,1
330,1
331,1
332,1
472,1
354,1
355,1
383,1
376,1
377,1
378,1
379,1
380,1
381,1
382,1
384,1
356,1
385,1
386,1
387,1
388,1
389,1
390,1
391,1
375,1
374,1
373,1
372,1
357,1
358,1
359,1
360,1
361,1
362,1
363,1
364,1
365,1
366,1
367,1
368,1
369,1
370,1
371,1
471,1
513,1
473,1
581,1
574,1
575,1
576,1
577,1
578,1
579,1
580,1
582,1
572,1
583,1
584,1
585,1
586,1
587,1
588,1
589,1
573,1
571,1
591,1
561,1
554,1
555,1
556,1
557,1
558,1
559,1
560,1
562,1
570,1
563,1
564,1
565,1
566,1
567,1
568,1
569,1
590,1
592,1
474,1
621,1
614,1
615,1
616,1
617,1
618,1
619,1
620,1
622,1
612,1
623,1
624,1
625,1
626,1
627,1
628,1
629,1
613,1
611,1
593,1
601,1
594,1
595,1
596,1
597,1
598,1
599,1
600,1
602,1
610,1
603,1
604,1
605,1
606,1
607,1
608,1
609,1
553,1
552,1
551,1
502,1
495,1
496,1
497,1
498,1
499,1
500,1
501,1
503,1
493,1
504,1
505,1
506,1
507,1
508,1
509,1
510,1
494,1
492,1
550,1
482,1
475,1
476,1
477,1
478,1
479,1
480,1
481,1
483,1
491,1
484,1
485,1
486,1
487,1
488,1
489,1
490,1
511,1
512,1
315,1
541,1
534,1
535,1
536,1
537,1
538,1
539,1
540,1
542,1
514,1
543,1
544,1
545,1
546,1
547,1
548,1
549,1
533,1
532,1
531,1
530,1
515,1
516,1
517,1
518,1
519,1
520,1
521,1
522,1
523,1
524,1
525,1
526,1
527,1
528,1
529,1
316,1
274,1
314,1
106,1
99,1
100,1
101,1
102,1
103,1
104,1
105,1
107,1
97,1
108,1
109,1
110,1
111,1
112,1
113,1
114,1
98,1
96,1
77,1
86,1
79,1
80,1
81,1
82,1
83,1
84,1
85,1
87,1
95,1
88,1
89,1
90,1
91,1
92,1
93,1
94,1
115,1
116,1
117,1
145,1
138,1
139,1
140,1
141,1
142,1
143,1
144,1
146,1
118,1
147,1
148,1
149,1
150,1
151,1
152,1
153,1
137,1
136,1
135,1
134,1
119,1
120,1
121,1
122,1
123,1
124,1
125,1
126,1
127,1
128,1
129,1
130,1
131,1
132,1
133,1
78,1
76,1
155,1
27,1
1,1
21,1
22,1
23,1
24,1
25,1
26,1
28,1
3,1
29,1
30,1
31,1
32,1
33,1
34,1
35,1
2,1
4,1
75,1
17,1
16,1
15,1
14,1
13,1
12,1
11,1
10,1
9,1
631,1
18,1
19,1
8,1
7,1
6,1
20,1
5,1
36,1
37,1
38,1
66,1
59,1
60,1
61,1
62,1
63,1
64,1
65,1
67,1
39,1
68,1
69,1
70,1
71,1
72,1
73,1
74,1
58,1
57,1
56,1
55,1
40,1
41,1
42,1
43,1
44,1
45,1
46,1
47,1
48,1
49,1
50,1
51,1
52,1
53,1
54,1
154,1
156,1
313,1
264,1
257,1
258,1
259,1
260,1
261,1
262,1
263,1
265,1
255,1
266,1
267,1
268,1
269,1
270,1
271,1
272,1
256,1
254,1
235,1
244,1
237,1
238,1
239,1
240,1
241,1
242,1
243,1
245,1
253,1
246,1
247,1
248,1
249,1
250,1
251,1
252,1
273,1
275,1
276,1
304,1
297,1
298,1
299,1
300,1
301,1
302,1
303,1
305,1
277,1
306,1
307,1
308,1
309,1
310,1
311,1
312,1
296,1
295,1
294,1
293,1
278,1
279,1
280,1
281,1
282,1
283,1
284,1
285,1
286,1
287,1
288,1
289,1
290,1
291,1
292,1
236,1
234,1
157,1
185,1
178,1
179,1
180,1
181,1
182,1
183,1
184,1
186,1
176,1
187,1
188,1
189,1
190,1
191,1
192,1
193,1
177,1
175,1
233,1
165,1
158,1
159,1
160,1
161,1
162,1
163,1
164,1
166,1
174,1
167,1
168,1
169,1
170,1
171,1
172,1
173,1
194,1
195,1
196,1
224,1
217,1
218,1
219,1
220,1
221,1
222,1
223,1
225,1
197,1
226,1
227,1
228,1
229,1
230,1
231,1
232,1
216,1
215,1
214,1
213,1
198,1
199,1
200,1
201,1
202,1
203,1
204,1
205,1
206,1
207,1
208,1
209,1
210,1
211,1
212,1
630,1
968,1
632,1
1057,1
1050,1
1051,1
1052,1
1053,1
1054,1
1055,1
1056,1
1058,1
1048,1
1059,1
1060,1
1061,1
1062,1
1063,1
1064,1
1065,1
1049,1
1047,1
1028,1
1037,1
1030,1
1031,1
1032,1
1033,1
1034,1
1035,1
1036,1
1038,1
1046,1
1039,1
1040,1
1041,1
1042,1
1043,1
1044,1
1045,1
1066,1
1067,1
1068,1
1096,1
1089,1
1090,1
1091,1
1092,1
1093,1
1094,1
1095,1
1097,1
1069,1
1098,1
1099,1
1100,1
1101,1
1102,1
1103,1
1104,1
1088,1
1087,1
1086,1
1085,1
1070,1
1071,1
1072,1
1073,1
1074,1
1075,1
1076,1
1077,1
1078,1
1079,1
1080,1
1081,1
1082,1
1083,1
1084,1
1029,1
1027,1
1106,1
978,1
971,1
972,1
973,1
974,1
975,1
976,1
977,1
979,1
969,1
980,1
981,1
982,1
983,1
984,1
985,1
986,1
970,1
967,1
1026,1
957,1
950,1
951,1
952,1
953,1
954,1
955,1
956,1
958,1
966,1
959,1
960,1
961,1
962,1
963,1
964,1
965,1
987,1
988,1
989,1
1017,1
1010,1
1011,1
1012,1
1013,1
1014,1
1015,1
1016,1
1018,1
990,1
1019,1
1020,1
1021,1
1022,1
1023,1
1024,1
1025,1
1009,1
1008,1
1007,1
1006,1
991,1
992,1
993,1
994,1
995,1
996,1
997,1
998,1
999,1
1000,1
1001,1
1002,1
1003,1
1004,1
1005,1
1105,1
1107,1
948,1
1215,1
1208,1
1209,1
1210,1
1211,1
1212,1
1213,1
1214,1
1216,1
1206,1
1217,1
1218,1
1219,1
1220,1
1221,1
1222,1
1223,1
1207,1
1205,1
1186,1
1195,1
1188,1
1189,1
1190,1
1191,1
1192,1
1193,1
1194,1
1196,1
1204,1
1197,1
1198,1
1199,1
1200,1
1201,1
1202,1
1203,1
1224,1
1225,1
1226,1
kpoplfl,1
btsrun,1
chimmychimmy_88,1
handsome,1
heart,1
jin_thememory,1
kims9295,1
kpopfff,1
purplehair,1
1227,1
rjkim92log,1
seokjinhyung,1
speakyourselftour,1
sytour,1
visual,1
weverse,1
金硕珍,1
black,1
bangtanjin,1
bangtangboys,1
bangbangtan_btsonly,1
1228,1
1229,1
1230,1
1231,1
1232,1
1233,1
1234,1
1235,1
1236,1
1237,1
1238,1
1239,1
1240,1
1241,1
1242,1
1187,1
1185,1
1108,1
1136,1
1129,1
1130,1
1131,1
1132,1
1133,1
1134,1
1135,1
1137,1
1127,1
1138,1
1139,1
1140,1
1141,1
1142,1
1143,1
1144,1
1128,1
1126,1
1184,1
1116,1
1109,1
1110,1
1111,1
1112,1
1113,1
1114,1
1115,1
1117,1
1125,1
1118,1
1119,1
1120,1
1121,1
1122,1
1123,1
1124,1
1145,1
1146,1
1147,1
1175,1
1168,1
1169,1
1170,1
1171,1
1172,1
1173,1
1174,1
1176,1
1148,1
1177,1
1178,1
1179,1
1180,1
1181,1
1182,1
1183,1
1167,1
1166,1
1165,1
1164,1
1149,1
1150,1
1151,1
1152,1
1153,1
1154,1
1155,1
1156,1
1157,1
1158,1
1159,1
1160,1
1161,1
1162,1
1163,1
949,1
947,1
633,1
740,1
733,1
734,1
735,1
736,1
737,1
738,1
739,1
741,1
731,1
742,1
743,1
744,1
745,1
746,1
747,1
748,1
732,1
730,1
711,1
720,1
713,1
714,1
715,1
716,1
717,1
718,1
719,1
721,1
729,1
722,1
723,1
724,1
725,1
726,1
727,1
728,1
749,1
750,1
751,1
779,1
772,1
773,1
774,1
775,1
776,1
777,1
778,1
780,1
752,1
781,1
782,1
783,1
784,1
785,1
786,1
787,1
771,1
770,1
769,1
768,1
753,1
754,1
755,1
756,1
757,1
758,1
759,1
760,1
761,1
762,1
763,1
764,1
765,1
766,1
767,1
712,1
710,1
789,1
661,1
654,1
655,1
656,1
657,1
658,1
659,1
660,1
662,1
652,1
663,1
664,1
665,1
666,1
667,1
668,1
669,1
653,1
651,1
709,1
641,1
634,1
635,1
636,1
637,1
638,1
639,1
640,1
642,1
650,1
643,1
644,1
645,1
646,1
647,1
648,1
649,1
670,1
671,1
672,1
700,1
693,1
694,1
695,1
696,1
697,1
698,1
699,1
701,1
673,1
702,1
703,1
704,1
705,1
706,1
707,1
708,1
692,1
691,1
690,1
689,1
674,1
675,1
676,1
677,1
678,1
679,1
680,1
681,1
682,1
683,1
684,1
685,1
686,1
687,1
688,1
788,1
790,1
946,1
898,1
891,1
892,1
893,1
894,1
895,1
896,1
897,1
899,1
889,1
900,1
901,1
902,1
903,1
904,1
905,1
906,1
890,1
888,1
869,1
878,1
871,1
872,1
873,1
874,1
875,1
876,1
877,1
879,1
887,1
880,1
881,1
882,1
883,1
884,1
885,1
886,1
907,1
908,1
909,1
937,1
930,1
931,1
932,1
933,1
934,1
935,1
936,1
938,1
910,1
939,1
940,1
941,1
942,1
943,1
944,1
945,1
929,1
928,1
927,1
926,1
911,1
912,1
913,1
914,1
915,1
916,1
917,1
918,1
919,1
920,1
921,1
922,1
923,1
924,1
925,1
870,1
868,1
791,1
819,1
812,1
813,1
814,1
815,1
816,1
817,1
818,1
820,1
810,1
821,1
822,1
823,1
824,1
825,1
826,1
827,1
811,1
809,1
867,1
799,1
792,1
793,1
794,1
795,1
796,1
797,1
798,1
800,1
808,1
801,1
802,1
803,1
804,1
805,1
806,1
807,1
828,1
829,1
830,1
858,1
851,1
852,1
853,1
854,1
855,1
856,1
857,1
859,1
831,1
860,1
861,1
862,1
863,1
864,1
865,1
866,1
850,1
849,1
848,1
847,1
832,1
833,1
834,1
835,1
836,1
837,1
838,1
839,1
840,1
841,1
842,1
843,1
844,1
845,1
846,1
0,1
