,RowSum
아마레또,357
amaretto_korea,131
칵테일,74
amaretto_update,61
홈텐딩,44
갓파더,44
amaretto,40
위스키,37
디사론노,32
cocktail,29
godfather,26
홈바,24
술,24
lh_m_2,24
술스타그램,23
깔루아,21
젤라또,16
리조,16
쌀아이스크림,16
삼성역,16
좋반테러,16
좋아요그램,16
🍦,16
giolitti,16
lizzo,16
beautiful20s,16
gelato,16
파르나스몰,16
아마레또사워,14
disaronno,13
blackpink,13
혼술,12
좋반,11
bar,11
미도리,9
jiwon9494,9
로제가디건,9
먹스타그램,9
맛스타그램,9
론코리아노,9
homebar,9
소통해요,8
아이스크림,8
amarettosour,8
homecocktail,8
블루마운틴,8
삼성동,8
혼자서도잘놀아요,8
신두리까페,8
싱글몰트,8
피식,8
집칵테일,8
아로마향초,8
coffeeday,8
지올리띠,8
지오리띠,8
아이스크림귀신,8
icecreamlover,8
안면도까페,8
엽사,8
좋아요테러,8
좋아요반사,8
좋아요꾹,8
오늘의스트레스해소,8
오늘의칵테일,8
오늘의훈녀,8
오션인,8
bluemountain,8
웃어라,8
웃으면,8
웃으세요,8
icecream,8
베일리스,8
취미,8
디저트,8
zz_zzina,8
style_of_rosie,8
태안까페,8
rosé,8
귀여워,8
귀척,8
큰입,8
나오나안나오나궁금하면검색해보기,8
커피데이,8
캄파리,8
녹색창에,8
댓글환영,8
3시간불태우고나옴,8
데일리룩은아마레또,8
루멘,8
카페처돌이,8
insectjin2018,8
맞팔소통,8
lumen,8
루멘향초,8
칵테일바,8
입큰셀피,8
롯데월드,8
model_sera,8
mouth,8
mouthfull,8
recipe,7
피치트리,7
홈칵테일,7
hometender_recipes,7
scotchwhisky,7
보드카,7
whiskey,7
프렌치커넥션,7
홈술,7
트리플섹,7
집술,7
호세쿠엘보,6
맞팔,6
바카디,6
아마레또샤워,6
리큐르,6
whisky,6
스카치위스키,6
blendedwhisky,6
황금메쥬,5
cocktailbar,5
cocats_cocktail,5
올드패션드,5
macallan,5
맛집,5
여자가디건,5
맥켈란,5
2__seul__9,5
bourbon,5
blackpinkrose,5
위스키러버,5
여자연예인패션,5
창원,5
로제패션,5
dispatch_style,5
진해,5
버번,5
씨맨스,5
씨맨스클럽,5
로제,5
블랙핑크,5
만들수있는칵테일수는,4
칵테일공부,4
로다스쇼트브레드,4
말론브란도,4
카페라떼,4
로다스클로티드크림,4
맛집스타그램,4
마음속에지닌생각,4
moulin_yoon,4
카시스,4
리퍼블리카델카카오,4
롱아일랜드아이스티,4
롱티,4
로다스퍼지,4
limdong_e,4
맛집투어,4
머라카노,4
부부스타그램,4
봉봉오쇼콜라,4
볼스아마레또,4
볼스,4
청주케이크,4
벨코라데,4
체리브랜디,4
hyun_di_hyun_di,4
버진아마레또진저,4
657기동기맘,4
버무스,4
5명cj,4
친자노로쏘,4
irishwhiskey,4
밤하늘공작소,4
발렌타인데이,4
발렌타인,4
jameson,4
jamesonwhiskey,4
바이림,4
바비큐,4
jewdell1,4
jgdr2020,4
julism_shoolie,4
무알콜칵테일,4
몽키숄더,4
모나크다크럼,4
junyeolll_bar,4
럼,4
럽스타그램,4
딸기,4
람스타그램,4
가로수길펍,4
roddasclottedcream,4
탈리스커10년,4
계란수플레,4
거제몽돌,4
거제,4
갬성천재,4
1883시럽,4
silpan_1,4
해군음악방송,4
감기,4
ssung_jam94,4
퇴근주,4
가로수길핫플,4
가로수길칵테일바,4
국내여행,4
가로수길칵테일,4
가로수길카페,4
가로수길술집,4
가로수길바,4
가로수길맛집,4
가로수길데이트,4
가로수길,4
valentine,4
villa_records_bar,4
カクテル,4
퇴근후,4
투웨이플리츠스커트,4
whiskeycocktail,4
구루밀스튜디오,4
roddas,4
칵테일레시피,4
peterandco_com,4
띵곡,4
msz4549,4
북문로,4
딜리,4
디종아마레또,4
2019_between_pub,4
핫플레이스,4
듣고넘좋아🎶🎶,4
데코톡,4
칵테일은비트윈에서,4
orgasmcocktail,4
칵테일추천,4
대부,4
담금주,4
군산,4
달려라하니,4
powerlagjo,4
달달,4
코스모폴리탄,4
republicadelcacao,4
남매가하는빵집,4
남대문털기,4
꼬냑,4
해군,4
까뮈,4
기침,4
킬리만자로의표범,4
2,4
amarettodisaronno,4
청주카페,4
청주여행,4
아마레또콜라,4
bolsamaretto,4
bylim,4
cafe.bylim,4
에스프레소,4
cafebylim,4
양인자작사,4
준열바,4
안셈,4
a31,4
쥴리의수상한바🍸,4
아이디어스,4
아몬드프랄린,4
프랄리네,4
alcohol,4
집술질,4
아들들소식,4
deco_tok,4
분위기깡패,4
신사핫플레이스,4
신사칵테일바,4
신사칵테일,4
신사역맛집,4
신사술집추천,4
신사술집,4
신사분위기,4
신사맛집,4
팔로우,4
팔로우미,4
신사동바,4
음식스타그램,4
페루싱글오리진,4
황금메쥬칵테일,4
제임슨위스키,4
제임슨,4
잠실카페,4
ansem_chonamwook,4
bamgong02,4
자작칵테일,4
조용필,4
일상스타그램,4
일상,4
이시간음악듣고,4
음방cj,4
오르가즘,4
율량동,4
belcolade,4
워싱더블자켓,4
조주기능사,4
조합,4
우리집,4
존맛탱,4
올리커,4
bols,4
펍,4
오르가즘칵테일,4
오르가즘체리칵테일,4
신사동술집,4
징검다리해군해경가족모임,4
신사동맛집,4
피치크러쉬,4
세이캐스트,4
신림펍,4
성안길,4
선팔하면맞팔,4
청주,4
선물,4
서프라이즈,4
혼술질,4
생강차,4
삼전동카페,4
피터앤코,4
godfathercocktail,4
청주빵집,4
뻘짓,4
빵투어,4
빵지순례,4
빵지도,4
빵스타그램,4
빗소리,4
빌라레코드바,4
빌라레코드,4
golden_meju_,4
청주시내,4
h205241,4
블랙러시안,4
브라우니,4
분위기맛집,4
청리단길,4
세상,4
dongjun.ch_,4
drunken_guest,4
신림칵테일,4
신림역술집,4
신림역맛집,4
신림술집,4
신림맛집,4
첫줄,4
신년회,4
슈플,4
슈터칵테일,4
dragon_meta,4
yeongdoosigdang,4
홈바인테리어,3
gimsujeong8034,3
frenchconnection,3
bbogle9903,3
doctor_carman,3
화천동,3
mslee_whole,3
forvia5,3
mat_zib,3
23,3
2019,3
pyo_je_min,3
famousgrouse,3
americanwhiskey,3
21,3
횟집맛집,3
hy_chn_99,3
whiskeybar,3
meeeeeeeerkat,3
nirwana2,3
튤립,3
soopleasure on Insta,3
buzzi,3
johnniewalker,3
panterabar,3
pantera,3
98,3
eunhak_kim,3
향을취取하여_향에취醉한다,3
norang_hama on Insta,3
s__wooo,3
화이트워커,3
회맛집,3
20,3
liqueur,3
a7m3,3
화요일저녁,3
singlemalt,3
cocktails,3
petit_drinker on Ins,3
트뤼풀랏,3
whisky_maniaaa,3
선팔맞팔,3
잠실새내칵테일,3
비앙코,3
블랙보틀,3
잭다니엘,3
조니워커,3
봄베이사파이어,3
버찌스,3
조니워커그린라벨,3
방어회,3
방어뱃살,3
방어맛집,3
바텐더,3
바카디모히또,3
바,3
존맛,3
좋반환영,3
오늘은내가쏜다,3
하남,3
하남맛집,3
생축,3
설날,3
먹방,3
세계맥주,3
예거마이스터,3
연휴,3
올드패션,3
양주,3
앱솔루트,3
압생트,3
와일드터키,3
위스키바,3
아들과,3
아그와,3
쏠레이,3
신천칵테일,3
시바스리갈,3
숩seoul,3
술한잔,3
인스타그램,3
수산물복합단지,3
잠실새내,3
소통환영,3
준비중,3
미사,3
맥주,3
고맙다아들,3
대방어회,3
달달한,3
뉴암스테르담,3
하남횟집,3
네오,3
남취,3
군바리,3
건하수산,3
카르다모모,3
강남구나들,3
갓파더칵테일,3
가족스타그램,3
가성비갑맛집,3
타이쿠,3
가난한,3
탱커레이,3
더사야하는데,3
카푸치노,3
오늘밤은,3
라자냐,3
지갑이위험해,3
론디아즈151,3
초콜릿,3
레드라벨,3
쥰맛,3
리몬첼로,3
하루에위스키30ml,3
라가불린16,3
땡큐수산,3
마밤,3
딸기🍓요정,3
동영상주의,3
Null,2
04,2
yologlex,2
코엑스,2
욜로글렉스,2
포시즌스,2
친목,2
bjw2556,2
육회조하ʕ,2
칵테일파티,2
ansan,2
2020이벤트,2
윤희바,2
이벤트바,2
최애칵테일,2
제정신은건강에해롭다,2
카페는찾아가지말쟈,2
칵테일스타그램,2
조니워커블랙,2
에스프레소마티니,2
광장시장,2
mixologist,2
mixology,2
한남칵테일,2
muskrose0214,2
데님팬츠,2
데님코디,2
당일발송,2
강남,2
호랑이카페,2
soko,2
가자주류울산점,2
t.h.o.f.t,2
가끔은이런날도,2
yxoxnxi on Instagram,2
안주는뻥소리,2
yoonheebar,2
한남바,2
rawers,2
믹솔로지,2
속상함,2
안산,2
믹솔로지스트,2
cocktailparty,2
아마래토샤워,2
connie.chase.12,2
david_hyun129,2
술조하,2
eventbar,2
espressomartini,2
삼성리,2
hannamdongbar,2
불금,2
분위기,2
부촌육회,2
버번위스키,2
125,1
132,1
126,1
127,1
124,1
128,1
129,1
130,1
131,1
140,1
133,1
134,1
135,1
136,1
137,1
138,1
139,1
141,1
142,1
122,1
143,1
123,1
105,1
121,1
120,1
99,1
100,1
101,1
102,1
103,1
104,1
145,1
106,1
107,1
108,1
109,1
110,1
111,1
112,1
113,1
114,1
115,1
116,1
117,1
118,1
119,1
144,1
163,1
146,1
147,1
173,1
174,1
175,1
176,1
177,1
178,1
179,1
180,1
181,1
182,1
183,1
184,1
185,1
186,1
187,1
188,1
189,1
190,1
191,1
192,1
97,1
172,1
171,1
170,1
157,1
148,1
149,1
150,1
151,1
152,1
153,1
154,1
155,1
156,1
158,1
169,1
159,1
160,1
161,1
162,1
164,1
165,1
166,1
167,1
168,1
98,1
30,1
96,1
47,1
25,1
26,1
27,1
28,1
29,1
194,1
31,1
32,1
33,1
34,1
35,1
36,1
37,1
38,1
39,1
40,1
41,1
42,1
43,1
44,1
45,1
24,1
23,1
22,1
10,1
1,1
2,1
3,1
4,1
5,1
6,1
7,1
8,1
9,1
11,1
21,1
12,1
13,1
14,1
15,1
16,1
17,1
18,1
19,1
20,1
46,1
48,1
95,1
49,1
74,1
75,1
76,1
77,1
78,1
79,1
80,1
81,1
82,1
83,1
84,1
85,1
86,1
87,1
88,1
89,1
90,1
91,1
92,1
93,1
94,1
73,1
72,1
71,1
59,1
50,1
51,1
52,1
53,1
54,1
55,1
56,1
57,1
58,1
60,1
70,1
61,1
62,1
63,1
64,1
65,1
66,1
67,1
68,1
69,1
193,1
262,1
195,1
341,1
319,1
320,1
321,1
322,1
323,1
324,1
325,1
326,1
327,1
328,1
329,1
330,1
331,1
332,1
333,1
334,1
335,1
336,1
337,1
338,1
339,1
318,1
317,1
316,1
304,1
295,1
296,1
297,1
298,1
299,1
300,1
301,1
302,1
303,1
305,1
315,1
306,1
307,1
308,1
309,1
310,1
311,1
312,1
313,1
314,1
340,1
342,1
196,1
343,1
368,1
369,1
370,1
371,1
372,1
373,1
374,1
375,1
376,1
377,1
378,1
379,1
380,1
381,1
382,1
383,1
384,1
385,1
386,1
387,1
388,1
367,1
366,1
365,1
353,1
344,1
345,1
346,1
347,1
348,1
349,1
350,1
351,1
352,1
354,1
364,1
355,1
356,1
357,1
358,1
359,1
360,1
361,1
362,1
363,1
294,1
293,1
292,1
291,1
221,1
222,1
223,1
224,1
225,1
226,1
227,1
228,1
229,1
230,1
231,1
232,1
233,1
234,1
235,1
236,1
237,1
238,1
239,1
240,1
241,1
220,1
219,1
218,1
206,1
197,1
198,1
199,1
200,1
201,1
202,1
203,1
204,1
205,1
207,1
217,1
208,1
209,1
210,1
211,1
212,1
213,1
214,1
215,1
216,1
242,1
243,1
244,1
280,1
271,1
272,1
273,1
274,1
275,1
276,1
277,1
278,1
279,1
281,1
269,1
282,1
283,1
284,1
285,1
286,1
287,1
288,1
289,1
290,1
270,1
268,1
245,1
255,1
246,1
247,1
248,1
249,1
250,1
251,1
252,1
253,1
254,1
256,1
267,1
257,1
258,1
259,1
260,1
261,1
263,1
264,1
265,1
266,1
0,1
