,RowSum
아르마냑,239
armagnac,119
basarmagnac,74
꼬냑,72
delord,72
familycompany,66
craftspirit,66
雅文邑,66
アルマニャック,66
frenchbrandy,66
gascogne,66
gascony,66
gers,66
handcraft,66
handcrafted,66
handmade,66
spirit,66
арманьяк,66
madeinfrance,66
armagnacnation,66
armagnacstyle,66
delordarmagnac,66
handmadeinfrance,63
armagnacnews,60
armagnac_delord,58
armagnacdelord,58
bar_moody on Instagr,47
알마냑,42
armagnaclover,34
연남동,32
연남동바,32
위스키,29
브랜디,28
혼술,28
몰트바,28
싱글몰트,26
연희동혼술,26
연희동싱글몰트,26
연희동와인,26
연남동혼술,26
연남동몰트바,26
주정강화와인,26
연희동칵테일,26
연희동,26
연남동포트와인,26
연남동싱글몰트,26
싱글몰트위스키,26
연남동와인,26
싱글몰트바,26
연남동칵테일,26
연희동바,26
연희동몰트바,26
연희동포트와인,26
몰트,26
버번,26
blanchearmagnac,23
chocolategift,20
뚜두크리스마스,20
뚜두,20
toudou,20
크리스마스선물,20
크리스마스,20
toudou_chocolate,20
toudouchocolate,20
선물,20
루돌프,20
크리스마스초콜릿,20
christmas,20
알콜초콜릿,20
산타클로스,20
논알콜,20
christmaschocolate,20
armagnac_marie_duffa,19
와인,19
brandy,17
chabot,16
와인앤모어,16
술스타그램,16
마데이라,15
다르띠가롱그,14
repost,13
xo,13
cognac,12
먹스타그램,11
로버트몬다비,11
시음회,10
foodporn,10
cocktail,10
일상,9
champagne,9
맛스타그램,9
파테,8
샤봇,8
하이볼,7
알콜스타그램,7
연남동샴페인,7
맛집,6
미슐랭,6
미슐랭3스타,6
럼,6
레미마틴,6
맥주,6
michelin3star,6
아줌마,6
michelinnewyork,6
michelinstar,6
먹부림,6
napoleon,6
불금,6
newyork,6
더부즈,6
뉴욕,6
브라운버터,6
까뮤,6
그랜드오픈,6
그랑아무르,6
lvmh,6
보드카,6
yummy,6
yoonyoon777,6
wineandmoressg,6
wine,6
또또또,6
whiskynight,6
vsop,6
서울대학교,6
tresvieux,6
수입주류,6
뉴욕맛집,6
득템,6
바틀샵,6
salon,6
디저트,6
생일주,6
르버나딘,6
애플,6
domainedumiquer,6
이벤트중,6
인스타그램이벤트,6
인증샷,6
인증샷이벤트,6
일렉트로마트판교점,6
일상스타그램,6
fridaynight,6
longrow,6
전문서적,6
foodie,6
folleblanche,6
finedining,6
extra,6
eric_in_house,6
dessert,6
gastronomy,6
칵테일동아리,6
dartigalongue,6
크래프트비어,6
camus,6
탕진잼,6
boston_ww,6
트레뷰,6
파인다이닝,6
판교,6
armgnac,6
한남동,6
핵이득,6
apple,6
휴림,6
이벤트,6
장퓨,6
외식스타그램,6
연트럴파크,6
k_lee_bar,6
오픈이벤트,6
오드비,6
keemscooking,6
jeanfillioux,6
와인샵,6
instafood,6
jyeok_home_bar,6
와인앤모어일렉트로마트판교점,6
hennessy,6
grand,6
laphroaig,6
어제의기록,6
lebernardin,6
올드바틀,6
armagnacmarieduffau,5
bombeom_y,4
두꺼비저녁,4
독하다,4
whiskey,4
bartender,4
blindedgypsies,4
blanton,4
basarmagnac1986,4
byob,4
barteascent,4
롱티,4
bar,4
marieduffauarmagnac,4
1987,4
도전성공,4
뉴페이스,4
poupee.kr,4
june0458,4
glenlivetforthechairman1963,4
whiskystagram,4
glenlivetgordonandmacphail1967,4
glenlunar,4
gomooler on Instagra,4
gwangcheol__jeong,4
zzzzz_irene on Insta,4
thegreattoad_,4
teascent,4
굿밤,4
shine_beagle_house,4
scotchwhisky,4
그래서한잔만,4
felix_seongjae_kim,4
instagood,4
꽐라박선생,4
drinkup,4
drink,4
dream,4
jo.mickey,4
whisky,4
히비키,4
hibiki17,4
맛난다,4
파복스,4
트리플캐스크,4
버번위스키,4
콤포트,4
블랑톤,4
위대한두꺼비,4
코파,4
위스키나잇,4
위스키스타그램,4
음주살롱,4
사과,4
캬하,4
캐스크,4
캐러멜,4
칼바도스,4
아카포,4
서면,4
카르파쵸,4
장퓨트레뷰,4
샤글하우스,4
접대,4
샤또드로바드,4
샤토드로바드,4
샤봇xo,4
티센트,4
분나하벤,4
시나몬,4
오리고기,4
맛술딴,4
안녕,4
앙고스투라럼,4
양주,4
싱글캐스크,4
바,4
바닐라,4
바텐더,4
바티센트,4
피스코사워,4
프로필링크타고오세요,4
샤또드브류일vsop,4
발베니,4
오픈카톡,4
방문,4
isha0620,3
moulin_yoon,3
와규맛집,3
주말저녁,3
종로맛집,3
안주,3
foodoftheday,3
jjung_z96,3
애견동반,3
legrand,3
와인스타그램,3
la_pa_ppa on Instagr,3
워커힐,3
일상소통,3
중구맛집,3
희언니맛집,3
울트라마린블랑드누아,3
이제정말절약해야한다,3
gaston,3
jspaco,3
이래죽나저래죽나,3
울트라마린블랑드누아2014,3
육포가너무달아,3
오늘도과음,3
jsmkjh,3
칵테일,3
진,3
피터마이클마벨피으,3
크리스마스예약,3
통장잔고다털어먹음,3
파이퍼하이직레어,3
파이퍼하이직레어2002,3
패트론,3
포트와인,3
baron,3
피자,3
피터마이클마벨피으2009,3
짐빔,3
핸드릭스,3
호캉스,3
화덕피자,3
albeedong_bw,3
희소식,3
1966,3
11기못쓰겠네,3
리슬링,3
크룩2000,3
크룩,3
크랜베리앤오렌지,3
chabotxoarmagnac,3
집안도개판기분도개판,3
충동구매,3
drinkoftheday,3
취미,3
치즈느낌이너무밝다,3
dinner,3
카페,3
daily,3
cobblerbar,3
cobbler,3
clesdesducs,3
classiccocktail,3
classicbar,3
코냑,3
코블러,3
cheers,3
champagneclub,3
nakasan_official,3
dailyfood,3
아이리쉬위스키,3
tandappani,3
샴페인클럽11기,3
weekend,3
브랑디,3
붸브클리코,3
붸브,3
당산,3
대구맛집,3
데이트,3
vine,3
데일리,3
undead_creature,3
데킬라,3
셰리,3
술술술,3
술이나실컷푸다가죽자,3
샴페인클럽,3
샴페인,3
날마다술,3
비첸향,3
사케,3
글렌피딕,3
과일치즈,3
고가의향수들,3
거의캔디드베이컨수준,3
삼겹살맛집,3
샤도네이스파클링,3
winelover,3
샤또데스미라,3
깔바도스,3
샤또데스미라1991,3
나카산,3
xoxo💋,3
winestagram,3
술집,3
동성로,3
산토리,3
등심,3
미니이지포크,3
아르마냑1979,3
redwine,3
몽키47,3
롱아일랜드아이스티,3
신용불량안되는게신기할정도,3
sempe,3
스테이크,3
solskja on Instagram,3
스시온도,3
stasbourg,3
미식가용삼겹살,3
steak,3
occitanie,3
동창,3
sue_lalaland_,3
반려견동반,3
맥켈란,3
미금수뿔,3
suddefrance,3
몰트위스키,3
글렌루나,2
alcoholdiaries,2
nihonshu,2
40년숙성,2
alba,2
김대중컨벤션센터,2
12yo,2
빈티지아르마냑,2
프랑스와인,2
비네센,2
화이트앤파트너스,2
랍스터,2
라따블르다키히로,2
armagnacaustralia,2
프렌치,2
한강신도시,2
cadenheads,2
파리,2
드라이에이징오리,2
도산공원맛집,2
도산공원임프레션,2
독립병입자,2
구래역,2
한정판,2
1979빈티지,2
구래동,2
위스키바추천,2
술서누,2
ihn216,2
와인행사,2
isonaip,2
와인구매,2
standing__cow on Ins,2
에펠타워브랜디,2
latabledaki,2
laubade1988,2
laubadearmagnac,2
limpression,2
liquor,2
야마자키,2
paris_ssalon,2
maltbar,2
marieduffau,2
paris,2
광주미래식품전,2
아키히로,2
위스키바,2
laubade,2
위스키잔,2
잔술,2
cuisson,2
광주,2
위스키추천,2
카덴헤드,2
yvanauban,2
yamazaki,2
europe,2
샤펜티에,2
france,2
french,2
겨울밤,2
임프레션,2
vinessen,2
vintagearmagnac,2
vinessen_seorae,2
94,1
95,1
96,1
97,1
98,1
99,1
100,1
79,1
101,1
92,1
102,1
103,1
104,1
105,1
106,1
107,1
93,1
91,1
80,1
86,1
76,1
82,1
83,1
84,1
77,1
85,1
81,1
109,1
78,1
87,1
88,1
89,1
75,1
90,1
108,1
127,1
110,1
111,1
130,1
131,1
132,1
133,1
134,1
135,1
136,1
137,1
138,1
139,1
140,1
141,1
142,1
143,1
144,1
129,1
128,1
73,1
118,1
112,1
113,1
114,1
115,1
116,1
117,1
119,1
126,1
120,1
121,1
122,1
123,1
124,1
125,1
74,1
53,1
72,1
34,1
18,1
19,1
20,1
21,1
22,1
23,1
24,1
25,1
26,1
27,1
28,1
29,1
30,1
31,1
32,1
17,1
16,1
15,1
10,1
146,1
2,1
11,1
3,1
4,1
1,1
9,1
6,1
12,1
13,1
14,1
5,1
8,1
7,1
33,1
35,1
71,1
36,1
56,1
57,1
58,1
59,1
60,1
61,1
62,1
63,1
64,1
65,1
66,1
67,1
68,1
69,1
70,1
55,1
54,1
52,1
43,1
37,1
38,1
39,1
40,1
41,1
42,1
44,1
51,1
45,1
46,1
47,1
48,1
49,1
50,1
145,1
265,1
147,1
256,1
240,1
241,1
242,1
243,1
244,1
245,1
246,1
247,1
248,1
249,1
250,1
251,1
252,1
253,1
254,1
239,1
238,1
237,1
228,1
222,1
223,1
224,1
225,1
226,1
227,1
229,1
236,1
230,1
231,1
232,1
233,1
234,1
235,1
255,1
257,1
148,1
258,1
278,1
alcohol,1
alcoholic_janedoe,1
alcoholstagram,1
bordeaux,1
외국술,1
jinhee_kim,1
알콜,1
marquisdesenac,1
marquisdesenacvieilalmagnac,1
paulcat,1
술,1
vieilalmagnac,1
보르도,1
독주,1
277,1
276,1
275,1
266,1
259,1
260,1
261,1
262,1
263,1
264,1
267,1
274,1
268,1
269,1
270,1
271,1
272,1
273,1
221,1
220,1
219,1
218,1
167,1
168,1
169,1
170,1
171,1
172,1
173,1
174,1
175,1
176,1
177,1
178,1
179,1
180,1
181,1
166,1
165,1
164,1
155,1
149,1
150,1
151,1
152,1
153,1
154,1
156,1
163,1
157,1
158,1
159,1
160,1
161,1
162,1
182,1
183,1
184,1
210,1
204,1
205,1
206,1
207,1
208,1
209,1
211,1
202,1
212,1
213,1
214,1
215,1
216,1
217,1
203,1
201,1
185,1
192,1
186,1
187,1
188,1
189,1
190,1
191,1
193,1
200,1
194,1
195,1
196,1
197,1
198,1
199,1
0,1
