,RowSum
스카치,1612
ootd,418
데일리,408
오오티디,369
데일리룩,368
나이키,338
위스키,323
아디다스,290
신상,267
신발,257
싱글몰트,255
인싸템,247
술스타그램,246
신발스타그램,246
신스타그램,242
인싸패션,242
조던,242
코디,238
jinishoez,238
오뭐신,238
데이트룩,238
커플신발,238
인스타패션,238
데일리코디,238
데일리슈,238
반스,234
휠라,234
일상,197
어글리슈즈,194
scotch,193
어글리,190
스카치테이프,160
마카롱테이프,149
whisky,146
술,146
남녀공용,133
맞팔,128
whiskey,125
버번,122
선팔,120
sulsultalk,119
술술토크,119
singlemalt,116
Null,115
리플렉티브,114
daily,114
다꾸,105
다이어리꾸미기,105
커플룩,104
좋아요,102
whiskygram,100
소통,90
홈바,81
맥주,79
마카롱,79
매직테이프,79
문구,78
좋아요반사,77
문구덕후,76
문구스타그램,76
마카롱디스펜서,74
셀스타그램,72
봄신상,72
adorable._.been,70
팔로우,68
지하상가,67
패션,66
좋반,59
followme,55
맨투맨,55
혼술,55
옷스타그램,54
스트릿,53
취미,52
whiskyporn,52
강남,52
홍대,52
selfie,52
스트릿코디,51
스케치,51
나이키매니아,51
스트릿패션,51
바람막이,50
bourbon,49
럽스타그램,48
威士忌,48
ウィスキー,48
수집,48
위스키그램,48
adidas,48
bonjour.whisky,48
artgram,47
aportrait,47
painting,47
animedrawings,47
animefanart,47
fanartkpop,47
artworks_9990,47
artworks_artist,47
animeart_worldwide,47
mangaart,47
btsartwork,47
kpopfanarts,47
인물화,47
jungkookfanart,47
kfanart,47
koreanfanart,47
koreanfanarts,47
kpopart,47
kpopartwork,47
kpopdrawing,47
animedrawing,47
손그림,47
mangaartwork,47
mangart,47
star._.2003,47
sketchbook,47
bangtanfanart,47
scotchgram,44
셀피,44
서면,44
scotch_enforcer,44
술스타,44
로데오거리,42
scotchwhisky,42
아노락,41
이지부스트,41
yeezyboost,41
얼스타그램,41
스카치바람막이,41
reflective,41
가로수길,41
감성,41
데일리그램,40
크래프트비어,40
seo_hyen123,40
패션스타그램,39
셀카,39
슈틸리티,38
리플렉티브신발끈,38
스카치신발끈,38
오버핏,38
압구정,37
이지,37
집술,37
yeezy,37
스카치맨투맨,37
분위기,37
reflectiveshoelaces,37
백팩추천,36
dailylook,36
대구,36
레이어드,35
sj,35
학교스타그램,35
homecafe,35
신동,35
크롭,35
suju,35
daily_sd,35
tatayatatay on Insta,35
wehaveshindong,35
v_yeon_,35
홈카페,35
신동희,35
y.na__ on Instagram:,35
유니크,35
출근룩,35
superjunior,35
tableyn🌿,35
l.o.v.e.w.o.n,35
cr5p,35
스타일,35
shinfriends,35
빈티지,35
shinsfriends,35
shindong,35
쇼핑,34
주안역남자,34
와사비,34
주안역남자옷가게,34
주안역옷,34
주안역,34
주안역와사비,34
주안역지하상가,34
주안남자옷,34
주안와사비,34
주안,34
홈술,33
f4follow,33
dcoco1234,33
쥬디스태화,33
여행스타그램,33
친스타그램,33
백팩,33
인생사진,33
옷가게,33
맨투맨코디,32
술튜버,32
react,30
blended,29
크로스백,29
3m,29
후드,28
후리스,28
볼링,28
beautifulobject,28
운동,27
남자옷,27
나이키바람막이,27
남친룩,27
부산,27
repost,26
블렌디드,26
남자쇼핑몰,26
인친,26
남자맨투맨,26
맥스270,26
nastykick,25
musinsa,25
스토어팜,25
슈펜,25
the._.holim,25
shoopen_official,25
메신저백,25
무신사,25
사코슈백,25
shoopen,25
남자코디,25
새학기백팩,25
신학기백팩,25
네스티킥,25
셀기꾼,24
스카치아노락,23
패션xxx,23
후드티,23
칵테일,23
패션콜라보,23
뷰티풀오브젝트,23
야상,23
오오티디룩,23
스트릿룩,22
대구미용실,22
커플아이템,22
트레이닝복,22
highland,22
운동하는여자,22
에어맥스270,22
레깅스,22
f4f,22
ozweego,22
스마일맨투맨,21
좋아요테러,21
커플바람막이,21
scotch_korea,21
피그먼트,21
airmax,20
커플,20
일상스타그램,20
나이키아노락,20
jiyun5255,20
아웃핏,19
올드스쿨,19
에어맥스,19
일상룩,19
clubtension,19
봄,19
미국맥주,19
문의,19
명품,19
glendronach,18
집업,18
아디다스오즈위고,18
맞팔환영,18
max270,18
balvenie,18
선팔시맞팔,18
streetfashion,18
부천,18
오즈위고,18
발베니,18
gmhdenim,18
나이키스카치,18
더홀림,18
johnniewalker,18
미니멀룩,18
kimsarang00,17
오버핏맨투맨,17
커플아노락,17
조거팬츠,17
아메카지,17
옷,16
고민남모델,16
namjae__,16
fff,16
고민남쇼핑몰,16
맥스디아,16
오버핏티,16
피드,16
모델,16
공용코디,16
에어맥스디아,16
고민남,16
몰트,16
광주,16
뷰티,16
gominnam,16
패피,16
남자오버핏,16
셀피그램,16
세종시,16
컬러맨투맨,16
커플룩맛집,16
style,16
위스키러버,16
유니섹스,16
남재,16
스마일,16
다이어트,15
항공,15
인스타그램,15
sv___story on Instag,15
에어맥스97,15
나이키로고,15
커플티,15
양주,15
맥스97,15
여행,15
남성의류,15
맛스타그램,15
nike,15
선팔맞팔,15
먹스타그램,15
불금,15
바디수트,14
대구미용실추천,14
호캉스,14
맛집,14
바닐라비비,14
미용인,14
hairstylis,14
바디콘,14
미용실추천,14
영대미용실,14
미용사,14
monokini,14
존앤섹션,14
당구,14
마켓,14
나이키후드,14
조니워커,14
디스커넥션,14
레이어드컷,14
네오후드티,14
hairdresser,14
화미주아티클헤어,14
화미주아티클중산점,14
네오피그먼트,14
모노키니,14
네오프렌후드,14
인천,14
바디프로필,14
바디콘원피스,14
부원장김사랑,14
공구,14
비키니,14
아우터,14
비키니쇼핑몰,14
shopping,14
경산미용실,14
중산동미용실,14
게임,14
bikini,14
speyside,14
선팔하면맞팔,14
섹시룩,14
섹시원피스,14
발렌타인,14
퍼스널컬러,14
bodycon,14
bodysuit,14
수성구미용실,14
수영복,14
시지미용실,14
vanillavvvv,14
vanillavv,14
upstyle,14
ウイスキー,13
이미지매칭,13
이용사자격증,13
byther.kr,13
경산미용실추천,13
jjiya_gram,13
컬러리스트국가자격증,13
スコッチ,13
스포츠마사지자격증,13
봄옷,13
fashion,13
직장인,13
나이키아노락바람막이,13
glenmorangie,13
aloha_2me,13
글렌모렌지,13
하이랜드,13
그런지룩,13
singlemaltscotchwhisky,12
단발머리,12
럼_보드카_진_브렌디_증류주,12
럼,12
술꾼,12
여신강림,12
kdyhair_01090432279,12
동성로염색,12
동성로,12
단발c컬펌추천,12
스우시,12
단발머리스타일,12
박재한,12
단발여신,12
옴브레,12
여자머리스타일,12
그_남자의_술,12
여자헤어스타일,12
시가,12
대구메이크업_구동연헤어메이크업,12
oldskool,12
엠부쉬,12
반스올드스쿨,12
maxdia,12
싱글,12
우리술,12
남자후드,12
가죽,12
울산,12
서울,12
볼린이,12
모두가_즐길수_있는_bar,12
남구미용실_구동연헤어,12
redbreast,12
놈코어룩,12
만취요정,12
발리아쥬,12
발렌시아가,12
반월당염색,12
반월당미용실_구동연헤어,12
볼링스타그램,12
셋팅펌,12
나이키점퍼,12
우리동네bar,12
대구염색,12
cigar,12
han5174,12
컬러여신,12
편집샵,12
클럽텐션,12
핸드메이드,12
전국구,12
헬스,12
bar투어,12
bar문화의_대중화,12
han,12
주말,12
han_술이_있는_그곳,12
캐주얼룩,12
탈색머리,12
해운대맛집,11
스카치백팩,11
봄코디,11
해외직구쇼핑몰,11
남포동옷가게,11
오오디티,11
스카치점퍼,11
해운대,11
부산옷가게,11
bar_code___,11
스카치항공점퍼,11
스카치후드,11
스타우트,11
로고바람막이,11
네오맨투맨,11
컨티넨탈80,11
광주맛집,11
컨티넨탈,11
barcode,11
suntory,11
beautiful_object,11
라스칼,11
신발맛집,11
신촌바코드,11
신촌,11
운동화,11
mask,11
바틀로직,11
이태원,11
자켓,11
서면맛집,11
대학생백팩,11
instadaily,11
buckethat,11
instadrink,11
oloroso,11
수입의류,11
꾸안꾸,11
나이키엠부쉬,11
피어오브갓,11
대구맛집,11
바코드,11
대대,11
에센셜,11
플렉스,11
바코드신촌,11
중학생백팩,11
남포동맛집,11
몬스터리퍼블릭,11
트레이닝세트,11
흑맥주,11
선물,11
singlemaltwhisky,11
첫줄,11
항공점퍼,11
3쿠션,11
치오,11
서면옷가게,11
마감,10
볼링장,10
에어포스1,10
아디다스아노락,10
고양이,10
진행중,10
구제,10
ballantines,10
나이키스카치바람막이,10
빅로고스카치,10
빅로고,10
800점,10
나이키후리스,10
하다,10
버팔로트레이스,10
현재,10
불꽃아노락,10
싸우지마세요,10
2월29일,10
쌍쌍,10
맥스270리액트,10
빅로고아노락,10
인싸후드,10
일상코디,10
커플후드,10
사무실,10
커플후리스,10
커플잠바,10
수피아,10
계산구,10
상반기,10
뽑기,10
빠른,10
트라이얼정비,10
접수,10
화이트,10
시작,10
훈련보조금,10
저녁8시,10
데일리룩코디,10
streetlook,9
미니멀,9
간지,9
ny맨투맨,9
좋아요반사❤️,9
클립디스펜서,9
캐쥬얼룩,9
책상인테리어,9
신박템,9
룩,9
airmax270,8
안동대,8
안동올림머리,8
안동시세이도,8
에어맥스90,8
안동시내미용실,8
안동미용실,8
안동메이크업,8
안동디유,8
안동과학대,8
안동헤어,8
선화동,8
안동,8
트렌치코트,8
클럽아쿠아,8
cadenhead,8
가디건,8
집밥,8
집밥스타그램,8
シングルモルト,8
z_sy___,8
반사원단,8
q._.ya,8
fearofgod,8
airmaxdia,8
essentials,8
아쿠아,8
버번위스키,8
수원,8
with_iphone11pro,8
bottleshare,8
트레이닝,8
수성못,8
에센셜맨투맨,8
알렉산더맥퀸,8
안산,8
수성구미용실_구동연헤어,8
텐션,8
글렌피딕,8
arrival,8
아일라,8
삥줄바람막이,8
스트라이크,8
거울셀카,8
streetbrand,8
decade_luxe_,8
커플후드티,8
칠곡,8
스트릿브랜드,8
스트릿스타일,8
골프,8
dailyfashion,8
강추,8
패션모델,8
시세이도염색,8
시세이도컨셉살롱,8
시세이도펌,8
에어맥스95,8
sundoboo,8
시세이도헤어제품,8
시합,8
캐주얼룩코디,8
tokyo,8
광코,8
글렌드로낙,8
스미스스튜디오,8
아이리쉬위스키,8
아워,8
선도부,8
그레이,8
추천템,8
포항,8
시흥,8
봄맨투맨,8
취미스타그램,8
whiskeyporn,8
강남메이드,8
봄아우터,8
가방,8
샤넬,8
club_ing_,8
봄패딩,8
smis_studio_official,8
구시청,8
상지대,8
상봉,8
테크웨어,8
airmax97,8
두류,8
like4like,8
리사이클,8
리액트엘리먼트,8
나이키에어맥스,8
fourrosesoesk,8
홈쿡,8
pillowtalk,8
20대여성,8
new,8
나이키집업,8
대전,8
오늘뭐입지,8
형광,8
맥스90,8
맥스95,8
날씨,8
인플루언서가방,8
gongmoa291,8
jokerfit_,8
max95,8
max97,8
힙합,8
대회,8
menswear,8
30대여성,8
남매룩,8
오버솔,8
대흥동,8
glenfiddich,8
오버핏바람막이,8
대명동,8
macallan,8
은행동,8
paaark30,8
피오갓,8
디자인컬러,8
동성로미용실_구동연헤어,8
휴가,8
hibiki,8
대구미용학원,8
harajuku,8
디유메이크업,8
디저트,8
등원룩,8
대구편집샵,8
라인로고바람막이,8
동구메이크업_구동연헤어,8
제임슨,8
로고스카치,8
둔산동,8
맥퀸,7
johnseokk,7
맥스플러스,7
광장시장,7
bartender,7
designer,7
디자이너브랜드,7
클럽테션,7
남여공용,7
cocktail,7
파운데이션,7
정액제,7
슈퍼스타,7
🍸,7
힙합패션,7
스트링백팩,7
육아맘,7
맛스타,7
lee_wo_no,7
빈티지룩,7
liquor,7
워크웨어,7
마가렛트,7
빛반사,7
남포동,7
서면지하상가,7
2020ss,7
포스1,7
고등학생백팩,7
헤븐힐,7
커스텀,7
레깅스코디,7
서면치오,7
스펙트라,7
신학기,7
카스타드,7
ddp,7
훈녀,7
비,7
데님대학교,7
선팔환영,7
홈런볼,7
오버핏아노락,7
glenallachie,7
수원ak,7
자체제작,7
instagram,7
나이키운동화,7
버터링,7
force1,7
sean_booze,7
alcoholic,7
sk8hi,7
믹쓰제이블랙,7
창신데님연구소,7
푸마썬더,7
야식,7
기모후드티,7
찰떡쿠키,7
yamazaki,7
발광,7
반짝반짝,7
반스어센틱,7
follow,7
rabongxpunch,7
islay,7
에어프라이어,7
짐빔,7
에어맥스플러스,7
바텐더,7
pedroximenez,7
문의는dm,7
먹스타,7
인친환영,7
mmega_shop3,7
트랙팬츠,7
instadrinks,7
mixxjblack,7
베트멍바람막이,7
bowmore,7
instagood,7
drinks,7
세줄아노락,7
베트멍,7
글렌알라키,7
한정판,7
seoul,7
아디불꽃아노락,7
mixxj,7
츄리닝,7
drinkstagram,7
조거,6
여성원피스,6
동묘,6
회사,6
아노락바람막이,6
집업원피스,6
clipdispenser,6
anoi_k,6
바람막이추천,6
나이키m2k,6
buffalotrace,6
디엠,6
디스커버리,6
커플옷,6
sensitive_kkk.hhh.ss,6
발렌타인30년산,6
일스타그램,6
힙업,6
데스크테리어,6
ny,6
office,6
홈텐딩,6
m2k,6
익스페디션,6
모나크,6
billiards,6
마스크,6
책상,6
네오프렌,6
양말,6
도매,5
다크웨어,5
간절기코디,5
테크웨어룩,5
12,5
가산월드당구장,5
세븐일레븐,5
대구남성복,5
가브리엘,5
동구,5
가산역근처당구장,5
アブーナ,5
도매스타그램,5
티셔츠,5
소통해요🙌,5
ロイヤルサルート,5
ハイランド,5
당구대회,5
アベラワー,5
소장각💓,5
가산역당구장,5
피그먼트맨투맨,5
감사,5
bebebubu2,5
남성복,5
봄신상아동복,5
남녀공용후드,5
그라쥬에이션컷,5
그런지,5
남녀공용맨투맨,5
베이직룩,5
33,5
베이직,5
34,5
폴리에스터,5
베베부부,5
모크넥카라,5
하프집,5
문의환영😍,5
문정동,5
문정점,5
하이랜드위스키,5
밴딩팬츠,5
밴딩슬랙스,5
alcohol,5
나이키스포츠,5
긴팔티셔츠,5
bowler_archione on I,5
반팔티셔츠,5
반팔티,5
aberlour,5
abunadh,5
반사스우시,5
31,5
남성패션,5
남아여아공용,5
로얄살루트,5
후드추천,5
드라이핏,5
니트가디건,5
니트,5
딸옷,5
러블리컷,5
사랑,5
런닝,5
15,5
누죤,5
뽀글맨투맨,5
레이어드맨투맨,5
레플,5
로우랜드위스키,5
awesomelook,5
패셔니스타,5
빅사이즈팬츠,5
빅사이즈바지,5
홀로그램,5
balvenie21,5
고퀄,5
패피룩,5
3,5
블랜디드위스키,5
과자,5
맨투맨추천,5
편의점,5
북구,5
소통환영🤗,5
자매룩,5
오케이,5
quintaruban,5
스탠다드핏,5
streetweardaily,5
조카옷선물🎀,5
royalsalute,5
오버핏후드,5
streetwearaddicted,5
streetwear,5
코리안어패럴,5
mo__k_s_,5
manswears,5
카고바지,5
이뻐요,5
오늘의코디,5
virtualstylist,5
아부나흐,5
아벨라워,5
정성,5
element,5
퀀타루반,5
주니어,5
highfashionblackmen,5
streetweardailys,5
supsu_b,5
캠벨타운위스키,5
시내,5
kyme_fluckez,5
옷사자,5
캐쥬얼,5
themost138,5
스페이사이드위스키,5
스판덱스,5
캐주얼,5
stylishstar,5
cozystreets,5
오픈카톡환영,5
유니크룩,5
menswears,5
아일레이위스키,5
dryfit,5
su_luxury,5
running,5
standardfit,5
mydailystreet,5
아방가르드,5
our,5
월드메르디앙2차,5
worldzzzang,5
엘리먼트,5
월드당구장,5
otsaza,5
nike_munjeong,5
nikemunjeong,5
limitededition,5
탈색,5
xxeojin_n,5
ootd💗,5
탑,5
아동복쇼핑몰,5
여성복,5
아동후드티,5
송파구,5
충장로,5
bowler_game_su_ni,5
instawear,5
okayjuju,5
아들옷,5
johnniewalkergold,5
유아동복,5
portellen,5
아메카지룩,5
queenr_0_0,5
조거바지,5
키즈룩,5
halfman,5
dm환영🙌,5
22,4
luv.u_jin,4
28,4
남자팀,4
gunwhale,4
h_g_n1,4
200202,4
23,4
24,4
20200214,4
happyhopsipa,4
남자옷가게,4
남자후드티,4
malt,4
halues________,4
makersmark,4
machir,4
h5__xxan on Instagra,4
20대,4
m2k테크노,4
hagyeong9575,4
25,4
yung1,4
greenportlager,4
9,4
나이키후드티,4
glamour__mall,4
5절지,4
나이키항공집업,4
나이키포스,4
나이키티셔츠,4
natureneedsheroes,4
나이키트레이닝,4
7만원대초반,4
7세딸,4
neat,4
nectardor,4
n110,4
ghirardelli,4
나이키직구,4
nick.j.roger,4
georgetstagg,4
나이키줌,4
94년생,4
nutty,4
freitag,4
97,4
나이키엠부쉬스카치바람막이,4
나이키에어맥스97,4
naminsub,4
3시간20분,4
greenlabel,4
globalspiritst,4
max270react,4
max90,4
30,4
gomdol_nail,4
남자데일리룩,4
maxreact,4
남자댄디룩,4
남자기모후드티,4
남자겨울코디,4
luisvitton,4
mgpbourbon,4
glenfiddich25,4
3가지,4
mgp버번,4
glenfarclas,4
mixxj_black_store,4
glendronachcs,4
moda,4
moksa,4
glendronach15,4
mt410,4
낚시용품,4
😷,4
낚시,4
남편생일상,4
1792,4
lost.seoul.man,4
112,4
justlive_95,4
달모어,4
달리기,4
juun_jik,4
k.i.m3312,4
단짠,4
hojimomming,4
kfood,4
단발씨컬펌,4
kicksjk9,4
kilchoman,4
11세언니수채화,4
111,4
hohohaircafe,4
다히헤어,4
다희헤어,4
kimberrylife,4
hiptreet230,4
king_s_glory,4
13579헤어,4
kings_physique,4
다이어리,4
13세언니연필화,4
kirsh,4
june.ciel,4
josephamagnusbourbon,4
142,4
inkliner,4
jaeyoung_jung,4
jameson18,4
01,4
03,4
04,4
jay.2011m,4
jbycodi,4
jesterking,4
jieun.kim__,4
대구나염,4
johnniewalkerblue,4
hsangho on Instagram,4
jordan6reflective,4
hor77748,4
대게,4
당첨,4
hoodie,4
hony_modern,4
homemade,4
homecooking,4
jordan6,4
05,4
053_daegu_timberland,4
100kiwoong,4
kjy_1013,4
kkyyua,4
lollypops,4
happyvalentinesday,4
17,4
노네임,4
laphroaig,4
넥타도르,4
네일스타그램,4
네일디자인,4
lasanta,4
ldy5245,4
네이버,4
leedolko_0806,4
97맥스,4
18yo,4
16년,4
18년,4
happyvalentines,4
lfl,4
life_vin_tage,4
19,4
너무힘들다,4
내셔널지오그래픽어패럴,4
내기볼링🎳,4
likeforlikes,4
1등은우리팀,4
20,4
lagavulin,4
16,4
knobcreek,4
hhjji2005,4
koonproject,4
highlandpark,4
koreanfood,4
koreanmakeup,4
니인생구제,4
뉴에라,4
kpba,4
뉴발운동화,4
뉴발란스410,4
뉴발란스,4
뉴발410,4
뉴발,4
뇌조,4
heliotemil,4
눈오는게_제일좋아,4
눈뽕샷,4
눈뽕,4
ksw910929,4
눈,4
15y,4
havefun,4
15년,4
l4l,4
누구든걸려라,4
fourroses,4
followforlike,4
9세아들,4
건대롯데,4
고독한자기관리,4
thankyou,4
고1,4
crabbie,4
theoir__,4
경남,4
경기도,4
bay,4
게시물,4
검색,4
timberland,4
건강,4
footfield1,4
today,4
거울,4
개쥬아💕,4
개강룩,4
trbb_leeeeee_sh,4
tripledistilled,4
cookstagram,4
triples,4
usa,4
cocktails,4
clubtension_official,4
tenis,4
swing,4
고마워,4
swcl,4
soju,4
son5ban on Instagram,4
denimbrand,4
spirit,4
springbank,4
balenciaga,4
ballantines21,4
delicious,4
관종룩,4
과장,4
stigmarla,4
street,4
ballcap,4
balvenie14,4
골프스타그램,4
골든블루,4
고어텍스,4
sub.___.in,4
dahit31,4
daa_hyuning,4
d,4
cyk__97,4
creamy,4
간지후드티,4
vapormax,4
가즈아,4
bunnahabbain,4
britishwhisky,4
wind_of_change_2017,4
blusurf,4
ファッション,4
wondongdong5,4
boanoite,4
スニーカー,4
bobbibrown,4
bobbibrowntrapac,4
xxc.sin111,4
bobbibrowntrkorea,4
boseon0228,4
bowlingswing,4
bowling,4
ᶜᴬᶠᴱ,4
ᴼᴼᵀᴰ,4
ᴳᴼᴸᶠˢᵀᴬᴳᴿᴬᴹ,4
ᴰᴬᴵᴸᵞ,4
invisible,4
yy_r01,4
young_j_03,4
yvesxk,4
yun.oo,4
willet,4
bunnahabhain,4
bebidadeldía,4
wick613,4
benriach,4
가족여행,4
가위,4
w_dongchan,4
class0321,4
whiskeycollection,4
choosy_woman,4
choddorai,4
benriach12,4
whiskeygram,4
whiskeylover,4
caolila,4
whiskeys,4
benriach12horizons,4
whiskeytasting,4
cantillonvigneronne,4
whiskeytime,4
bigstone_911,4
ㅋㅋㅋ,4
campbeltown,4
whiskylover,4
blanc_me_2,4
whiskymeet,4
교구,4
sofakingspecial,4
교류전,4
꿀잼,4
rarefind,4
airjordan,4
꼬냑,4
까까,4
김영남프로,4
raretemhomme,4
airmax90,4
길냥이,4
flex,4
feel_dero,4
release,4
fcmm,4
airmax95,4
famousgrouse,4
eyemakeup,4
rlatjfls_04,4
기획,4
aka_yeiiny,4
기초소묘,4
기초디자인,4
기초뎃생,4
기장,4
기분,4
꼴등은형과형수팀,4
airforce1,4
eyeliner,4
나들이,4
___kjy5015,4
_s_jjong,4
foodstagram,4
나이키시그널,4
ootd_songtan,4
a_chovy,4
foodsaway on Instagr,4
abysscat,4
accel._the_bike,4
adidasoweego,4
나이키베이퍼맥스,4
ozarkbeer,4
pak_sjsj,4
foodsaway,4
adidasozweego,4
perfecctlydefinedgeleyeliner,4
나이키리액트,4
yung96,4
pkim930,4
나이키레깅스,4
나이키드롭타입,4
adidasyung,4
queen0553292900,4
기모후드,4
ryan_mondai,4
구매가능life,4
army,4
귀여운네일,4
arran,4
siae_1115,4
귀도리,4
궁동,4
굵은웨이브,4
sim_custom,4
군인,4
asclo,4
diary,4
dessert,4
군것질,4
국내여행,4
sl헤어살롱,4
smokewagonbourbon,4
구산동미용실,4
asclo.official,4
구미,4
sneakers,4
snow,4
구명조끼,4
구매대행,4
azul,4
귀요미엄빠,4
dmsx,4
s.t_sonority,4
armagnac,4
eunjari_store,4
기디시험,4
elparquearlenito,4
대구색동나염,4
글리터네일,4
글렌피딕25,4
selectshop,4
sensitive_market85,4
글렌피딕12년,4
글렌캐런글라스,4
sewclassic,4
sexikomori,4
drop,4
drink,4
글랜피딕,4
근래새로들어온것중에가격이제일가능한가격,4
그림스타그램🎨,4
그림,4
그린라벨,4
그린,4
그리고비밀,4
그레이칼라,4
double8688,4
seescandies,4
🤭,4
대구여자,4
선라인,4
커플자켓,4
캔디,4
썬더스펙트라,4
아노락신상,4
아노락추천,4
친정나들이,4
친목,4
아디다스슈퍼스타,4
친구해요,4
아디다스영96,4
아디다스영원,4
아디다스컨티넨탈,4
친구,4
아란,4
아메리카노,4
쌍쌍게임,4
쌈무말이,4
쌈,4
신상맨투맨,4
시선강탈,4
시즈캔디,4
시험,4
신발겟,4
컬러전문점,4
신사,4
신상의류,4
싸인,4
신학기선물,4
신혼밥상,4
신혼스타그램,4
커플팀,4
심플네일,4
싱글몰트스카치,4
아미,4
취미그램,4
아이디어,4
어비스,4
야광,4
야마자키,4
양말스타그램,4
양말코디,4
청주,4
양키스,4
채색,4
애시샴프,4
어센틱블루,4
어쎔블,4
언스플릿,4
참치,4
얼짱미모,4
엄마가만든,4
애즈클로,4
애스타그램,4
아이메이크업,4
아티스트,4
충대,4
아자,4
아작,4
아테나,4
출근길,4
아트,4
악마캔디,4
초콜렛,4
출근,4
알마냑,4
알콜꼰대,4
추천,4
최고다,4
애쉬,4
케미,4
시래기국밥,4
시간,4
손스타그램,4
소통해요,4
소통환영,4
토끼귀도리,4
속초,4
손상제로🚫,4
토끼,4
테잎,4
소통그램,4
테이프,4
솔롱고스,4
쇼핑몰,4
테스팅,4
탈색추천,4
수원롯데백화점,4
토너먼트,4
소주,4
수입명품,4
셀카그램,4
트레일폭스,4
센텀시티,4
트래볼러,4
투핸드,4
셀베놈,4
투썸,4
셀프기프트,4
소스,4
셀프네일,4
소고기,4
퇴근해야지,4
통바지,4
소불고기,4
톤업,4
수육튀김,4
수채화,4
승,4
스쿠데리아,4
클래식,4
크래프트맥주,4
스카치집업,4
스카치트레이닝,4
쿡스타그램,4
스케치북,4
쿠치샵,4
클래식스니커즈,4
스트리트패션,4
스트릿웨어,4
스트링벡팩,4
스프링뱅크,4
스프링뱅크11년,4
코코,4
스카치자켓,4
스카치위스키,4
술먹방,4
스모크웨건위스키,4
쉼표,4
슈프림,4
스노우파우더가태,4
킬케란,4
스니커즈,4
스마일네일,4
킥스타그램,4
클럽제이에스,4
스웨트팬츠,4
스카치게임,4
스카치네일,4
스카치성애자,4
키르시맨투맨,4
키르시,4
엄브로,4
업그레이드,4
참이슬,4
이기자,4
음악스타그램,4
음주,4
의류브랜드,4
의류쇼핑몰,4
조커,4
이겨쪙,4
이로,4
유튜브스타그램,4
이미테이션,4
조지티스택,4
이벤트,4
이불밖은위험해,4
조던6리플렉티브,4
조던6,4
음식,4
유튜브구독,4
이지부스트500,4
위빙염색,4
울트라패션후기,4
워렌버핏,4
죄송합니다,4
원단프린팅,4
위례,4
위례2차아이파크,4
좋튀,4
유튜브,4
좋아요꾹,4
윈드브레이커코트,4
윈드쉴드,4
윈저,4
유니크한가방,4
유산소,4
조던3,4
이지부스트500솔트,4
울트라로또,4
제스터킹,4
입섹,4
잉크라이너,4
자수,4
자주가는바에서,4
제임슨위스키,4
작품,4
잘부탁해,4
일상스타,4
잘입을게,4
정액,4
잠실볼링장,4
전신샷,4
재미,4
재밌다,4
임페리얼,4
일상그램,4
이큅먼트,4
조니워커그린,4
이현동,4
조니워커블루,4
이현상가,4
익산,4
인기스타,4
인기쟁이,4
인생샷,4
일산,4
인생은도박,4
인터벌,4
인턴,4
일기,4
일기장,4
일본인,4
울트라패션,4
운동화추천,4
에센셜후드,4
염색탈색전문미용실,4
여행선물,4
집순이가족,4
여행에미치다,4
역전할머니맥주,4
연필화,4
집밖은위험해,4
영1,4
집술일기,4
영96,4
짐패션,4
예뻐지고싶다,4
짐웨어,4
예쁜네일,4
진주볼링장,4
집술러,4
집이최고야,4
예술교육,4
에어하이츠,4
찰칵📸,4
에어맥스97실버,4
에어맥스97올스카치,4
착화감굿,4
차돌,4
에어포스리액트,4
에이도트,4
여친선물추천,4
엘리먼트55,4
쭉티,4
여성의류,4
여자팀,4
여자후드,4
여친님이,4
예술,4
직구,4
운동복,4
와이드팬츠,4
주정뱅이,4
온라인,4
온라인주정뱅이,4
올드포레스터,4
올드풀티니,4
주룩주룩,4
와이프솜씨,4
중2,4
와치캡,4
왼손볼러,4
요리스타그램,4
용기,4
우리집식탁,4
주라숍,4
주차장에서,4
오프라인매장,4
증류주,4
오레곤먹방,4
오늘뭐신지,4
오늘은,4
중랑구,4
오늘의훈남,4
오랜만에,4
오랜만에눈,4
중구미용실_구동연헤어,4
중3,4
오렌지,4
오버랜드,4
중구메이크업_구동연헤어,4
오버사이즈,4
오사카,4
오징어볶음,4
선물스타그램,4
숙주,4
박스티,4
핑크,4
문의는디엠주세요,4
하이엔드,4
미군,4
미군바람막이,4
미니멀리즘,4
미니멀리즘패션,4
미역국,4
하이볼,4
미팅룸,4
믹쓰제이,4
밀리터리룩,4
하울,4
밀크브라운염색후,4
바닐라,4
바람막이점퍼,4
하이츠,4
무채색,4
무슨논리지🤔,4
멸망전,4
메쉬,4
메이커스마크,4
메즈칼,4
멜리아,4
핫플,4
핡,4
명동영플라자,4
하지만맘에듬😍,4
한우,4
한국며느리,4
명품편집샵,4
모아니면도,4
몬스터리퍼블릭백팩,4
무그360,4
하루,4
필웨이,4
푸드스타그램,4
바비브라운,4
플래쉬네일,4
플래쉬,4
프린팅,4
프로그,4
반월당구동연헤어,4
프라이탁,4
발렌타인21,4
발렌타인데이,4
발상,4
밝은염색으로,4
풋살,4
밥내기,4
푸마트레일폭스,4
방수바람막이,4
푸마베놈,4
플래쉬네일글리터,4
플랜테이션럼,4
반스리이슈,4
피트위스키,4
바비브라운아이라이너,4
필대로,4
피트인데,4
바틀,4
샵,4
반기모,4
피트니스패션,4
플레이팅,4
반반체크셔츠,4
피트니스웨어,4
피트니스스타,4
피트니스,4
피지컬가먼츠,4
피어오브갓후드,4
먹어봐야죠,4
먹방,4
먹고,4
머스트잇,4
횡성한우,4
회색양말,4
회,4
두아이엄마,4
황학동볼링볼링,4
드러그위드아웃사이드이펙트,4
화장실사건,4
화이트홀스,4
드롭타입,4
등산,4
디엠주세요,4
화성,4
화려한밤,4
땀복,4
뜨밤,4
동탄,4
후덕후덕🐷,4
훈남,4
더그라운드,4
👍🏼,4
대리,4
🎳,4
힐링여행,4
대학생,4
히비키,4
더와르,4
동래,4
히또비또,4
데구르르,4
휴마라,4
훈남룩,4
도쿄,4
독일직구,4
라가불린,4
라떼,4
람빅,4
맥18y_1988버전으로,4
마산,4
마이쉘터자켓,4
말년,4
맛있다,4
맞팔로우,4
맞팔해요,4
허쉬컷,4
리액트,4
맥스90nrg,4
맥스97실버,4
맥스97올스카치,4
맥스플러스3,4
맨즈룩,4
머리잘하는곳👍💕,4
리액트엘리먼트55,4
헨리멕케나,4
러닝,4
렛츠볼,4
레드브레스트,4
레어템옴므,4
홈트,4
홈테이블,4
홈쿡스타그램,4
레플리카문의,4
로얄살루트21년산리미티드에디션,4
헨리오트에밀,4
롤리팝,4
루이비통,4
루이비통모자,4
헿,4
리그전,4
헬스타그램,4
푸마,4
저녁,4
표현,4
볼스타그램,4
북구미용실_구동연헤어,4
부평,4
부추,4
부장,4
사원,4
팔로잉,4
사탕,4
부위별,4
포로지즈,4
팔로우미,4
부분탈색브릿지,4
부부스타그램,4
봉담볼링센터,4
빔,4
포스리액트,4
삼계동미용실,4
파주,4
봄잠바,4
파이팅,4
삼산동,4
봄자켓,4
포칫글리터,4
볼장은갠츈,4
사워에일,4
사상,4
불토,4
펌,4
패션컬러,4
패션코디,4
빤짝빤짝,4
비오네,4
비앤비,4
비밀기지,4
퍼펙틀리디파인드젤아이라이너,4
비기,4
블루,4
블로그,4
페라리,4
사랑받는여자,4
편안한,4
뽈링조앙,4
뿜뿜,4
뿜뿜글리터,4
블랙시멘트,4
삐에로쇼핑,4
블랙레오파드,4
블랙,4
포로즈즈,4
불편함,4
상냥한,4
산토리,4
상봉동,4
베이지브라운,4
베놈,4
포칫뿜뿜,4
포틀랜드,4
상봉역,4
상쾌한,4
새운동화,4
특가,4
범피,4
베이퍼맥스,4
베이퍼맥스3,4
볼링장투어🚗,4
생일가랜드,4
생일스타그램,4
생일파티,4
팀버랜드,4
포트앨런,4
번쩍번쩍,4
포칫네일,4
볼링모임,4
버켄스탁슬리퍼,4
볼링상사유튜브,4
버켄스탁,4
볼링그램,4
볼링상사,4
트리플에스,4
복탕슉,4
복식,4
복숭아뼈,4
존맛탱,3
홍가,3
호아바,3
좋,3
전신거울,3
트레이닝맛집,3
2019,3
goodpeeps,3
britishfood,3
홈랜드,3
트리플화이트,3
탈리스만,3
점심시간,3
bowmore18,3
gooddrink,3
트랙자켓,3
패딩자켓,3
제스터,3
🎒,3
21yearsold,3
젤카야노5,3
062_official,3
홍가샵,3
제스터레이스드,3
조거맥스,3
조거플렉스,3
팀전,3
파라노이즈포스,3
happymina2,3
후드아노락,3
후드점퍼,3
bclife,3
판매,3
후드패딩,3
조던1,3
판촉물,3
조던1제스터,3
hedonism,3
젤카야노,3
홍보물제작,3
조던모자,3
hello_brolly,3
조던볼캡,3
티셔츠추천,3
제작,3
11,3
탈리스커,3
betgures,3
h.d.club,3
홍보물,3
홍보,3
트화,3
팔콘,3
좌동,3
cask,3
bar,3
찍찍이신발,3
캐주얼점퍼,3
포켓,3
a5km____jiyounglee,3
armykyb,3
_vintage_y,3
커플츄리닝,3
착한가격,3
falcon,3
찍찍이,3
패딩점퍼,3
fdgqlf451,3
짜장면,3
cow_js,3
컬러3종,3
conershop_,3
compassbox,3
coldsandroom,3
포스하이,3
da_h_04 on Instagram,3
캐롬,3
포켓볼,3
첨단,3
폭풍업뎃,3
폭주상품,3
츄리닝맛집,3
anoa,3
dr.u_wonil,3
최저가,3
카모,3
카야노,3
e.hyeon_bowling,3
칼하트,3
dailygram,3
칼하트워크웨어,3
칼하트워크자켓,3
칼하트자켓,3
캐나다,3
elijahcraig,3
ardbeg,3
8컬러,3
포스1타입,3
followers,3
핵인싸,3
죽빵,3
catstagram,3
cat,3
주문폭주,3
amugae_story,3
편한옷,3
주문제작,3
carom,3
허드슨베이비버번,3
ballantine,3
glengyle,3
cambletown,3
2가지,3
ballantineswhisky,3
29,3
주니어룩,3
gold,3
cheerstolife,3
30yearsold,3
followforfollowback,3
choi_iron,3
코리안숏헤어,3
코치자켓,3
학교,3
foodbin_813,3
4구,3
학교가방,3
진주,3
ato_sister_v,3
3구,3
한잔할까,3
중대,3
gel,3
콘위스키,3
콜드샌드,3
항공점퍼신상,3
geoje_dakcheong,3
해운대당구클럽,3
billiards🎱,3
21년,3
장산,3
보급형,3
보모어18년,3
봄비,3
구제의류판매,3
구제의류,3
구제옷,3
부산당구,3
구매디엠,3
뷰티스타그램,3
블랙카모,3
과메기,3
공주옷,3
공육이,3
공용티,3
블로그마켓,3
골든윈,3
보모어,3
벳규어스,3
반스슬립온,3
근데,3
깜짝,3
까망베르치즈튀김,3
반스하이,3
반집업,3
밤엔야광ㅎㅎ,3
기업홍보,3
기본티,3
기본스타일,3
방수아노락,3
백로고,3
밴쿠버,3
기념품제작,3
기념품,3
베나시,3
베이비룩,3
빈티지y,3
빈티지샵,3
빈티지의류,3
빈티지의류판매,3
셀,3
タリスカー,3
셀스타그램📷,3
소매퍼프,3
❤,3
yㅡ3,3
youngkiyoungcha,3
youn_ssso,3
쇼핑몰구입시20,3
숏점퍼,3
숏패딩,3
whiskystagram,3
슈퍼스타파운데이션,3
스낵,3
whiskycricket,3
バー,3
세일가,3
선물추천,3
갖고싶다,3
사구,3
사이즈프리,3
사탕아님,3
거지,3
거울샷,3
삼구,3
강주명프로,3
서면옷집,3
강습,3
상무지구,3
새학기,3
새학기가방,3
생활방수,3
샤크노시스,3
반스찍찍이,3
반스스케이트하이,3
스카치스낵,3
된장포스,3
뒷로고,3
다음,3
다렉,3
따라하기,3
따로따로,3
라인나이키아노락,3
라인팬츠,3
런스타,3
레슨,3
레이어드로,3
노블에일웍스,3
레이어드티셔츠,3
넷플릭스,3
레플리카,3
로고아노락,3
다잉티,3
동호회,3
나도,3
동묘패션,3
장마,3
대량구매,3
대만족👍,3
대박세트,3
대박트레이닝,3
댓글,3
당구큐,3
당구장,3
덕천,3
답례품추천,3
답례품,3
동묘구제,3
동묘구제시장,3
동묘룩,3
동묘빈티지,3
리복농구화,3
내맘대로🤭😁,3
리복샤크노시스,3
마리나블루,3
미치광이,3
나이키슬리퍼,3
나이키샌들,3
나이키빅로고,3
나이키볼캡,3
나이키모자,3
나이키모나크,3
박성광씨감사해요,3
나이키런닝,3
반딧불이,3
반사,3
나매,3
나렌시아가,3
나들이복,3
반사스카치크루넥베이직티셔츠,3
미국일상,3
문의주세요,3
무브360,3
멜로콘,3
남자패션,3
남자점퍼,3
맥스,3
남여공용아노락,3
남여공용바람막이,3
남매맘,3
남녀공용커플룩,3
몰트바,3
남녀공용아노락,3
남녀,3
명품우산,3
낡은옷장,3
모나크4,3
모던타임즈,3
스무드엠블러,3
남고딩,3
westcoast,3
아무나환영,3
orkney,3
orkneyislands,3
엘라이져크레이그,3
에어포스,3
에어모나크,3
pba,3
peatmonster,3
koreanshorthair,3
에어맥스97골프,3
의류맛집,3
에그,3
얼집룩,3
어센틱44dx,3
어센틱,3
어린이,3
의류판매,3
sale,3
kirkwallisland,3
scotchegg,3
애너하임,3
scotland,3
kirkwall,3
scotlandexplore,3
scotlandlover,3
안전,3
아토언니,3
sherry,3
여고생,3
육아소통,3
유니섹스티셔츠,3
n354,3
mdr,3
mellowcornwhiskey,3
오프라인,3
mixxj_black,3
올드스쿨자켓,3
옷스타,3
marenj5050,3
오늘의밥상,3
monster_republic,3
우산,3
워싱티,3
오늘만하기싫은척,3
nas,3
ogflyofhigh,3
예쁜우산,3
워크자켓,3
예쁘게입어주신,3
영국음식_맛없다고_누가누가_말했나,3
월회원,3
영국음식,3
위스키스타그램,3
no_sori_en,3
noname,3
oakcross,3
위스키안주,3
위스키입문,3
maxplus3,3
아식스젤,3
아디다스팔콘,3
jcocojcoco,3
인기템,3
인기티셔츠,3
인싸,3
인천맘,3
talisker,3
talisman,3
슬립온키즈,3
tk13rock,3
jmt,3
tomatin,3
스케이트하이,3
스카치티셔츠,3
일회원,3
이현볼링장,3
vancity,3
islaywhisky,3
inwoo_112,3
잘먹었습니다,3
vintage,3
ilkeforfollow,3
vintage_sns,3
vintageshop,3
ibbm_dada,3
visioneer4,3
스카치에그,3
hudsonbabybourbon,3
sinsadongjae on Inst,3
superstar,3
신발덕후의길,3
이쁘면다다,3
아디다스불꽃,3
아디다스라스칼,3
아드벡,3
아동복,3
아동,3
smoothambler,3
아노락후드,3
아노락코디,3
sns구매가능,3
so._.jueng,3
아노락스카치,3
신발은,3
maxplus,3
spicetree,3
써드위브백팩,3
신사동,3
신상두,3
실세광복이,3
써드위브,3
이쁜아동복,3
k_y__jae,3
이지패배,3
kilkerran,3
썬더,3
04년생,2
작업,2
룩북,2
good_2_me,2
조심,2
뉴욕,2
17살,2
롯데제과,2
오프화이트,2
코로나,2
베이퍼스트릿,2
고등학생,2
캔디볼,2
산들촌,2
생일,2
생일선물,2
swoosh,2
스테판야노스키,2
양면테이프,2
스카치캔디볼스낵,2
소비,2
소확행,2
스카치캔디볼,2
yellow,2
vaporstreet,2
bright_hoho,2
체크무늬,2
스카치캔디,2
nikesb,2
ootdfashion,2
mklee2food,2
필수,2
나이키sb,2
mklee2,2
offwhite,2
offwhitevaporstreet,2
오늘의룩,2
fevertime,2
나이키테크노,2
풋셀,2
피버타임,2
614,1
613,1
615,1
616,1
617,1
612,1
611,1
618,1
610,1
609,1
690,1
583,1
619,1
620,1
607,1
621,1
622,1
623,1
624,1
625,1
626,1
627,1
628,1
629,1
630,1
631,1
632,1
608,1
600,1
606,1
581,1
584,1
585,1
586,1
587,1
588,1
589,1
590,1
591,1
592,1
593,1
582,1
580,1
605,1
634,1
594,1
595,1
596,1
597,1
598,1
599,1
601,1
602,1
603,1
604,1
633,1
650,1
635,1
636,1
665,1
666,1
667,1
668,1
669,1
670,1
671,1
672,1
673,1
674,1
689,1
675,1
676,1
688,1
677,1
687,1
678,1
686,1
685,1
684,1
683,1
682,1
679,1
578,1
681,1
664,1
663,1
662,1
648,1
637,1
638,1
639,1
640,1
641,1
642,1
643,1
644,1
645,1
646,1
647,1
649,1
661,1
680,1
651,1
652,1
653,1
654,1
655,1
656,1
657,1
658,1
659,1
660,1
579,1
499,1
577,1
491,1
493,1
494,1
495,1
496,1
497,1
498,1
473,1
500,1
501,1
502,1
503,1
504,1
505,1
506,1
507,1
508,1
509,1
510,1
511,1
512,1
513,1
514,1
515,1
516,1
517,1
492,1
490,1
519,1
489,1
472,1
471,1
470,1
469,1
468,1
474,1
475,1
476,1
477,1
467,1
692,1
478,1
466,1
465,1
479,1
464,1
480,1
481,1
482,1
483,1
484,1
485,1
486,1
487,1
488,1
518,1
520,1
576,1
549,1
551,1
552,1
553,1
554,1
555,1
556,1
557,1
558,1
559,1
560,1
561,1
562,1
563,1
564,1
565,1
566,1
567,1
568,1
569,1
570,1
571,1
572,1
573,1
574,1
575,1
550,1
548,1
521,1
547,1
522,1
523,1
524,1
525,1
526,1
527,1
528,1
529,1
530,1
531,1
532,1
533,1
534,1
535,1
536,1
537,1
538,1
539,1
540,1
541,1
542,1
543,1
544,1
545,1
546,1
691,1
846,1
693,1
838,1
840,1
841,1
842,1
843,1
844,1
845,1
462,1
847,1
848,1
849,1
850,1
851,1
852,1
853,1
854,1
855,1
856,1
857,1
858,1
859,1
860,1
861,1
862,1
863,1
864,1
839,1
837,1
866,1
836,1
811,1
812,1
813,1
814,1
815,1
816,1
817,1
818,1
819,1
820,1
821,1
822,1
823,1
824,1
825,1
826,1
827,1
828,1
829,1
830,1
831,1
832,1
833,1
834,1
835,1
865,1
867,1
809,1
896,1
898,1
899,1
900,1
901,1
902,1
903,1
904,1
905,1
906,1
907,1
908,1
909,1
910,1
911,1
912,1
913,1
914,1
915,1
916,1
917,1
918,1
919,1
920,1
921,1
922,1
897,1
895,1
868,1
894,1
869,1
870,1
871,1
872,1
873,1
874,1
875,1
876,1
877,1
878,1
879,1
880,1
881,1
882,1
883,1
884,1
885,1
886,1
887,1
888,1
889,1
890,1
891,1
892,1
893,1
810,1
808,1
694,1
722,1
724,1
725,1
726,1
727,1
728,1
729,1
730,1
731,1
732,1
733,1
734,1
735,1
736,1
737,1
738,1
739,1
740,1
741,1
742,1
743,1
744,1
745,1
746,1
747,1
748,1
723,1
721,1
750,1
720,1
695,1
696,1
697,1
698,1
699,1
700,1
701,1
702,1
703,1
704,1
705,1
706,1
707,1
708,1
709,1
710,1
711,1
712,1
713,1
714,1
715,1
716,1
717,1
718,1
719,1
749,1
751,1
807,1
780,1
782,1
783,1
784,1
785,1
786,1
787,1
788,1
789,1
790,1
791,1
792,1
793,1
794,1
795,1
796,1
797,1
798,1
799,1
800,1
801,1
802,1
803,1
804,1
805,1
806,1
781,1
779,1
752,1
778,1
753,1
754,1
755,1
756,1
757,1
758,1
759,1
760,1
761,1
762,1
763,1
764,1
765,1
766,1
767,1
768,1
769,1
770,1
771,1
772,1
773,1
774,1
775,1
776,1
777,1
463,1
308,1
461,1
143,1
145,1
146,1
147,1
148,1
149,1
150,1
151,1
152,1
153,1
154,1
155,1
156,1
157,1
158,1
159,1
160,1
161,1
162,1
163,1
164,1
165,1
166,1
167,1
168,1
169,1
144,1
142,1
171,1
141,1
116,1
117,1
118,1
119,1
120,1
121,1
122,1
123,1
124,1
125,1
126,1
127,1
128,1
129,1
130,1
131,1
132,1
133,1
134,1
135,1
136,1
137,1
138,1
139,1
140,1
170,1
172,1
114,1
201,1
203,1
204,1
205,1
206,1
207,1
208,1
209,1
210,1
211,1
212,1
213,1
214,1
215,1
216,1
217,1
218,1
219,1
220,1
221,1
222,1
223,1
224,1
225,1
226,1
227,1
202,1
200,1
173,1
199,1
174,1
175,1
176,1
177,1
178,1
179,1
180,1
181,1
182,1
183,1
184,1
185,1
186,1
187,1
188,1
189,1
190,1
191,1
192,1
193,1
194,1
195,1
196,1
197,1
198,1
115,1
113,1
460,1
27,1
29,1
30,1
31,1
32,1
33,1
34,1
35,1
36,1
37,1
38,1
39,1
40,1
41,1
42,1
43,1
44,1
45,1
46,1
47,1
48,1
49,1
50,1
51,1
52,1
53,1
28,1
26,1
55,1
25,1
6,1
5,1
4,1
7,1
3,1
8,1
2,1
9,1
10,1
11,1
12,1
13,1
1,1
14,1
924,1
15,1
16,1
17,1
18,1
19,1
20,1
21,1
22,1
23,1
24,1
54,1
56,1
112,1
85,1
87,1
88,1
89,1
90,1
91,1
92,1
93,1
94,1
95,1
96,1
97,1
98,1
99,1
100,1
101,1
102,1
103,1
104,1
105,1
106,1
107,1
108,1
109,1
110,1
111,1
86,1
84,1
57,1
83,1
58,1
59,1
60,1
61,1
62,1
63,1
64,1
65,1
66,1
67,1
68,1
69,1
70,1
71,1
72,1
73,1
74,1
75,1
76,1
77,1
78,1
79,1
80,1
81,1
82,1
228,1
229,1
230,1
375,1
377,1
378,1
379,1
380,1
381,1
382,1
383,1
384,1
385,1
386,1
387,1
388,1
389,1
390,1
391,1
392,1
393,1
394,1
395,1
396,1
397,1
398,1
399,1
400,1
401,1
376,1
374,1
403,1
373,1
348,1
349,1
350,1
351,1
352,1
353,1
354,1
355,1
356,1
357,1
358,1
359,1
360,1
361,1
362,1
363,1
364,1
365,1
366,1
367,1
368,1
369,1
370,1
371,1
372,1
402,1
404,1
231,1
433,1
435,1
436,1
437,1
438,1
439,1
440,1
441,1
442,1
443,1
444,1
445,1
446,1
447,1
448,1
449,1
450,1
451,1
452,1
453,1
454,1
455,1
456,1
457,1
458,1
459,1
434,1
432,1
405,1
431,1
406,1
407,1
408,1
409,1
410,1
411,1
412,1
413,1
414,1
415,1
416,1
417,1
418,1
419,1
420,1
421,1
422,1
423,1
424,1
425,1
426,1
427,1
428,1
429,1
430,1
347,1
346,1
345,1
259,1
261,1
262,1
263,1
264,1
265,1
266,1
267,1
268,1
269,1
270,1
271,1
272,1
273,1
274,1
275,1
276,1
277,1
278,1
279,1
280,1
281,1
282,1
283,1
284,1
285,1
260,1
258,1
344,1
257,1
232,1
233,1
234,1
235,1
236,1
237,1
238,1
239,1
240,1
241,1
242,1
243,1
244,1
245,1
246,1
247,1
248,1
249,1
250,1
251,1
252,1
253,1
254,1
255,1
256,1
286,1
287,1
288,1
289,1
319,1
320,1
321,1
322,1
323,1
324,1
325,1
326,1
327,1
328,1
329,1
330,1
331,1
332,1
333,1
334,1
335,1
336,1
337,1
338,1
339,1
340,1
341,1
342,1
343,1
318,1
317,1
316,1
301,1
290,1
291,1
292,1
293,1
294,1
295,1
296,1
297,1
298,1
299,1
300,1
302,1
315,1
303,1
304,1
305,1
306,1
307,1
309,1
310,1
311,1
312,1
313,1
314,1
923,1
1408,1
925,1
1533,1
1535,1
1536,1
1537,1
1538,1
1539,1
1540,1
1541,1
1542,1
1543,1
1544,1
1545,1
1546,1
1547,1
1548,1
1549,1
1550,1
1551,1
1552,1
1553,1
1554,1
1555,1
1556,1
1557,1
1558,1
1559,1
1534,1
1532,1
1561,1
1531,1
1506,1
1507,1
1508,1
1509,1
1510,1
1511,1
1512,1
1513,1
1514,1
1515,1
1516,1
1517,1
1518,1
1519,1
1520,1
1521,1
1522,1
1523,1
1524,1
1525,1
1526,1
1527,1
1528,1
1529,1
1530,1
1560,1
1562,1
1504,1
1591,1
1593,1
1594,1
1595,1
1596,1
1597,1
1598,1
1599,1
1600,1
1601,1
1602,1
1603,1
1604,1
1605,1
1606,1
1607,1
1608,1
1609,1
1610,1
1611,1
1612,1
1613,1
1614,1
1615,1
1616,1
1617,1
1592,1
1590,1
1563,1
1589,1
1564,1
1565,1
1566,1
1567,1
1568,1
1569,1
1570,1
1571,1
1572,1
1573,1
1574,1
1575,1
1576,1
1577,1
1578,1
1579,1
1580,1
1581,1
1582,1
1583,1
1584,1
1585,1
1586,1
1587,1
1588,1
1505,1
1503,1
1388,1
1417,1
1419,1
1420,1
1421,1
1422,1
1423,1
1424,1
1425,1
1426,1
1427,1
1428,1
1429,1
1430,1
1431,1
1432,1
1433,1
1434,1
1435,1
1436,1
1437,1
1438,1
1439,1
1440,1
1441,1
1442,1
1443,1
1418,1
1416,1
1445,1
1415,1
1390,1
1391,1
1392,1
1393,1
1394,1
1395,1
1396,1
1397,1
1398,1
1399,1
1400,1
1401,1
1402,1
1403,1
1404,1
1405,1
1406,1
1407,1
대구탈색,1
1409,1
1410,1
1411,1
1412,1
1413,1
1414,1
1444,1
1446,1
1502,1
1475,1
1477,1
1478,1
1479,1
1480,1
1481,1
1482,1
1483,1
1484,1
1485,1
1486,1
1487,1
1488,1
1489,1
1490,1
1491,1
1492,1
1493,1
1494,1
1495,1
1496,1
1497,1
1498,1
1499,1
1500,1
1501,1
1476,1
1474,1
1447,1
1473,1
1448,1
1449,1
1450,1
1451,1
1452,1
1453,1
1454,1
1455,1
1456,1
1457,1
1458,1
1459,1
1460,1
1461,1
1462,1
1463,1
1464,1
1465,1
1466,1
1467,1
1468,1
1469,1
1470,1
1471,1
1472,1
1618,1
1619,1
1620,1
1764,1
1766,1
1767,1
1768,1
1769,1
1770,1
1771,1
1772,1
1773,1
1774,1
1775,1
1776,1
1777,1
1778,1
1779,1
1780,1
1781,1
1782,1
1783,1
1784,1
1785,1
1786,1
1787,1
1788,1
1789,1
1790,1
1765,1
1763,1
1792,1
1762,1
1737,1
1738,1
1739,1
1740,1
1741,1
1742,1
1743,1
1744,1
1745,1
1746,1
1747,1
1748,1
1749,1
1750,1
1751,1
1752,1
1753,1
1754,1
1755,1
1756,1
1757,1
1758,1
1759,1
1760,1
1761,1
1791,1
1793,1
1621,1
1822,1
1824,1
1825,1
1826,1
1827,1
1828,1
1829,1
1830,1
1831,1
1832,1
1833,1
13,1
풀예약,1
balvenie17,1
패션아이템,1
키크기펌,1
키늘리는펌,1
클라우드화이트,1
crossfittuzi,1
진주시,1
조니워커골드,1
이지부스트350v2,1
kimhj_strike,1
씨컬펌,1
신발끈,1
볼륨만,1
1823,1
1821,1
1794,1
1820,1
1795,1
1796,1
1797,1
1798,1
1799,1
1800,1
1801,1
1802,1
1803,1
1804,1
1805,1
1806,1
1807,1
1808,1
1809,1
1810,1
1811,1
1812,1
1813,1
1814,1
1815,1
1816,1
1817,1
1818,1
1819,1
1736,1
1735,1
1734,1
1649,1
1651,1
1652,1
1653,1
1654,1
1655,1
1656,1
1657,1
1658,1
1659,1
1660,1
1661,1
1662,1
1663,1
1664,1
1665,1
1666,1
1667,1
1668,1
1669,1
1670,1
1671,1
1672,1
1673,1
1674,1
1675,1
1650,1
1648,1
1733,1
1647,1
1622,1
1623,1
1624,1
1625,1
1626,1
1627,1
1628,1
1629,1
1630,1
1631,1
1632,1
1633,1
1634,1
1635,1
1636,1
1637,1
1638,1
1639,1
1640,1
1641,1
1642,1
1643,1
1644,1
1645,1
1646,1
1676,1
1677,1
1678,1
1679,1
1708,1
1709,1
1710,1
1711,1
1712,1
1713,1
1714,1
1715,1
1716,1
1717,1
1718,1
1719,1
1720,1
1721,1
1722,1
1723,1
1724,1
1725,1
1726,1
1727,1
1728,1
1729,1
1730,1
1731,1
1732,1
1707,1
1706,1
1705,1
1691,1
1680,1
1681,1
1682,1
1683,1
1684,1
1685,1
1686,1
1687,1
1688,1
1689,1
1690,1
1692,1
1704,1
1693,1
1694,1
1695,1
1696,1
1697,1
1698,1
1699,1
1700,1
1701,1
1702,1
1703,1
1389,1
1387,1
926,1
1070,1
1072,1
1073,1
1074,1
1075,1
1076,1
1077,1
1078,1
1079,1
1080,1
1081,1
1082,1
1083,1
1084,1
1085,1
1086,1
1087,1
1088,1
1089,1
1090,1
1091,1
1092,1
1093,1
1094,1
1095,1
1096,1
1071,1
1069,1
1098,1
1068,1
1043,1
1044,1
1045,1
1046,1
1047,1
1048,1
1049,1
1050,1
1051,1
1052,1
1053,1
1054,1
1055,1
1056,1
1057,1
1058,1
1059,1
1060,1
1061,1
1062,1
1063,1
1064,1
1065,1
1066,1
1067,1
1097,1
1099,1
1041,1
1128,1
1130,1
1131,1
1132,1
1133,1
1134,1
1135,1
1136,1
1137,1
1138,1
1139,1
1140,1
1141,1
1142,1
1143,1
1144,1
1145,1
1146,1
1147,1
1148,1
1149,1
1150,1
1151,1
1152,1
1153,1
1154,1
1129,1
1127,1
1100,1
1126,1
1101,1
1102,1
1103,1
1104,1
1105,1
1106,1
1107,1
1108,1
1109,1
1110,1
1111,1
1112,1
1113,1
1114,1
1115,1
1116,1
1117,1
1118,1
1119,1
1120,1
1121,1
1122,1
1123,1
1124,1
1125,1
1042,1
1040,1
1386,1
954,1
956,1
957,1
958,1
959,1
960,1
961,1
962,1
963,1
964,1
965,1
966,1
967,1
968,1
969,1
970,1
971,1
972,1
973,1
974,1
975,1
976,1
977,1
978,1
979,1
980,1
955,1
953,1
982,1
952,1
927,1
928,1
929,1
930,1
931,1
932,1
933,1
934,1
935,1
936,1
937,1
938,1
939,1
940,1
941,1
942,1
943,1
944,1
945,1
946,1
947,1
948,1
949,1
950,1
951,1
981,1
983,1
1039,1
1012,1
1014,1
1015,1
1016,1
1017,1
1018,1
1019,1
1020,1
1021,1
1022,1
1023,1
1024,1
1025,1
1026,1
1027,1
1028,1
1029,1
1030,1
1031,1
1032,1
1033,1
1034,1
1035,1
1036,1
1037,1
1038,1
1013,1
1011,1
984,1
1010,1
985,1
986,1
987,1
988,1
989,1
990,1
991,1
992,1
993,1
994,1
995,1
996,1
997,1
998,1
999,1
1000,1
1001,1
1002,1
1003,1
1004,1
1005,1
1006,1
1007,1
1008,1
1009,1
1155,1
1156,1
1157,1
1301,1
1303,1
1304,1
1305,1
1306,1
1307,1
1308,1
1309,1
1310,1
1311,1
1312,1
1313,1
1314,1
1315,1
1316,1
1317,1
1318,1
1319,1
1320,1
1321,1
1322,1
1323,1
1324,1
1325,1
1326,1
1327,1
1302,1
1300,1
1329,1
1299,1
1274,1
1275,1
1276,1
1277,1
1278,1
1279,1
1280,1
1281,1
1282,1
1283,1
1284,1
1285,1
1286,1
1287,1
1288,1
1289,1
1290,1
1291,1
1292,1
1293,1
1294,1
1295,1
1296,1
1297,1
1298,1
1328,1
1330,1
1158,1
1359,1
1361,1
1362,1
1363,1
1364,1
1365,1
1366,1
1367,1
1368,1
1369,1
1370,1
1371,1
1372,1
1373,1
1374,1
1375,1
1376,1
1377,1
1378,1
1379,1
1380,1
1381,1
1382,1
1383,1
1384,1
1385,1
1360,1
1358,1
1331,1
1357,1
1332,1
1333,1
1334,1
1335,1
1336,1
1337,1
1338,1
1339,1
1340,1
1341,1
1342,1
1343,1
1344,1
1345,1
1346,1
1347,1
1348,1
1349,1
1350,1
1351,1
1352,1
1353,1
1354,1
1355,1
1356,1
1273,1
1272,1
1271,1
1186,1
1188,1
1189,1
1190,1
1191,1
1192,1
1193,1
1194,1
1195,1
1196,1
1197,1
1198,1
1199,1
1200,1
1201,1
1202,1
1203,1
1204,1
1205,1
1206,1
1207,1
1208,1
1209,1
1210,1
1211,1
1212,1
1187,1
1185,1
1270,1
1184,1
1159,1
1160,1
1161,1
1162,1
1163,1
1164,1
1165,1
1166,1
1167,1
1168,1
1169,1
1170,1
1171,1
1172,1
1173,1
1174,1
1175,1
1176,1
1177,1
1178,1
1179,1
1180,1
1181,1
1182,1
1183,1
1213,1
1214,1
1215,1
1216,1
1245,1
1246,1
1247,1
1248,1
1249,1
1250,1
1251,1
1252,1
1253,1
1254,1
1255,1
1256,1
1257,1
1258,1
1259,1
1260,1
1261,1
1262,1
1263,1
1264,1
1265,1
1266,1
1267,1
1268,1
1269,1
1244,1
1243,1
1242,1
1228,1
1217,1
1218,1
1219,1
1220,1
1221,1
1222,1
1223,1
1224,1
1225,1
1226,1
1227,1
1229,1
1241,1
1230,1
1231,1
1232,1
1233,1
1234,1
1235,1
1236,1
1237,1
1238,1
1239,1
1240,1
0,1
