,RowSum
보드카,1168
샴페인,253
술스타그램,223
위스키,223
데낄라,188
칵테일,172
강남,159
술집,155
와인,154
클럽,143
돔페리뇽,136
일상,126
아르망디,119
강남클럽,111
플렉스,111
소통,102
훈녀,101
앱솔루트,101
좋아요,101
팔로잉,100
클럽페이스,95
클럽임팩트,95
클럽테이블,95
도깨비테이블,95
도깨비조각,95
미인,95
러브,95
md,95
미녀,95
도깨비게스트,95
도깨비,95
임팩트,95
사랑,95
로컬,95
클럽도깨비게스트,95
클럽도깨비,95
레이블,95
데이트,93
co___nan,93
kimhaedong8425,91
vodka,84
맛집,83
소주,81
혼술,80
술,68
데일리,66
follow,62
팔로우,61
Null,61
먹스타그램,60
맥주,60
이벤트,59
꼬냑,59
핫플,53
모임장소,52
파티,49
맞팔,48
진토닉,48
부산,47
이태원,47
여행,45
팔로우미,45
좋반,45
데일리그램,44
bar,43
분위기,43
진주라운지,42
진주바,42
와인바,42
진주술집,42
장소대여,42
커플데이트,42
진주맛집,42
프로젝트일공오일,42
진주시내술집,42
project1051,42
진주핫플,42
분위기좋은술집,42
진주가볼만한곳,42
아지트,42
프로젝트1051,42
프로젝트,42
파티룸,42
daily,41
스미노프,41
블라디보스톡,41
엑스레이티드,39
오늘한잔,38
펍,36
인친환영,36
선팔,36
followme,35
맛스타그램,35
토닉워터,35
러시아,35
홍대,35
칵테일바,35
가로수길술집,33
신사동와인바,33
winebar_hello,33
신사동술집,33
가로수길와인바,33
양주,33
예거,32
l4l,32
발베니,31
a_0______,31
아니라임인가,31
아는것만보인다,31
수집욕,31
맥캘란,31
무릎,31
퐐로퐐로퐐로우미⭕️,31
부커스,31
하쿠나마타타,31
songbly___ on Instag,31
ㅋㅋ,31
카발란,31
teuss3k,31
첫줄안녕,31
f4f,31
니캉내캉,31
독주가그리울때,31
어디보자,31
놉크릭,31
당분간노구입,31
주류상회,31
노가리,31
너랑나랑우리,31
딥키스,31
다음은일품이다,31
1m_sik7,31
40도쪽쪽,31
남대문주류상가,31
남대문시장,31
낙원상가쪽,31
해운대,31
히비키,31
이제그만,31
꿀잠,31
익선동맛집,31
newtypechan,31
존사람들과,31
달모어,31
글렌드로낙,31
글렌피딕,31
종각,31
hong_eodiboja,31
서면,30
directoragit,30
홈텐딩,29
리큐르,28
포트와인,27
벨루가,27
바,27
바이브,26
리버스,26
논모르드,26
포차끝판왕,26
벨포스,26
제이앤제이슨,26
서면클럽,26
서면맛집,26
부산클럽,26
01년생,26
그루브,26
무한질주,26
클럽블로썸,26
마하,26
무료입장,26
블로썸,26
혼술남녀,26
365일연중무휴,26
대전,25
진,25
헌팅,24
bevvybananaa,23
서울,23
수제맥주,23
여행스타그램,23
안산,23
russia,23
신사동데이트코스,22
신사동명소,22
pub,22
신사동데이트,22
라운지,22
낮술,22
hello,22
신사동가로수길술집,22
후카,22
가로수길추천명소,22
강남구술집,22
강남구맛집,22
시샤,22
물담배,22
가로수길데이트장소,22
가로수길데이트,22
헬로,22
좌식바,22
좌식카페,22
캐주얼펍,22
프리미엄라운지,22
바텐더,22
헬로우,22
instagood,22
룸술집,21
인천,21
생맥주,21
둔산동,21
모임,21
진주나이트,20
진주클럽,20
ena_yudeungbbang,20
01,20
모엣샹동,20
flex,20
단체모임,20
혼술스타그램,20
목로썸,19
분위기맛집,19
카페,19
여성2인,19
인싸,19
취미,18
셀피,18
인친,18
buffjinju,18
일상스타그램,18
바텐더지망생,18
파스타,18
대구,18
천안,17
vladivostok,17
청주,17
생일주,17
wine,17
jmt,17
신탄진술집,17
안산중앙동,17
바프리,17
관평동,17
다이어트,17
selfie,17
신탄진보드카,17
파스타맛집,17
중앙동,17
travel,17
신탄진맛집,17
럼,17
신탄진바나나,17
술안주,17
모엣,16
신사,16
강남플렉스,16
취한다,16
처인구술집,16
플렉스클럽,16
연어,16
한남동,16
호가든생맥주,16
에버랜드,16
좋아요반사,16
렉스호텔,16
flexclub,16
용인비누,16
블라디보스토크,16
음식,16
clubflex,16
논현,16
감성술집,16
비누,16
클럽플렉스,16
사진,16
용인여행,16
용인시내,16
부평,16
잠죽잠,16
감성,15
n.y_alcoholic on Ins,15
양평맛집,15
beer,15
양평술집,15
술내기,15
술게임,15
beluga,15
양평역5호선,15
양평혼술,15
서울양평,15
다트,15
디렉터아지트,15
맞팔해요,15
분위기깡패,15
peridot_dining,15
생일파티,15
단즈카,15
instadaily,15
대학생,15
압구정,15
양평다트,15
아이슬란드,14
먹방,14
안동카페,14
안동,14
안동레옹,14
안동맛집,14
안동술집,14
신혼,14
안동혼술,14
안동애견동반카페,14
안동펍,14
안동여행,14
집밥,14
안동애견동반술집,14
바텐더그램,14
cafe,14
dj,14
애견동반가능,14
용상레옹,14
용상맛집,14
용상술집,14
용상카페,14
lucky_inside,14
진저에일,14
와인맛집,13
제주술집,13
우렁이쌀,13
위스키바,13
황금보리,13
인스타그램,13
00,13
funlifebar2016,13
와인스타그램,13
레페,13
와인120종,13
오비,13
고산술집,13
대정술집,13
더채리엇,13
여성을위한술집,13
협재술집,13
할인매장,13
허니브라운,13
럼등,13
럽스타그램,13
합정,13
홈텐더,13
기네스,13
세계주류,13
몰트바,13
세계맥주200가지,13
스텔라아르투아,13
suwoul,13
상수,13
뵈브클리코,13
水月,13
프라이빗,13
서울의밤,13
한경술집,13
보드카싼집,13
수월,13
문경바람,13
선팔맞팔,13
반려동물출입가능,13
커플술집,13
선팔하면맞팔,13
assabeer_no.1,13
크룩,13
막걸리,13
초콜릿,13
한림술집,13
thechariot,13
the_chariot_official,13
아이스크림,13
아싸비어,13
첫줄반사,13
cocktail,12
맛있다,12
🍸,12
한잔,12
narrykimsickdang,12
anno_jk,12
여자,12
소고기,12
먹부림,12
일렉,11
커플여행,11
단골,11
선물,11
당근크림,11
캠핑,11
존맛탱,11
보드카입점,11
곰새우,11
기념품,11
보드카판매,11
와인사랑,11
인사이드클럽,11
인사이드,11
힙합,11
이태원메이드,11
블라디보스톡쇼핑,11
남자,11
음식스타그램,11
클럽인사이드,11
분위기좋은와인바,11
꿀시식,11
bestvladivostok,11
홍대핫플,11
꿀,11
블라디보스톡쇼핑리스트,11
홍대클럽,11
생일,11
홍대인사이드,11
와인파티,11
벨라야베료즈까,11
블라디보토크,11
가로수길데이트코스,11
돔페,11
레몬,11
메이드,11
취향저격,11
가로수길와인,11
럼주,11
가로수길아지트,11
해일로,11
친구,11
게스트,11
로즈돔페,11
알망,11
짐보관,11
친스타그램,11
모히또,11
츄다데이,11
무료짐보관,11
루스키스탄다르트,11
차가버섯,11
panino_panino_sandwi,11
아레나,11
베스트블라디보스톡,11
연말파티,11
독도새우,11
likeforfollow,11
그랜드피아노대여,10
이수파티룸,10
ootd,10
국산생맥주,10
neji9488,10
국산수제생맥주,10
시흥,10
나이트,10
가양동,10
사당파티룸,10
아그와디아블로,10
그랜드피아노,10
gull,10
아그와,10
맛있다그램,10
고잔동,10
sweety_young_,10
유럽여행,10
술추천,10
연주홀,10
대전주류,10
성인피아노,10
연습실,10
대전합동,10
셀스타그램,10
lfl,10
바틀샾,10
엑스,10
수입생맥주,10
야마하그랜드,10
유럽,10
샤슬릭,10
mingganzi,10
부킹,10
사케,10
iceland,10
아이슬란드여행,10
뉴에이지피아노,10
레드문,10
뉴에이지,10
북유럽,10
아이스크림250가지,10
photo,10
피아노연습실,10
피아노연습,10
청원주류,10
저녁,10
힐링여행,10
europe,10
event,10
chung_cheong_kim,10
피아노,10
크래프트맥주,10
fff,10
피아노레슨,10
해외여행,10
🇷🇺,10
포항여행,10
피아노모임,10
ansangreenjjanggguu,10
케플라비크,10
피아졸라오블리비언,10
포차,10
피아노연주,10
평일,10
파티룸대관,10
food,10
파티룸대여,10
피아졸라,10
피아노홀대여,10
수입맥주,9
맛집스타그램,9
용산구,9
응암동맛집,9
페리도트망원,9
육회,9
응암동,9
맛집추천,9
수육,9
홈파티,9
빠아니고괜찮은소주집,9
보드카맛집,9
98,9
한남대,9
페리도트,9
충대,9
홈쿡,9
화이트와인,9
99,9
팔로워,9
팔로우환영,9
추억,9
혼맥,9
페리도트응암,9
신혼부부,9
진로,9
바텐더스타그램,9
진짜,9
커피,9
simin.1231,9
칵테일스타그램,9
케이크,9
겨울여행,9
demeter_lounge,9
snowleopard,9
집밥스타그램,9
집술,9
여주,9
경기광주,9
водка,9
밥집,9
생파,9
데메테르라운지,9
데메테르,9
첫줄,9
새벽,9
칵테일맛집,9
봄베이,9
소통해요,9
좋반테러,9
홈바,9
심야식당,9
응암오거리,9
edm,9
이천시내,9
먹방스타그램,9
태극당골목,9
이천데이트코스,9
나만의감성,9
이천라운지,9
이태리포차,9
이천라운지펍,9
이천맛집,9
roomhof,9
이천술집,9
이천술집추천,9
스튜,9
이천이쁜술집,9
하이닉스,9
이천핫플레이스,9
이천클럽,9
이천펍,9
이천하이닉스,9
먹자골목,9
카스,9
이천데이트,9
💕,9
🍺,9
비스트로,9
이태원클라쓰,9
qoreogns,9
잔술,9
휴가,9
인생술집,9
이천,9
이천가볼만한곳,9
이천데메테르,9
이천핫플,9
binoo0701,8
오렌지주스,8
버드와이저,8
김량장동,8
알쓰,8
funcocktails,8
불금,8
스지조림,8
연인,8
진주카페,8
알콜,8
국물떡볶이,8
블랙러시안,8
발렌타인데이,8
에버랜드근처,8
안주맛집,8
❤,8
강화도,8
퇴근,8
술파티,8
동성로,8
듀체스,8
블라디보스톡여행,8
good,8
love,8
레드락생맥주,8
친구랑,8
밤조림,8
독수리전망대,8
모엣상동,8
주말,8
와인맥주,8
vanilra86,8
funlife,8
싱글몰트,8
salud_story,8
binoo,8
앱솔,8
순대골목,8
조양방직,8
champagne,8
용인맘,8
남자의취미,8
프레첼,8
제주돌문어,8
수제안주,8
swag,8
큰잔,8
blowsomeclub,8
daliy,8
가성비,8
사랑해,8
용인시,8
hei_mish_m on Instag,8
용인시장,8
보늬밤조림,8
용인중앙시장,8
야식,8
우리집,8
직장인,8
볼랭져,8
뽈뽀,8
여행에미치다,7
화로썸,7
팔로미,7
스티플,7
pokerchip,7
pokerchip_ansan,7
맥주스타그램,7
whisky,7
nike,7
카지노펍,7
이벤트펍,7
토너먼트홀덤,7
엡솔루트,7
like,7
이색데이트,7
바이칼호수,7
금카드,7
golfer,7
laterrace_yeosu,7
포카드,7
777,7
샷,7
블랙잭,7
대구술집,7
홀덤,7
absolut,7
mood,7
ak풀하우스,7
club_blowsome,7
drunk,7
20,7
club_yg,7
무드,7
푸드,7
초콜렛,7
jeongheon_mickelson,7
골드카드,7
랭커전,7
증류주,7
로티플,7
모스크바,7
맥주한잔,7
포커칩,7
소주한잔,7
버니니벨라,7
버니니,7
금,7
absolutvodka,7
소주스타그램,7
스카이보드카,7
강화도루지,6
강화도여행,6
강화도술집,6
강화도가볼만한곳,6
안주스타그램,6
셀기꾼,6
알탕,6
강화도카페,6
칵테일파티,6
친구네집,6
럭키인사이드,6
포항,6
💜,6
쏠트엔비네가,6
솔트엔비네가,6
신혼스타그램,6
초점나감,6
하이퍼서울,6
clara_krautr19,6
카지노,6
강화도펍,6
맛스타,6
salt.and.firstsnow,6
sadang_allin,6
카카오피즈,6
스폐셜,6
맞팔환영,6
selca,6
먹방샷,6
감바스,6
창원,6
집들이,6
집들이메뉴,6
해알못,6
미술관,6
찹스테이크,6
onthetable,6
9219_o_ on Instagram,6
아보카토,6
함께라즐거워,6
함께라빨라,6
함께라맛있어,6
먹스타,6
cook,6
뮤직펍,6
라자냐,6
여행1일차,6
tuujn___y,6
jelloshots,6
hi,6
22,6
대전갈비집,6
오늘의무료쿠폰,6
대흥동,6
댓반,6
고기가부들부들,6
ganghwa,6
샐러드,6
비건,6
놀이터,6
연어회,6
인스타,6
anna_jjo,6
griffinspub,6
griffinsganghwa,6
goodtimes,6
대게,6
비법반죽,6
goodevening,6
의류,6
1박2일,6
사쿠라테이엔,6
단체활동,6
요리그램,6
공릉술집,6
j.eun.n1ng,6
공릉맛집,6
젤로샷,6
dosolsol_i,6
공릉동술집,6
공릉동맛집,6
borisfrolov21394056,6
복숭아,6
온더테이블,6
부부,6
부부스타그램,6
오픈,6
인플루언서,6
환영,6
협찬,6
거울샷,6
skyyvodka,6
어피치,6
어플,6
드렁큰비건,6
드링크,6
ganghwaisland,6
건대,6
luckyinside,6
ganghwado,6
homecook,6
skyyinfusions,6
노원술집,6
luv._.pp,6
강화술집,6
성인,6
40년동안,6
강화맛집,6
강화도펜션,6
얼짱,6
두부김치,6
lifestyle,6
diet,6
korea,6
코로나꺼져,6
돈까스맛집,6
여신강림,6
일상그램,6
3일차,6
테라,6
그리핀스펍,6
젤리샷,6
여성의류,6
줌마그램,6
homemade,6
homecooking,6
돼지갈비,6
like4likes,6
ganghwalife,6
dinner,6
봄날씨,5
봄쭈꾸미,5
보드카파티,5
프로스트,5
바취업지망생,5
파스타전문점,5
몬턱에서만나,5
부드러운술,5
부드러운칵테일,5
america,5
amigo_alba,5
트레이더스,5
피순대,5
ㅜㅜ,5
모자이크,5
분위기좋는음식점,5
분위기좋은bar,5
불교,5
불닭치즈전,5
보드카토닉,5
베프랑,5
ㅋㅋㅋㅋㅋㅋ,5
배고픔,5
방화역,5
방화동술집,5
방화동,5
владивосток,5
방어회,5
미드소마,5
미르,5
미싸오하이싼,5
미아사거리,5
페이스오프,5
здравствуйте,5
россия,5
바베큐,5
페주주,5
펜션,5
평생지기들,5
바텐더의길,5
방화역푸지스,5
배대신,5
보드카추천,5
미니미,5
witch7903,5
퍼지네이블,5
병원,5
벨루가보드카,5
yeon_sil_s on Instag,5
푸지스,5
못난이,5
ㅅㅂ,5
베프스타그램,5
푸라닭,5
yeyefar,5
yu_sun_a,5
absolutapple,5
무순,5
yull_0307,5
zuzubar,5
zzero_yulmuu,5
잘생겼어,5
4f4,5
핑크레몬에이드,5
공덕역맛집,5
닭강정,5
달서구,5
2,5
단짝,5
단즈카애플,5
홍대bar,5
홍대맛집,5
다이닝수,5
홍대칵테일,5
광안리,5
구리맛집,5
화요일에남자,5
눈표범,5
눈,5
누룽지향,5
누구나마실수있는,5
1987엔틱스트리얼,5
닭곱창,5
공덕맛집,5
놀러오세요,5
닭알탕,5
호라이,5
호불호,5
계명대,5
호산동,5
데이뚜💕,5
고고가시작되면,5
고구마,5
고구마칵테일,5
더치커피,5
더치소주,5
댕댕이,5
22살,5
대부도펜션밸리,5
대부도,5
대관문의dm☎️,5
200220,5
닮은꼴,5
놀방,5
구미,5
계대정문,5
굴튀김,5
굼옛마당,5
나이는똥꾸멍으로먹는중,5
나무쓰,5
나무스,5
나도웃고싶다,5
나도몰라,5
힘들다,5
0524_blossom,5
🍹,5
꽃다발선물,5
🍻,5
🍾,5
👏👏👏👏👏,5
까페,5
김양이쏘는날,5
기억,5
기린,5
나이트클럽,5
굴찜,5
1943,5
날씨좋다,5
구수하다,5
노어능력자,5
노래방,5
후식도맛나,5
넵머이,5
네이버인플루언서,5
네이버뷰스타,5
넌매력적이야,5
후암동,5
낼출근실화가,5
내눈엔,5
낮에뜨는달,5
흑마녀,5
낮달,5
군고구마소주,5
흑마녀뷰티룸,5
흥부자된김양,5
계란말이,5
계대맛집,5
명이나물,5
가족,5
한라산토닉,5
말리부럼,5
말고기스테이크,5
가평,5
만난지3주년,5
막걸리맛집,5
한라산하이볼,5
마포맛집,5
간장육회,5
갈때가더라도,5
마일드팝콘,5
한산소곡주,5
한양대,5
한잔정도는괜찮잖아,5
루어낚시,5
한잔해요,5
루스키섬,5
맛스타그램😋,5
맛있당,5
강남랑데쟈뷰,5
맛집인정,5
하고싶다,5
_sun_land,5
하이네캔케그,5
하이네켄코리아로,5
하이볼,5
먹방로드,5
먹는,5
먹고싶다,5
가리비찜,5
맨날술이야,5
9개월아기,5
맞팔하면선팔,5
맞팔선팔환영,5
맞팔로우,5
맞팔그램,5
99년생,5
망원동맛집,5
롤챔스,5
해물탕집사장님가즈아💃💃,5
2살같은,5
딴집커피마시기,5
딱새우회,5
거울맛집,5
딜레마,5
겨울바다,5
드렁큰귀요미,5
드라이브,5
뒤에,5
두까페,5
동해시맛집,5
동해시,5
동해맛집,5
동경야시장,5
향만느껴봄,5
3월18일까지,5
현대원조닭알탕,5
현석이,5
2차,5
거울,5
땡큐,5
강대술집,5
라거파들의,5
럽스타그램💕,5
해운대bar,5
해운대맛집,5
4시,5
강북,5
강서구술집,5
불면증엔술이지,5
핵꾸르맛,5
랑데쟈뷰,5
랑데자뷰강남,5
랍스터,5
라즈베리,5
라임,5
라이온,5
라이거바이젠,5
라꿍라꿍❤️,5
라구니타스,5
불면증,5
사람이,5
붐베이사파이어,5
양꼬치,5
야경투어,5
야경맛집,5
앱솔피치🍑,5
앱솔루트어피치,5
앱솔루트보드카,5
dailystagram,5
애막골술집,5
mt420000,5
my_history_2019ing,5
mìxàohảisản,5
n._.ssk,5
진화,5
짐빔,5
짐빔위스키,5
짐빔하이볼,5
급여행🚗,5
omijjang6,5
야식사랑,5
양산,5
주사,5
dan_ha____2003,5
주주바,5
준코,5
여기거울맘에드네,5
엥,5
엘비스,5
엔다이닝,5
likeforlikeback,5
없으면큰일남,5
limbijey,5
littlewomen,5
어쩌라거,5
어우슼,5
지금보고싶다,5
지니,5
ddong_guk_180 on Ins,5
daymoon,5
malibu,5
안비밀,5
cầnthơ,5
쭈꾸미,5
찐친이랑,5
시흥사거리술집,5
시흥사거리,5
취한다😵,5
portowine,5
시사에,5
시나몬,5
스포츠중계pub,5
스파게티,5
prost,5
치킨,5
스쿨룩,5
스위트박스,5
슐미살롱,5
쉬는날,5
쉐이킹기법,5
술한잔해요,5
술좋아하는부부💑,5
pinklemonade,5
신방화역,5
춘천술집,5
아빠육아,5
아직도,5
뷰티블로거,5
아주좋아,5
oott,5
아이슬란드술,5
처음,5
p_danmuji on Instagr,5
아빠사랑해요,5
chury80,5
아빠바라기,5
아들맘소통,5
체리이모라,5
아구아밤,5
심심해,5
신촌맛집,5
신전떡볶이,5
주안,5
주문제작케이크,5
술이술술술,5
인간,5
이태원술집,5
friednoodles,5
이태원bar,5
foodstagram,5
이모네포차,5
이런곳이,5
이대맛집,5
hiphop6014,5
hm1114 on Instagram:,5
follow4follow,5
으악,5
율량동,5
육아,5
점퍼루,5
위스키하이볼,5
homme_8_30 on Instag,5
원주,5
이태원펍,5
인기명,5
kopke,5
저거뭐라읽는거냐,5
잘먹고잘놉니당,5
잘먹겠습니다❤️,5
작은아씨들,5
작게태어나크게크는중,5
자이언트베이비,5
있다니,5
잘생기진않아도,5
ghd6255,5
임은동,5
임비제이,5
잠실술집,5
일상소통,5
잠안오는이유,5
funlife_2016,5
재민이,5
인천주안,5
잭코,5
hyejin9683,5
워커,5
웃고보자오늘,5
울렁거려요😫,5
오늘은다이어트는엄쒀,5
jmtgr,5
예거마이스터,5
좋아요폭탄,5
keep,5
영국에서,5
영국남자,5
kim_dolpack,5
좋은사람들,5
연어스테이크,5
연어롭다,5
좋은사람들과,5
좋튀,5
주마다만남,5
연대맛집,5
연남동맛집,5
연날리기,5
좋반환영,5
오늘하루쉬자,5
좋반테러반사,5
dreamer__ri,5
f4follow,5
우리집스타일,5
조갈찜,5
ipa,5
iridescent_wonhyung,5
izui_3253,5
j___ysxx,5
좋반댓,5
jinee0772,5
온수스파,5
jaya.yul,5
오픈워밍업,5
jb_youk,5
jeon8072,5
오빠짱👍,5
jimbeam,5
reine_won,5
찹쌀보드카,5
소맥,5
belugaexport,5
taaka,5
코로나✋🏻,5
t1,5
shaking,5
샹그리아,5
biosignal2019,5
binstory,5
콜드브루,5
ss_22_b,5
사랑해😍,5
traum.with,5
beluganoble,5
콥케포트와인,5
쿤스,5
sj_4027,5
sweetpotatomousse,5
beerstagram,5
크래프트비어,5
속이,5
탐엔탐스에서,5
사는,5
cgv용산,5
코로나,5
세계맥주,5
blackjoe7,5
sj070318,5
since910113,5
세상힘들다,5
tagsforlikesapp,5
커피는노상관,5
소고기스테이크,5
서울역,5
silvia0501,5
빡채표,5
소꿉칭구🙊🙊,5
사과,5
킹콩뮤직타운,5
tflers,5
shymbulak,5
빈컴커피,5
소주맛집,5
타카,5
크루저보드,5
소통환영,5
순대,5
celebration,5
숙취,5
sweden,5
삼형제아빠,5
삼태기,5
크루저,5
beefvillain,5
cantho,5
술꾼,5
살찌는날,5
ucci_celina,5
삼촌사,5
sunghyun1288,5
블라디마니아,5
술술술,5
브로콜리,5
침불락,5
브런치,5
rlawldus1004,5
star_hyunmin,5
성서,5
ryanhong42,5
수가많은면쥬,5
u_nii00,5
생각이많아지는밤,5
sweetpotatococktails,5
수암골,5
c,5
수도원맥주,5
수면제,5
s.hy1109,5
택시투어,5
송촌동,5
jeolang,4
yeongjin0301,4
고려대,4
고래는못봐도,4
imissyou,4
jdining_cheongdam,4
과일치즈,4
관종,4
table,4
23,4
19학번,4
icebeariscold,4
jiniversity,4
x,4
2019hmj,4
suyeon0460,4
ele_beer,4
곰돌이,4
고품격,4
219,4
고양이,4
dokk__2,4
고마운자극,4
drinks,4
drunk_happy0_0,4
곰탱이,4
wind_drawing,4
earlybird,4
공포테마,4
whiskyphotography,4
wodka,4
과일,4
instagram,4
dsdkbk.room1,4
고프로,4
jamesarthur,4
jewelice99,4
rickykim.cozy,4
hyeyounkwon,4
광어회,4
0624.0831,4
그대걱정말아요,4
triplesec,4
그남자의주방,4
그나저나,4
fun,4
beerpub,4
friendship,4
귀여워,4
h_g_n1,4
happy,4
vivino,4
116시간,4
alkohol,4
friends,4
goldsignature,4
godmother,4
gimhaedong23,4
gangnam,4
uz__in,4
금주😙😙,4
금릉역,4
ballantines,4
금릉,4
b1,4
ballantines30,4
그리움,4
bbbongstyle,4
글랜피딕,4
그립다,4
art.somin,4
venttiii on Instagra,4
viina,4
vodca,4
alex_in_the_park,4
18years,4
flexclub365,4
votka,4
home_sweet_home.vlog,4
vsco,4
flexclub_365,4
고대버블,4
tequilla,4
hong_44262428,4
vodkë,4
horilka,4
we,4
huhyoonjung,4
tension,4
team,4
tagsforlikes,4
국내여행,4
vodko,4
tovaritchvodka,4
tnghrhksdn___3,4
freedom_soul.1988,4
happybirthday,4
healing,4
free_zino_,4
18년산,4
heewon1202,4
국산도토리묵,4
hh_yy_9_8,4
foodporn,4
theking,4
국물닭볶음탕,4
foodie,4
alex,4
herotown,4
24,4
kinggodme,4
고대맛집,4
cocoapowder,4
bw.kim92,4
96_bbak_0514,4
absoulut,4
レッドブルウォッカ,4
97,4
감사합니다,4
clubflex_365,4
photooftheday,4
감당불가,4
clubflex365,4
갇파더,4
갇마더,4
club_ing_,4
scotch,4
coffee,4
aklab,4
p_b_rn,4
94_bin_94,4
oyhgnues,4
レッドブルイエローエディション,4
cooknim,4
ビリヤード,4
9.numbers,4
バグース,4
6일차,4
강남노크,4
テンション,4
5cl,4
クラブ,4
50ml,4
cosmopolitan,4
97년생,4
pica,4
cranberryjuice,4
r_scape,4
9년지기,4
가라오케,4
purpleparadise,4
rurulalayap on Insta,4
qyub,4
r.p_yj.93 on Instagr,4
rs팀,4
sayyouwontletgo,4
raraleee,4
가리비구이,4
rs,4
redbullvodka,4
chaance_lee_,4
redbullyellow,4
渋谷,4
가물가물하다,4
changhanvit,4
productphotostudio,4
productphotography,4
9_ssssaaaa_3,4
productphotographer,4
chic_k_98,4
伏特加酒,4
cacaomartini,4
chivasregal,4
98_parkkriver,4
chocolatesirup,4
chroniccellar,4
picn2k필터,4
club,4
picn2k,4
bubblebeerpub,4
cute,4
jung_han_lee,4
largest_pond,4
km.smile,4
sssun_aaa93,4
경리단길,4
kyoum.h.s,4
алкомінімалістика,4
l_kyoung_sama,4
결혼기념일,4
limejuice,4
life,4
결기,4
겨울왕국2ost,4
겨울왕국,4
birthday,4
3잔만먹고자야지,4
алкомінімалізм,4
алкоголь,4
βότκα,4
disaronnoamaretto,4
studiocarciofi,4
계속듣게됨,4
suhjuhee5712,4
suitepetite,4
zip_bab_couple on In,4
29펍,4
yoonkyeng24,4
kgb,4
kg_ho00,4
yj___0302,4
24時間,4
sujin.pink on Instag,4
jyvely_93,4
гарэлка,4
горілка,4
shibuya,4
ᴊᴍᴛɢʀ,4
mina_______v,4
bubble,4
minihorilka,4
minvely_daddy_,4
וודקה,4
არაყი,4
☀️,4
loinging,4
dahlia._.lf,4
ウォッカ,4
sierra,4
カクテル,4
onthehouseleo,4
dae_geon1211,4
bongseopkwak,4
min_01_08,4
midnightcompany,4
օղի,4
갬성,4
date,4
dayoung1206,4
росія,4
40vol,4
bistro,4
smirnoffgold,4
soju,4
3차,4
degvīns,4
3주년,4
lovely,4
lounge1992_,4
nowzero___0102,4
🦊랑,4
기념일여행,4
오늘의식탁,4
용전동,4
요몇일동안,4
왜저래,4
와인한잔,4
올혼섬,4
온더하우스,4
오일파스타,4
오스트리아여행,4
오스트리아,4
오랜지온더비치,4
오뎅탕,4
오뎅,4
오늘하루가인상적,4
오늘만삽니다,4
우정,4
예약문의,4
영화,4
영하40도,4
영일대해수욕장,4
연차,4
연애,4
역대급,4
여친이랑,4
여자친구랑,4
여러분도파세요,4
엑스엑스,4
에어프라이어,4
얼음틀,4
우울병,4
운동,4
전대,4
인스타사진,4
저거,4
잭다니엘,4
재밌었다,4
장사꾼,4
잘먹었습니다,4
자유시간,4
자유부부,4
입호강,4
입니다,4
임진각평화누리캠핑장,4
인형뽑기,4
인테리어깡패👊,4
인증샷,4
인생샷,4
운동화,4
인생뭐있노,4
이태리요리,4
이제대세는베레주,4
이마트트레이더스,4
음주,4
음악이있는,4
음악,4
음식사진,4
육아스타그램,4
위베어베어스,4
원탁가라오케,4
워커힐호텔,4
워커힐,4
얼음듬뿍,4
얼음,4
언팔,4
술맛집,4
시베리아,4
시바스리갈,4
스트레스해소,4
스테디셀러,4
스미노프골드,4
스노우레오파드,4
쉐이킹,4
술촬영,4
술이들어간다,4
술스타스램,4
술사진촬영,4
술보다안주,4
술병,4
수유온더하우스,4
어쩌다술그램,4
수유바,4
수성못,4
솔이네닭볶음탕,4
손목서가,4
소소한기쁨,4
소고기튀김,4
세상은넓고술은열라많다,4
세계여행,4
섭구이,4
설경,4
서울대칵테일,4
서울대데이트코스,4
서울남자,4
시베리아횡단열차,4
시부야,4
시작은,4
신탄진,4
어디서,4
양주촬영,4
양주사진,4
양주맛집,4
양수사진촬영,4
양산점,4
앱솔루트맛집,4
애플마티니,4
알콩달콩,4
알콜스타그램,4
알록달록,4
안킴커플에서안킴부부로👰,4
안킴랩,4
안주,4
안암버블,4
안암맛집,4
안암,4
아티스타,4
아이폰11,4
아이폰,4
아이슬란드맥주잔,4
아이스트레이,4
아이스볼,4
아메리칸호러스토리시즌5,4
아니고,4
아껴먹어야지,4
신혼그램,4
저칼로리식,4
전대맛집,4
샤로수길,4
투명한얼음,4
한계령조개구이,4
한강뷰,4
하트,4
하바롭스크,4
하루,4
표정이,4
포항핫플,4
포항영일대,4
파이오니어,4
파리바게트케이크,4
티셔츠,4
트리플섹,4
트로이카,4
퇴근후일상,4
한달살기,4
퇴근후,4
토종닭,4
텐션펍,4
텐션,4
테이블장악,4
테마파크,4
테루아_앤_비뇨블_메를로_시라,4
테라생맥,4
테라다음으로맛나,4
태국,4
탕진잼,4
키스를부르는칵테일,4
클럽스위트룸,4
한국,4
한반도,4
전대술집,4
혼술집,4
기억하겠습니다,4
💀,4
🌍,4
🇮🇸,4
흥겨운밤,4
휴무,4
회식,4
화창,4
홍똘이테이블,4
홈테일,4
홈칵테일,4
홈런볼,4
혼칵,4
혼밥,4
한식,4
호텔편,4
호세쿠엘보,4
호기심이죄,4
혈액순환,4
행운길바,4
행복한하루,4
행복하다,4
행복동커뮤니티바,4
해피아워,4
해물찜,4
함냐함냐함,4
한정수량,4
한잔해,4
큰딸,4
크렌베리주스,4
크랜베리,4
조주기능사,4
직장인스타그램,4
직딩일상,4
지리단길,4
지곡6길69번지,4
쥬얼아이스,4
준벅,4
주간칵테일,4
존잘남천국,4
존예,4
존맛,4
족발,4
조형물도면,4
조주기능사실기,4
조조회관,4
코젤다크,4
조식맛집,4
조니워커블랙,4
조개구이,4
제품촬영,4
제품사진촬영,4
제주펠롱에일,4
정신줄,4
정상영업,4
전염병,4
전대후문맛집,4
전대후문,4
전대올리브,4
전대술집추천,4
집김밥,4
집스타그램,4
집에안가지롱,4
찜닭,4
코스모폴리탄,4
코끼리맥주,4
캠핑스타그램,4
캔맥주,4
캐논200d,4
칼국수,4
칵테일무제한,4
카파리,4
카카오마티니,4
카시스프라페,4
카라반,4
친구들,4
치얼스,4
충주,4
추워,4
추억한잔,4
최애됨,4
촬영장소,4
체스,4
체대생,4
체대,4
청도미나리,4
청담핫플,4
청담맛집,4
청담동,4
청담데이트,4
청담,4
샴페인맛집,4
지현동,4
나이키,4
밤새야하나,4
데낄라선라이즈🍹,4
버블,4
데일리스타그램,4
버니니리타,4
백만가지레시피,4
배식당,4
배낭여행,4
방탈출,4
데킬라,4
발렌타인30년산,4
드라마,4
도토리묵무침,4
독주,4
발레,4
발랄라이카,4
박서운과심자원봉사자,4
동기여행,4
돼지들🐷,4
바람,4
바다위고래,4
덕질은즐거워,4
더파이니스트,4
벌주는,4
더브라운,4
대가들이사는마을,4
보드타고싶다,4
보드카보관법,4
보드카미니어쳐,4
보드카마티니,4
보드카계의에르메스,4
보고픔,4
대구여자,4
벨루가캐비어,4
벨루가는마실수있지,4
마시고또마시고,4
대박,4
대전맛집,4
베일리스,4
벚꽃,4
벙개,4
대전사람,4
대환영,4
대환장파티,4
바다여행,4
디스코팡팡,4
닭백숙,4
맥주맛집,4
명란파스타,4
메뉴에없어도먹고싶은거말하면재료있는한해줌,4
러시아전통음식,4
레드불,4
멈출수없어,4
레드불보드카,4
먹어본기억이있는데,4
레드불옐로우에디션,4
맴매각🙇🏻‍♀️,4
레몬필,4
바나나,4
매운맛,4
레이디가가,4
맛집공유,4
맛있는술,4
로컬vip손님,4
룰루랄라,4
리퀴르,4
마티니,4
마트료시카,4
몇시냐,4
모닝소주,4
모던빠,4
러시아양꼬치,4
디제이,4
미안해,4
미드나잇컴퍼니,4
미도리샤워,4
미니어쳐술,4
미니어쳐보드카,4
미니어쳐,4
문샤인바🌑,4
디제잉,4
몰트,4
딱,4
딱지산책,4
몰드이벤트,4
라운지바,4
라이언,4
라임주스,4
라한호텔,4
모스코뮬,4
라한호텔포항,4
닭볶음탕,4
마카로니,4
블리스,4
다시돌아,4
산토리하이볼,4
다시,4
깔루아밀크,4
사진정리중,4
빙하,4
난리부르스,4
닉스,4
사랑합니다,4
늦은시간,4
논알코올,4
비건메뉴,4
꺼져줄게잘살아,4
날씨,4
노블,4
남편도자고애기도자고,4
비엔나,4
냉장보관아님,4
냉동보관,4
내일이걱정,4
꽐라,4
꾸덕꾸덕한,4
꿀맛,4
꿀잼,4
내가사랑했던모든남자들에게2,4
나는빠리의택시운전사,4
나만없어고양이,4
빈,4
살려줘,4
깔루아,4
사러가,4
김밥,4
닭다리,4
사랑의뽀드캬,4
봄베이사파이어,4
봄베이사파이어맛집,4
봇짐,4
빠,4
깔라만시보드카,4
다이아몬드비치,4
봉천동맛집,4
보쌈,4
상트페테르부르크,4
봉천동칵테일,4
상온보관아님,4
부산여행,4
달콤,4
상담,4
달달,4
기차여행,4
부천,4
단체방문,4
빙하투어,4
삼일절기념이벤트,4
삼일절,4
닭발,4
닭도리탕,4
진콕,3
직원,3
dailyfashion,3
진을,3
직원구함,3
딸기,3
dailylook,3
2월21일,3
직원모집,3
baetaerok,3
dm,3
조카,3
리큐어,3
김치찌개,3
전용잔행사로,3
🇷🇺❄🇷🇺☃️🇷🇺,3
힐링중,3
희갱,3
조카바보,3
dna,3
러시안,3
홈쿡스타일,3
러시아여행,3
1일1술🍺,3
1일차,3
홈쿡스타그램,3
개아범,3
청사포,3
생과일,3
혀가황홀,3
데이트하기좋은곳,3
카자흐스탄,3
데이트추천,3
_kyung_hyun_,3
푸들,3
푸드스타그램,3
borakai_0308,3
고급진,3
페어,3
과일막걸리,3
코엔타베,3
달빛,3
대구핫플레이스,3
대구칵테일,3
대구영어파티,3
고추잡채엔,3
대구맛집,3
대구달빛,3
대구놀곳,3
anthonberg,3
bbbeak__,3
데일리룩,3
치즈안주,3
구미오가다공단점,3
해산물,3
천장회,3
헝가리음식,3
헝가리,3
행복해💕,3
행복한날,3
건대입구,3
디엠,3
토양체질,3
해피,3
내생일,3
한국라면,3
항상먹던대로,3
핫플맛집,3
8체질,3
핫플레이스,3
동결건조,3
추억팔이,3
출근,3
계대달빛,3
구의,3
고명집,3
ssang___92,3
마트털이,3
밤,3
여행스타그램✈️,3
여행중,3
식사,3
pro21cpro,3
벅스다이브,3
역시직장인,3
topten,3
kimhs_2q84 on Instag,3
today,3
밥상차려주고싶은여자,3
jichan0816,3
몽지람,3
ji_zhye,3
ji_huck_e,3
스마일,3
오이피클,3
쉬림프퐁듀,3
바스타그램,3
알바하기좋은곳,3
요리,3
요리스타그램,3
instamood,3
신례명주,3
비어퐁,3
심우회,3
에드시런,3
watts,3
mur,3
암스테르담,3
moonlight_soby,3
moonlight,3
oneroomcook on Insta,3
only_one.k221,3
montes,3
부울경스쿠버다이브,3
야경,3
분위기갑,3
wonchic_,3
어쩌구저쩌구,3
world.a.light,3
언어교환모임,3
분위기굿,3
불곰국가🐻,3
브랜디,3
ultraegg1225,3
블라디보스톡시내구경,3
paradise,3
요키,3
외국인사장,3
월랑,3
이거먹고,3
가가앤코쥬얼리,3
이불선물,3
사진작가,3
scubadiving,3
모스크바여행,3
hani_lovehani,3
소중한날,3
일상공유,3
일상룩,3
소주안주,3
소소한일상,3
장어구이,3
song_cuthbert,3
생각보다안추워,3
songji0070,3
soundon.92 on Instag,3
spirit__wsssss on In,3
사운드온구의,3
scuba,3
몬테스,3
몬테스클래식,3
rooney.hk,3
술담화,3
homebar,3
home_inobar (@home_i,3
ho._.vin,3
몬테스클래식카버네소비뇽,3
알바급구,3
몬테스와인,3
빈티지글라스,2
빈티지,2
간술,2
술쟁이들🍻,2
빈티지가구,2
빈티지샵,2
빈티지유리잔,2
굴구이,2
선셋,2
삼겹살🐷,2
비키니,2
글라스,2
꽃게탕🦀,2
호캉스,2
1월1일,2
노을맛집,2
수제술,2
seoheesung,2
나룻터꽃게집,2
비치드웨일풀빌라,2
홈카페,2
스튜디오카르쵸피,2
신년회,2
풀사이드,2
parliament,2
하트튜브,2
쌀국수🍜,2
홈바리스타,2
2020,2
소품샵,2
patyth0 on Instagram,2
공룡,2
예쁜수진이랑💕,2
감성스타그램,2
만취자,2
오리지널,2
오션뷰,2
동생네커플,2
바다,2
게장맛집,2
채끝,2
위스키추천,2
짠,2
레트로유리잔,2
레트로,2
공간디자인,2
조명디자인,2
잠실카페,2
리몬첼로,2
가리비구이🐚,2
라테라스,2
쥬라기카라반,2
가리비,2
라테라스리조트,2
일상기록,2
종각술집,2
목이타들어간다,2
ha.ni9347,2
인테리어소품,2
일러스트,2
제비추리,2
치어스,2
일러스트레이션,2
크림치즈크래커🧀,2
간맥,2
크리스마스선물,2
여수리조트,2
le.sk88,2
여수밤바다,2
여수라테라스,2
여수호텔,2
limoncello,2
yelin_1225,2
카페스타그램,2
애프터선셋,2
king_ggul,2
여수라테라스리조트,2
534,1
533,1
535,1
532,1
531,1
519,1
530,1
520,1
521,1
528,1
527,1
526,1
525,1
524,1
523,1
522,1
529,1
512,1
518,1
504,1
492,1
493,1
494,1
495,1
496,1
497,1
498,1
499,1
500,1
501,1
502,1
503,1
505,1
517,1
506,1
507,1
508,1
509,1
585,1
510,1
511,1
537,1
513,1
514,1
515,1
516,1
536,1
553,1
538,1
539,1
580,1
579,1
578,1
561,1
562,1
563,1
577,1
576,1
564,1
575,1
574,1
573,1
572,1
565,1
566,1
490,1
571,1
570,1
567,1
569,1
568,1
560,1
581,1
559,1
549,1
540,1
541,1
542,1
543,1
544,1
545,1
546,1
547,1
548,1
550,1
558,1
551,1
552,1
554,1
555,1
556,1
584,1
557,1
583,1
582,1
491,1
423,1
489,1
440,1
418,1
419,1
420,1
421,1
422,1
587,1
424,1
425,1
426,1
427,1
428,1
429,1
430,1
431,1
432,1
433,1
434,1
435,1
436,1
437,1
438,1
417,1
416,1
415,1
403,1
394,1
395,1
396,1
397,1
398,1
399,1
400,1
401,1
402,1
404,1
414,1
405,1
406,1
407,1
408,1
409,1
410,1
411,1
412,1
413,1
439,1
441,1
488,1
442,1
467,1
468,1
469,1
470,1
471,1
472,1
473,1
474,1
475,1
476,1
477,1
478,1
479,1
480,1
481,1
482,1
483,1
484,1
485,1
486,1
487,1
466,1
465,1
464,1
452,1
443,1
444,1
445,1
446,1
447,1
448,1
449,1
450,1
451,1
453,1
463,1
454,1
455,1
456,1
457,1
458,1
459,1
460,1
461,1
462,1
586,1
666,1
588,1
712,1
714,1
715,1
716,1
717,1
718,1
719,1
720,1
721,1
722,1
723,1
724,1
725,1
726,1
727,1
728,1
729,1
730,1
731,1
732,1
733,1
734,1
713,1
711,1
589,1
710,1
689,1
690,1
691,1
692,1
693,1
694,1
695,1
696,1
697,1
698,1
699,1
700,1
701,1
702,1
703,1
704,1
705,1
706,1
707,1
708,1
709,1
735,1
736,1
737,1
738,1
773,1
780,1
779,1
764,1
774,1
775,1
763,1
776,1
753,1
754,1
762,1
755,1
777,1
761,1
778,1
760,1
759,1
392,1
756,1
758,1
757,1
772,1
752,1
771,1
748,1
739,1
740,1
741,1
742,1
743,1
744,1
745,1
746,1
747,1
749,1
765,1
750,1
769,1
768,1
782,1
767,1
766,1
781,1
770,1
751,1
688,1
687,1
686,1
636,1
614,1
615,1
616,1
617,1
618,1
619,1
620,1
621,1
622,1
623,1
624,1
625,1
626,1
627,1
628,1
629,1
630,1
631,1
632,1
633,1
634,1
613,1
612,1
611,1
599,1
590,1
591,1
592,1
593,1
594,1
595,1
596,1
597,1
598,1
600,1
610,1
601,1
602,1
603,1
604,1
605,1
606,1
607,1
608,1
609,1
635,1
637,1
685,1
638,1
663,1
664,1
665,1
667,1
668,1
669,1
670,1
671,1
672,1
673,1
674,1
675,1
676,1
677,1
678,1
679,1
680,1
681,1
682,1
683,1
684,1
662,1
661,1
660,1
648,1
639,1
640,1
641,1
642,1
643,1
644,1
645,1
646,1
647,1
649,1
659,1
650,1
651,1
652,1
653,1
654,1
655,1
656,1
657,1
658,1
393,1
72,1
391,1
122,1
124,1
125,1
126,1
127,1
128,1
129,1
130,1
131,1
132,1
133,1
134,1
135,1
136,1
137,1
138,1
139,1
140,1
141,1
142,1
143,1
144,1
123,1
121,1
390,1
120,1
99,1
100,1
101,1
102,1
103,1
104,1
105,1
106,1
107,1
108,1
109,1
110,1
111,1
112,1
113,1
114,1
115,1
116,1
117,1
118,1
119,1
145,1
146,1
147,1
148,1
173,1
174,1
175,1
176,1
177,1
178,1
179,1
180,1
181,1
182,1
183,1
184,1
185,1
186,1
187,1
188,1
189,1
190,1
191,1
192,1
193,1
172,1
171,1
170,1
158,1
149,1
150,1
151,1
152,1
153,1
154,1
155,1
156,1
157,1
159,1
169,1
160,1
161,1
162,1
163,1
164,1
165,1
166,1
167,1
168,1
98,1
97,1
96,1
47,1
25,1
26,1
27,1
28,1
29,1
30,1
31,1
32,1
33,1
34,1
35,1
36,1
37,1
38,1
39,1
40,1
41,1
42,1
43,1
44,1
45,1
24,1
23,1
22,1
10,1
1,1
2,1
3,1
4,1
5,1
6,1
7,1
8,1
9,1
11,1
21,1
12,1
13,1
14,1
15,1
16,1
17,1
18,1
19,1
20,1
46,1
48,1
95,1
49,1
74,1
75,1
76,1
77,1
78,1
79,1
80,1
81,1
82,1
83,1
84,1
85,1
86,1
87,1
88,1
89,1
90,1
91,1
92,1
93,1
94,1
73,1
784,1
71,1
59,1
50,1
51,1
52,1
53,1
54,1
55,1
56,1
57,1
58,1
60,1
70,1
61,1
62,1
63,1
64,1
65,1
66,1
67,1
68,1
69,1
194,1
195,1
196,1
342,1
320,1
321,1
322,1
323,1
324,1
325,1
326,1
327,1
328,1
329,1
330,1
331,1
332,1
333,1
334,1
335,1
336,1
337,1
338,1
339,1
340,1
319,1
318,1
317,1
305,1
296,1
297,1
298,1
299,1
300,1
301,1
302,1
303,1
304,1
306,1
316,1
307,1
308,1
309,1
310,1
311,1
312,1
313,1
314,1
315,1
341,1
343,1
294,1
344,1
369,1
370,1
371,1
372,1
373,1
374,1
375,1
376,1
377,1
378,1
379,1
380,1
381,1
382,1
383,1
384,1
385,1
386,1
387,1
388,1
389,1
368,1
367,1
366,1
354,1
345,1
346,1
347,1
348,1
349,1
350,1
351,1
352,1
353,1
355,1
365,1
356,1
357,1
358,1
359,1
360,1
361,1
362,1
363,1
364,1
295,1
293,1
197,1
244,1
222,1
223,1
224,1
225,1
226,1
227,1
228,1
229,1
230,1
231,1
232,1
233,1
234,1
235,1
236,1
237,1
238,1
239,1
240,1
241,1
242,1
221,1
220,1
219,1
207,1
198,1
199,1
200,1
201,1
202,1
203,1
204,1
205,1
206,1
208,1
218,1
209,1
210,1
211,1
212,1
213,1
214,1
215,1
216,1
217,1
243,1
245,1
292,1
246,1
271,1
272,1
273,1
274,1
275,1
276,1
277,1
278,1
279,1
280,1
281,1
282,1
283,1
284,1
285,1
286,1
287,1
288,1
289,1
290,1
291,1
270,1
269,1
268,1
256,1
247,1
248,1
249,1
250,1
251,1
252,1
253,1
254,1
255,1
257,1
267,1
258,1
259,1
260,1
261,1
262,1
263,1
264,1
265,1
266,1
783,1
1105,1
785,1
1301,1
1303,1
1304,1
1305,1
1306,1
1307,1
1308,1
1309,1
1310,1
1311,1
1312,1
1313,1
1314,1
1315,1
1316,1
1317,1
1318,1
1319,1
1320,1
1321,1
1322,1
1323,1
1302,1
1300,1
786,1
1299,1
1278,1
1279,1
1280,1
1281,1
1282,1
1283,1
1284,1
1285,1
1286,1
1287,1
1288,1
1289,1
1290,1
1291,1
1292,1
1293,1
1294,1
1295,1
1296,1
1297,1
1298,1
1324,1
1325,1
1326,1
1327,1
1352,1
1353,1
1354,1
1355,1
1356,1
1357,1
1358,1
1359,1
1360,1
1361,1
1362,1
1363,1
1364,1
1365,1
1366,1
1367,1
1368,1
1369,1
1370,1
1371,1
1372,1
1351,1
1350,1
1349,1
1337,1
1328,1
1329,1
1330,1
1331,1
1332,1
1333,1
1334,1
1335,1
1336,1
1338,1
1348,1
1339,1
1340,1
1341,1
1342,1
1343,1
1344,1
1345,1
1346,1
1347,1
1277,1
1276,1
1275,1
1226,1
1204,1
1205,1
1206,1
1207,1
1208,1
1209,1
1210,1
1211,1
1212,1
1213,1
1214,1
1215,1
1216,1
1217,1
1218,1
1219,1
1220,1
1221,1
1222,1
1223,1
1224,1
1203,1
1202,1
1201,1
1189,1
1180,1
1181,1
1182,1
1183,1
1184,1
1185,1
1186,1
1187,1
1188,1
1190,1
1200,1
1191,1
1192,1
1193,1
1194,1
1195,1
1196,1
1197,1
1198,1
1199,1
1225,1
1227,1
1274,1
1228,1
1253,1
1254,1
1255,1
1256,1
1257,1
1258,1
1259,1
1260,1
1261,1
1262,1
1263,1
1264,1
1265,1
1266,1
1267,1
1268,1
1269,1
1270,1
1271,1
1272,1
1273,1
1252,1
1251,1
1250,1
1238,1
1229,1
1230,1
1231,1
1232,1
1233,1
1234,1
1235,1
1236,1
1237,1
1239,1
1249,1
1240,1
1241,1
1242,1
1243,1
1244,1
1245,1
1246,1
1247,1
1248,1
1373,1
1374,1
1375,1
1521,1
1499,1
1500,1
1501,1
1502,1
1503,1
1504,1
1505,1
1506,1
1507,1
1508,1
1509,1
1510,1
1511,1
1512,1
1513,1
1514,1
1515,1
1516,1
1517,1
1518,1
1519,1
1498,1
1497,1
1496,1
1484,1
1475,1
1476,1
1477,1
1478,1
1479,1
1480,1
1481,1
1482,1
1483,1
1485,1
1495,1
1486,1
1487,1
1488,1
1489,1
1490,1
1491,1
1492,1
1493,1
1494,1
1520,1
1522,1
1473,1
1523,1
여행추진고고,1
엄마도여자,1
애교쟁이,1
스위트베르무트,1
소확행_작지만_확실한_행복🌿🌿,1
seol_hui__0717,1
소녀감성💕,1
세젤예,1
syghy48,1
비터,1
비잔클리어,1
블루큐라소,1
보드카그램,1
베프들,1
범계,1
버번위스키,1
딸그램,1
관리하는여자,1
다섯살,1
나의30대,1
그외,1
육아소통,1
윰스타그램,1
윰일상,1
1533,1
1524,1
1525,1
1526,1
1527,1
1528,1
1529,1
1530,1
1531,1
1532,1
1534,1
이자카야,1
1535,1
1536,1
30대,1
5세,1
칸파리,1
칵테일사랑꾼,1
친구스타그램,1
즐거웠어,1
적당히좀,1
1474,1
1472,1
1376,1
1423,1
1401,1
1402,1
1403,1
1404,1
1405,1
1406,1
1407,1
1408,1
1409,1
1410,1
1411,1
1412,1
1413,1
1414,1
1415,1
1416,1
1417,1
1418,1
1419,1
1420,1
1421,1
1400,1
1399,1
1398,1
1386,1
1377,1
1378,1
1379,1
1380,1
1381,1
1382,1
1383,1
1384,1
1385,1
1387,1
1397,1
1388,1
1389,1
1390,1
1391,1
1392,1
1393,1
1394,1
1395,1
1396,1
1422,1
1424,1
1471,1
1425,1
1450,1
1451,1
1452,1
1453,1
1454,1
1455,1
1456,1
1457,1
1458,1
1459,1
1460,1
1461,1
1462,1
1463,1
1464,1
1465,1
1466,1
1467,1
1468,1
1469,1
1470,1
1449,1
1448,1
1447,1
1435,1
1426,1
1427,1
1428,1
1429,1
1430,1
1431,1
1432,1
1433,1
1434,1
1436,1
1446,1
1437,1
1438,1
1439,1
1440,1
1441,1
1442,1
1443,1
1444,1
1445,1
1179,1
1178,1
1177,1
931,1
909,1
910,1
911,1
912,1
913,1
914,1
915,1
916,1
917,1
918,1
919,1
920,1
921,1
922,1
923,1
924,1
925,1
926,1
927,1
928,1
929,1
908,1
907,1
906,1
894,1
885,1
886,1
887,1
888,1
889,1
890,1
891,1
892,1
893,1
895,1
905,1
896,1
897,1
898,1
899,1
900,1
901,1
902,1
903,1
904,1
930,1
932,1
883,1
933,1
958,1
959,1
960,1
961,1
962,1
963,1
964,1
965,1
966,1
967,1
968,1
969,1
970,1
971,1
972,1
973,1
974,1
975,1
976,1
977,1
978,1
957,1
956,1
955,1
943,1
934,1
935,1
936,1
937,1
938,1
939,1
940,1
941,1
942,1
944,1
954,1
945,1
946,1
947,1
948,1
949,1
950,1
951,1
952,1
953,1
884,1
882,1
980,1
833,1
811,1
812,1
813,1
814,1
815,1
816,1
817,1
818,1
819,1
820,1
821,1
822,1
823,1
824,1
825,1
826,1
827,1
828,1
829,1
830,1
831,1
810,1
809,1
808,1
796,1
787,1
788,1
789,1
790,1
791,1
792,1
793,1
794,1
795,1
797,1
807,1
798,1
799,1
800,1
801,1
802,1
803,1
804,1
805,1
806,1
832,1
834,1
881,1
835,1
860,1
861,1
862,1
863,1
864,1
865,1
866,1
867,1
868,1
869,1
870,1
871,1
872,1
873,1
874,1
875,1
876,1
877,1
878,1
879,1
880,1
859,1
858,1
857,1
845,1
836,1
837,1
838,1
839,1
840,1
841,1
842,1
843,1
844,1
846,1
856,1
847,1
848,1
849,1
850,1
851,1
852,1
853,1
854,1
855,1
979,1
981,1
1176,1
1128,1
1106,1
1107,1
1108,1
1109,1
1110,1
1111,1
1112,1
1113,1
1114,1
1115,1
1116,1
1117,1
1118,1
1119,1
1120,1
1121,1
1122,1
1123,1
1124,1
1125,1
1126,1
1104,1
1103,1
1102,1
1090,1
1081,1
1082,1
1083,1
1084,1
1085,1
1086,1
1087,1
1088,1
1089,1
1091,1
1101,1
1092,1
1093,1
1094,1
1095,1
1096,1
1097,1
1098,1
1099,1
1100,1
1127,1
1129,1
1079,1
1130,1
1155,1
1156,1
1157,1
1158,1
1159,1
1160,1
1161,1
1162,1
1163,1
1164,1
1165,1
1166,1
1167,1
1168,1
1169,1
1170,1
1171,1
1172,1
1173,1
1174,1
1175,1
1154,1
1153,1
1152,1
1140,1
1131,1
1132,1
1133,1
1134,1
1135,1
1136,1
1137,1
1138,1
1139,1
1141,1
1151,1
1142,1
1143,1
1144,1
1145,1
1146,1
1147,1
1148,1
1149,1
1150,1
1080,1
1078,1
982,1
1029,1
1007,1
1008,1
1009,1
1010,1
1011,1
1012,1
1013,1
1014,1
1015,1
1016,1
1017,1
1018,1
1019,1
1020,1
1021,1
1022,1
1023,1
1024,1
1025,1
1026,1
1027,1
1006,1
1005,1
1004,1
992,1
983,1
984,1
985,1
986,1
987,1
988,1
989,1
990,1
991,1
993,1
1003,1
994,1
995,1
996,1
997,1
998,1
999,1
1000,1
1001,1
1002,1
1028,1
1030,1
1077,1
1031,1
1056,1
1057,1
1058,1
1059,1
1060,1
1061,1
1062,1
1063,1
1064,1
1065,1
1066,1
1067,1
1068,1
1069,1
1070,1
1071,1
1072,1
1073,1
1074,1
1075,1
1076,1
1055,1
1054,1
1053,1
1041,1
1032,1
1033,1
1034,1
1035,1
1036,1
1037,1
1038,1
1039,1
1040,1
1042,1
1052,1
1043,1
1044,1
1045,1
1046,1
1047,1
1048,1
1049,1
1050,1
1051,1
0,1
