,RowSum
아메리칸위스키,246
위스키,118
whiskey,71
7vic9,69
싱글몰트위스키,68
버번위스키,68
테킬라,58
위스키멋집,58
아일리쉬위스키,58
안암맛집,58
vic,58
감바스,58
고대빅,58
혼술환영,58
샹그리아,58
새우맛집,58
빅쉬림프위스키,58
고대맛집,58
americanwhiskey,57
잔술,54
글렌피딕,52
맥칼렌,52
글렌모렌지,52
칵테일,49
발베니,46
메이커스마크,45
패트론실버,43
하와이언쉬림프스캠피,42
예약가능,42
whisky,42
단체환영,42
조니워커블랙라벨,40
버번,38
잭다니엘,37
bourbon,35
술스타그램,35
제임슨,32
몰트바,31
bourbonwhiskey,30
몽키숄더,24
라이위스키,23
믹터스,20
싱글몰트,20
bar,17
michters,16
라프로익,16
탈리스커,16
아드벡,16
와인,16
soundgardenbar,16
술,15
ウイスキー,15
cocktail,15
메타베브코리아,14
미국위스키,14
whisookhee,13
시음회,13
와일드터키,13
발렌타인,12
이태원,12
사운드가든,12
itaewon,12
ryewhiskey,12
드라이플라이,11
威士忌,11
짐빔,11
칵테일바,11
혼술,10
숙희,10
홈텐딩,10
납크릭,10
믹터스위스키,10
wildturkey,10
wildturkeyrarebreed,10
metabevkorea,9
cocktailbar,9
이글레어,9
수입맥주,9
서면바,8
위스키바,8
템플턴라이,8
우드사이드,8
부산,8
서면,8
talewhale,8
wolverin_89,7
버팔로트레이스,7
워싱턴,7
스카치위스키,7
knobcreek,7
lpy_89,7
washington,7
rye,7
조니워커,7
buffalotrace,7
craftdistillery,7
distillery,7
증류주,7
cheers,7
pnw,7
증류소,7
cascadia,7
jazzlive,6
목동,6
jazz,6
jazzbar,6
jeongheon.lee.750,6
kwang.13579,6
boogiewoogieseoul,6
메이커스마크cs,6
맥주,6
eh타일러버번,6
eddierussell,6
jazzclub,6
먹방탐방,6
boogiewoogie,6
eh타일러라이,6
jyeok_home_bar,6
먹고디지자,6
homecocktail,6
미국,6
iw하퍼12,6
frenchfries,6
블루먹고싶다,6
bar애정결핍,6
happybirthday,6
브라운포맨,6
뷰카레,6
부산혼술,6
부기우기,6
보틀인본드,6
benedictine,6
벌꿀띠,6
birthday,6
버본,6
hiphop,6
homebar,6
배달,6
bjinwan,6
루프탑바,6
honey_vivi_,6
instadrink,6
바,6
liquor,6
tikiisland,6
루프탑,6
wood_side_bar,6
갈마동혼술집,6
갈마동혼술,6
사장님콜렉션,6
갈마동애정결핍,6
갈마동술집,6
갈마동bar,6
釜山カクテルバー,6
釜山のおしゃれbar,6
カクテルバー,6
smallbatch,6
woodsidebar,6
wildturkeybourbon,6
겔겔,6
soowonopa_sookhee,6
soul,6
spacebar_centum,6
cinzano,6
taylor,6
templetonrye,6
vsop,6
vieuxcarre,6
vermouth,6
cognac,6
colonel,6
감자튀김,6
경리단길,6
livebar,6
michtersbourbon,6
loa_bar,6
레드라벨,6
라이,6
디제잉파티,6
bulleit,6
대전혼술집,6
대전혼술,6
대전애정결핍,6
toast,6
drinks,6
대전bar,6
뉴올리언스,6
경리단길데이트,6
michtersrye,6
busancocktail,6
michterssourmash,6
camus,6
michterswhiskey,6
drinking,6
고추장찜닭,6
rnb,6
rooftop,6
drink,6
경리단길재즈,6
대전술집,6
힐링,6
이태원재즈,6
에디러셀,6
테네시위스키,6
킹스카운티,6
클래식칵테일,6
코발포그레인,6
코발밀레,6
스페이스바센텀,6
코발라이,6
켄터키,6
짠,6
애정결핍,6
진주도가,6
전주칵테일바,6
전주칵테일,6
전주몰트바,6
잭다니엘허니,6
센텀혼술,6
재즈클럽,6
재즈바,6
에반윌리암스싱글배럴,6
재즈라이브,6
일라이저크레이그,6
오목교,6
사제락,6
이태원루프탑,6
올드포레스터,6
이태원데이트,6
음식짱,6
을지로바,6
와일드터키101,6
와일드터키12년,6
티키아일랜드,6
웰러,6
포로지스스몰배치,6
서면몰트바,6
서면와인,6
해방촌,6
해운대혼술,6
1792풀프루프,6
피자,6
서면와인바,6
서면칵테일,6
서면칵테일바,6
헨리맥케나,6
혼술집,6
생일파티,6
홈바,6
홉하우스13,6
서면술집,6
서면싱글몰트위스키,6
10미리씩,6
센텀스페이스바,6
홈칵테일,6
makersmark,5
저가,4
조니워커더블블랙,4
편의점털기,4
할로윈,4
アメリカンウイスキー,4
전포동카페거리,4
합법적으로술마시기,4
진주,4
バー,4
dryflydistilling,4
가로수길,4
バーボンウイスキー,4
ライウイスキー,4
jackdaniels,4
진주술집,4
가로수길바,4
가성비,4
가좌동,4
hyunilseok,4
혼술스타그램,4
이야기고래,4
겨울,4
을지로3가,4
위스키스타그램,4
경상대,4
경상대술집,4
진주맛집,4
wheat,4
진주칵테일바,4
spokane,4
펍,4
sourmash,4
크래프트비어,4
seagrams7,4
클럽에덴,4
킹스맨,4
dryflywhiskey,4
manhattancocktail,4
ray_moon_1221,4
rarebreed,4
2019리미티드에디션,4
pacificnorthwest,4
토이스토리우디,4
파스타,4
파운틴바라운지이태원,4
2019limitededition,4
dryfly,4
spirits,4
superskarich,4
wheatwhiskey,4
supsu_b,4
wheatedbourbon,4
dryflybourbon101,4
knobcreekrye,4
vovsseni,4
챕터원,4
체리,4
초보드링커,4
카뮤,4
toastedbarrelsourmash,4
카우보이,4
칵테일공부,4
tenpletonrye,4
캐네디안클럽,4
templeton,4
캐네디언위스키,4
corn,4
우리집,4
2kh1012,4
사워매쉬,4
골고루,4
베이커스,4
데낄라,4
데낄라썬라이즈,4
데이트코스,4
듀어스,4
드라이플라이위스키,4
바숙희,4
박스로사보리기,4
신사가로수길,4
신사동술집,4
수표동,4
보드카,4
맨해튼칵테일,4
부커스,4
스쿼트중,4
수제맥주,4
발포맥주,4
레어브리드,4
베실헤이든,4
버본위스키,4
세븐크라운,4
배럴스트렝스,4
야식,4
신사동챕터원,4
안주,4
신사동핫플,4
덤벨프레스,4
브랜디,4
와인바,4
비온다,4
blue_jin_a on Instag,4
blendedwhiskey,4
비앤비,4
비만,4
barrelstrength,4
블랑톤,4
스카릿,4
꼬냑,4
스테이츠맨,4
남대문주류상가,4
마가리타,4
열공중,4
스포캔,4
밀위스키,4
스몰배치,4
스파이더맨,4
다이키리,4
술끊은지23일,3
off_the___wagon,3
미래포차,3
판교,3
oshjh1021,3
2020선물,3
monkeypuzzle,3
repost,3
future_spdr on Insta,3
파울라너,3
2020년,3
oldezra7year,3
oldezra,3
판교유스페이스,3
mensbar_gimhae,3
손님환영,3
산미구엘,3
비어,3
hohohohohoya,3
새술입고,3
im__not_famous_alice,3
호가든,3
블랑,3
jameson,3
새해선물🎁,3
분당바,3
분당맛집,3
분당,3
북해도목장,3
johnnie_w_green,3
js_clubeden,3
1l,3
kentuckybourbon,3
폐업직전,3
bar_opium_,3
kicked_silver,3
eaglerare10,3
kingscountydistiller,3
kjs0909,3
펜션,3
판교유스페이스바,3
판교바,3
판교맛집,3
eaglerare,3
maplesyrup,3
미래바,3
모던바,3
seattle,3
도메스틱위스키,3
가스트로바,3
오복당서점,3
대림,3
일상,3
americanwhisky,3
엘리스,3
7시20분도착,3
selfie,3
woodinvillewhiskeyco,3
woodinvillewhiskey,3
woodinville,3
양평카페,3
양평시장,3
bourbonwhisky,3
올드에즈라,3
놉크릭,3
내외동,3
이글레어10년,3
aged10years,3
김해모던바,3
김해먹자골목,3
경기도,3
기네스,3
위스키칵테일,3
글렌알라키,3
와일드터키81,3
근데술끊었네😂,3
경의중앙선,3
국산맥주,3
alcohol,3
고마워요💕,3
양평술집,3
양평맛집,3
whiskycricket,3
메이플시럽,3
신논현맛집,3
식스어클락,3
메이커스마크맛있당,3
시애틀,3
studiozigu,3
staggjr,3
고봉민김밥,3
먹스타그램,3
코젤,3
d_j_w_w,3
몽키퍼즐,3
스태그주니어,3
희귀술,3
selstagram,3
양평,3
메이커스마커,3
머드쉐이크,3
맨즈바,3
양주,3
양수리,3
cocktails,3
짐빔하이볼,3
레어템,3
양갈비,3
gifted,3
westcoast,3
짐빔허니,3
신풍,3
친절봉사,3
맥켈란,3
맥켈란도좋은데,3
exlusiveoakstaveselection,2
buck8,2
bobs_alcohol_tastesn,2
series1,2
garou_psw,2
술리뷰,2
남자위취미,2
로완스크릭,2
메이커스마크프라이빗셀렉트,2
메이플캐스크피니시,2
미쿡,2
미쿡전통주,2
벅8,2
서면1번가,2
우드사이드바,2
handmadewhiskey,2
핸드메이드,2
프라이빗셀렉트,2
음주생활,2
잭다니엘스,2
제정신은건강에해롭다,2
켄터키위스키,2
템플턴,2
템플턴라이bs,2
woodside,2
김해,2
rowanscreek,2
privateselect,2
in_di_vidual,2
kentuckystraightbourbonwhiskey,2
kentuckywhiskey,2
luxurier,2
makersmarkprivateselect,2
maplecaskfinish,2
템플턴라이배럴스트랭스,2
98,1
99,1
110,1
111,1
112,1
83,1
82,1
113,1
96,1
89,1
95,1
81,1
94,1
93,1
80,1
79,1
92,1
109,1
108,1
84,1
104,1
114,1
88,1
100,1
101,1
102,1
103,1
87,1
107,1
105,1
86,1
85,1
90,1
106,1
97,1
91,1
118,1
115,1
143,1
136,1
137,1
138,1
139,1
140,1
141,1
142,1
144,1
116,1
145,1
146,1
147,1
148,1
149,1
150,1
151,1
135,1
134,1
133,1
132,1
117,1
77,1
119,1
120,1
121,1
122,1
123,1
124,1
125,1
126,1
127,1
128,1
129,1
130,1
131,1
78,1
62,1
76,1
27,1
20,1
21,1
22,1
23,1
24,1
25,1
26,1
28,1
37,1
29,1
30,1
31,1
32,1
33,1
34,1
35,1
19,1
18,1
17,1
16,1
1,1
2,1
3,1
4,1
5,1
6,1
7,1
8,1
9,1
10,1
11,1
12,1
13,1
14,1
15,1
36,1
38,1
75,1
66,1
59,1
60,1
61,1
153,1
63,1
64,1
65,1
67,1
39,1
68,1
69,1
70,1
71,1
72,1
73,1
74,1
58,1
57,1
56,1
55,1
40,1
41,1
42,1
43,1
44,1
45,1
46,1
47,1
48,1
49,1
50,1
51,1
52,1
53,1
54,1
152,1
169,1
154,1
260,1
253,1
254,1
255,1
256,1
257,1
258,1
259,1
261,1
웨스턴바,1
262,1
263,1
264,1
265,1
266,1
267,1
화곡동칵테일바,1
252,1
251,1
250,1
249,1
234,1
235,1
236,1
237,1
238,1
239,1
240,1
241,1
242,1
243,1
244,1
245,1
246,1
247,1
248,1
파파진구,1
alcoholtree,1
155,1
custodeslibertatis,1
whiskeylife,1
whiskeygram,1
urbanmalt on Instagr,1
collector,1
toptrendingwhiskey,1
tasteandchoice,1
taogroup,1
smooth,1
엠쥐피,1
singlemalt,1
mgp,1
metlifestadium,1
mashbill,1
kim_changkyu,1
kentucky,1
epsteinsbar,1
whiskeyporn,1
whiskeywednesday,1
charityevent,1
charity,1
삼성리,1
블렌디드위스키,1
bbarnee,1
bellswhisky,1
벨즈위스키,1
발산역칵테일바,1
bloodoath,1
매쉬빌,1
로얄살루트21,1
등촌동칵테일바,1
등촌동위스키바,1
등촌동와인바,1
등촌동술집,1
yosultv,1
caskstrength,1
233,1
232,1
231,1
183,1
176,1
177,1
178,1
179,1
180,1
181,1
182,1
184,1
230,1
185,1
186,1
187,1
188,1
189,1
190,1
191,1
175,1
174,1
173,1
172,1
156,1
157,1
158,1
159,1
160,1
161,1
162,1
163,1
164,1
165,1
166,1
167,1
168,1
170,1
171,1
192,1
193,1
194,1
213,1
215,1
216,1
217,1
218,1
219,1
220,1
221,1
222,1
223,1
224,1
225,1
226,1
227,1
228,1
229,1
214,1
212,1
195,1
211,1
196,1
197,1
198,1
199,1
200,1
201,1
202,1
203,1
204,1
205,1
206,1
207,1
208,1
209,1
210,1
0,1
