,RowSum
압생트,992
absinthe,254
술스타그램,182
칵테일,181
술,166
리큐르,142
위스키,112
반고흐,101
와인,89
양주,88
데낄라,87
진,87
기록,87
보드카,86
럼,86
사케,83
막걸리,83
소주,83
맥주,83
bottle_re,82
백주,82
기록스타그램,82
꼬냑,82
브랜디,82
전통주,82
사이다,82
고흐,81
프라하,80
냥스타그램,75
생트,74
생트스타그램,74
snowinsun,74
일상,74
책바,58
체코,55
chaegbar,54
연희동,46
혼술,43
소통,42
absinth,42
f4f,33
vangogh,33
빈센트반고흐,32
팔로우미,31
팔로우환영,31
악마의술,31
이태원,31
Null,31
absente,31
liquor,30
좋아요,30
prague,30
행복,28
음악,28
칵테일바,27
애주가,27
여행,26
라뜰리에,26
녹색의요정,26
chocolatdj,25
홈바,25
알콜스타그램,24
먹스타그램,24
데일리,24
눈빛으로,23
팀장,23
특전사,23
미녀들,23
니술냉가이드,23
분더샵,23
발렌타인데이,23
낮술,23
청담,23
불빛,23
비키니를,23
깔루아밀크,23
빈센트빈센트빈센트반고흐,23
다자이오사무,23
리조트,23
술스타,23
지름신,23
리스토란테,23
루브리카,23
취스타그램,23
레스토랑,23
친구해요,23
주스타그램,23
말한다,23
선팔100,23
추석,23
러빙빈센트,23
따스함,23
따사로운,23
맞팔100,23
맞팔환영,23
초록색요정,23
대동여주도,23
취한다그램,23
수영장,23
명절,23
테라스,23
이탈리안,23
아랍,23
praha,23
jay_j_kim,23
liqueurs,23
향기로운,23
uae,23
입은,23
mixology,23
orot.company,23
에서는,23
high,23
prnprn_jmlee,23
snikes2,23
ristorante,23
shawtybella,23
여유,23
roller,23
rubrica,23
italian,23
프랑스,23
앱신트,23
어느덧,23
2nd_imagination on I,23
알콜,23
😎,23
3년전,23
경리단길,23
atelier,23
daedongyeojudo,23
s_o_vely,23
drinks,23
f4l,23
인간실격,23
france,23
외국,23
와인앤모어,23
70도,22
맞팔,21
좋아요반사,21
선팔,21
whisky,21
프라하여행,21
좋반,20
여행에미치다,20
선팔하면맞팔,19
새해,19
cocktail,19
선물,18
고흐그림,18
czech,16
파티,16
daily,16
카타르시스,16
라가불린,15
연말,15
latelier,15
bar,15
홈텐딩,15
싱글몰트,15
travel,15
크리스마스마켓,14
대학로,14
초록요정,14
바,13
프라하성,13
스프링뱅크,13
alcohol,13
와인바,13
springbank,13
대구칵테일바,13
뮤지컬,12
🍸,12
마티니,11
이자카야,11
좋반테러,11
라뜰리에전시회,11
방구석미술관,11
유럽여행,11
동대문,11
고흐의정원,11
trip,11
유럽스타그램,11
고흐마을,11
메종드반고흐,11
파리여행,11
absintherie,11
love.so.yy,11
파리스타그램,11
파리스냅,11
파리맛집,11
프랑스파리,11
맞팔해요,11
맞팔가요,11
좋아요반사❤️,11
프랑스여행,11
전시회,11
홈바인테리어,11
여러모로,10
새해복많이받으세요,10
생초콜릿,10
위스키봉봉,10
약수역,10
약수역술집,10
쇼콜라디제이,10
안녕,10
동성로와인,10
거울맛집,10
크리스마스,10
greenfairy,10
동성로,10
水井坊,10
lunae_puer,10
포엔투웬티,10
대구혼술,10
대구칵테일바추천,10
대구칵테일맛집,10
대구칵테일,10
대구위스키,10
대구와인,10
lagavulin,10
lemon,10
굴뚝빵,10
liqueur_pave,10
동성로술집,10
동성로칵테일,10
포앤투웬티,10
동성로칵테일바,10
집술,10
겨울,10
차갑게시작하지만뜨겁게끝나는것,10
whisky_bonbon,10
4n20bar,10
t7,10
리큐르파베,10
레몬,10
칵테일레시피,10
칵테일만들기,10
칵테일맛집,10
fourandtwenty,10
동성로혼술,10
포엔투앤티,10
seung_hyun_86,9
rldnjs4177,9
빛의벙커,9
lisianthu_soo,9
kospub,9
jjeong_ki90,9
foodstagram,9
홈파티,9
drawing,9
음주스타그램,9
2020,9
homebar,9
안주스타그램,9
감성스타그램,9
폴고갱,9
메리크리스마스,9
럽스타그램,9
꼴레뇨,9
데이트,9
선팔환영,8
비앤비,8
뮤지컬스타그램,8
뮤지컬빈센트반고흐,8
cocktails,8
선팔맞팔,8
디엠환영,8
gift,8
소통그램,8
고려은단,8
예스24스테이지,8
소통환영,8
까를교,8
공연이벤트,8
비타민c,8
암스테르담,8
고려은단스파클링,8
압생트데이,8
🥃,8
dm,8
조형균,8
혜화,8
인친해요,8
팔로우반사,8
인친환영,8
인친,8
고흐가사랑한술,7
합정,7
selfie,7
iam._.jeje,7
맛스타그램,7
셀스타그램,7
압생트스푼,7
5쩜2키로,6
애교부려도,6
삼겹살,6
koreanfood,6
yeorumoro_,6
yummy,6
프라하한인민박,6
압생테리,6
žižkov,6
grayemilio,6
알코올중독,6
zizkov,6
u_______0.zip,6
vincentvangogh,6
등심돈가스,6
약수역8번출구,6
더부즈,6
tasty,6
라자냐,6
카푸치노,6
레드제플린,6
dangerous,6
여섯번의보름,6
😝,6
론디아즈151,6
여행스타그램,6
impressionism,6
smileon._,6
awesome,6
ee.jjong,6
프라하한달살기,6
김포,6
주말,6
귀여우면다야,6
다마셔마셔마셔마셔내술잔ay,6
규태네양곱창,6
스탬프,6
제주센트로,6
alone,6
달과6펜스,6
녹두빈대떡,6
제주일기,6
소용없음,6
남자친구,6
휘연,6
내게무해한사람,6
geon_papa_ on Instag,6
서울,6
생쉬,6
프라하맛집,6
artsnculture,6
감자뇨끼,6
갓파더,6
프라하숙소,6
go_praha,6
프라하민박,6
아마레또,6
exhibition,6
고사리육개장,6
서귀당,6
고프라하,6
europe,6
당근푸딩,6
곱창전골,6
치즈돈가스,6
내려가,6
요미랑,6
jiniiiing___,6
문화생활,6
유디니,6
lovely.heatherchoi,6
cool,6
인상주의,6
위스키바,6
인상주의화가,6
20191229,6
party,6
버티고개역,6
o4.25_ on Instagram:,6
jjmings,6
우진해장국,6
몰트,6
claudemonet,6
책스타그램,6
187센티멘트,6
모네,6
meeeeeeeerkat,6
jeju,6
배냥이,6
mori6v6,6
물랭루즈,6
lp바,6
mooondj,6
청라,6
뮤지컬빨래,6
부추군만두,6
sangyoon0424,6
바나나푸딩,6
천일만두,6
오늘_이후로_금주,6
sang_quu,6
예술도이정도면과음이지과음,6
부채살크림리조또,6
화주,6
대구카페,5
넘조아요,5
툴루즈로트렉,5
flowervase,5
미국서부,5
chyam_sori,5
모션포토,5
food,5
토탈이클립스_firforu,5
미국서부여행,5
토끼굴,5
테이크더리프트,5
미국여행,5
esquil,5
황금메쥬,5
대전,5
너무,5
cocktailbar,5
트램,5
물어보시던데,5
대구브런치,5
탄방동,5
firfor___u on Instag,5
티세븐,5
능청스럽게잘하네,5
늦게왓찌,5
fireworks,5
니트바,5
feeling,5
floralarrangement,5
farmtotable.official,5
트르들로,5
christmasmarket,5
홍대,5
청담오아시스,5
단벌신사,5
네덜란드화가,5
ez_ins_travel,5
네덜란드여행,5
미국,5
무드인디고아트,5
파우스트,5
무거운이불,5
kmg20th,5
emotion,5
명작xfile,5
칵테일제조,5
라뜰리에직원너무친절해❤,5
쵝오,5
라모스진피즈,5
냥청곰청,5
라스베가스공연,5
라스베가스쇼추천,5
라스베이거스,5
라스베이거스관광청,5
라스베이거스여행,5
라이카,5
czechrepublic,5
d_hstyle,5
ddojji94,5
말을해주라옹ㅜ,5
카를교,5
친구들과,5
만남,5
렉돌,5
dancing,5
daily_wine_gimhae,5
춤,5
dance,5
치즈플래터,5
르챔버청담,5
치즈맛없어😑,5
dailylife,5
취할까,5
마렵다,5
떠나고싶은마음,5
캐비넷,5
최고,5
disaronno,5
edgardegas,5
환각의_술,5
dailycook,5
체리볼스,5
체리브랜디,5
덕질,5
도수높은,5
도슨트,5
멍때리고보기,5
🤪,5
먹으면서도,5
동대문라뜰리에,5
체코맥주,5
크리스마스쿠키,5
따뜻했다추웠다급변하는,5
코카레로,5
코로나다과자,5
커피바케이,5
먹방,5
decemberholic,5
맥주주신,5
두잔,5
맥주의나라,5
둔산동,5
둘은자기자신을정말로사랑했던것같다,5
ddp,5
coffeebark,5
디사론노,5
라스베가스,5
구미술집,5
냥이스타그램,5
s5ng.hyun,5
shot,5
shhh,5
seung.hee.ko,5
sense_creator,5
segafredo__bar,5
한없이생각하게하는밤,5
s_________nh on Inst,5
instagrammable,5
내년에도,5
ryu_hsk,5
한잔,5
ipaddrawing,5
ramiyang_,5
ps.nyangchung,5
합치면,5
praguecastle,5
shots,5
sihwan16,5
sk.kim_agada,5
skysy10004,5
toulouselautrec,5
today,5
hiddenbar,5
호빵기가습기,5
하이볼,5
subwaycookies,5
star_sol2 on Instagr,5
한강,5
hindsight,5
souvenir,5
sooyeonl_,5
호기심,5
hugs_34,5
illustration,5
skyy,5
piggyjungwoo,5
photography,5
photographer,5
ji_heon_chol,5
jini309_,5
핸드릭스진,5
lucas16bank,5
향남,5
허브,5
limyoonjung_quilter,5
johnny_classic_bar o,5
lifeisjoy🤗,5
leicaq2,5
leesoyoung_soso,5
junyeolll_bar,5
lasvegas,5
just,5
l4l,5
kyungsun_oh,5
macallar128,5
maslowfurniture,5
pepe_kermann,5
maslowfurniture.kr,5
ootd,5
oldtownsquare,5
of_by_for_ysm,5
npub,5
nowhere,5
nighttrain,5
netherlands,5
neatbar,5
neat_bar,5
moving,5
move,5
motive_1998,5
moonjk_94,5
mood,5
jeymin.ny,5
hello2020,5
trdelnik,5
haroo_ken,5
그림,5
귀조심,5
귀염뽀짝,5
페르넷블랑카,5
gallerypigment,5
미소창의미술,5
홈바가구,5
관상용,5
공연후기,5
공연추천,5
공연,5
골룸,5
고흐술,5
포비,5
glendronach,5
고흐가마신술,5
그냥자,5
글렌드로낙,5
고양이그램,5
글렌피딕ipa,5
foodie,5
foodporn,5
낙서,5
forward_yujin,5
나만의시간,5
꽃과그림,5
홈칵테일,5
홈술,5
freestyle,5
깔루아는,5
팜테인제주,5
기승전술,5
팜투테이블,5
fuxxtheprice on Inst,5
기대한다,5
고추잡채,5
프라하기념품,5
hardware,5
gy_kim3807 on Instag,5
yunhye.no,5
youtube,5
haesun.j,5
yangyang_812,5
woo_rina_,5
플레이팅,5
happyday💕,5
whatever,5
vibe,5
vegasfun,5
vegasbaby,5
vazjoj_fheior on Ins,5
vangoghmuseum,5
uuu.table on Instagr,5
하우스와인🍷,5
z_y_o_n_g_,5
zicgoo4u on Instagra,5
겟썸,5
zzoba,5
건대맛집,5
건대,5
거실인테리어,5
갓마더,5
프라하의11월,5
간수치,5
가족들이많네,5
gogo,5
가게하냐고,5
ㅠㅠㅠㅠ,5
golden_meju_,5
gom_dor2,5
❤,5
gom_se,5
gy7228,5
미니어쳐,5
miso.misul,5
미술사,5
_jinhee_96,5
제주미술,5
싱가폴슬링,5
신기하게,5
시차극복실패,5
시원섭섭,5
_hello_chacha,5
스피치코바,5
제주미술사,5
준열바,5
스탬프투어,5
쉬바,5
술챌린지,5
술장,5
술이조으아,5
술이고플때,5
술알못,5
아니고,5
아니냐며,5
_._.bonny._._,5
제주날씨,5
압생토닉,5
압구정로데오,5
전시회스타그램,5
암스앓이,5
알파카,5
전용,5
알코올스타그램,5
알코올,5
7diaryy on Instagram,5
9040story,5
안주는,5
안녕베이거스,5
아우터스페이스보드카,5
아무말대잔치,5
아를,5
제주앓이,5
술로시작해서,5
술로끝나는,5
좋구나,5
주류거래,5
주류판매,5
서울전시회추천,5
서울전시회,5
서울일기,5
arles,5
arrangementflower,5
art,5
서른셋,5
서귀포,5
샷추가,5
샷,5
샤르트뢰즈그린,5
샤르트뢰즈eve,5
샤르트뢰즈,5
좋은시간,5
설연휴,5
힙지로,5
anywhere,5
수정방,5
휴일,5
absinthecocktails,5
수많은멸시와냉대를그는견디지못했다,5
수납장,5
속시원함,5
abvmakati,5
조마조마,5
소통스타그램,5
존레넌벽,5
존레논벽,5
adios2019,5
alcoholic,5
성스테판성당,5
amsterdam,5
잼작업으로달달하게달래기,5
압생트똥싸는소리,5
압생트를마시면초록색요정이보인대,5
용띠만세,5
1989.199o on Instagr,5
요사장tv,5
1oz,5
1월1일,5
1월26일,5
1차,5
왜이러고자냥,5
왜그러고자냥,5
🤤,5
올만에,5
올드타운스퀘어,5
온더테이블,5
오코노미야끼,5
오오티디,5
24도,5
요즘이불냥된생트,5
용문동,5
예술가들이좋아했다던데,5
우사단로,5
이번년도마무리,5
0_junnn2,5
의식의흐름무엇,5
을지로작은바,5
을지로,5
율하브런치,5
이해불가🤔,5
0es.nim,5
유럽꿀,5
12월,5
위어스,5
워터드롭,5
움짤생성,5
움직이는그림,5
우울행,5
오랜만,5
일러스트,5
압생트바,5
자꾸가만히있음,5
언니가너무,5
어린이들신남,5
🍻,5
🇳🇱,5
잘때올라오면가위눌림,5
잘부탁해,5
잘자요👋,5
야끼소바,5
야간열차,5
장식장,5
앨리스청담,5
앤펍,5
재방문50프로할인,5
69도,5
🇨🇿,5
에밀졸라,5
에스킬,5
연필깎이,5
여기왜이렇게좋아,5
연말파티,5
연남동,5
연남,5
역삼,5
역사,5
여행중,5
여행자석,5
여행에미치다_유럽,5
여행앓이,5
여행병,5
여행그램,5
여전히우리는서로를차별하고구분짓는다,5
잇스타그램,5
여름,5
자기방어를,5
주말끝,5
마지막밤,5
bs_gleam,5
삼십대너무좋아,5
사진작가,5
사징님이,5
직장인스타그램,5
caejonggi,5
balblair,5
삼땡,5
삼립호빵,5
책,5
별이빛나는밤,5
상품은없음,5
직장인,5
비터,5
진행자,5
cabinet,5
bonnykim,5
쪼바,5
반고흐커피,5
사진그램,5
새해복같은나이한살씩잘챙겨드세요💕,5
사랑합니다,5
방탄브이앱깜짝라이브,5
진피즈,5
밥플러스성수역점,5
진열장,5
빛의화가,5
밤의카페테라스,5
백만년만에,5
백만년만의,5
발렌타인,5
charlesbridge,5
횰로족,5
발블레어,5
사장님,5
사장님과함께,5
베체로브카,5
벨벳맥주,5
반고흐뮤지엄,5
보고싶어써😭,5
즐거운생활,5
볼스,5
bthxogus,5
미술스토리,5
불금,5
불꽃놀이,5
불만이뭔지,5
후기인상파,5
bunkerdelumieres,5
철퍼덕바닥에앉아👀,5
brusso,5
블랙러시안,5
바밤바,5
색감,5
새해첫술,5
봉골레파스타,5
새해에도잘부탁드립니다,5
브런치카페,5
bonnykimstyle,5
브라우니,5
반고흐가즐겨마셨다던,5
찰칵찰칵,5
timor,4
본샹스모스카토,4
independentbottling,4
instafood,4
2ga2ga2,4
연말모임,4
분깡술집,4
연말파티준비,4
scallywag,4
약수역맛집,4
tattoodesign,4
tattoodrawing,4
약수역핫플,4
배우,4
영롱해,4
영화,4
마시고,4
예약받아요☎️,4
2____dj on Instagram,4
russia,4
rosy_choi,4
하우스바,4
뱅쇼,4
shltr__,4
여기조하,4
여미,4
hj_culture,4
함께해요❤️,4
sooin_raven__,4
어반루프,4
환각술,4
travel4life,4
homecafe,4
별로,4
illust,4
만취,4
언제뜯을까나,4
초록악마,4
colortattoo,4
일상속행복,4
themoment,4
ch._7an,4
in_di_vidual,4
happynewyear,4
맥캘란,4
succulent,4
thelasttuesdaysociety,4
오르가즘,4
줘뿨삐의탄생,4
청평,4
원조압생트,4
llllrs on Instagram:,4
london,4
londonlife,4
핸드릭스진토닠,4
황민수,4
위스키하이볼,4
151럼,4
혜화술집,4
medievalinterior,4
chiharu_jione,4
madame.alissa,4
jiho7407,4
무려,4
martin_the_hedwig,4
우울증,4
반고흐전,4
반고흐가사랑한,4
허니와인,4
바텐더그램,4
바용품,4
혜화수도원,4
kwak_yoonsang,4
028737475,4
kc_hwangbo,4
미니바,4
이마트트레이더스,4
첫술잔,4
이태원바,4
jungsuyu,4
이태원살롱,4
형균이네정미소,4
leopoldbros,4
바드레서,4
바메이드,4
jmt,4
우니한판,4
우니우니,4
repost,4
밤의카페,4
인어서울,4
orange_lolol,4
해장은갈비,4
와이캠핑장,4
jade1901,4
모델,4
vintageinterior,4
핫플레이스,4
jeonggoods,4
핫플,4
명화폰케이스,4
명화전시,4
iwcblue on Instagram,4
오빠랑,4
itaewonbar,4
itaewon,4
와인추천,4
oldtownchristmas,4
와플,4
챌린저스,4
jeju_alibiroom,4
우니스타그램,4
우니러버,4
우니,4
몽키진토닠,4
morihigh,4
몽키47진,4
반려식물,4
namsan_manas,4
namsu297,4
je0ng_c,4
cheltheats,4
모히토,4
모히또,4
인스타푸드,4
올해의먹방,4
리오하,4
vladivostok,4
나만알고싶은곳,4
fruitpopcorn,4
_urbanroof_,4
깔루아,4
디플로마티코싱글빈티지2001,4
캠핑,4
사제락,4
힙,4
드로잉타투,4
actor,4
나만의시상식,4
드로잉,4
홈테이블,4
수도원,4
조니워커,4
소확행,4
absinthetattoo,4
김렛,4
기뷴최고,4
캐리어를끄는여자,4
딸스타그램,4
신림역바,4
신림바,4
빈쎈트반고흐,4
식빵냥,4
미리크리쓰마쓰,4
식물스타그램,4
궁디팡팡캣페스타,4
궁팡,4
barmade,4
bar_made_,4
_skymon,4
그루에,4
칵테일토마토,4
라끌렛,4
칼바도스올드패션드,4
파티예약,4
컬러타투,4
신림와인,4
샹그리아,4
단골각,4
도쿄술집,4
데킬라,4
키르히너,4
타투,4
타파스바,4
샐러리,4
artmadcase,4
소시지파티,4
테르트르광장,4
더버뮤다,4
drinksofinstagram,4
ernstludwigkirchner,4
더모먼트,4
emotions,4
대학로수도원,4
독립병입위스키,4
drawingtattoo,4
다육인스타,4
다육이키우기,4
소설책,4
amabilis510,4
amf,4
세번째책바,4
크리스마스휴가,4
depression,4
니꺼사냥하러,4
다녀올게,4
좋아하는술이또하나늘었다,4
다소다,4
다소다다육이야기,4
다소다럭스,4
다육,4
다육스타그램,4
다육식물,4
포로코로쏘,4
관종냥,4
신림와인바,4
런던술집,4
럽스타,4
칵테일앤드림,4
안주그램,4
가출청년아님주의,4
안산,4
감성,4
신림칵테일바,4
아페롤,4
제이드1901,4
감정,4
제제바,4
아페롤스프리츠,4
개냥이말고그냥개,4
갬성,4
bistro,4
정미소,4
블라디보스톡,4
로이앤듀크,4
저긴또왜들어갈까,4
gyeoms_s,4
yusipre,4
압생트를사야게땅,4
gyunijungmiso,4
yeoni_yeony,4
대학로술집,4
압생트타투,4
hahajung_ on Instagr,4
winebar,4
happychristmas,4
취미,4
vodka,4
갬성스타그램,4
감성타투,4
아펌,4
칵테일앤드림in신림,4
포름광장,4
고흐영원의문에서,4
신촌,4
폴인팬케이크,4
bartender,4
bartenders,4
푸아그라,4
아트마드,4
라크라사드,4
고잔동,4
고양이머리끈,4
아락,4
bartool,4
식물인스타,4
럭스,4
러시아,4
goddess._auspicious_,4
아이언펌킨,4
결말,4
런던,4
힙플레이스,4
96_seokjae,4
4명이서6인분77ㅓ억,3
kim_hyemin36,3
im_jooooy,3
cheektocheek1,3
33유콘,3
회기술집,3
instamoment,3
_____hao_,3
dw_gwon,3
burninglove86,3
화장실비번,3
a.k.a_rednef,3
70도희석시켜서마신대,3
godfathercocktail,3
barrel,3
회기혼술,3
7103샾,3
홍대칵테일바,3
clark11131113,3
jams_73,3
heonnouncer,3
33yucon,3
gwan_96,3
혼술바,3
환각,3
화장품맛🤢🤮,3
2주년,3
ardbeg,3
이용자어디음슴⁉️❓❔,3
이문동바,3
게으른자식들,3
리커,3
망한고양이사진대회,3
초코플랫치노,3
초록술,3
몰트바,3
몰트바배럴,3
청량리혼술,3
반고흐덕질,3
발렌타인30년산,3
버블티,3
부산,3
분짜첫도전,3
창문이나열지마,3
불쇼,3
불장난하면이불에쉬한대🤣,3
레넌벽,3
드라이에이징버거,3
동래,3
네덜란드,3
고흐가반한술,3
펄추가,3
팔미에르,3
나멋잇나hoxy,3
나안무거운데표정왜저러냐😑,3
파파진구,3
노르웨이의숲,3
동대문맛집,3
다크초코플랫치노,3
당근마켓,3
더롯지,3
더바,3
더빠,3
클럽duplex,3
집근처,3
비투스대성당,3
비행,3
외대앞,3
lacrimoa on Instagra,3
일본이성진국,3
옴마내려가고시따옹,3
옴마재미따옹,3
외대맛집,3
외대술집,3
외대와인,3
압생트카페,3
요새는5층클럽보다여기가낫다는민박스텝님추천,3
우리도곧30,3
원치않은벌주,3
유럽,3
이문동,3
이문동술집,3
야경,3
압생트좀비,3
빈센트반고흐미술관,3
수제각설탕,3
빠삐코맛,3
빨래잘널었냐옹,3
산책하다가있길래,3
생각보다시시,3
성공적,3
성박물관,3
스피리츠,3
압생트인서울,3
슬라비아카페,3
신촌더빠,3
아드벡,3
아메리맛집,3
알찬스테이,3
압생트모히토,3
프라하성스타벅스,3
최애빵집,3
가성비😢,3
tredelnik,3
singlemalt,3
zen.bar,3
paul,3
purple_j333,3
가만히좀있지,3
한국외대,3
한밤의불장난,3
našemaso,3
s2_kuru_s2,3
yolong222,3
한예종맛집,3
wmi_cuisinierson,3
remember,3
하이네켄브루어리,3
smm,3
thelodge,3
핵존맛탱구리jmt꼭드세요,3
maltbar,3
ㄹㅇ인생버거,3
spirits,3
mc_j503,3
luv_won,3
macallan,3
whiskey,3
thebar,3
한국예술종합학교,3
berg,2
생트는물지마라,2
soho17,2
북스타그램,2
서면맛집,2
채끝살,2
서면,2
샷바브아,2
bo_o_life,2
soho,2
bookstagram,2
진로,2
사보이,2
서면터번,2
booklover,2
한겨울에모기라니,2
instagood,2
소고기,2
서면핫플,2
jaemins9809,2
이화동,2
혜화동,2
joobyeol_,2
like,2
liqueur,2
오반,2
에곤쉴레,2
어디서자냐고,2
어니스트팬케이크,2
자리싸움,2
혜화역몰트바,2
정상인귀환,2
아지트,2
혜화혼술,2
rock,2
스테이크,2
술버릇,2
술꾼,2
reading,2
손글씨,2
소호17번지,2
소호17st,2
소호,2
훈제연어,2
소나무길,2
soho17st,2
셀카스타그램,2
셀카,2
보오노트,2
in_gu1201 on Instagr,2
handwritting,2
출근길명화한점,2
깁스풀었당,2
트라이브,2
터번,2
dalcom.js,2
롱아일랜드아이스티,2
팔로우,2
동숭동,2
꺄,2
follow,2
glass,2
독서,2
yeri313,2
h___yeonny,2
광안리술집,2
더레드,2
대학로혼술,2
대학로바,2
대학로몰트바,2
광안리펍,2
달콤브로우일상,2
마로니에공원,2
달콤브로우,2
모기꺼져,2
뱃장,2
책읽기,2
soho17번지,2
cherish_sxyxxn,2
soolkoon,2
the_red_lounge_pub,2
논알콜,2
맛집,2
모기뭐냐옹,2
명륜동,2
다리는뭔데,2
하이드아웃,2
다묘집사님들정말대단,2
맛집발견,2
국화,2
444,1
431,1
430,1
395,1
432,1
429,1
433,1
445,1
396,1
443,1
414,1
446,1
449,1
379,1
380,1
381,1
382,1
383,1
384,1
385,1
386,1
387,1
447,1
388,1
389,1
390,1
391,1
392,1
393,1
394,1
448,1
428,1
398,1
397,1
442,1
437,1
422,1
421,1
420,1
408,1
438,1
409,1
410,1
419,1
411,1
377,1
412,1
418,1
417,1
416,1
415,1
439,1
423,1
424,1
407,1
413,1
434,1
441,1
435,1
427,1
440,1
436,1
426,1
399,1
425,1
400,1
401,1
402,1
403,1
404,1
405,1
406,1
378,1
341,1
376,1
320,1
322,1
323,1
324,1
325,1
326,1
327,1
328,1
329,1
330,1
331,1
332,1
333,1
334,1
335,1
336,1
321,1
319,1
338,1
318,1
303,1
304,1
305,1
306,1
307,1
308,1
309,1
310,1
311,1
312,1
313,1
314,1
315,1
316,1
317,1
337,1
339,1
375,1
358,1
360,1
361,1
362,1
363,1
364,1
365,1
366,1
367,1
368,1
369,1
370,1
371,1
372,1
373,1
374,1
359,1
357,1
340,1
356,1
451,1
342,1
343,1
344,1
345,1
346,1
347,1
348,1
349,1
350,1
351,1
352,1
353,1
354,1
355,1
450,1
42,1
452,1
546,1
548,1
549,1
550,1
551,1
552,1
553,1
554,1
555,1
556,1
557,1
558,1
559,1
560,1
561,1
562,1
547,1
545,1
564,1
301,1
530,1
531,1
532,1
533,1
534,1
535,1
536,1
537,1
538,1
539,1
540,1
541,1
542,1
543,1
544,1
563,1
565,1
528,1
584,1
586,1
587,1
588,1
589,1
590,1
591,1
592,1
593,1
594,1
595,1
596,1
597,1
598,1
599,1
600,1
585,1
583,1
566,1
582,1
567,1
568,1
569,1
570,1
571,1
572,1
573,1
574,1
575,1
576,1
577,1
578,1
579,1
580,1
581,1
529,1
527,1
453,1
471,1
473,1
474,1
475,1
476,1
477,1
478,1
479,1
480,1
481,1
482,1
483,1
484,1
485,1
486,1
487,1
472,1
470,1
489,1
469,1
454,1
455,1
456,1
457,1
458,1
459,1
460,1
461,1
462,1
463,1
464,1
465,1
466,1
467,1
468,1
488,1
490,1
526,1
509,1
511,1
512,1
513,1
514,1
515,1
516,1
517,1
518,1
519,1
520,1
521,1
522,1
523,1
524,1
525,1
510,1
508,1
491,1
507,1
492,1
493,1
494,1
495,1
496,1
497,1
498,1
499,1
500,1
501,1
502,1
503,1
504,1
505,1
506,1
302,1
205,1
300,1
93,1
95,1
96,1
97,1
98,1
99,1
100,1
101,1
102,1
103,1
104,1
105,1
106,1
107,1
108,1
109,1
94,1
92,1
111,1
91,1
76,1
77,1
78,1
79,1
80,1
81,1
82,1
83,1
84,1
85,1
86,1
87,1
88,1
89,1
90,1
110,1
112,1
299,1
131,1
133,1
134,1
135,1
136,1
137,1
138,1
139,1
140,1
141,1
142,1
143,1
144,1
145,1
146,1
147,1
132,1
130,1
113,1
129,1
114,1
115,1
116,1
117,1
118,1
119,1
120,1
121,1
122,1
123,1
124,1
125,1
126,1
127,1
128,1
75,1
74,1
73,1
26,1
24,1
23,1
22,1
21,1
20,1
44,1
19,1
45,1
46,1
18,1
17,1
16,1
15,1
14,1
13,1
25,1
27,1
72,1
28,1
43,1
41,1
40,1
39,1
38,1
37,1
36,1
602,1
35,1
34,1
33,1
32,1
31,1
30,1
29,1
47,1
12,1
11,1
48,1
57,1
58,1
59,1
60,1
61,1
62,1
63,1
64,1
65,1
66,1
67,1
68,1
69,1
70,1
71,1
1,1
2,1
3,1
7,1
10,1
49,1
50,1
9,1
8,1
51,1
52,1
4,1
6,1
5,1
53,1
54,1
55,1
56,1
148,1
149,1
150,1
245,1
247,1
248,1
249,1
250,1
251,1
252,1
253,1
254,1
255,1
256,1
257,1
258,1
259,1
260,1
261,1
246,1
244,1
226,1
243,1
228,1
229,1
230,1
231,1
232,1
233,1
234,1
235,1
236,1
237,1
238,1
239,1
240,1
241,1
242,1
262,1
263,1
264,1
265,1
284,1
285,1
286,1
287,1
288,1
289,1
290,1
291,1
292,1
293,1
294,1
295,1
296,1
297,1
298,1
283,1
282,1
281,1
272,1
266,1
267,1
268,1
269,1
270,1
271,1
273,1
280,1
274,1
275,1
276,1
277,1
278,1
279,1
227,1
225,1
151,1
169,1
171,1
172,1
173,1
174,1
175,1
176,1
177,1
178,1
179,1
180,1
181,1
182,1
183,1
184,1
185,1
170,1
168,1
224,1
167,1
152,1
153,1
154,1
155,1
156,1
157,1
158,1
159,1
160,1
161,1
162,1
163,1
164,1
165,1
166,1
186,1
187,1
188,1
189,1
209,1
210,1
211,1
212,1
213,1
214,1
215,1
216,1
217,1
218,1
219,1
220,1
221,1
222,1
223,1
208,1
207,1
206,1
196,1
190,1
191,1
192,1
193,1
194,1
195,1
197,1
204,1
198,1
199,1
200,1
201,1
202,1
203,1
601,1
1141,1
603,1
998,1
1000,1
1001,1
1002,1
1003,1
1004,1
1005,1
1006,1
1007,1
1008,1
1009,1
1010,1
1011,1
1012,1
1013,1
1014,1
999,1
997,1
1016,1
996,1
981,1
982,1
983,1
984,1
985,1
986,1
987,1
988,1
989,1
990,1
991,1
992,1
993,1
994,1
995,1
1015,1
1017,1
1054,1
1036,1
1038,1
1039,1
1040,1
1041,1
1042,1
1043,1
1044,1
1045,1
1046,1
1047,1
1048,1
1049,1
1050,1
1051,1
1052,1
1037,1
1035,1
1018,1
1034,1
1019,1
1020,1
1021,1
1022,1
1023,1
1024,1
1025,1
1026,1
1027,1
1028,1
1029,1
1030,1
1031,1
1032,1
1033,1
980,1
979,1
978,1
923,1
925,1
926,1
927,1
928,1
929,1
930,1
931,1
932,1
933,1
934,1
935,1
936,1
937,1
938,1
939,1
924,1
922,1
977,1
921,1
906,1
907,1
908,1
909,1
910,1
911,1
912,1
913,1
914,1
915,1
916,1
917,1
918,1
919,1
920,1
940,1
941,1
942,1
943,1
962,1
963,1
964,1
965,1
966,1
967,1
968,1
969,1
970,1
971,1
972,1
973,1
974,1
975,1
976,1
961,1
960,1
959,1
950,1
944,1
945,1
946,1
947,1
948,1
949,1
951,1
958,1
952,1
953,1
954,1
955,1
956,1
957,1
1053,1
1055,1
604,1
absentabar,1
absentas,1
absinthebar,1
absinthelovers,1
backintheday,1
balvenie12,1
beer,1
choijongyeol,1
degustaciondeabsentas,1
djjune,1
ecuador,1
kim.cuisine,1
koo_jason_9,1
lafeeverte,1
lazylazyman1988,1
leek,1
absentarusa,1
absenta,1
macallan12,1
1148,1
1132,1
1133,1
1134,1
1135,1
1136,1
1137,1
1138,1
1139,1
1140,1
1142,1
1143,1
1144,1
1145,1
1146,1
1147,1
허브향,1
malt,1
1056,1
로얄살루트,1
맥스타그램,1
모스코뮬,1
목포의상실,1
버번위스키,1
병맥,1
진저칵테일,1
생맥,1
소비에스키,1
젤라토,1
수입맥주,1
수제맥주,1
애정결핍,1
에스프레소☕️,1
일상스타그램,1
오늘의회,1
추억의레코드를돌려서,1
레트로바,1
mlejnice,1
동그라미식량,1
paris,1
so_vely._,1
tres_pintas,1
wine,1
yyyyyyyyyyyyyong,1
абсент,1
абсента,1
абсентик,1
абсенто,1
абсентобар,1
アブサン,1
남자피자,1
너무피곤,1
트립어드바이저,1
대전애정결핍,1
1131,1
1130,1
1129,1
1074,1
1076,1
1077,1
1078,1
1079,1
1080,1
1081,1
1082,1
1083,1
1084,1
1085,1
1086,1
1087,1
1088,1
1089,1
1090,1
1075,1
1073,1
1128,1
1072,1
1057,1
1058,1
1059,1
1060,1
1061,1
1062,1
1063,1
1064,1
1065,1
1066,1
1067,1
1068,1
1069,1
1070,1
1071,1
1091,1
1092,1
1093,1
1094,1
1113,1
1114,1
1115,1
1116,1
1117,1
1118,1
1119,1
1120,1
1121,1
1122,1
1123,1
1124,1
1125,1
1126,1
1127,1
1112,1
1111,1
1110,1
1101,1
1095,1
1096,1
1097,1
1098,1
1099,1
1100,1
1102,1
1109,1
1103,1
1104,1
1105,1
1106,1
1107,1
1108,1
905,1
904,1
903,1
697,1
699,1
700,1
701,1
702,1
703,1
704,1
705,1
706,1
707,1
708,1
709,1
710,1
711,1
712,1
713,1
698,1
696,1
715,1
695,1
680,1
681,1
682,1
683,1
684,1
685,1
686,1
687,1
688,1
689,1
690,1
691,1
692,1
693,1
694,1
714,1
716,1
902,1
735,1
737,1
738,1
739,1
740,1
741,1
742,1
743,1
744,1
745,1
746,1
747,1
748,1
749,1
750,1
751,1
736,1
734,1
717,1
733,1
718,1
719,1
720,1
721,1
722,1
723,1
724,1
725,1
726,1
727,1
728,1
729,1
730,1
731,1
732,1
679,1
678,1
677,1
622,1
624,1
625,1
626,1
627,1
628,1
629,1
630,1
631,1
632,1
633,1
634,1
635,1
636,1
637,1
638,1
623,1
621,1
676,1
620,1
605,1
606,1
607,1
608,1
609,1
610,1
611,1
612,1
613,1
614,1
615,1
616,1
617,1
618,1
619,1
639,1
640,1
641,1
642,1
661,1
662,1
663,1
664,1
665,1
666,1
667,1
668,1
669,1
670,1
671,1
672,1
673,1
674,1
675,1
660,1
659,1
658,1
649,1
643,1
644,1
645,1
646,1
647,1
648,1
650,1
657,1
651,1
652,1
653,1
654,1
655,1
656,1
752,1
753,1
754,1
848,1
850,1
851,1
852,1
853,1
854,1
855,1
856,1
857,1
858,1
859,1
860,1
861,1
862,1
863,1
864,1
849,1
847,1
829,1
846,1
831,1
832,1
833,1
834,1
835,1
836,1
837,1
838,1
839,1
840,1
841,1
842,1
843,1
844,1
845,1
865,1
866,1
867,1
868,1
887,1
888,1
889,1
890,1
891,1
892,1
893,1
894,1
895,1
896,1
897,1
898,1
899,1
900,1
901,1
886,1
885,1
884,1
875,1
869,1
870,1
871,1
872,1
873,1
874,1
876,1
883,1
877,1
878,1
879,1
880,1
881,1
882,1
830,1
828,1
755,1
773,1
775,1
776,1
777,1
778,1
779,1
780,1
781,1
782,1
783,1
784,1
785,1
786,1
787,1
788,1
789,1
774,1
772,1
827,1
771,1
756,1
757,1
758,1
759,1
760,1
761,1
762,1
763,1
764,1
765,1
766,1
767,1
768,1
769,1
770,1
790,1
791,1
792,1
793,1
812,1
813,1
814,1
815,1
816,1
817,1
818,1
819,1
820,1
821,1
822,1
823,1
824,1
825,1
826,1
811,1
810,1
809,1
800,1
794,1
795,1
796,1
797,1
798,1
799,1
801,1
808,1
802,1
803,1
804,1
805,1
806,1
807,1
0,1
