,RowSum
리큐르,167
위스키,60
보드카,49
럼,40
술스타그램,35
올리커,31
꼬냑,27
베이킹클래스,27
칵테일,26
와인,26
카페,25
silpan_1,25
bevvybananaa,24
나카무라아카데미,24
실팬,24
발사믹식초,23
올리브오일,23
봄파스,23
동경제과학교,22
꼬르동블루,22
샴페인,21
신탄진술집,20
소통,20
신탄진보드카,20
대전,20
신탄진맛집,20
일상,20
수입맥주,19
케이크,19
디저트,19
좋아요,19
리큐어,18
사케,18
룸술집,18
vodka,18
wine,17
맥주,16
신탄진바나나,16
마카롱,16
양주,15
제과점,15
진,15
르노또르,14
vomfass,14
바나나,14
동부이촌동,13
데킬라,13
followme,13
술집,13
cocktail,13
liqueur,13
이벤트,13
수제맥주,13
보드카싼집,12
디종키르쉬,12
드로잉노트,12
제이원제이코리아,12
먹스타그램,12
다쿠아즈,11
엑스레이티드,11
daily,11
맞팔,11
나인,10
tequila,10
ninebar,10
부산주류,10
분위기좋은술집,10
liquor,10
동성로,10
둔산동,10
singlehisky,10
주류회사,10
sehwa_alcoholic_liqu,10
마산주류,10
창원주류,10
silpan,10
와인120종,10
주류도매,10
주류유통,10
rum,10
나인바,10
천안,10
bar,10
타히티바닐라빈,10
세계주류,10
champagne,10
경남주류,10
관평동,10
세화주류,10
맛집,10
럼등,10
할인매장,10
assabeer_no.1,10
김해주류,10
ad,10
수입주류,10
01,10
downtown,10
cognac,10
nine,10
아이스크림,10
whisky,10
gin,10
worldliquormarket,10
코냑,10
세계맥주200가지,10
대구,10
go_to_hell9207,10
아싸비어,10
청주,10
술,9
소주,9
맛스타그램,9
데일리,9
생일파티,8
tagsforlikes,8
샐러드,8
いいね返し,8
photooftheday,8
インスタ,8
salad,8
신탄진,8
食べ物グラム,8
食べ物,8
생일주,8
フォローバック,8
フォロー,8
いいね,8
swag,8
봄파스타그램,8
바닐라빈,8
f4f,8
istagood,8
베이킹,8
l4l,8
베이커리,8
happy,8
life,8
fun,8
follow,8
일상스타그램,8
커플술집,8
love,8
푸드스타그램,8
글렌피딕,7
glenfiddich,7
서울,7
아이스크림250가지,7
데낄라,7
강남,7
맛있다그램,7
봄베이,7
cake,6
eatalykorea,6
00,6
티나리큐르,6
선팔,6
dacquoise,5
쓰리베이스,5
allliquor,5
르노뜨르,5
리몬첼로,5
co___nan,5
29pub,5
콜라보,5
밀크리큐르,5
홈술,5
막걸리,5
기록스타그램,5
술깨자그램,5
실팬바닐라빈,5
chocolate,5
모델,5
기록,5
팔로우미,5
한남대,5
팔리니,5
팔리니리몬첼로,5
망고리,5
bottle_re,5
무스케이크,5
르꼬르동블루,5
구매대행,5
구움과자,5
mandy_jeon,5
디저트카페,5
압생트,5
job,5
베이킹스타그램,5
디저트클래스,5
브랜디,5
오븐엔조이,5
베이킹원데이클래스,5
베이킹재료,5
like4like,5
사이다,5
k1mmg,5
kahlua,5
제과재료,5
전통주,5
우유리큐르,5
rosy_choi,5
sinseonju_cheongju,5
베이킹수업,5
체험,5
베이킹쇼핑몰,5
macaron,5
디저트술,5
충대,5
일본공구,5
방배,5
백주,5
일본구매대행,5
사랑해,5
생일,5
일스타그램,5
에이엘엘리커,5
디저트레시피,5
진토닉,5
hyeon2.jpg,5
연예인,5
브런치,4
독일,4
너무,4
멋있어요☺️,4
드레싱,4
세계주류백화점,4
미도리,4
레시피,4
라구니타스,4
끼르쉬,4
연어사랑,4
나는,4
photography,4
코닥필름,4
olympus,4
blla__j,4
잘생겼다,4
잘생겼지,4
kodakfilm,4
kodakcolorplus200,4
kodak,4
chuncheon,4
jun_ji_seung,4
drinks,4
eataly,4
jenny5466,4
isidore_jeong,4
ipa,4
instafood,4
homecafe,4
hingyoyo,4
초간단요리,4
fff,4
food,4
취하고싶다,4
취한다,4
filmphotography,4
filmcamera,4
olympusxa,4
이렇게,4
film,4
yatapphoto,4
감성에,4
20,4
야채,4
야탑포토,4
beer,4
슈투트가르트,4
홈카페,4
하이네켄코리아로,4
하늘이누나,4
travel,4
필카,4
필름사진,4
여행,4
화이트발사믹,4
talewhale,4
플레이팅,4
글렌피딕12년,4
왜,4
roomhof,4
35mm,4
라거파들의,3
1heeee,3
bhans2244,3
9년지기,3
adieu,3
escort,3
enoteca,3
bailey_baking,3
chatenignes,3
bakingmam,3
birra,3
라이온,3
jichan0816,3
딸기맛보드카,3
suyeon0460,3
그득그득채워놓을께요,3
나카무아카데미,3
과실주,3
고메,3
니트,3
x,3
wineshop,3
visualdive,3
vinoitaliano,3
vino,3
tinaliqueur,3
tina,3
soteamzzang,3
디종밤,3
도수_16,3
repost,3
midnightcompany,3
liquore,3
lfl,3
jung_woosung,3
jmbar_sulzip on Inst,3
jmbar_sulzip,3
jmbar,3
글렌피딕15년,3
italianwine,3
free_zino_,3
마다카스카르바닐라빈,3
🥃,3
알콜신잡,3
창원제과재료,3
술모으는여자,3
술리뷰,3
술기로운생활,3
전주호남주류상사최강5팀,3
전주호남주류소이석팀장,3
정직한주류유통기업,3
제과제빵재료,3
족구동호회,3
족구심판,3
송민체인,3
소통해요,3
주류유통의선두주자,3
주류창업상담,3
주스먹는거아니예요술이예요,3
세계주류마켓,3
중앙동,3
선팔하면맞팔,3
지곡6길69번지,3
지리단길,3
지현동,3
진을,3
술병,3
전용잔행사로,3
술이예쁜건안비밀,3
싱글몰트,3
어쩌구저쩌구,3
어쩌라거,3
에노테카,3
에스코트,3
에스코트17,3
온더락스,3
와인샵,3
와인의세계세계의와인,3
워니_먹방,3
원산지_한국,3
술집추천,3
스피릿,3
이원복교수,3
이탈리,3
이탈리안와인,3
이탈리코리아,3
인친,3
스트레이트,3
작업주,3
술추천하는집,3
창원,3
현대백화점판교점,3
체이서,3
바잘알,3
코마드,3
코젤다크,3
팔로워,3
바카디모히또,3
티나,3
바추천,3
바알못,3
베일리스,3
바,3
해피,3
피치트리,3
핫플,3
클럽,3
클럽술,3
베이킹맘,3
크래프트비어,3
미드나잇컴퍼니,3
프로바,3
충주,3
샤뗀느,3
비어백,3
비한스,3
프라이빗바,3
카페스타그램,3
플팔이,2
이쁘지만,2
프랑스,2
peachtree,2
ramazzotti,2
월요병,2
푸른하늘에,2
퇴근,2
예거밤,2
우녹스,2
bar하면,2
에이드,2
selfie,2
에카,2
syunibibi,2
예거,2
오미자,2
이야기고래,2
오뎅하면,2
예거마이스터,2
트리,2
liqueurs,2
탄산수,2
홍대,2
초코,2
지에라,2
Null,2
friends,2
추천,2
즐거움,2
향이며,2
헤네시,2
앙금플라워,2
친구들,2
20대,2
kjmjin,2
크렘드망뜨,2
크렘드망뜨그린,2
크렘드카카오,2
16도,2
저녁,2
크렘드카카오화이트,2
크리스마스,2
likeforlikes,2
초보드링커,2
홈텐딩,2
dgr0508,2
일상그램,2
마다가스카르바닐라빈,2
앱솔루트,2
키르쉬,2
앙금프라워,2
경성대,2
색도,2
대연동,2
달지,2
달달하다,2
단풍이,2
단골손님,2
다쿠아즈틀,2
다이어트,2
남구,2
셀카,2
셀피,2
앙금케이크,2
힐링,2
꽃대,2
술샘16,2
그집오뎅bar,2
그집오뎅,2
스메그,2
스미노프,2
사랑해요,2
부산,2
부경대,2
민트,2
말리부,2
맛이,2
리골다크럼,2
매혹적이다,2
물들인듯한,2
로얄살루트,2
믹스,2
랑그드샤,2
라운지바,2
디자인,2
라운지,2
라마조티,2
라마조띠,2
민트초코,2
디종끼르쉬,2
바텐더,2
베닉스,2
베이킹공방,2
스트레스,2
플라워리프터,2
강남라운지,2
건대,2
쏘맥스타그램,2
쏘맥,2
신탄진핫플,2
아구아밤,2
쌀케이크,2
감성,2
강남술집,2
않음면서,2
강남역,2
강남핫플레이스,2
플라워케이크,2
78,1
103,1
102,1
100,1
90,1
131,1
101,1
91,1
104,1
77,1
114,1
76,1
92,1
93,1
94,1
99,1
130,1
132,1
98,1
133,1
134,1
97,1
135,1
136,1
96,1
95,1
137,1
105,1
107,1
129,1
121,1
113,1
112,1
84,1
115,1
116,1
117,1
118,1
111,1
119,1
85,1
82,1
120,1
86,1
87,1
122,1
89,1
123,1
81,1
124,1
80,1
125,1
88,1
110,1
109,1
79,1
126,1
108,1
127,1
106,1
128,1
83,1
53,1
75,1
27,1
20,1
21,1
22,1
23,1
24,1
25,1
26,1
28,1
74,1
29,1
30,1
31,1
32,1
33,1
34,1
35,1
19,1
18,1
17,1
16,1
1,1
2,1
3,1
4,1
5,1
6,1
7,1
8,1
9,1
10,1
11,1
12,1
13,1
14,1
15,1
36,1
37,1
38,1
57,1
59,1
60,1
61,1
62,1
63,1
64,1
65,1
66,1
67,1
68,1
69,1
70,1
71,1
72,1
73,1
58,1
56,1
39,1
55,1
40,1
41,1
42,1
43,1
44,1
45,1
46,1
47,1
48,1
49,1
50,1
51,1
52,1
139,1
54,1
138,1
마시는게,1
140,1
엄청큰레몬,1
shopping,1
skh0199,1
spree,1
역쉬👍,1
여행와서마트가는거너무좋아,1
엘더플라워,1
아마로,1
의별,1
아는거많아지면내꺼사느라못사다주겠지,1
ガトーショコラ,1
チョコレート,1
バレンタインデー,1
プレゼント,1
リキュール,1
위스키잔에,1
의정부,1
141,1
주류층,1
추첨이벤트,1
초콜릿,1
집에서한잔🍺,1
지름신,1
jeungcheul.lee,1
주류코너,1
존향👍,1
이남자가술먹는법,1
jungeun_julia_kim,1
junki_hong__,1
전주,1
자기,1
minkyu_leo,1
mo_yerin_sheri,1
ㅎ,1
嬉しい,1
手作り,1
부채살,1
누가파인애플하나오렌지에놨냐,1
선물,1
달달구리,1
섞지않고,1
상당히,1
부킹,1
발렌타인데이,1
日韓カップル,1
민또술🍺,1
로맨틱별밤,1
룰렛,1
모히또,1
머리만한브로콜리,1
막둥이,1
노원,1
내스탈,1
내머리는콜리플라워랬어,1
나이트,1
쇼핑은힘드니까맥주마시고,1
수유,1
수제,1
술구경,1
기쁨,1
경기도,1
갸또쇼콜라,1
강림,1
감성주점,1
가족,1
가위바위보,1
笑,1
相当,1
컬렉션,1
drinkagainminkyu,1
큰오라비,1
165,1
159,1
160,1
161,1
162,1
163,1
164,1
166,1
174,1
167,1
168,1
169,1
170,1
171,1
172,1
158,1
157,1
156,1
155,1
154,1
153,1
152,1
151,1
150,1
149,1
148,1
147,1
146,1
145,1
144,1
143,1
142,1
173,1
175,1
dam,1
헌팅,1
194,1
195,1
혼술🍺,1
혼성주,1
886日,1
886일,1
핵존맛👍,1
176,1
alcohol,1
한일커플,1
평범한,1
choi6454,1
탄소고기,1
collection,1
193,1
192,1
191,1
190,1
189,1
188,1
187,1
186,1
185,1
184,1
183,1
182,1
181,1
180,1
179,1
178,1
177,1
0,1
