,RowSum
맥주,20
먹스타그램,5
맥주스타그램,5
좋아요반사,4
소주,4
맛스타그램,4
술스타그램,3
강남술집,3
좋반,3
크래프트비어,3
beer,3
셰프주,2
피맥,2
와인,2
첫줄,2
수제맥주,2
노래방홍보,2
소통,2
퇴근후,2
소맥,2
소맥제조기,2
건대술집,2
부평술집,2
크래프트맥주,2
불금,2
불목,2
불토,2
인싸,2
chefzoo,2
인싸템,2
일상,2
회식잇템,2
회식,2
맛집,2
홍대술집,2
맥덕,2
좋아요반사테러,2
에일,2
선팔하면맞팔,2
ale,2
구월동술집,2
craftbeer,2
일상스타그램,2
핫플,2
합정술집,2
술집홍보,2
고대리꼬치,1
고맥방,1
고기,1
고대리,1
고맥방_낙성대,1
고독한맥주방,1
🍻,1
강남맛집,1
강남데이트코스,1
soolbin_e on Instagr,1
suumi_e,1
tea,1
thanks_rita,1
theking,1
twopitchers,1
water,1
weizen,1
wookm68,1
xjxkxks22,1
yeast,1
yjio_p,1
yoolri90,1
youtobook,1
⭐️,1
가라오케,1
고맥방_서울대입구,1
강남,1
강남데이트,1
간식,1
금요일,1
고맥방_설입,1
노르딕잼,1
니노미홀마켓예정,1
니노미홀하우스,1
당보충,1
대구,1
댓반,1
더,1
독일,1
동부이촌동,1
동성로,1
떡볶이,1
라거,1
랄라베어,1
레트로,1
레페브르,1
마시멜로우,1
맘스타그램,1
맛있다,1
맛있다그램,1
맛집스타그램,1
누텔라,1
너구리매니아,1
곰돌이,1
너구리,1
교대,1
교대피맥,1
구스아일랜드,1
국딩때부터,1
국물요리,1
굿모닝,1
selfies,1
금호동,1
금호동쿨쉽,1
김해맘,1
김해맛집,1
꺼비슈퍼,1
꿀맛,1
나만,1
나베,1
나베맛집,1
낙성대,1
남자친구랑,1
내스탈,1
simplecoco486,1
olotd,1
seantaste on Instagr,1
24,1
26,1
27,1
28,1
29,1
30,1
31,1
32,1
33,1
34,1
35,1
3fonteinen,1
3fonteinenschaarbeeksekriekoogst2017,1
3월의맥주,1
750ml,1
_lee89,1
beergeek,1
beerlove,1
beerpics,1
beerporn,1
beers,1
beerstagram,1
25,1
23,1
se_ri.k,1
22,1
1,1
2,1
3,1
4,1
5,1
6,1
7,1
8,1
9,1
10,1
11,1
12,1
13,1
14,1
15,1
16,1
17,1
18,1
19,1
20,1
21,1
brewmasters,1
brewmasters_internat,1
chu._.lash,1
dokk__2,1
lambic,1
lefebvre,1
lfl,1
likeforlikes,1
luna.tving,1
m1000_project,1
malt,1
miraebook,1
nayeonlly,1
nordicjam,1
o.k.eun,1
o_lotd,1
맛집추천,1
ootd,1
outpits,1
own__home,1
pictures,1
pizza,1
s._.snow_,1
s.sse0p,1
schaarbeeksekriek,1
lager,1
l4l,1
ksqm,1
heeheeclub,1
dongdong_u.u on Inst,1
dual_holic,1
ey_0817,1
floreffetriple,1
foodfeed,1
foods,1
foodstagram,1
godok_beer,1
hee_honeyguy,1
hop,1
kriek,1
iam_yujins,1
instabeer,1
ipa,1
ipabeer,1
jj___es,1
jjujju_emi,1
jmt,1
jo__ssang_,1
kkkkkkk__yn,1
맛집인정,1
먹스타맞팔,1
맛집투어,1
중구,1
입구,1
잡자,1
제일,1
존맛탱,1
존맛탱구리,1
종로,1
좋아요,1
주방,1
주방인테리어,1
중앙로,1
맞팔,1
지역별맛집,1
직장인,1
집꾸미기,1
집밥,1
집스타그램,1
찡긋,1
창천동,1
창천동맛집,1
취한다그램,1
일식,1
인생맥주,1
이제알았나,1
음식,1
연남동이자카야,1
연차,1
영화,1
오꾸닭,1
오늘의맥주,1
오비라거,1
오비맥주,1
온더테이블,1
온마이테이블,1
와인병,1
와인색,1
요리,1
요리스타그램,1
우주인피자,1
울산맘,1
울산맛집,1
울산진하사랑점,1
원료,1
원탁가라오케,1
치맥,1
치즈볼,1
칼로리폭탄,1
한끼식사,1
한정판,1
햄버거,1
행운동,1
협찬문의,1
협찬환영,1
혼맥,1
혼술,1
혼자있는시간,1
홈스타그램,1
홈카페,1
홈카페꾸미기,1
홈카페놀이,1
홈카페인테리어,1
홈쿡스타그램,1
홉,1
홍대,1
홍대맛집,1
화장실엄청감,1
효모,1
한잔,1
한강,1
캔맥주,1
하이네켄,1
캬,1
컵때문에_작아_보이는_맥주,1
컵때문에샀다,1
컵이_트로피야,1
쿠스미티,1
쿨쉽,1
테라,1
퇴근스타그램,1
퇴근후맥주,1
투픽쳐스,1
파닭,1
팔로우,1
펭수빠,1
포토존,1
플로레페트리플,1
피드,1
피자,1
하루만,1
하면발효,1
연남동야키토리,1
연남동야끼도리,1
연남동야끼니꾸,1
바나나우유에노가리와버터구이쥐포,1
바이젠,1
밥스타그램,1
벨칭비버,1
복고,1
볶음너구리,1
부산,1
부산맛집,1
분위기맛집,1
불끈,1
브루마스터스,1
비애,1
빅웨이브,1
빠,1
상면발효,1
새댁일상,1
샤로수길,1
샤브샤브,1
서면,1
서울대입구,1
바쁜수요팅,1
밀푀유나베맛집,1
서프파이어,1
밀푀유나베,1
맞팔환영,1
매운맛,1
맥아,1
맥주는훌륭하다,1
맥주덕후,1
맥주병,1
맥주집,1
맥주추천,1
맥주한잔,1
맥줏집,1
먹방로드,1
먹스타,1
🍺,1
메르첸비어,1
멘탈,1
모던빠,1
모든게가능한멀티룸,1
몰트,1
물,1
서울브루어리,1
선팔,1
연남동맛집,1
술한잔,1
스모어쿠키,1
신혼살림,1
신혼일상,1
신혼집인테리어,1
아이가있는집,1
안매운데,1
알딸딸,1
알쓰,1
알티에이,1
야근중,1
야식,1
야식그램,1
약령시,1
양배추,1
양산맘,1
양산맛집,1
연남동,1
연남동꼬치,1
연남동꼬치구이,1
스모어,1
술집추천,1
선팔100,1
술집,1
선팔환영,1
설입,1
세븐일레븐,1
세븐일레븐도시락,1
세븐일레븐안주,1
세상달달,1
셀스타그램,1
셀카,1
셀피,1
소맥한잔,1
소주각,1
소주맛집,1
소주사랑,1
소주스타그램,1
소주한병,1
소주한잔,1
소통해요,1
술,1
술에취한세계사,1
0,1
