,RowSum
라이위스키,86
버번위스키,57
위스키,57
whiskey,45
칵테일,40
혼술,32
술스타,29
happyspiritskorea,28
몰트위스키,28
요미,26
restaurant,26
hotel,26
pasta,26
맛집,26
맛스타,26
레스토랑,26
데일리룩,26
steak,26
dailylook,25
bar,23
오마카세,23
manhattan,23
bourbon,21
gintonic,20
yummy,17
ryewhiskey,17
whisky,16
럼,15
oldfashioned,14
seoul,14
rye,13
버번위스키베럴,12
배럴숙성메이플시럽,12
미국프리미엄메이플시럽,12
미국직구,12
zupansmarkets,12
오크통숙성,12
오크통숙성메이플시럽,12
캐피어유산균,12
메이플시럽,12
숙성메이플시럽,12
스마트스토어,12
서울,12
네이버해외직구,12
배럴숙성,12
럼배럴,12
store_portlandvibe,12
네이버스마트스토어,12
라이위스키배럴,12
포틀랜드바이브,12
루나목,12
루나목메이플시럽,12
negroni,11
올드패션드,10
와일드터키,9
our.breeze.dayz,9
유칼립투스,9
루나목시럽,9
라이,8
버번,8
술스타그램,7
싱글몰트,7
wildturkey,6
진피즈,6
scotchwhisky,6
놉크릭,6
이탈리아,6
whiskeygram,6
싱글몰트위스키,6
knobcreekrye,6
spirits,6
juintae,6
bartender,6
cocktail,6
singlemalt,6
아메리칸위스키,5
ginfizz,5
더쉘터,5
whiskeyporn,5
술,5
오목교,5
보틀인본드,5
템플턴라이,5
킹스카운티,5
목동,5
kentucky,5
바텐더,4
와인,4
iowa,4
barrelstrength,4
켄터키,4
2019,4
kentuckystraightrye,3
ayn_kim_red,3
nightwalker,3
디플로마티코,3
디쁠로마띠꼬,3
당신의칵테일을처방합니다,3
둔산동쉘터,3
둔산동,3
kingscountydistiller,3
대전칵테일,3
_urbanroof_,3
데일리,3
kentuckystraightbourbon,3
캐피어잎,3
해피화이트데이🍭,3
네그로니,3
납크릭라이홍보대사,3
whiskygram,3
홈바,3
scotch,3
lupin,3
whiskeylovers,3
황금돼지해기념🐷,3
vinyl,3
urbanmalt on Instagr,3
scotch_enforcer,3
theshelter,3
matia.bazar,3
templeton,3
훈제메이플시럽,3
휘슬피그,3
smokedwithpecanwood,3
whiskylover,3
whiskyporn,3
whistlepig,3
갓파더,3
납크릭,3
김유빈바텐더,3
글랜알라히,3
관악구,3
공덕동카페,3
knobcreek,3
가을타령,3
whistlepigbosshog,3
가을,3
youngjae0606,3
youngdongmarket,3
woodfordrye,3
wine,3
호텔,3
한량,3
플렌테이션파인애플,3
한남동,3
jieunpower85,3
cocktails,3
켄터키스트레이트버번,3
diplomatico,3
코너스톤,3
우드포드라이,3
pulloff,3
dram,3
drinks,3
테이스팅바,3
영동시장,3
dryfly,3
어반루프,3
repost,3
gin,3
시나몬바닐라향,3
위스키타령,3
classic,3
cigar,3
집술,3
커피향,3
bartenderkit,3
체력증진,3
청담동,3
plantationrum,3
bulleit,3
bulleitbourbon,3
인퓨즈드메이플시럽,3
진,3
제임스이페퍼,3
정신똑띠,3
cheers,3
재즈,3
장생건강원,3
스페이사이드,3
스카치위스키,3
스모크피칸우드,3
피칸우드훈제향,3
instagood,3
italian,3
italy,3
rum,3
먹스타,3
맨해튼,3
맨하탄,3
플렌테이션럼,3
plantationpineapple,3
parkhyatt,3
jangseng,3
마띠아바자르,3
jazz,3
루팡,3
rosy_choi,3
플렌테이션3스타,3
쉘터,3
사제락,3
파크하얏트서울,3
glenallachie,3
godfather,3
샤오미워킹패드,3
샤로수길,3
삼성동,3
불렛라이,3
바텐더레오,3
happyhour,3
플렌테이션,3
부산,3
michters,3
바텐더키트,3
바텐더브랜든,3
plantation3stars,3
🥃,2
metabevkorea,2
markinkorea,2
bar_opium_,2
barrelgin,2
bourbongram,2
cho.0505,2
dontharshmybuzzbro,2
enjoyresponsibly,2
homebarrelaging,2
in_di_vidual,2
itsallaboutthewhiskey,2
itsthewateroflifebaby,2
joolini,2
koreabourbonclub,2
koreabourbonwhiskeyclub,2
lagavulin,2
lagavulin16,2
ilovepsy107,2
stayhealthydrinkwhisky,2
plantationoftd,2
홈텐딩,2
라가불린,2
라가불린16,2
pomegranate,2
룩사르도체리,2
마시자그램,2
취미,2
바이알,2
석류,2
한국버번클럽,2
wonpro10,2
한국버번위스키클럽,2
우드포드,2
위스키그램,2
위스키소믈리에,2
위스키시음회,2
한국버번위스키쿨럽,2
카페루이,2
진토닉,2
대전둔산동,2
맨하튼,2
templetonrye,2
rumcaskfinish,2
rumfinishedrye,2
wildturkeyrye,2
whiskeytasting,2
ryewhisky,2
whiskeysommelier,2
uisgebeatha,2
seoseulkida,2
slaintemhath,2
64,1
49,1
48,1
47,1
46,1
45,1
73,1
71,1
72,1
44,1
43,1
42,1
70,1
51,1
50,1
59,1
63,1
62,1
61,1
66,1
67,1
68,1
60,1
58,1
65,1
57,1
56,1
55,1
54,1
69,1
53,1
52,1
41,1
33,1
40,1
19,1
17,1
16,1
15,1
14,1
13,1
12,1
11,1
10,1
9,1
8,1
7,1
6,1
5,1
4,1
3,1
2,1
1,1
18,1
20,1
39,1
21,1
38,1
37,1
36,1
35,1
34,1
75,1
32,1
31,1
30,1
29,1
28,1
27,1
26,1
25,1
24,1
23,1
22,1
74,1
91,1
76,1
아티크,1
믹터스,1
밀,1
분위기,1
분위기깡패,1
불금,1
서울숲,1
성수동,1
알카포네,1
77,1
압구정로데오,1
여의도,1
drinksinternational,1
와인바,1
왕십리,1
윌렛,1
윌렛패밀리에스테이티드4년,1
미국,1
무디바,1
몰트바,1
메타베브코리아,1
moody바,1
moodybar,1
michterswhiskey,1
marriothotel,1
maplecask,1
wheat,1
lottehotel,1
willett,1
willettfamilyestaterye,1
건대,1
더클래식,1
데이트,1
데이트코스,1
롯데호텔,1
메리어트호텔,1
을지로,1
재즈바,1
재즈클럽,1
95,1
93,1
92,1
90,1
89,1
88,1
87,1
86,1
85,1
84,1
83,1
82,1
81,1
80,1
79,1
78,1
94,1
96,1
찐티라미수,1
97,1
청담,1
bartenderschoice,1
칵테일바,1
칵테일추천,1
bar_the_classic,1
한양대,1
areum_han6,1
alcapone,1
해방촌,1
Null,1
102,1
101,1
100,1
99,1
98,1
0,1
