,RowSum
샴페인,493
와인,196
champagne,149
wine,129
강남,109
플렉스,101
돔페리뇽,100
보드카,100
강남클럽,98
champagneworldwide,94
일상,91
클럽,88
와인스타그램,86
아르망디,75
winestagram,74
winelover,69
winetasting,64
데이트,59
soultossol,52
술집,52
술스타그램,52
instawine,51
로컬,50
데낄라,46
미인,46
미녀,46
md,46
레이블,46
러브,46
도깨비,46
도깨비게스트,46
클럽페이스,46
도깨비조각,46
도깨비테이블,46
파티,46
팔로잉,46
클럽도깨비게스트,46
클럽임팩트,46
클럽테이블,46
클럽도깨비,46
사랑,46
훈녀,46
임팩트,46
champagnelover,44
데일리,43
bar_tican,41
칵테일,40
kimhaedong8425,40
논현,36
신사,36
클럽플렉스,32
vino,32
레드와인,31
화이트와인,31
와인바,31
한남동,31
winelife,30
소통,29
인스타와인,29
인싸,28
생일파티,28
이태원,28
clubflex,28
flexclub,28
flex,28
플렉스클럽,28
대관,28
렉스호텔,28
서울,28
강남플렉스,28
잠죽잠,28
모엣,28
winetime,26
생일,26
winenote,26
vine,26
크룩,25
luxury,25
vin,25
champagner,24
f4f,24
와인추천,23
krug,23
셀피,23
맛집,23
wein,22
좋아요반사,22
모임,22
louisroederer,21
🥂,21
wineporn,21
🍾,21
셀카,20
jonghyuw,20
분위기,20
모엣샹동,19
선팔하면맞팔,18
맞팔,18
잠실,18
champagnelife,18
와인파티,18
シャンパン,17
골프,17
david_w_champagne,17
라운지,17
repost,17
데일리와인,17
위스키,17
샴페인추천,16
가로수길술집,16
Null,16
칵테일바,16
프랑스와인,16
분위기좋은,16
하이엔드,16
l4l,16
인트로,16
alrep0410,16
밸뷰,16
프랑스,16
와인안주,16
선물,16
재즈바,16
옥타곤게스트,16
재즈,16
wineoclock,16
압구정,15
페이스,15
와인러버,15
둔산동,15
이벤트,14
방이동바티칸,14
방이동먹자골목,14
방이동맛집,14
방이동,14
벚꽃축제,14
송리단길,14
핫플,14
moetchandon,14
잠실데이트,14
daily,14
와인모임,14
서면,14
서울재즈,14
석촌호수,14
선팔,14
장진우,14
오이스터,14
잠실재즈바,14
잠실술집,14
공연,14
잠실바티칸,14
잠실맛집,14
바티칸,14
ワイン,13
mousserande,13
bubbles,13
meursault,13
cochedury,13
meursaultlesrougeots,13
la_romanee_,13
winemaker,13
bubbel,13
bestwines,13
vigneronindependant,13
soultossol_krug,13
oakbarrel,13
cuveeiii,13
cuveeii,13
vintips,13
шампанско,13
와인홀릭,13
hautvillers,13
champagne_joseph_des,13
kruglovers,13
청담동,13
seoul,13
cristalchampagne,13
soultossol_cristal,13
josephdesruets,13
prestige,13
브런치,12
가로수길와인바,12
winebar_hello,12
좋아요,12
샴팡,12
논현동,12
시커스라운지,12
라운지바,12
와인맛집,12
옥타곤예약,12
대전,12
옥타곤무료입장,12
대전맛집,12
옥타곤,12
데이트코스,12
와인클래스,12
프로포즈,12
둔산동맛집,12
강남맛집,12
신사동와인바,12
강남라운지,12
신사동술집,12
шампанское,11
불금,11
domperignon,11
프랑스샴페인,11
데일리룩,11
꽃,11
은행동,11
금요일,11
라스푸틴,11
가성비와인,11
파스타,10
술,10
sparklingwine,10
스파클링와인,10
해운대,10
압구정맛집,10
ootd,9
패션,9
셀럽,9
선팔맞팔,9
shiraz,9
스카이보드카,8
이벤트펍,8
ak풀하우스,8
이색데이트,8
셀러브리티,8
오오티디,8
시샤,8
cristal,8
스티플,8
위모,8
winegram,8
신사동데이트코스,8
신사동데이트,8
와인매장,8
온더테이블,8
신사동가로수길술집,8
안산중앙동,8
fff,8
vintagechampagne,8
후카,8
foodie,8
golf,8
777,8
스테이크,8
홀덤,8
애프터클럽,8
gangnam,8
홍대,8
와인테이스팅,8
일상와인,8
champanhe,8
엑스레이티드,8
안산,8
힐링,8
champagnestagram,8
압구정로데오,8
엡솔루트,8
소규모파티,8
daily_wine_gimhae,8
champagneglass,8
취향저격,8
레스토랑,8
피노누아,8
pinotnoir,8
라스푸틴서울,8
라운지클럽,8
랭커전,8
캐주얼펍,8
골드카드,8
고급샴페인,8
강남굿나잇썬,8
카지노펍,8
로티플,8
맛스타그램,8
hello,8
강남인싸,8
와인그램,8
강남라스푸틴,8
둔산동꽃집,8
광안리맛집,8
skumpa,8
pokerchip,8
논현동8,8
roederer,8
rasputinseoul,8
포카드,8
포커칩,8
samppanja,8
대전와인,8
rasputin,8
프라이빗룸,8
토너먼트홀덤,8
테라스,8
기념일,8
금카드,8
금,8
pokerchip_ansan,8
물담배,8
luxurylifestyle,8
champagnediet,8
instachampagne,8
가라오케,8
가로수길,8
좌식바,8
가로수길데이트,8
샴페인파티,8
가로수길데이트코스,8
상파뉴,8
좋반,8
헬로,8
중앙동,8
champagnemoments,8
버니니벨라,8
부산,8
강남구술집,8
청담밸뷰,8
강남구맛집,8
버니니,8
블랙잭,8
champagnelifestyle,8
분위기깡패,8
헬로우,8
대전둔산동클럽,7
샹파뉴,7
나이트,7
서울와인,7
대전클럽,7
대전클럽헤븐,7
대전헤븐클럽,7
대전둔산동,7
シャンパーニュ,7
올빈,7
다이어트,7
winery,7
샴페인스타그램,7
flexclub_365,7
먹스타그램,7
스페인와인,7
불목,7
kkokjs on Instagram:,7
사전예약,7
grandcru,7
삼겹살,7
flexclub365,7
데일리와인안양판교점,7
둔산동클럽,7
생맥주,7
둔산동감성주점,7
두정동,7
생일선물,7
미국와인,7
생파,7
세븐즈,7
winebar,7
유성,7
champagnelovers,7
clubflex_365,7
전국택배,7
한우,7
클럽헤븐,7
운동,7
패션스타그램,7
청담,7
좋아요누르면선팔,7
호주와인,7
천안,7
좋아요누르면팔로우,7
좋아요환영,7
헤븐,7
주말,7
칠레와인,7
인테리어,7
친스타그램,7
clubflex365,7
일상스타그램,7
dailywine_anyang_pan,7
의왕와인,7
이탈리아와인,7
크리스탈와인그룹,7
dailywine,7
청주,7
팔로,7
강남모임,6
뵈브클리코,6
런던,6
레드와인스타그램,6
레드와인잔,6
레드와인추천,6
진주맛집,6
진주라운지,6
crystalwinegroup,6
香槟酒,6
골프라운딩,6
골프모임,6
커플데이트,6
아지트,6
project1051,6
진주핫플,6
frenchwine,6
프로젝트,6
프로젝트1051,6
gimhaedong23,6
프로젝트일공오일,6
경기도모임,6
강남골프,6
진주바,6
진주술집,6
진주시내술집,6
강남와인,6
cocktail,6
서면술집,6
진주가볼만한곳,6
와인매니아,6
친구,6
파리,6
오늘한잔,6
영국,6
맛집추천,6
riesling,6
장소대여,6
와인샵,6
서울모임,6
파티룸,6
ceo모임,6
와인잔,6
청담맛집,6
모임장소,6
wine_918,6
와인한잔,6
셀스타그램,6
bar,5
취미,5
낮술,5
단체모임,5
취미생활,5
bollinger,5
진주클럽,5
진주나이트,5
ena_yudeungbbang,5
korea,5
프라이빗,5
위스키바,5
여심저격,5
playground,4
대전시민대학와인,4
대전카페,4
대전위스키,4
돔페,4
porkboigpertu,4
클럽로컬,4
bartender,4
클래스,4
도쿄등심압구정,4
클럽레이블,4
대전와인샵,4
대전와인모임,4
동래,4
도산공원맛집,4
데이트장소,4
대전콜키지프리,4
팀블루버드,4
톡톡,4
raina4,4
planb,4
더채리엇,4
토스트,4
bdm,4
더라운드,4
대흥동맛집,4
테이스팅,4
대흥동,4
터키여행,4
터키,4
데일리코디,4
데일리패션,4
델타캘리포니아까베르네쇼비뇽,4
델타캘리포니아샤르도네,4
티파니,4
델타캘리포니아피노누아,4
탈색,4
탄방동와인,4
토요일,4
bistrogin1st,4
대전핫플,4
데이트추천,4
dinheiro,4
bitterpan_i,4
맛있다,4
muse_j,4
mousserande.se,4
친구랑_가기좋은바,4
르캬바레도산,4
리슬링,4
리슬링와인,4
moethennessy,4
마리아주,4
moet,4
마스크,4
마시는게공부다,4
마실,4
마코토,4
brutreserve,4
취미스타그램,4
루이로드레크리스탈,4
취미발레,4
먹어보는거야,4
bubbelfredag,4
모던빠,4
모듬회,4
marigold_jj on Insta,4
축하해요,4
luxuryparty,4
buffet,4
모엣샹동로제,4
추천,4
cabernet,4
목,4
몰트바,4
never.e.v.e.r,4
nov.28__,4
둔산3동,4
oucorp,4
크리스탈와인,4
크리스탈,4
듀체스,4
pinotmeunier,4
디너,4
디브릿지,4
peach,4
pdr,4
땔감,4
떼땅저리저브브뤼,4
떼땅져,4
떼루아,4
라뚜르,4
라비에,4
blues,4
칠레디아블로,4
코로나바이러스,4
boramly on Instagram,4
코디,4
라이프스타일,4
onthetable,4
랍스타,4
랍스터,4
onedayclass,4
커피,4
brunch,4
칵테일맛집,4
카페아뚜자매,4
offwhite,4
카파도키아,4
partymonster_777,4
늘편안한,4
대전시민대학,4
가로수길아지트,4
가로수길맛집,4
해운대카페,4
가로수길데이트장소,4
해운대프리즘,4
햇박스,4
행사,4
taittinger,4
tastebyjoy,4
the_chariot_official,4
thechariot,4
theking,4
theround,4
tiffanyandco,4
toast_officiel,4
toctoc,4
해운대술집,4
가로수길와인,4
파비,4
해운대맛집,4
갓포요리,4
갓포마코토,4
갓포,4
감성,4
speakeasybar,4
갈마동맛집,4
간만에한잔,4
각종모임,4
sunday,4
가족모임,4
핫플레이스,4
supra,4
swoohappy,4
가로수길핫플,4
가로수길추천명소,4
travel,4
verao,4
헬린이,4
vin114,4
whiskey,4
whisky,4
72,4
홍어무침,4
화이트,4
2회공연,4
winereview,4
wimo_since_2011,4
회식,4
1일1와인,4
1인식비의고찰,4
🤟🏻,4
힘든거잘알고있는데,4
01,4
💐,4
woodstove,4
woooooooooooojin,4
workshop,4
_ballet_85_jh,4
中華料理,4
헬스,4
현타,4
vinhobrvinhos,4
almond,4
ソウルグルメ,4
ザラウンド,4
홈파티🎉,4
オーシャルドネ,4
エマニュエルブロシェ,4
vinunic,4
wedding,4
75,4
혼술_하기좋은바,4
합정,4
할로윈,4
한우커플,4
프로포즈이벤트,4
포브스,4
포브스트레블가이드,4
내추럴와인,4
ruinart,4
남자,4
salon_bb_flower,4
난방,4
samjinfire1973,4
포트와인,4
꽃다발,4
프렌치레스토랑,4
깡패,4
까비네쇼비뇽,4
김언니와인,4
selfie,4
패피,4
뉴힐탑호텔,4
romantic,4
대관행사,4
대전데이트코스,4
대전데이트,4
대전가오픈,4
bar81_kr,4
대시와25기,4
rasputin_jason,4
팔사,4
무료입장,4
패션그램,4
단발,4
단골,4
패션인스타,4
bar81,4
니혼슈,4
기네스,4
seminar,4
한우육사시미,4
seouleats,4
하나도모르겠다,4
하이앤드이자카야,4
고구마치즈돈까스🍠,4
경양식분위기제대로,4
결혼,4
하이엔드게스트,4
거실인테리어,4
spainwine,4
개원선물,4
하타가야삼성점,4
armanddebrignac,4
armand,4
angelalala1117,4
한분은애인대신크리스탈모시고등장,4
amour_now,4
awesome_kimunni,4
골린이,4
ayce,4
프리즘,4
bambu_collection,4
구찌,4
signiel,4
signielhotel,4
signielhotels,4
signielseoul,4
광안리카페,4
피숑롱그빌바롱,4
광안리술집,4
balenciaga,4
광교와인바,4
플랜비,4
공간,4
soonmaymin,4
몸매관리,4
luby_min_lynn,4
무스너클,4
수육,4
스키야끼,4
chardonnay,4
스월,4
스무스재즈,4
쉬라즈,4
쉬는날,4
gucci,4
인생샷명소,4
인스타룩,4
guesswho_lpbar,4
인스타코디,4
순천핫플,4
순천와인바,4
순천와인,4
순천맛집,4
cheers,4
chinesecuisine,4
choroiseverywhere,4
이탈리아,4
시커스,4
시카고클럽,4
시카고라운지,4
시카고갤러리,4
시카고가라오케,4
이생망,4
gangnam_club_,4
스트레칭,4
시그니엘서울,4
시그니엘107층,4
스페인,4
club.local_follow,4
goals,4
이태리와인,4
guysnightout,4
happy,4
hotel,4
수영맛집,4
일요일,4
입과,4
champagneporn,4
센텀신세계맛집,4
무알콜,4
센텀시티신세계,4
세미나,4
세꼬시,4
성인발레,4
장작,4
재즈공연,4
heelee_0617,4
저녁메뉴,4
저렴한돈까스,4
서울야경,4
일식,4
소독,4
champaniaque,4
송도한우,4
수도원맥주,4
쇼추,4
쇼비뇽블랑,4
인스타패션,4
송도힐스테이트맛집,4
송도핫플,4
송도아인,4
hautschardonnay,4
송도신도시,4
송도소고기,4
송도센트럴파크맛집,4
송도맛집,4
손세정제,4
happymay_hj,4
시커스게스트,4
신사동,4
은행동맛집,4
신사동맛집,4
dunsan3dong,4
역시,4
duvalleroy,4
dw93,4
eat,4
egonmuller,4
emmanuelbrochet,4
erojoony on Instagra,4
f,4
여자,4
와인잔첫개시🍷,4
여러분은소중하니까,4
엥겔지수,4
와인장터,4
엠마뉴엘브로쉐,4
연말파티,4
drink,4
domperignonrose,4
와인사랑,4
와인기초,4
와이너리,4
daliy,4
dj,4
dog,4
와인맥주,4
오프화이트,4
영도카페,4
와인은마셔보는거야,4
오샤르도네,4
오마카세,4
dokk__2,4
오늘,4
와인은어렵지않아,4
fireplace,4
dailygram,4
에비스,4
싱글몰트,4
아메리카노,4
아르망디브리냑,4
아뚜자매,4
아날로그,4
아나고,4
쌀롱,4
신세계센텀점,4
아일라브뤼마져,4
신상카페,4
신상맛집,4
신사역,4
friends,4
은행동가오픈,4
신사동명소,4
아몬드,4
freesm_haeundae,4
어쩌다보니커플모임,4
압구정4번출구,4
야경명소,4
운동스타그램,4
운동하는여자,4
웃상직원분,4
crystalwinegroup_nat,4
압구정라이브,4
원데이클래스,4
원탁가라오케,4
foodstagram,4
forbes,4
france,4
안전지대,4
안양와인,4
francewine,4
전공발레,4
센텀신세계,4
부산인생샷,4
집순이,4
부산맛집그램,4
부산맛집,4
부산라운지바,4
부산데이트장소,4
부산대관,4
부산가볼만한곳,4
larmandierbernier,4
levincestpassorcier,4
lategram,4
lavie,4
lavie__jeju_wine_bis,4
leflaive_han,4
볼랭져스페셜뀌베,4
본로마네,4
부산발레,4
부산수영,4
부산여행,4
부산카페,4
부산칵테일,4
부산한우,4
부산핫플,4
부산핫플레이스,4
부페,4
북스타그램,4
분위기좋은레스토랑,4
분위기좋은바,4
분위기좋은술집,4
분위기좋은와인바,4
분위기좋은카페,4
불토,4
뷰티,4
복숭아,4
보컬재즈,4
kya_1985,4
바81,4
밤부원데이클래스,4
밤부스튜디오,4
발레,4
lovee_winee,4
반클리프앤아펠,4
바다가재,4
lp바,4
보사노바,4
청담톡톡,4
ltalywine,4
청담하이엔드,4
뮤직,4
와인공부,4
문정초,4
밤부컬렉션,4
밤부타워,4
방구랑💕,4
청결,4
celebrating,4
책스타그램,4
배우려다,4
londonnightclubs,4
밸뷰게스트,4
밸뷰라운지,4
참새방앗간,4
집이최고👍,4
버드와이저,4
벌룬투어,4
ch082587,4
벽난로,4
livebeyondexpectations,4
브루노파이야르,4
소독제,4
비노,4
주차15대가능,4
삼천동,4
상대방생각도해주셔야지요,4
주일,4
상수,4
새우살,4
주물벽난로,4
좌식카페,4
샤또,4
kids,4
kappo_makoto,4
샤블리,4
좋은사람들,4
샴페인바,4
joongoa,4
제주시청와인바,4
제주시청분위기좋은곳,4
제주시청맛집,4
champagnenorway,4
jmt,4
jeuni08,4
jejuwinebar,4
jaehoon_1818,4
전시장,4
삼진벽난로,4
샤또네프뒤빠쁘,4
비스트로긴,4
kjj4867 on Instagram,4
koreanfood,4
사시미,4
비욘세와인,4
진아맛집,4
사랑입니다,4
중화요리,4
사케,4
즐거운,4
빠,4
비터팬스페인,4
minnee_attic on Inst,3
blancdeblancschampagne,3
blancdeblancs,3
champagnepierrepeters,3
minseo0124__,3
hootchu,3
dompérignon,3
vintagewine,3
achampagneaday,3
achampagneadaykeepsthebadmoodaway,3
rokinnemo,3
vintagechampagn,3
vinoparadise,3
minseok_na,3
champagnepop,3
doredore,3
domperignon1996,3
champagneparty,3
italianwine,3
wineanddine,3
hongkong,3
cabernetsauvignon,3
053defman on Instagr,3
homewine,3
hkiger,3
busan_soban,3
hk,3
20살,3
kyungsukkwon on Inst,3
lovemyjob,3
sooyoung.crystalwine,3
champagnepairing,3
bubbly,3
merlot,3
domperignon1985,3
domperignon1990,3
pierrepeters,3
please,3
lollipop_w7,3
champagne_millione o,3
selca,3
happybirthday,3
lesprit2014,3
lesprit,3
frenchchampagne,3
leebon2,3
sauvignonblanc,3
bellevue_cheongdam_o,3
common2me,3
selfic,3
salon_de_yn,3
starrystarry_night_,3
champagnebar,3
champagneapostle,3
champagne_pn,3
paris_croissant_hann,3
bhampagnelifestyle,3
bringmespring,3
fun,3
official.vinoparadis,3
kim_jongkwon_,3
roppongi,3
rudfltl on Instagram,3
champagne.apostle,3
veuveclicquot,3
spainer_spainer,3
trufflehunter,3
keepsthebadmoodaway,3
tokyo,3
fizzy,3
rosechampagne,3
d_geon0922,3
chanpagneworld,3
lobsternoodles,3
moutard,3
foodandwinepairing,3
blacktrufflecrisps,3
foodpairing,3
chae_won_1004,3
no.1_song,3
pxg,3
iam_jsm918,3
winenight,3
winecountry,3
라운딩,3
일하는중,3
방학일상,3
밴쿠버,3
뱃속친구,3
베테랑,3
보르도와인,3
복개천,3
인친,3
봄이여오라🌸,3
이태원칵테일,3
부라더연어,3
이태원와인,3
부산서면,3
분당,3
이태원술집,3
브르고뉴피노누와,3
이태원바,3
비노파라다이스,3
비행,3
빈티지샴페인,3
빈티지와인,3
이태리,3
유럽여행,3
위대한개츠비,3
웰치스포도맛,3
자유여행,3
잠시힐링,3
잭허니,3
마셔랏,3
랍스터누들,3
채끝등심,3
집와,3
로제샴페인🍷,3
로제와인,3
여성의류쇼핑몰,3
집밥,3
집,3
즐거운시간,3
르쉐프블루,3
린드버그,3
말리브,3
미녀와야수,3
맛집스타그램😍,3
주말스타그램,3
먹고마시고,3
주말모임,3
멀티플레이어,3
명랑골프,3
모에샹동,3
제주도,3
모엣샹동🍾,3
절친여행,3
뮤지컬,3
샤또뒤포르비방,3
워커홀릭,3
샴페인러버,3
안심,3
스타일링,3
스타필드에서,3
예쁜옷가게,3
예쁜옷,3
시드니,3
시에나,3
영롱하다✨,3
열일,3
열운,3
연인,3
연어와하몽,3
여행중입니다,3
술그램,3
안주,3
안창살,3
여행스타그램,3
앙드레클루에샴페인,3
여행2일차,3
여행,3
여자옷추천,3
야식,3
여자옷가게,3
여자데일리룩,3
엘에이,3
예쁜옷쇼핑몰,3
올드빈티지,3
샴페인사랑,3
서면역,3
샹들리에,3
서면고기,3
서면고기맛집,3
우주술,3
서면고기집,3
서면데이트,3
우정스타그램,3
우정,3
서면맛집,3
서면소고기,3
서면소반,3
서면연어,3
속초여행,3
서면와인바,3
요가,3
서면춘미,3
서면한우,3
서면핫플,3
와인타임,3
와인은사랑입니다,3
와인스타그램🍷,3
와인러버🍷❤️,3
소반,3
속초,3
라잇나우,3
루이로드레,3
라비엥로즈,3
호노로베라리오하,3
綺麗な服,3
西面,3
西麻布,3
配送,3
釜山,3
韓国,3
호텔,3
호캉스,3
호노로베라블랑코,3
韩流,3
风格,3
호노로베라모나스트렐,3
호노로베라가르나차,3
필라테스,3
호노로베라,3
감기,3
건대옷가게인스타일,3
건축,3
고급의류,3
골뱅이무침,3
골퍼,3
골프스타그램,3
한남동카페,3
한남동디저트,3
교복파티,3
필리조에피스뉴메로3,3
牛タン,3
焼肉,3
时尚,3
搭配,3
wineglass,3
winegeek,3
winelovers,3
winenot,3
winetour,3
winewednesday,3
вино,3
お問い合わせ,3
흐무와스네,3
회,3
アルマンド,3
カルビ,3
シャンパンしか信じない,3
スパークリングワイン,3
ソミョン,3
화이팅,3
ドンペリニヨン,3
ハラミ,3
フランスワイン,3
ヴーヴクリコ,3
六本木,3
关颖珊,3
制剂,3
女装,3
微博,3
국내호텔,3
한남동맛집,3
플래티넘,3
노래,3
큰거도사고싶다,3
크라운비바,3
크라운비,3
코로나꺼졍,3
국민샴페인,3
당근마차,3
코디스타그램,3
캐나다,3
춤,3
데일리스타그램,3
도레도레케이크,3
도멘장그리보,3
춘미,3
돈블랑,3
동명항,3
동명항맛집,3
뒤포르비방,3
득템,3
디자이너,3
디자인,3
딸기케이크,3
초등아들맘,3
초등아들,3
뉴욕,3
여성의류,3
넘예쁘다,3
패션코디,3
파리크라상,3
투뿔한우,3
그랑크뤼샴페인,3
꽃갈비살,3
나이키,3
나홀로,3
토론토,3
타이틀리스트,3
키티리미티드,3
꿀,3
역시와인은,2
역삼맛집,2
판다,2
주월동술집,2
charles_dufour,2
columbiacrest,2
팔로우,2
첫줄안녕,2
집앞공원🌳,2
주월동,2
🇫🇷,2
추천와인,2
프로혼술러,2
주월동맛집,2
인어아가씨,2
인어공주,2
일산,2
콜롬비아크레스트,2
제라드베르트랑,2
darmailhac,2
제태크,2
와인관상가,2
4,2
오늘의와인추천,2
주문케이크,2
치즈브랜드,2
협찬디엠,2
협찬,2
andreclouet,2
재즈술집,2
bulles_de_comptoir,2
홍보,2
치즈,2
루껫또,2
맥주,2
가성비샴페인,2
lynchmoussas,2
가성비레드와인추천,2
syrah,2
lucchetto,2
밀림스타그램,2
바,2
반포맛집,2
wine_onemore,2
tome,2
볼린저,2
봉선동,2
봉선동술집,2
봉쥬르와인살롱,2
lammidia,2
뷜드꼼뜨와,2
비노라마,2
먼데이블루스,2
린치무싸스,2
vivino,2
mosel,2
늘내한테맞는대만,2
난,2
다르마이악,2
달팽이,2
scharzhofberg,2
닭모래집,2
대구병원네거리,2
그랑크뤼,2
구시청,2
독일,2
떼루아아울렛,2
panda,2
광주술집,2
ogazzang3,2
광주맛집,2
광주,2
moselwine,2
vinorama,2
봉선동맛집,2
내가좋아하는여기,2
앙드루끌루에,2
스파클링,2
grandcruclasse,2
fxjyjy_,2
신사맛집,2
아이스와인,2
수완지구,2
소주,2
hbd🎂,2
fx가입점,2
hongsam_l,2
안전한길만,2
앙끌,2
스폐셜꾸베브뤼논빈티지,2
j.siwon on Instagram,2
winepairing,2
양주,2
애착이가는와인,2
kindyumi0228,2
상무지구,2
샤도네이,2
샤또달마이약,2
샤를뒤푸,2
jeonwonbin on Instag,2
266,1
264,1
236,1
232,1
237,1
238,1
235,1
239,1
234,1
240,1
263,1
233,1
265,1
251,1
241,1
242,1
252,1
249,1
253,1
231,1
248,1
247,1
254,1
246,1
255,1
256,1
257,1
258,1
259,1
260,1
261,1
262,1
250,1
244,1
243,1
245,1
45,1
230,1
193,1
203,1
202,1
201,1
200,1
199,1
198,1
197,1
196,1
195,1
194,1
192,1
205,1
191,1
190,1
189,1
188,1
187,1
186,1
185,1
184,1
183,1
182,1
204,1
206,1
229,1
218,1
228,1
227,1
226,1
225,1
224,1
223,1
222,1
221,1
220,1
219,1
217,1
207,1
216,1
215,1
268,1
214,1
213,1
212,1
211,1
210,1
209,1
208,1
267,1
295,1
269,1
314,1
334,1
333,1
332,1
331,1
330,1
329,1
328,1
327,1
326,1
325,1
324,1
323,1
322,1
321,1
320,1
319,1
318,1
317,1
316,1
335,1
336,1
337,1
348,1
356,1
355,1
354,1
353,1
352,1
351,1
350,1
349,1
347,1
338,1
346,1
345,1
344,1
343,1
342,1
341,1
340,1
339,1
315,1
313,1
270,1
312,1
289,1
288,1
287,1
286,1
285,1
284,1
283,1
282,1
281,1
280,1
279,1
278,1
277,1
276,1
275,1
274,1
273,1
272,1
271,1
290,1
291,1
292,1
303,1
311,1
310,1
309,1
308,1
307,1
306,1
305,1
304,1
302,1
293,1
301,1
300,1
299,1
298,1
297,1
296,1
180,1
294,1
181,1
146,1
179,1
19,1
7,1
8,1
71,1
9,1
70,1
69,1
10,1
11,1
68,1
12,1
13,1
14,1
15,1
67,1
16,1
66,1
17,1
65,1
64,1
6,1
5,1
4,1
79,1
87,1
86,1
85,1
84,1
83,1
82,1
81,1
80,1
78,1
3,1
77,1
76,1
75,1
74,1
73,1
72,1
1,1
2,1
18,1
358,1
89,1
20,1
55,1
54,1
53,1
52,1
51,1
35,1
50,1
36,1
37,1
38,1
49,1
48,1
47,1
39,1
40,1
41,1
42,1
43,1
44,1
56,1
34,1
57,1
26,1
21,1
63,1
62,1
61,1
22,1
23,1
24,1
25,1
60,1
33,1
27,1
28,1
59,1
29,1
30,1
58,1
31,1
32,1
88,1
90,1
178,1
135,1
155,1
154,1
153,1
152,1
151,1
150,1
149,1
148,1
147,1
46,1
145,1
144,1
143,1
142,1
141,1
140,1
139,1
138,1
137,1
156,1
157,1
158,1
169,1
177,1
176,1
175,1
174,1
173,1
172,1
171,1
170,1
168,1
159,1
167,1
166,1
165,1
164,1
163,1
162,1
161,1
160,1
136,1
134,1
91,1
133,1
110,1
109,1
108,1
107,1
106,1
105,1
104,1
103,1
102,1
101,1
100,1
99,1
98,1
97,1
96,1
95,1
94,1
93,1
92,1
111,1
112,1
113,1
124,1
132,1
131,1
130,1
129,1
128,1
127,1
126,1
125,1
123,1
114,1
122,1
121,1
120,1
119,1
118,1
117,1
116,1
115,1
357,1
513,1
359,1
584,1
604,1
603,1
602,1
601,1
600,1
599,1
598,1
597,1
596,1
595,1
594,1
593,1
592,1
591,1
590,1
589,1
588,1
587,1
586,1
605,1
606,1
607,1
618,1
626,1
625,1
624,1
623,1
622,1
621,1
620,1
619,1
617,1
608,1
616,1
615,1
614,1
613,1
612,1
611,1
610,1
609,1
585,1
583,1
628,1
582,1
559,1
558,1
557,1
556,1
555,1
554,1
553,1
552,1
551,1
550,1
549,1
548,1
547,1
546,1
545,1
544,1
543,1
542,1
541,1
560,1
561,1
562,1
573,1
581,1
580,1
579,1
578,1
577,1
576,1
575,1
574,1
572,1
563,1
571,1
570,1
569,1
568,1
567,1
566,1
565,1
564,1
627,1
629,1
360,1
안다즈호텔,1
pa.trick_sean on Ins,1
레트로갬성,1
루이비통,1
루이비통메종,1
루이비통플래그쉽스토어,1
루프탑,1
모엣상동,1
모엣샹동로제임페리얼,1
louisvuittonmaison,1
louisvuitton,1
볼랭져,1
뻥뷰,1
jacksonholdempub,1
서울맛집,1
서울펍,1
서울핫플,1
숙희,1
숨은그림찾기,1
신라호텔,1
딸기빙수,1
도산공원,1
데이트맛집,1
갬성,1
vip,1
uptown,1
thanks,1
tastingnotes,1
tasting,1
가지라자냐,1
감사합니다,1
강북,1
shake_0406,1
더파이니스트,1
seoulpub,1
sena_joung,1
기록,1
꽃게로제파스타,1
sang_ho_yi_,1
남산타워,1
다이닝,1
더라이브러리,1
안다즈조각보,1
앙리지로,1
630,1
에스쁘리,1
프리미엄라운지,1
aubertallthetime,1
aubert,1
한옥,1
후기,1
09220211s2 on Instag,1
힙지로,1
642,1
641,1
640,1
639,1
638,1
637,1
636,1
635,1
634,1
633,1
632,1
631,1
텍사스홀덤,1
크리스탈와인리스트,1
코로나종식,1
을지로갬성,1
esther0078,1
올리비아킴,1
deutz,1
와인라이프,1
우미학,1
워킹맘,1
을지로,1
을지로3가역,1
을지로맛집,1
brenda_bona,1
을지로숙희,1
일기,1
잭슨홀덤펍,1
조각보,1
직장맘,1
buffjinju,1
축하자리,1
축하해요_내친구,1
540,1
539,1
538,1
404,1
424,1
423,1
422,1
421,1
420,1
419,1
418,1
417,1
416,1
415,1
414,1
413,1
412,1
411,1
410,1
409,1
408,1
407,1
406,1
425,1
426,1
427,1
438,1
446,1
445,1
444,1
443,1
442,1
441,1
440,1
439,1
437,1
428,1
436,1
435,1
434,1
433,1
432,1
431,1
430,1
429,1
405,1
403,1
537,1
402,1
379,1
378,1
377,1
376,1
375,1
374,1
373,1
372,1
371,1
370,1
369,1
368,1
367,1
366,1
365,1
364,1
363,1
362,1
361,1
380,1
381,1
382,1
393,1
401,1
400,1
399,1
398,1
397,1
396,1
395,1
394,1
392,1
383,1
391,1
390,1
389,1
388,1
387,1
386,1
385,1
384,1
447,1
448,1
449,1
450,1
514,1
512,1
511,1
510,1
509,1
508,1
507,1
506,1
505,1
504,1
503,1
502,1
501,1
500,1
499,1
498,1
497,1
496,1
495,1
515,1
516,1
517,1
528,1
536,1
535,1
534,1
533,1
532,1
531,1
530,1
529,1
527,1
518,1
526,1
525,1
524,1
523,1
522,1
521,1
520,1
519,1
494,1
493,1
492,1
460,1
468,1
467,1
466,1
465,1
464,1
463,1
462,1
461,1
459,1
470,1
458,1
457,1
456,1
455,1
454,1
453,1
452,1
451,1
469,1
471,1
491,1
482,1
490,1
489,1
488,1
487,1
486,1
485,1
484,1
483,1
481,1
472,1
480,1
479,1
478,1
477,1
476,1
475,1
474,1
473,1
0,1
