,RowSum
테킬라,513
tequila,135
radio_killer062,88
칵테일,69
술,61
상무지구,60
보드카,58
radiokiller,56
상지,56
파티기획,56
광주힙합클럽,56
party,56
rap,56
구시청핫플,56
상무지구클럽,56
음악맛집,56
구시청클럽,56
yoradio,56
레킬,56
구시청,56
파티,56
상무지구힙합클럽,56
클럽대관,56
dothatthang,56
dancer,56
광주핫플,56
앱솔루트,56
레디오킬러,56
바틀예약,56
gwangju,56
광주클럽,56
알리제,56
클럽파티,56
술스타그램,55
데킬라,51
맥주,47
Null,43
mexico,42
위스키,42
멕시코,39
monquerape,38
1월파티,37
drinks,34
adbombhs,34
cocktail,33
데낄라,33
호세쿠엘보,31
7vic9,30
술담화,28
셀프네일,28
팔로우,28
이제알고마시자,28
맞팔,27
소통,26
일상,25
라운지,24
와인,24
선팔,23
패트론실버,22
빅쉬림프위스키,22
몽키숄더,22
감바스,22
발베니,22
vic,22
글렌모렌지,22
메이커스마크,22
글렌피딕,22
고대맛집,22
싱글몰트위스키,22
고대빅,22
제임슨,22
아메리칸위스키,22
아일리쉬위스키,22
혼술환영,22
잭다니엘,22
위스키멋집,22
맥칼렌,22
샹그리아,22
조니워커블랙라벨,22
안암맛집,22
새우맛집,22
탈리스커,21
아드벡,21
라프로익,21
bar,21
불금,21
패트론,21
이태원,20
beauty,19
healthcare,19
donjulio,19
라피올르,19
럼,19
프랑스,19
lafiole,19
cheese,19
코냑,19
2월파티,19
몽크라페,19
라임향,19
브랜디,19
리큐어,19
wine,19
mrs.smilee_jimena,19
칵테일바,18
여행스타그램,18
주말,18
liquor,18
먹스타그램,17
잔술,17
patron,17
맛,17
데스페라도스,17
샴페인,17
biotech,16
진,16
여행,16
foodtech,16
발렌타인,16
멕시코여행,16
club_alone_062,15
위례와인바,15
라피올레,15
크휘드도흐,15
클럽,15
위례와인체험장,15
cruudedor,15
심플네일,14
손스타그램,14
술안주,14
실버,14
alc,14
아네호,14
april_jy_ on Instagr,14
맛있,14
alcohol,14
안주,14
양주,14
얼글,14
세계맥주,14
절친들,14
맞아,14
밤,14
모디,14
바스타그램,14
beer,14
좋반,14
일상스타그램,14
인친,14
밴쿠버,14
월드컵,14
사진스타그램,14
상쾌한,14
좋반튀,14
서울,14
맥주회사,14
좋은가사,14
좋은주말,14
미녀,14
tequilanight,14
simplenails,14
rlagudfe,14
프랑스맥주,14
saitoceo,14
selfnail,14
포인트,14
편의점맥주,14
88rising,14
하이네캔,14
트웰브,14
chocolate,14
シンプルネイル,14
セルフネイル,14
秋ネイル,14
가을네일,14
피곤해,14
point,14
가을색네일,14
concert,14
glitter,14
instanails,14
its_georgina on Inst,14
despersdos,14
melljae_nail,14
핼러윈,14
modi,14
한국술,14
nail,14
nails,14
nails2inspire,14
nailstagram,14
notd,14
ottootto_0804 on Ins,14
콘서트,14
청담바,14
청담핫플,14
넬스타그램,14
88라이징,14
대한민국,14
네델란드맥주,14
데낄라맥주,14
네델란드,14
캔맥,14
과일향맥주,14
네일,14
친구랑,14
글리터,14
돈훌리오,14
내일부터,14
금주,14
끝,14
나이든,14
reposado,13
맛스타그램,13
술스타,13
josecuervo,13
selfie,12
과달라하라,12
agriscience,12
bartender,12
바텐더,12
travel,12
멕시칸음식,12
margarita,12
혼술,12
guadalajara,12
라삐올레,12
친구,11
pueblomagico✨,11
유디니_멕시코,11
멕시코라이프,11
탤런트,11
엑스레이티드,11
rakill_kingz,11
cocktailsofinstagram,10
소주,10
park__grill,10
소형견장난감,10
instadaily,10
술집,10
jhyoo9587,10
말리부,10
쉐이커,10
데저트스토리,10
강아지놀이,10
셀카,10
the_taste_of_a_socia,10
강아지용품,10
바,10
강아지장난감,10
강아지장난감추천,10
타코,10
반려견놀이,10
반려견장난감,10
zippypaws,10
개장난감,10
vegasbar,10
낮술,10
bars,10
라운지바,10
cocktails,10
지피포우즈,10
cocktail_bar_shaker,10
몰트바,10
barhop,10
barhopping,10
칵테일라운지,10
shaker,10
선물,9
foodporn,9
mexican,9
seoul,9
テキーラ,9
daily,9
tacos,9
데일리,9
like,9
테킬라선라이즈,9
레포사도,8
좋아요반사,8
travelholic,8
agave,8
codahaven,8
angel_homecafe,8
멕시코와사랑에빠진_나,8
셀피,8
viaje,8
데이트,8
나,8
여행에미치다,8
여행중,7
라임쥬스,7
먹스타,7
광주칵테일바,7
다트,7
인천,7
광주,7
한국,7
상지술집,7
상지칵테일,7
ㅋㅋㅋ,7
홍대,7
플레어,7
마가리타,7
이태원역,7
repost,7
케이크영어,6
맞팔해요,6
좋하요,6
한국여행,6
해장중입니다😎,6
minionseyo,6
친구스타그램,6
술그램,6
오오티디,6
과메기,6
락앤롤,6
마실랭,6
원어민영어,6
미키,6
인스타그랩,6
뱅뱅돌아요,6
발베니16년,6
분위기깡패,6
jalisco,6
자가양조주,6
이태원술집,6
xrated,6
몰랐어😂,6
셀스타그램,6
삼겹살,6
전통주소믈리에,6
제철안주,6
생활영어,6
jooyaaaaa,6
한달동안,6
원어민표현,6
세부,6
bulalo,6
온더락,6
오늘도화이팅❤️,6
rocknroll.mickey,6
노래부르던,6
양미리,6
영어스터디,6
영어단어,6
영어공부,6
영어회화,6
cake.english.kr,6
영어,6
masillang,6
영어어플,6
알리망오,6
폭풍흡입,6
영어잘하고싶다,6
se0l_a,6
달릴땐,6
얼스타그램,6
처음처럼,5
멕시코초콜릿,5
プレゼント,5
mike_the_orange_gom,5
心友,5
大阪,5
johniewalker,5
멕시코기념품,5
정직원,5
모엣샹동,5
멕시칸,5
형광연두,5
조니워커,5
水タバコ,5
최수용,5
최애맛집,5
모모,5
테킬라슬래머,5
기분좋아,5
첫줄,5
demian_aquinas,5
깔루아,5
mexicanfood,5
나인,5
お酒,5
배향,5
인천파티,5
까르보불닭,5
memento_scarlet,5
abv,5
행복,5
바틀클럽,5
クラブ,5
mexicochocolate,5
シャンパン,5
템트7,5
シーシャ,5
재밌었다,5
첫줄좋반,5
シーシャ研究所,5
테킬라투어,5
물담배,5
ji_heon_chol,5
달달함,5
족발,5
먹방스타그램,5
lhbiin_ss,5
mycocktaildiary,5
베리향,5
m_sang_e,5
마가리따,5
주안,5
경자년,5
lulluralra00,5
95_soosoong,5
해피아워,5
친스타그램,5
레몬향가득,5
해물알탕,5
magarita,5
97628_sy,5
bottleclub,5
친구입대기념,5
친구들,5
줗이_mexico,5
byob,5
형생일주,5
딸기향,5
떡볶이와친구들,5
bottleclubkr,5
증류주,5
데킬라초콜릿,5
koreatsbysey,5
cosmopolitanlasvegas,5
매그너스페어,5
먹방,5
___ac._,5
타이쿠,5
nine9,5
chanel,5
mamarabbit,5
맥주스타그램,5
音楽,5
쪼꼬렛,5
집순이,5
kirasunghumpark,5
취뽀,5
강릉,5
매그너스오리지널,5
매그너스,5
맟팔환영🙌,5
데킬라1800,5
magners,5
맛집,5
2020년,5
합정맛집,5
klassik,5
항공정비사,5
korea,5
버지니아,5
템트7엘더플라워,5
베일리스,5
오반하이볼,5
슬램마,5
parkmgm,5
ghostdonkey,5
tempt,5
술초콜릿,5
술쪼꼬렛,5
오사카,5
파트롱,5
파우스트,5
gustotaco,5
술값내주기,5
happyhour,5
순둥이,5
cider,5
tequilatour,5
baileys,5
파스타,5
thepink,5
christmas,5
티웨이,5
hibariiii4,5
소맥,5
소곡주,5
turin,5
셍식당,5
slamma,5
foodstagram,5
turinchocolate,5
퍼지네이블,5
연말파티,5
여행기록,5
엠티,5
39チキン,5
drinks🍹,5
patrontequila,5
애들은가라,5
s2nyang_1951,5
알콜스타그램,5
알콜,5
안짖음,5
patronsilver,5
10년지기,5
salute,5
sangsoo,5
saturday,5
saturdaynight,5
schwarze2,5
follow,5
아이스크림케이크,5
food,5
아이리쉬카밤,5
아가베,5
39치킨,5
singlebarrel,5
원데이클래스,5
꿀맛,5
ipa,5
템트9,5
비어퐁,5
생연어사시미,5
새콤,5
유토페티아몰,5
itaewon,5
yum,5
템트9스트로베리,5
새우구이,5
샤넬,5
사이다,5
whisky,5
음악,5
으른의맛,5
yewtree21,5
블라스트라운지,5
불토,5
상수맛집,5
꿀잼,5
토닉워터,5
ontherocks,5
사람좋아함,5
un,5
원주나인,5
이태원동,5
유쾌한삶,5
사과향,5
acceptchoi,5
서면,5
jackdaniels,5
빠염👋,5
이름은,5
irishcider,5
취미,4
추천주류,4
selca,4
구래동칵테일,4
그리운시절,4
구래동카페,4
구래동칵테일바,4
長い一日,4
추억소환중,4
피치크러쉬,4
pilipinas,4
rackofribs,4
깐쇼새우,4
текила,4
까사365,4
photo,4
philippines,4
까르니따스,4
김덕현,4
긴하루,4
カクテル,4
mexico_tour,4
피닉스,4
reise,4
cho_wonwu,4
rider_j.king,4
rocks,4
roy._.k,4
yo,4
patronspiritscompany,4
casamigos,4
バーベキュー,4
oklahoma,4
orange,4
캔들,4
tequilashot,4
chivasregal,4
커피바,4
케이오우,4
강남,4
oklahomacity,4
cdmx,4
감사,4
함께하니좋다,4
家飲み,4
特基拿,4
크루져블루베리,4
龍舌蘭酒,4
velugabusiness,4
one_tattoo_korea,4
usa🇺🇸,4
travelandlife,4
ub_507,4
鸡尾酒,4
cielo,4
vitohma,4
passionpassport,4
sopurple_official,4
selstagram,4
평리동,4
shonyun,4
shortysmalls,4
chickensteak,4
wolvle,4
패트론카페,4
chorizo,4
27qkqh,4
sorrybabe,4
p30,4
spitzardly1234,4
패트론아네호,4
missaryc,4
vsco,4
패트론레포사도,4
tequilacha,4
고딩동창들과함께,4
vive_mexico,4
京王デパート屋上,4
한남동,4
체리,4
촣아,4
우정반지,4
alabang,4
선착순,4
hometanding,4
hn_s2_kw_,4
세계여행,4
셀카그램,4
우정텀블러,4
활활타는,4
우리는하나,4
jamie_namjae,4
왔다갔다리,4
herradura_anejo,4
송년모임,4
ballantineswhisky,4
gyeongmicha,4
오클라호마시티,4
오클라호마맛집,4
술장군,4
선남선녀,4
위스키바,4
샷10,4
hong_k312 on Instagr,4
벨루가비즈니스,4
인스타그램,4
casa36.5,4
부천,4
부천역,4
jackdanielno7,4
인스타,4
홍대입구,4
삐에로,4
사진,4
홍대클럽,4
instagram,4
화력좋은,4
injeju,4
hyung.joon.7,4
housemargarita,4
상해,4
greygoosevodka,4
fotogram,4
azul,4
elhombre,4
easy___1,4
알파스토르,4
알파카,4
애주가,4
애플마티니,4
야인시대,4
dukesurfbistro,4
drunk,4
영어모임,4
얼음,4
에라듀라,4
엔칠라다,4
엘피노323,4
🔥,4
연말모임,4
alpastor,4
연애스타그램,4
asia,4
elpino323,4
fotografia,4
아푸지마😢,4
슬스타그램,4
시가,4
시크릿가든,4
신사의품격,4
심곡동,4
atc,4
오렌지리큐르,4
싱싱잇,4
foodphotography,4
오래된친구들,4
foodlovers,4
foodlover_ks,4
asien,4
filipinas,4
enchilidas,4
아쿠아비트,4
아쿠아비트칵테일바,4
벨루가,4
봄페이진,4
pop,4
damie296 on Instagra,4
데킬라타운,4
bestvacations,4
blog,4
청담,4
me,4
마음맞는친구들,4
players,4
margaritas,4
마라탕,4
단내나는,4
dayofthedead,4
대구,4
더블샷,4
롱디커플,4
주황색,4
주류발주,4
짱,4
집술질,4
죽은자의날,4
maltbar,4
럽스타그램,4
중남미,4
집들이,4
데킬라차,4
😋,4
쥬타주아🤗👍,4
limejuice,4
_makar_98_____,4
짐빔,4
lovemexico,4
2019대한민국우리술대축제,4
koreansoolgrandfestival2019,4
주류도매쇼핑몰,4
johnnywalkerblack,4
잘나가던시절,4
jeee_hyuk,4
바베큐,4
미친텐션,4
미친셀피,4
저세상힙,4
전설의마녀,4
남미여행,4
jmt,4
멕시코한인민박,4
멕시코시티,4
멕시코맛집,4
주류도매,4
제주,4
정신없는,4
메스칼,4
kim.adam,4
맛있는술,4
맛좋은,4
맛집추천,4
주간벨루가,4
내영어이름이테킬라였다,4
carnitas,4
남현주,4
justgoshoot,4
josecuervoexpress,4
도토도토잠보🐘,4
martino.sr.kim,3
핸찌야😘😙😚,3
형사의눈빛,3
mexicolove,3
20200111,3
drinkingtea,3
magapahot,3
jaemin155,3
loveyaky,3
후,3
홈파티,3
한라산,3
jms20634,3
nofiterfood on Insta,3
kermitmemes,3
kermitmemes🐸,3
kermitthefrog,3
herradura,3
황범식,3
kshyun91,3
힙합,3
휴가,3
kyj9879,3
흑돼지,3
mukshot on Instagram,3
해군,3
혼술각,3
2,3
monkey5175,3
혜화,3
goldcompany_pus,3
연인을,3
매력적인,3
일본인,3
버번,3
복귀,3
분위기,3
브리또,3
블루스카이,3
블링블링,3
빔프로젝트,3
사망,3
이베리코하몽,3
상무지구칵테일,3
상무지구칵테일바,3
응용비율,3
음식,3
상지핫플,3
생일파티,3
백화점안녕,3
일상을여행으로,3
주말에,3
자바칩,3
하드럭,3
매일매일,3
맥주네캔,3
좋아요,3
좋아료,3
맨날술,3
맨날술이야,3
조심,3
조명,3
멕시코를,3
모두술안주,3
전원주,3
저녁,3
drinking,3
장듀레서의,3
선팔하면맞팔,3
설탕,3
소금과,3
소주토닉,3
아디다스,3
아르바이트,3
아이스게이크,3
아이자와진,3
오늘도행복,3
아지트,3
악당,3
악어,3
오늘도술,3
오늘도,3
야쿠마루가쿠,3
어니언소스,3
에라두라,3
여름조아,3
연말,3
오렌지껍질을,3
싱크홀생파,3
오렌지리큐어가,3
술방,3
와사비,3
수요일,3
수제깔루아,3
온더보더,3
술꾼,3
술꾼들,3
술스티그램,3
식물인테리어,3
술친구,3
술친구구함,3
술친구들,3
b0raa_626,3
오빠가잘못했을때,3
슬래머,3
맛난술,3
drinkingagain,3
만보,3
x___x212215,3
ㅋㅋ,3
藥丸岳,3
코앵트로사에서,3
갈릭새우버터,3
코로나,3
갑오징어,3
커피,3
개인,3
갤럭시버즈,3
게살,3
고마웡,3
골드컴퍼니,3
골컴,3
공감,3
광주상무지구,3
yakumarugaku,3
트리플섹,3
치평동,3
트리플섹의,3
픽션브라보,3
피크닉,3
프랑스와인바,3
s00n.eeee,3
풍선,3
푸실리파스타,3
푸른용설란이,3
sociallife,3
suny.eats,3
tea,3
tequilaexpress,3
tequilashots,3
tequilatuesday,3
u_play_on on Instagr,3
variouslycoloredshit,3
만드는방법,3
친구들과함께,3
최주봉,3
데킬라를,3
데킬라추천,3
데킬라파티,3
도전할테다,3
돌이킬수없는약속,3
또가고싶다,3
라코스테,3
즐거운시간,3
랄프로렌,3
럭셔리,3
레몬,3
레몬드랍,3
롯데동부산아울렛,3
마가리타💕,3
마르가리타,3
주부놀이🍳,3
기장신세계아울렛,3
데킬라샷,3
집술,3
나의것,3
기절,3
다내꺼,3
눈물의,3
천사의나이프,3
기차,3
냠냠냠,3
냠냠,3
내손으로도,3
찔레꽃,3
연인에게바치는눈물의칵테일,3
나기수,3
초연장어,3
donjuliotequila,2
donjulio1942,2
20191028,2
donjulioreposado,2
cancun,2
2샷잔,2
😳,2
칸쿤,2
살치살,2
안심,2
싱글몰트,2
스피릿,2
숯불탁탁,2
송도동,2
소고기,2
블루아가베,2
야마자키18년,2
메즈칼은사랑,2
메즈칼,2
마장동,2
마이애미,2
럼주,2
라살사,2
안심스테이크,2
연수구,2
돈훌리오레포사도,2
하큐슈18년,2
🍽,2
🇲🇽,2
히비키21년,2
홈바,2
혼술하기좋은,2
할리스코,2
플로리다,2
월요일,2
집,2
증류주스타그램,2
일요일엔혼술,2
이태원클럽,2
육사시미,2
위스키그램,2
등심,2
송도,2
florida,2
hakushu,2
singlemaltwhisky,2
tequilahonor,2
hibiki,2
tequilas,2
tequilatequila,2
itssujeong,2
whiskycricket,2
onetequilatwotequilathreetequilafloor,2
yamazaki,2
☺️,2
jacobe.yun,2
michelikim,2
miami,2
maribu,2
life_short_do_everyt,2
japanesewhisky,2
lacantina,2
koratlamia on Instag,2
singlemalt,2
240,1
241,1
242,1
258,1
244,1
239,1
270,1
238,1
237,1
236,1
235,1
234,1
233,1
232,1
231,1
230,1
229,1
228,1
243,1
249,1
245,1
266,1
260,1
257,1
261,1
262,1
263,1
256,1
255,1
264,1
265,1
254,1
226,1
246,1
267,1
253,1
268,1
252,1
251,1
269,1
250,1
259,1
248,1
247,1
227,1
drink,1
225,1
203,1
201,1
200,1
199,1
198,1
197,1
196,1
195,1
194,1
193,1
192,1
191,1
190,1
189,1
188,1
187,1
186,1
185,1
184,1
183,1
202,1
204,1
224,1
205,1
223,1
222,1
221,1
220,1
219,1
218,1
217,1
216,1
215,1
214,1
213,1
212,1
211,1
210,1
209,1
208,1
207,1
272,1
206,1
271,1
301,1
273,1
340,1
338,1
337,1
336,1
335,1
334,1
333,1
332,1
331,1
330,1
329,1
328,1
327,1
326,1
325,1
324,1
323,1
322,1
321,1
320,1
339,1
341,1
274,1
342,1
361,1
360,1
359,1
358,1
357,1
356,1
355,1
354,1
353,1
352,1
351,1
350,1
349,1
348,1
347,1
346,1
345,1
344,1
343,1
319,1
318,1
317,1
316,1
293,1
292,1
291,1
290,1
289,1
288,1
287,1
286,1
285,1
284,1
283,1
282,1
281,1
280,1
279,1
278,1
277,1
276,1
275,1
294,1
295,1
296,1
307,1
315,1
314,1
313,1
312,1
311,1
310,1
309,1
308,1
306,1
297,1
305,1
304,1
303,1
302,1
181,1
300,1
299,1
298,1
182,1
152,1
180,1
66,1
64,1
63,1
62,1
61,1
60,1
59,1
58,1
57,1
56,1
55,1
54,1
53,1
52,1
51,1
50,1
49,1
48,1
47,1
46,1
65,1
67,1
89,1
68,1
87,1
86,1
85,1
84,1
83,1
82,1
81,1
80,1
79,1
78,1
77,1
76,1
75,1
74,1
73,1
72,1
71,1
70,1
69,1
45,1
44,1
43,1
42,1
19,1
18,1
17,1
16,1
15,1
14,1
13,1
12,1
11,1
10,1
9,1
8,1
7,1
6,1
5,1
4,1
3,1
2,1
1,1
20,1
21,1
22,1
33,1
41,1
40,1
39,1
38,1
37,1
36,1
35,1
34,1
32,1
23,1
31,1
30,1
29,1
28,1
27,1
26,1
25,1
24,1
88,1
90,1
179,1
157,1
155,1
154,1
153,1
363,1
151,1
150,1
149,1
148,1
147,1
146,1
145,1
144,1
143,1
142,1
141,1
140,1
139,1
138,1
137,1
156,1
158,1
91,1
159,1
178,1
177,1
176,1
175,1
174,1
173,1
172,1
171,1
170,1
169,1
168,1
167,1
166,1
165,1
164,1
163,1
162,1
161,1
160,1
136,1
135,1
134,1
133,1
110,1
109,1
108,1
107,1
106,1
105,1
104,1
103,1
102,1
101,1
100,1
99,1
98,1
97,1
96,1
95,1
94,1
93,1
92,1
111,1
112,1
113,1
124,1
132,1
131,1
130,1
129,1
128,1
127,1
126,1
125,1
123,1
114,1
122,1
121,1
120,1
119,1
118,1
117,1
116,1
115,1
362,1
392,1
364,1
614,1
612,1
611,1
610,1
609,1
608,1
607,1
606,1
605,1
604,1
603,1
602,1
601,1
600,1
599,1
598,1
597,1
596,1
595,1
594,1
613,1
615,1
592,1
616,1
635,1
634,1
633,1
632,1
631,1
630,1
629,1
628,1
627,1
626,1
625,1
624,1
623,1
622,1
621,1
620,1
619,1
618,1
617,1
593,1
591,1
365,1
568,1
566,1
565,1
564,1
563,1
562,1
561,1
560,1
559,1
558,1
557,1
556,1
555,1
554,1
553,1
552,1
551,1
550,1
549,1
548,1
567,1
569,1
590,1
570,1
589,1
588,1
587,1
586,1
585,1
584,1
583,1
582,1
581,1
580,1
579,1
578,1
577,1
576,1
575,1
574,1
573,1
572,1
571,1
636,1
637,1
638,1
즐거운하루,1
카시스자몽,1
퍼니붐,1
페트론,1
페트론레포사도,1
하와이언쉬림프스캠피,1
한국어,1
해피할로윈,1
10월26일,1
695,1
694,1
693,1
692,1
691,1
690,1
689,1
688,1
687,1
686,1
685,1
지혜,1
유연함,1
639,1
오늘,1
ell_choi,1
méxico,1
reposadopatron,1
today,1
youngjae0606,1
テキーラは危険,1
マスカットマッコリはジュースみたいに飲みやすい🍇,1
足元フラフラ😵💦,1
감사합니다주님🙏,1
기도가필요합니다,1
낄낄낄,1
내공쌓기,1
단체환영,1
라이프,1
막걸리,1
머스캣막걸리,1
본질,1
아웃팅,1
예약가능,1
684,1
683,1
682,1
681,1
658,1
657,1
656,1
655,1
654,1
653,1
652,1
651,1
650,1
649,1
648,1
647,1
646,1
645,1
644,1
643,1
642,1
641,1
640,1
659,1
660,1
661,1
672,1
680,1
679,1
678,1
677,1
676,1
675,1
674,1
673,1
671,1
662,1
670,1
669,1
668,1
667,1
666,1
665,1
664,1
663,1
547,1
546,1
545,1
431,1
429,1
428,1
427,1
426,1
425,1
424,1
423,1
422,1
421,1
420,1
419,1
418,1
417,1
416,1
415,1
414,1
413,1
412,1
411,1
430,1
432,1
454,1
433,1
452,1
451,1
450,1
449,1
448,1
447,1
446,1
445,1
444,1
443,1
442,1
441,1
440,1
439,1
438,1
437,1
436,1
435,1
434,1
410,1
409,1
408,1
407,1
384,1
383,1
382,1
381,1
380,1
379,1
378,1
377,1
376,1
375,1
374,1
373,1
372,1
371,1
370,1
369,1
368,1
367,1
366,1
385,1
386,1
387,1
398,1
406,1
405,1
404,1
403,1
402,1
401,1
400,1
399,1
397,1
388,1
396,1
395,1
394,1
393,1
ejinjx,1
391,1
390,1
389,1
453,1
455,1
544,1
522,1
520,1
519,1
518,1
517,1
516,1
515,1
514,1
513,1
512,1
511,1
510,1
509,1
508,1
507,1
506,1
505,1
504,1
503,1
502,1
521,1
523,1
456,1
524,1
543,1
542,1
541,1
540,1
539,1
538,1
537,1
536,1
535,1
534,1
533,1
532,1
531,1
530,1
529,1
528,1
527,1
526,1
525,1
501,1
500,1
499,1
498,1
475,1
474,1
473,1
472,1
471,1
470,1
469,1
468,1
467,1
466,1
465,1
464,1
463,1
462,1
461,1
460,1
459,1
458,1
457,1
476,1
477,1
478,1
489,1
497,1
496,1
495,1
494,1
493,1
492,1
491,1
490,1
488,1
479,1
487,1
486,1
485,1
484,1
483,1
482,1
481,1
480,1
0,1
