,RowSum
베르무트,137
vermouth,42
칵테일바,25
__hiell,24
버무스,21
명탐정코난,20
칵테일,20
마티니,20
스페인,18
만치노,17
바텐더,17
mancino,17
술스타그램,17
upic.story,15
vermut,14
클래식칵테일,14
Null,13
spain,12
여행,12
mancinovermouth,11
남도일,11
스페인여행,11
travel,10
네그로니,10
타파스,10
trip,10
그림,10
martini,10
맨하탄,10
진,10
여행스타그램,10
다이어리,10
와인,9
일상,9
speakeasybar,8
바르셀로나,8
themrt on Instagram:,8
코난,8
그라나다,8
맥주,8
daily,8
샹그리아,8
한잔,8
럼,8
ootd,7
홍장미,7
셀피,7
검은조직,7
유미란,7
selfie,7
유명한,7
만치노로쏘,7
만치노비앙코,7
만치노세코,7
antigua,6
doyeonnnnnnn_journey,6
말라가,6
✈,6
진토닉,6
세코,6
🖤,6
버무스추천,6
베르무트추천,6
journey,6
셰리,6
로쏘,6
술사러말라가다시가야겠다,6
malaga,6
피카소미술관은안갔지만,6
피카소맛집,6
비앙코,6
2019,6
연남동맛집,6
gastropub37,6
연남37,6
aperitif,6
여행에미치다,6
타파스바,6
분위기맛집,6
유럽,6
다꾸,6
그가다니던술집은찾아간다,6
europe,6
인스타그램,5
리큐어,5
art,5
cocktail,5
drawing,5
버무스칵테일,5
wine,5
모로피,4
불라,4
브라운박사,4
만치노버무스,4
브로커스,4
블랑코,4
블루리본,4
블루리본서베이,4
블루리본서베이맛집,4
iwannatravel,4
빠에야,4
charleshseoul,4
상그리아,4
샌디에고,4
럭셔리,4
charlesh,4
선팔맞팔,4
분위기깡패,4
chasedistillery,4
보드카,4
미국,4
명대사,4
몬시투어,4
몰트위스키,4
cocktails,4
문어다리,4
맛조개,4
cocktailbar,4
몬세라트투어,4
믹솔로지,4
바,4
라운지바,4
classicocktail,4
classiccocktails,4
버본,4
라이프스타일,4
낙성대,4
culturetrip,4
passionpassport,4
nabi_director,4
negroni,4
nobleexperiment,4
fsseoul,4
oldfashioned,4
foodie,4
exclusive,4
mondaymotivation,4
sandiego,4
entrabrasas,4
selcastagram,4
eltapeo0708,4
eixample,4
speakeasy,4
morrofi,4
mixology,4
tabernero,4
lahoradelvermut,4
juli_house,4
italianvermouth,4
kilchoman,4
kimgahyun0122,4
interiordesign,4
kyungeun.jun,4
liquorimporter,4
march_pine on Instag,4
harry_kim_kj,4
ludens03,4
luxurybar,4
handwriting,4
granada,4
manhattan,4
spiritimporter,4
tbt,4
띤또데베라노,4
드라이마티니,4
끌라라,4
낙성대맛집,4
남건,4
delish,4
더글라스랭,4
돼지스테이크,4
cynar,4
detectiveconan,4
cursive,4
드링크,4
디자인,4
디플로마티코,4
따빠스,4
띤또,4
꿀대구,4
금발머리,4
trevle,4
건축,4
upic,4
vermuteria,4
visitbarcelona,4
weekendgetaway,4
douglaslaing,4
감바스알아히요,4
diplomatico,4
diary,4
골롬보반장,4
광화문,4
괴도키드,4
그라나다맛집,4
그라나다여행,4
그라나다타파스,4
선팔하면맞팔,4
봄베이사파이어진,4
주류수입사,4
영문캘리그라피,4
amrut,4
이하연,4
키안티,4
킬호만,4
여우상,4
타베르네로,4
여러잔🍻🍻🥂🥂🍷🍷🍸🍸🍾,4
엘따뻬오,4
타파스투어,4
얼스타그램,4
6_yong,4
초코렛,4
blonde,4
어린이탐정단,4
50bestbars,4
2일차,4
2020년맛집,4
인테리어,4
일본애니메이션,4
크루아상,4
유학생,4
애니메이션,4
유픽,4
aperitivo,4
치나,4
월요일,4
워커,4
칵테일만들기,4
캘리,4
캘리그라피,4
architecture,4
캘리포니아,4
유럽어디까지가봤니,4
bar,4
올드패션드,4
barcelona,4
__allb,4
bartender,4
쿠도신이치,4
유럽여행,4
쿠바리브레,4
영어캘리,4
포도주,4
특별한,4
boulard,4
시체스해변,4
찰스h,4
암룻,4
스픽이지,4
스피키이지바,4
하인성가영,4
한국인,4
스페인음식,4
_l.eclat_,4
좋반,4
좋아요,4
주말여행,4
스페인식당,4
홈바,4
calligraphy,4
좋아요반사,4
화이트포트,4
셀픽,4
007,4
셀카,4
시우다드콘달,4
스픽이지바,4
아침은,4
피스코,4
포트와인,4
brokersgin,4
아페리티프,4
animation,4
하이바라,4
calli,4
체이스,4
푸아그라스테이크,4
셀스타그램,4
1일1캘리,4
절경,4
필기체,4
초록렌즈,3
aden_lee,3
terraalta,3
verremoose,3
추천,3
취미,3
가리비관자,3
vermout,3
최현석셰프,3
u_subella,3
최애와인🍷,3
dress,3
yyeonkk_92,3
vinchaud,3
최애베르무트,3
_djoo__eat,3
짱맛,3
힙합캐쥬얼,3
vinnaturel,3
척아이롤,3
tigerlair,3
섹시페미닌,3
츄로스,3
laureanoserres,3
16dossi,3
luine_incut,3
하이볼,3
하인성,3
helpfulstaff,3
hotwine,3
illust,3
illustration,3
파티룩,3
instagram,3
해산물라자냐,3
ipaddrawing,3
kkyuo_oo,3
0geun_eung,3
홍합은히든카드,3
justsneakingmyladyinthere,3
플래너,3
mercadosanmiguel,3
styling,3
eunji2535,3
steak,3
코난인스,3
코난인컷,3
shopping,3
코듀로이팬츠,3
sangines,3
s.heerim,3
recommended,3
merrychristmas🎄,3
plazademayor,3
클립스튜디오,3
fashion,3
타이거레어,3
타파스맛집,3
naturalwine,3
montagut,3
peterhan621,3
그림선물,3
검정,3
버섯이랑치즈가들었는데,3
cafetour,3
뱅쇼,3
애니인스,3
애니인컷,3
미술,3
애니인컷판매,3
미국와인,3
앨리스,3
앨리스인원더랜드,3
야식,3
양갈비,3
모트모트,3
모작,3
명탐정코난인스,3
blacklook,3
여성쇼핑몰,3
맛스타그램,3
blackcoordi,3
여행2일차,3
doodle,3
연말룩,3
안기준,3
아침부터맥주부름,3
마드리드,3
아지트는,3
서비스짱,3
cerverizbar,3
술,3
삼성동,3
빨강,3
스테이크,3
비싼잔,3
비비안티셔츠,3
스페인식만두,3
스페인와인,3
블랙스타일링,3
블랙룩,3
블랙드레스,3
브랜디,3
시드르,3
시장구경,3
볼펜,3
아저씨,3
벨벳원피스패션,3
벨벳드레스,3
아저씨와인적당히먹고건강좀,3
연말모임,3
연남,3
jeju,3
깔라마리샌드위치,3
웹툰작가지망생,3
위스키,3
인컷판매,3
데일리룩,3
까바,3
대충,3
대추향,3
인컷✂️,3
내츄럴와인,3
유니크룩,3
인컷,3
낙서,3
다크럼,3
유니크스타일링,3
다,3
니모메빈티지라운지,3
워머티,3
요리,3
그린렌즈,3
왜,3
로제와인,3
고희도,3
골덴조거팬츠,3
조금씩여러가지맛볼수있는게스페인의매력인듯,3
cremorgue,3
괴도키드인컷,3
괴되키드,3
제주카페,3
제주도카페,3
와인바,3
제주도,3
또르띠아데빠따따,3
제주,3
와인바추천,3
은근슬쩍여친자랑,3
_xx_naive__,2
coplayer,2
detective_conan,2
cococ_official,2
bartour,2
cosplay,2
emily.kky,2
bianco,2
followme,2
barcuba,2
bakery,2
garlicbread,2
classiccocktail,2
dukesbar,2
40대,2
dukes,2
gin,2
gintonic,2
conte,2
dukehotel,2
__quak,2
urlaub,2
kartoffel,2
와인살롱,2
올리브존맛탱,2
올리브안주맛집,2
올드바투어,2
올드바,2
오일파스텔화,2
오늘도자기전에상쾌환,2
여자옷,2
여자목걸이,2
업그레이드,2
얼마나오래됐냐면_심심하면1800년대바_압생트마신곳은_내년에200주년,2
압생트,2
안양,2
안녕,2
아페르티프,2
스케치,2
소통,2
서울,2
사진없이먹어치운문어,2
베르무트칵테일,2
버무스세코,2
버무스비앙코,2
와인모임,2
위스키모임,2
바르셀로나여행,2
위스키시음회,2
koreancosplay,2
휴가,2
핸드릭스,2
하남카페,2
프리미엄버무스,2
팔마,2
토요일,2
토르타야데파파타스,2
텡거레이넘버텐,2
택택/71 (@71_free_spir,2
콘테,2
코스프레,2
카페후식,2
취미생활,2
촉촉해,2
직장인모임,2
직장인,2
주말,2
주간코콕,2
정물그리기,2
이틀연속올드바,2
버무스로쏘,2
파타타스브라바스,2
미사리카페,2
sioraguhae,2
saturday,2
rosso,2
polpo,2
patatasbravas,2
palma,2
painting🎨,2
omlet,2
oldbar,2
oilpastel,2
monkey47,2
martiny,2
maplegarlic,2
mancinovermouthasiap,2
mallorca,2
london,2
liquor,2
lilletblanc,2
larosa,2
korea🇰🇷,2
문어,2
koreangirl,2
secco,2
lavieen_ros.e,2
sketch,2
늦가을,2
space_moon12,2
메이플갈릭,2
릴레블랑,2
런던,2
라발지구,2
드로잉,2
드라이진,2
독주,2
달콤쌉쌀,2
레벨업,2
김렛,2
weekend,2
sweetnsour,2
그림스타그램,2
tortilladepapatas,2
vermouthcosplay,2
마요르카,2
ベルモット,2
名探偵コナン,2
고든스,2
고딕지구,2
55,1
63,1
62,1
61,1
60,1
59,1
58,1
57,1
56,1
54,1
46,1
53,1
52,1
51,1
49,1
48,1
47,1
45,1
64,1
50,1
74,1
65,1
66,1
85,1
43,1
84,1
83,1
82,1
81,1
80,1
79,1
78,1
77,1
76,1
75,1
73,1
72,1
71,1
70,1
69,1
68,1
67,1
44,1
20,1
42,1
9,1
17,1
16,1
15,1
14,1
13,1
12,1
11,1
10,1
8,1
19,1
7,1
6,1
5,1
4,1
3,1
2,1
1,1
87,1
18,1
21,1
41,1
32,1
40,1
39,1
38,1
37,1
36,1
35,1
34,1
33,1
31,1
22,1
30,1
29,1
28,1
27,1
26,1
25,1
24,1
23,1
86,1
136,1
88,1
144,1
152,1
151,1
150,1
149,1
148,1
147,1
146,1
145,1
143,1
154,1
142,1
141,1
140,1
139,1
138,1
137,1
135,1
134,1
153,1
155,1
132,1
166,1
174,1
173,1
172,1
171,1
170,1
169,1
168,1
167,1
165,1
156,1
164,1
163,1
162,1
161,1
160,1
159,1
158,1
157,1
133,1
131,1
89,1
99,1
107,1
106,1
105,1
104,1
103,1
102,1
101,1
100,1
98,1
109,1
97,1
96,1
95,1
94,1
93,1
92,1
91,1
90,1
108,1
110,1
130,1
121,1
129,1
128,1
127,1
126,1
125,1
124,1
123,1
122,1
120,1
111,1
119,1
118,1
117,1
116,1
115,1
114,1
113,1
112,1
0,1
