,RowSum
아이리쉬위스키,121
위스키,50
제임슨,49
irishwhiskey,33
jameson,26
술스타그램,23
아일랜드,20
whiskey,18
칵테일,17
irish,15
f4f,14
daily,14
followforfollowback,14
제임슨위스키,12
dublin,11
기네스,11
더블린,11
싱글몰트위스키,10
コーヒー,9
카페투어,9
bar_moody on Instagr,9
커피칵테일,9
커피스타그램,9
irishcoffee,9
coffeecocktail,9
coffeeholic,9
coffeehouse,9
카페스타그램,9
ラテアート,9
카페솔트,9
h.juuuuun_barista,9
문래카페,9
문래창작촌,9
문래맛집,9
문래동카페,9
coffee,9
데일리,9
아이리쉬커피,9
cafesalt,9
싱글몰트,9
jamesonwhiskey,9
버번,9
baristalifestyle,9
barista,9
baristalife,9
bar,8
하이볼,8
맛스타그램,8
양주,8
한잔,8
일상,8
꼬냑,7
cocktail,7
whisky,7
아이리쉬,7
위스키그램,6
다트,6
sulsultalk,6
술튜버,6
guiness,6
술술토크,6
데이트,6
스카치,6
몰트,6
Null,6
바,6
coffeeart,6
selfie,5
소통,5
전대후문,5
koalra3179,5
ootd,5
맞팔해요,5
선팔,5
소통해요,5
follow,5
맞팔선팔환영,5
광주,5
jmt,5
팔로우,5
선팔맞팔,5
맞팔,5
라이브,5
좋아요,5
guinness,5
좋반테러,5
혼술,5
서초동,5
양산,4
뮤직,4
밴드휴이,4
물금,4
강남바틀샵,4
어제,4
강남구,4
아란,4
감사,4
바오밥,4
아이리쉬위스키_제임슨,4
ウイスキー,4
맥덕,4
양산와바,4
아이리쉬카밤,4
바람개비,4
뮤직페스티벌,4
ソウル,4
양산술집,4
ジェイムソン,4
양산부산대학교병원,4
양산맛집,4
둘다,4
범어택지,4
범신,4
🎪,4
비어백,4
람베이,4
アイリッシュウイスキー,4
석산,4
블렌디드위스키,4
람베이위스키,4
선릉바틀샵,4
럽스타그램,4
선릉역,4
뷰티풀민트라이프,4
뷰민라2016,4
넘나좋은것,4
세계맥주,4
세브도르,4
날씨,4
뷰민라,4
까뮤,4
불토,4
김해,4
불금,4
레몬,4
르네상스사거리,4
봄나들이,4
술,4
마시고싶다,4
보고싶어요,4
범신와바,4
어쿠스틱라이브,4
😘,4
제임스,4
제머슨,4
피닉스다트,4
jian_0925,4
플링,4
jamesoncaskmates,4
이쁘다,4
bml,4
camus,4
토닉워터,4
camuscognac,4
잭콕,4
ipa맥주,4
hü,4
cepd_or,4
여름,4
jjeong2_1010,4
glenfiddich,4
friday,4
코냑,4
cognac,4
제임슨하이볼,4
좋아,4
좋은사람,4
food,4
준바투어,4
증산,4
증산맛집,4
증산술집,4
festival,4
jimbeam,4
beautifulmintlife,4
johnniewalker,4
origianl,4
역삼동,4
weekend,4
🍸,4
vivalavidabar,4
timewalkerfish,4
2년차,4
휴이,4
southkorea,4
seoul,4
s.k.yi_,4
후후,4
홍대,4
피크닉,4
fcm_bonnienclyde_ky,4
baminuna1031,4
행복,4
하나투어브이홀,4
bar_vivalavida,4
may_joon_july,4
왔어요,4
baobab.gimhae,4
lambaywhiskey,4
lambayirishwhiskey,4
lambay,4
마데이라,3
맥캘란12년셰리오크,3
dope_flavor_life,3
dojunho0,3
1stday,3
dead_lift_100,3
bushmills21,3
맛좋당👍,3
마당한끼,3
4.5x3bar,3
cocktails,3
baileys,3
롯지,3
롯지스킬렛,3
_luckydaddy,3
마당,3
마당캠핑,3
롯지스포츠맨그릴,3
zy_dailylife,3
레드브레스트,3
돼지고기,3
글렌모렌지,3
고기굽는훈제왕😘,3
계피스틱,3
korea🇰🇷,3
kumi.cho,3
강남,3
lovehyelinz,3
morihwa_,3
pecanpie,3
redbreast,3
가래떡구이,3
saltcoffee,3
메이커스마크,3
sungheeoh,3
templebar,3
vivamuseum,3
whiskeylover,3
jamesondistillery,3
글렌모렌지오리지널,3
글렌피딕15년,3
humanbyragnboneman,3
더블린위스키,3
대파구이,3
대연동,3
gwangju,3
gwon_youngun,3
hongs.90,3
네평반,3
내집밥,3
jameson18,3
hyonibooks,3
ieland,3
꽐라그램,3
irishcarbombs,3
irishwisky,3
jameson12,3
기록,3
ssuroooo,3
광주광역시,3
소퍼플,3
싱글몰트바,3
모카포트,3
양맥😜,3
전원주택,3
암앤해머요리대회,3
아크로스,3
아일랜드여행,3
웰컴과일,3
카푸치노,3
아드벡,3
쏘퍼플,3
전세계no,3
셰리,3
전대,3
커피,3
코스트코,3
쉬는날,3
숯불구이,3
콜키지프리🍷,3
크래건모어,3
숯불,3
솔트커피,3
연희동바,3
에스프레소,3
점심식사,3
연희동혼술,3
집밥스타그램,3
연희동몰트바,3
연희동,3
제임슨ipa,3
제임슨증류소,3
연남동혼술,3
제임슨캐스크메이츠ipa에디션,3
연남동포트와인,3
주정강화와인,3
주택,3
정기휴무,3
연희동와인,3
연남동칵테일,3
연남동와인,3
연남동싱글몰트,3
연남동바,3
지하,3
연남동몰트바,3
연희동칵테일,3
연희동포트와인,3
집밥,3
연남동,3
소우주,3
연희동싱글몰트,3
브라우니,3
휴일,3
일하다가배고파서,3
블랙앵거스본갈비,3
셀카그램,3
브금은,3
항정살,3
분위기굿,3
해방촌,3
바른돼지,3
이태원,3
오반,3
발베니12년트리플캐스크,3
버번위스키,3
혀꼬임발생🚨,3
부쉬밀21년,3
부산술집,3
위스키테이스팅노트,3
베일리스,3
비바라비다뮤지엄,3
비알레띠,3
뿌시기,3
선물,3
셀스타,3
몰트바,3
세계,3
예쁜카페,3
선팔하면맞팔가요,3
오겹살,3
잠실칵테일바,3
파채,3
잠실몰트바,3
위스키박물관,3
자메손,3
프리다칼로미술관,3
피칸파이,3
삼겹살,3
사장은오늘쉽니다,3
오늘먹은거아님,3
휴무,3
위스키소믈리에,2
제임슨ipa캐스크메이츠에디션,2
ireland,2
jamesonstoutedition,2
음료기행,2
이것이플렉스,2
jamesonblackbarrel,2
인천,2
itsthewateroflifebaby,2
전대칵테일,2
iloveireland,2
저녁술상,2
discoverdublin,2
dangko97,2
제임슨리미티드에디션,2
australialife,2
파티,2
하몽,2
한국버번위스키쿨럽,2
한국버번클럽,2
해외여행,2
babysaurs,2
australia,2
beneathdriverlane,2
alcohol.tiger on Ins,2
_donghyun217,2
호주생활,2
2020,2
2019,2
힙한곳은아니에요,2
bartender,2
burn,2
greenspot,2
최고에요,2
godmadewhiskeytokeeptheirishfromrulingtheworld,2
중간지점,2
flex,2
진저비어,2
짐빔,2
dontharshmybuzzbro,2
추억쌓기,2
byounghun_gilbert,2
칵테일바,2
캄파리,2
캐스크메이츠,2
크리스마스예약,2
트라이포트,2
트리플섹,2
위스키바,2
위스키시음회,2
koreabourbonclub,2
선팔하면,2
술맛좋은_번,2
광주칵테일,2
관자스테이크,2
식전주,2
경기,2
가성비위스키,2
양갈비,2
어느골목갬성바,2
yellowspot,2
wonchanjjang,2
whiskeytasting,2
whiskeysommelier,2
whiskeyporn,2
whiskeygram,2
uisgebeatha,2
수원,2
뉴암스테르담보드카,2
tripledistilled,2
대가원,2
맥주,2
마시자그램,2
볼스,2
마스터클레스,2
부평,2
부평술집,2
부평싱글몰트,2
부평위스키,2
부평핫플,2
분다버그,2
레드와인,2
디켄팅,2
사랑해요,2
koreabourbonwhiskeyclub,2
생일,2
triport.pub,2
새우맛집,2
midleton,2
redspot,2
영통,2
onthebar,2
pleasedrinkresponsibly,2
lagavulin16,2
용봉동칵테일,2
potstill,2
quater_bottle,2
올드라스푸틴,2
l_s_g_life,2
온더바,2
rosso_di_montalcino,2
오늘저녁,2
markinkorea,2
singlemalt,2
slaintemhath,2
stayhealthydrinkwhisky,2
stout,2
오늘도화이팅,2
masterclass,2
와인,2
60,1
59,1
58,1
16,1
57,1
56,1
55,1
61,1
53,1
52,1
51,1
50,1
49,1
48,1
47,1
46,1
54,1
66,1
62,1
63,1
86,1
85,1
84,1
83,1
82,1
81,1
80,1
79,1
78,1
77,1
76,1
75,1
74,1
73,1
72,1
71,1
70,1
69,1
68,1
67,1
44,1
65,1
64,1
45,1
2,1
43,1
27,1
32,1
31,1
30,1
8,1
9,1
21,1
29,1
10,1
11,1
26,1
12,1
28,1
13,1
20,1
14,1
19,1
18,1
17,1
33,1
7,1
42,1
3,1
41,1
40,1
39,1
38,1
37,1
36,1
1,1
15,1
88,1
25,1
23,1
35,1
34,1
4,1
5,1
22,1
6,1
24,1
87,1
명반,1
89,1
134,1
유투,1
irishtonic,1
잠실새내역,1
잠실위스키,1
전곡,1
칵테일바🍹,1
테이스팅코스,1
틸링,1
bono,1
bohemianpjmusicpub,1
틸링위스키,1
alcoholstagram,1
add25_chungdam,1
141,1
140,1
139,1
138,1
137,1
136,1
mat__fia,1
patricostagram,1
영상회,1
셋리스트,1
뮤직비디오,1
맛픠아,1
보노,1
리허설,1
비바라비다몰트바,1
삼부자,1
단호박전,1
내한공연,1
굴전,1
setlist,1
공연실황,1
스페인와인,1
아르마냑,1
엘피,1
u2,1
thejoshuatree,1
teelingwhiskey,1
teelingpotstill,1
135,1
133,1
90,1
132,1
109,1
108,1
107,1
106,1
105,1
104,1
103,1
102,1
101,1
100,1
99,1
98,1
97,1
96,1
95,1
94,1
93,1
92,1
91,1
110,1
111,1
112,1
123,1
131,1
130,1
129,1
128,1
127,1
126,1
125,1
124,1
122,1
113,1
121,1
120,1
119,1
118,1
117,1
116,1
115,1
114,1
0,1
