,RowSum
피스코,174
pisco,61
페루,59
peru,56
피스코사워,34
ica,30
술스타그램,29
piscosour,25
여행스타그램,23
타베르네로,21
elcatador,20
이카,18
여행,18
jshin_korea,17
thetaster,17
upic.story,17
since1856,17
desde1856,17
vineyary,17
남미여행,16
와인,16
travel,15
187ml,15
남미,15
리마,12
tabernero,12
mayritalizz,11
데일리그램,11
instadrink,11
antojo,11
굿스타그램,11
like4likes,11
instagood,11
페루여행,10
abv18,10
visitperu.kr,9
세비체,9
larcomar,9
lima,9
진,8
위스키,8
와이너리투어,8
바예스타섬,8
와이너리,8
투어,8
여행에미치다,7
페루관광청_미식,7
가장풍요로운나라페루,7
creamlúcuma,7
페루음료,7
travelgram,7
미라플로레스,7
creamchocolate,7
visitperu,7
tacama,7
칵테일,7
칠레,7
quebranta,7
피스코칵테일,7
좋아요,6
일상,6
wine,6
madagascar,6
마다가스카르,6
peacecorps,6
포도증류주,6
평화봉사단,6
peruvianpisco,6
와카치나,6
마다가스카르여행,6
tgx390 on Instagram:,6
_dr.suess_,6
Null,6
peacecorpsmadagascar,6
vino,5
piscococktail,5
petgeek_korea,5
petgeek,5
암룻,5
seviche,5
라운지앤바,5
larcomarperu,5
larcomarlima,5
이진우바텐더,5
mangosrestaurant,5
mangoslarcomar,5
원더팟,5
자동장난감,5
mangos,5
유픽,5
스마트캣토이,5
시음회,5
이쁜고양이,5
lomosaltado,5
loungeandbar,5
로모살타도,5
강아지장난감,5
엘카타도르,5
abv42,5
피스코와이너리,5
냥스타그램,5
멍스타그램,5
펫긱,5
바텐더,5
먹스타그램,5
반려동물,5
반려묘,5
더글라스랭,5
망고스,5
보드카,5
브리티시숏헤어,5
킬호만,5
고양이장난감,5
퀘브란타,5
캣스타그램,5
yuna96,5
럼,5
ピスコ,5
디플로마티코,5
라르코마르,5
고양이,5
instamood,5
ピスコサワー,5
강아지,5
롱칵테일,4
당신의칵테일을처방합니다,4
알딸딸,4
로제,4
엄청가까이서봄,4
맛있어요,4
라르꼬마르,4
양주,4
맛보다가,4
만치노,4
압셍트,4
마라쿠야쥬스,4
마라쿠야주스,4
spiritimporter,4
마라쿠야,4
동희형사랑해요,4
양조장,4
southamerica,4
withsool,4
몰트위스키,4
구아노,4
😋,4
샘플러,4
샌드보딩🏂,4
새똥,4
고산,4
고산병,4
사진,4
upic,4
travelholic,4
사막마을,4
사막,4
그라파,4
아레키페냐,4
브로커스,4
불라,4
베르무트,4
버무스,4
버기투어,4
신시가지,4
버기카,4
yeziiis,4
남아메리카,4
실시간여행기,4
물개,4
바텐더레오,4
peruvianbeverage,4
여행에미치다_남미,4
쿠스케냐,4
패션후르츠쥬스,4
패션후르츠,4
파라카스,4
diplomatico,4
douglaslaing,4
grisdeflorette,4
h_zzuz,4
hana_the_one,4
코카티,4
페루맥주,4
코카차,4
칼바도스,4
카페델페루,4
치차모라다,4
취해버림,4
jerrie_,4
jigeonwoo,4
촬영,4
페루맛집,4
페루커피,4
체이스,4
brokersgin,4
190403,4
🍷,4
혼자남미여행,4
형제수산,4
헤네시,4
amrut,4
ballestas,4
boulard,4
ceviche,4
datenight,4
chasedistillery,4
chichamorada,4
chile,4
christmas,4
하트,4
cocatea,4
cocktail,4
펭귄,4
kang_juyoung,4
라프로익,4
lunasun2,4
miraflores,4
장생건강원,4
paracas,4
장생건강원은피스코칵테일이음칭이많아효🥣,4
잉카콜라,4
peruvian,4
mancino,4
주류수입사,4
l2oh_seo,4
와알못,4
limadistrict,4
peruvianfood,4
peterhan621,4
merryhahahoho,4
오아시스,4
여행중,4
kilchoman,4
진환이형두😍,4
우리는,4
liquorimporter,4
mexico,3
대호동,3
cocktailbar,3
낮술,3
stage54,3
talisker,3
tequila,3
ddrt,3
chosunhotel,3
whisky,3
chopsteak,3
pasta,3
song_ssssssi,3
동신대,3
bar,3
b_hol_ee,3
photograper52,3
디디알티,3
_m_daily_,3
seoulkorea,3
3차,3
seoul,3
2차,3
santiago,3
데킬라,3
toktokhareclub,3
madagascar🇲🇬,3
tigerlair,3
instanight,3
instapassport,3
instatravel,3
krei,3
감사합니다🙏,3
irishwhisky,3
jam_bo_747,3
kps,3
jenny110131,3
jeongju.choe,3
yyeonkk_92,3
yumm0425,3
viñedo,3
wabartaphouse,3
kdn,3
recoleta,3
lee_kyudong,3
hiddenplace,3
good,3
toktok,3
whereareyougoing,3
eumdaily,3
gintonic,3
나주혁신도시,3
나주ktx,3
greentiger,3
광주,3
나주,3
꿀맛,3
금묘일엔톢톢,3
hacienda,3
국립전파연구원,3
구시청,3
instalike,3
wayg,3
한전,3
숨어있는명소,3
수험생들빠쌰,3
페루한인여행사,3
언제나멋진친구들고마워,3
우정사업정보센터,3
엑티브크루어택,3
여행에미치다_페루,3
빛가람동,3
빛가람호수공원,3
리마맛집,3
한국전력공사,3
헬스,3
형부짱,3
한국인터넷진흥원,3
홍대,3
사막밤,3
산티아고,3
한국문화예술위원회,3
와카치나오아시스,3
와카치나사막,3
🐇🐇,3
삼성동,3
한국농어촌공사,3
상무지구,3
와사비칵테일,3
와사비,3
와바,3
상수역,3
상수역맛집,3
화이트스피릿,3
선박건조,3
한국농수산식품유통공사,3
바질,3
어디를가느냐,3
칵테일베이스,3
리마한인여행사,3
칵테일바,3
마라돈왕주먹고기,3
쿠스코,3
친절한직원분들,3
타이거레어,3
알콜스타그램,3
출장,3
신용산역,3
진토닉,3
직장인스타그램,3
즐거운러닝,3
직딩,3
톢톢,3
어머이건먹어야해,3
어반그레이,3
조선호텔,3
톢톢런,3
어반3am,3
모아이,3
톢톢정기런,3
한양대,2
rockbeertrippisco,2
한양대tlc,2
seoul125,2
rockbeertrip,2
soolkoon,2
piscoquebranta,2
caemi4195,2
seungkyu.m,2
rockbeertripperu,2
왕십리데이트,2
chosunhotelbartender,2
페루브랜디,2
케브란타,2
타이쿠밤,2
타이쿠시트러스,2
타카마와이너리,2
청포도,2
lablanco,2
좋아요반사,2
조선호텔라운지앤바,2
조선의바텐더,2
dogyung.kim,2
인스타사이즈,2
티엘씨,2
이춘복참치본점,2
페루와이너리,2
옷,2
maddyland,2
da_m_ru,2
cuba,2
우리나라에없데,2
왕십리티엘씨,2
왕십리칵테일,2
포도브랜디,2
cocktailcompetition,2
왕십리바,2
아직도,2
왕십리tlc,2
왕십리,2
피스코와이너리투어,2
한양대티엘씨,2
왕십리술집,2
아주버님짱,2
소주,2
성수동맛집,2
선팔하면맞팔,2
선물,2
선맞팔,2
황해,2
2차노량진,2
고맙다친구야🙆,2
100일100그림,2
빵,2
비어퐁,2
근데힘들었다,2
물건너온술,2
더퍼즈,2
데일리,2
맛있다,2
두바이,2
리모컨,2
성수동칵테일바,2
권지용_바람처럼_자유롭게,2
소통,2
술집,2
아주버님이고생해서사온술,2
캐릭터,2
신용카드,2
thepausebar,2
신메뉴,2
tlc_wangsimni,2
시계,2
스낵,2
칵테일컴피티션,2
쇼핑백,2
vinorosé,2
소화전,2
9,1
112,1
140,1
141,1
142,1
143,1
144,1
145,1
146,1
114,1
147,1
113,1
12,1
138,1
13,1
117,1
148,1
149,1
150,1
151,1
152,1
153,1
14,1
15,1
7,1
3,1
154,1
139,1
115,1
2,1
118,1
1,1
5,1
121,1
10,1
8,1
122,1
123,1
124,1
125,1
11,1
126,1
119,1
4,1
137,1
6,1
127,1
128,1
129,1
130,1
131,1
132,1
133,1
134,1
120,1
136,1
116,1
135,1
156,1
16,1
46,1
58,1
83,1
84,1
57,1
56,1
55,1
85,1
86,1
87,1
54,1
53,1
88,1
52,1
89,1
90,1
91,1
51,1
92,1
50,1
49,1
48,1
59,1
60,1
61,1
76,1
69,1
68,1
70,1
71,1
72,1
73,1
74,1
67,1
75,1
77,1
82,1
78,1
79,1
66,1
65,1
64,1
80,1
81,1
63,1
62,1
47,1
45,1
17,1
44,1
31,1
30,1
29,1
28,1
27,1
105,1
26,1
25,1
106,1
24,1
107,1
23,1
108,1
109,1
22,1
21,1
20,1
19,1
110,1
111,1
18,1
32,1
33,1
104,1
97,1
43,1
42,1
41,1
93,1
40,1
94,1
39,1
95,1
96,1
98,1
103,1
38,1
37,1
99,1
100,1
36,1
35,1
34,1
101,1
102,1
155,1
🤘🏻,1
157,1
소라,1
삐스꼬,1
살려줘,1
삼륜미니택시,1
삼차,1
생각나고,1
소고기,1
소고기짬뽕,1
소맥,1
블루큐라소,1
술,1
스노우,1
시작해서,1
식폭행,1
쏟아지던별밤,1
아마존4박5일페리,1
알고보니,1
뿐이고,1
블라,1
더쉘터,1
막창,1
데낄라로,1
동래더롯지,1
동래몰트바,1
동래술집,1
동래칵테일바,1
동식물의,1
땡기구,1
맥주,1
브로커스진,1
맥주학과,1
맥학분식포차,1
멜론,1
바로옆에,1
바예스타스섬,1
베체로브카,1
보고,1
양념,1
오렌지블루스,1
오클랜드,1
피스코의,1
카포,1
코리엔탈깻잎칩킨,1
콜롬비아레티시아,1
태국,1
템프라니요,1
포차,1
피스코샤워,1
한건데,1
와,1
한잔,1
해먹,1
해장,1
햄버거가,1
혼밥,1
🍸,1
🍽,1
카페웨이브,1
칠카노,1
치느님,1
치느,1
와규버거,1
와인샾,1
우리집,1
위스키사워,1
육회,1
이딸리아,1
이차,1
이키토스,1
일상스타그램,1
일차,1
잔덕후,1
좋은,1
체이스보드카,1
촥촥,1
추석,1
데낄라,1
더롯지bar,1
158,1
186,1
179,1
180,1
181,1
182,1
183,1
184,1
185,1
187,1
177,1
188,1
189,1
190,1
191,1
10솔,1
altodelcarmen,1
auckland,1
178,1
176,1
더롯지,1
166,1
159,1
160,1
161,1
162,1
163,1
164,1
165,1
167,1
175,1
168,1
169,1
170,1
171,1
172,1
173,1
174,1
bartenderueong,1
chanyoungs_97,1
door.bear,1
고급진맛,1
rbals601,1
soulfood,1
spirit,1
whiskysour,1
가족술파티,1
간장,1
감긴다,1
고인물파티,1
drink,1
골든리트리버,1
곱창,1
깔바도스,1
깻잎칩킨,1
난,1
누나홀닭,1
뉴질랜드,1
prayforamazonia,1
piscoitalia,1
piscococktails,1
pineapple,1
galangal,1
gift,1
gingerale,1
j141115,1
jaymoonnz,1
junghee1011,1
kaffirlimeleaf,1
koo_bari_99 on Insta,1
lemonglass,1
lime,1
namsan_ac,1
newzealand,1
ojinyee,1
pepper,1
pilhee.jeong,1
0,1
