,RowSum
위스키,753
whisky,210
칵테일,184
와인,157
혼술,138
whiskey,135
bar,130
술스타그램,101
whiskyporn,89
cocktail,84
술,80
바,77
instadram,71
ウイスキー,70
scotch,67
cocktails,67
맥주,66
singlemalt,65
싱글몰트,62
instawhisky,59
sociedad_whisky,59
보드카,58
bourbon,57
whiskygram,56
bartender,51
バー,50
Null,49
바텐더,49
scotchwhisky,48
일상,47
파티,45
하이볼,40
홍대,38
bikekenwhisky,36
위스키바,36
칵테일바,35
진주맛집,34
whiskylover,34
신촌,33
수입맥주,33
whiskeyporn,32
cocktailnight,32
カクテル,32
hamstererer___ on In,32
cocktailsanddreams,32
술집,32
햄스터어어_수루루울,32
威士忌酒,32
酒,32
샴페인,31
ウィスキー,31
진주술집,30
홍대호빠,29
영등포호빠,29
wine,29
삼거리포차,29
이태원호빠,29
남자도우미,29
모임장소,29
신촌호빠,29
한신포차,29
신림호빠,29
내추럴와인,28
싱글몰트위스키,28
naturalwine,28
선수,26
송파,26
환영,26
룸술집,26
좋반,26
hostbar.010.5369.369,26
호빠나라,26
가라오케,26
맞팔,26
남자,26
호스트바,26
핫플,25
whiskeybar,25
데이트코스,25
데이트,25
威士忌,24
m83오늘도시작합니다,24
치킨,24
macallan,24
맥주한잔이맛있는,24
술안주,24
송파바틀샵,24
하남,24
바틀샵,24
파티룸,24
성남,24
선팔하면맞팔,24
위례맥주,24
to.m83,24
ardbeg,24
분위기깡패,24
위례펍,24
위례핫플,24
m83,24
위례카페,24
위례바틀샵,24
위례맛집,24
위례신도시,24
cheers,24
젊은이들의플랫폼m83,24
islay,24
위례,24
위례와인,24
서울,23
houseofmalt,23
맛집,23
dram,23
speyside,22
아지트,22
진주가볼만한곳,22
진주핫플,22
선팔,22
glendronach,22
둔산동,22
이벤트,22
사케,22
대전,22
카페,22
instagram,22
caskstrength,21
bar_teascent,21
instawhiskey,21
thursdaydrinks,21
연남동,21
tea,21
whiskygram日本,21
classic,21
liquor,21
booze,21
drinkup,21
kanpai,21
islaywhisky,21
scotland,21
beer,21
whiskyonline,20
산토리,20
연남동카페,20
americanwhiskey,20
jazz,20
springbank,20
directoragit,20
whiskyshop,20
limitededition,20
talisker,20
꼬냑,19
일상스타그램,19
이태원,19
와인바,19
데일리,19
glenfiddich,19
강남호빠,19
생맥주,18
오늘한잔,18
highlands,18
홈텐딩,18
glendronachcaskstrength,18
봉명동,18
진주시내술집,18
진주바,18
gentle,18
팀쉘터,18
박현욱바텐더,18
whiskeygirl,18
진주라운지,18
sherrybutt,18
커플데이트,18
둔산동혼술,18
nightworkers,18
둔산동칵테일,18
oloroso,18
original,18
project1051,18
pxcask,18
장소대여,18
shelter_lab,18
whisky_droid,18
sherrybomb,18
cozy,18
프로젝트1051,18
whiskeysour,18
대전싱글몰트,18
whiskers,18
더쉘터,18
프로젝트,18
클래식,18
프로젝트일공오일,18
양주,18
먹스타그램,17
청담바,17
버본위스키,17
daily,17
바티센트,17
double_dram,17
청담동바,17
마산,17
커리,17
버본,17
xxhyezz,17
찻집,17
vocal_sb,17
bourbonporn,17
bourbongram,17
oldforester,17
brownforman,17
소통,17
barteascent,17
michterswhiskey,17
teacocktail,17
합천,17
michters,17
bourbonwhiskey,17
imbibe,17
ardbegwhisky,17
ardbegprovenance,17
티칵테일,17
티스타그램,17
티소믈리에,17
티센트,17
lagavulin,17
신도림호스트바,16
이태원와인,16
종로호스트바,16
진주,16
신촌호스트바,16
이태원술집,16
진주카페,16
여의도호스트바,16
연신내호스트바,16
영등포호스트바,16
진주와인,16
신림호스트바,16
🥃,16
홈술,16
이태원호스트바,16
홍대호스트바,16
jmt,16
합정호스트바,16
itaewon,16
hostbar,16
클럽,16
cocoloveru,16
강북호스트바,16
내추럴와인바,16
먹방,15
콜키지프리,15
회식,15
버번,15
집술,15
강남,15
커피,15
글렌피딕,15
소주,15
낮술,14
다트,14
혼술스타그램,14
singlemaltwhisky,14
홈바,14
경리단길,13
연남동핫플,13
그린라이트,13
데낄라,13
좋아요,13
홍대클럽,13
교집합,12
한남동데이트,12
intersection,12
진주내추럴와인,12
업데이트안내,12
winebar,12
수제맥주,12
한남동,12
itaewon_gyojibhap,12
한남동와인,12
한남동와인바,12
좋아요반사,12
진주위스키,12
신상입고알림⭐️,12
lemontreux,12
le_montreux,12
르몽트뢰,12
해방촌와인바,12
이태원데이트,12
🍷,12
이태원맛집,12
맞팔해요,12
200221🔥금,12
해방촌,12
이태원내추럴와인,12
이태원교집합,12
이태원역,12
음악,12
위례m83,12
이태원와인바,12
분위기,12
분위기있는,12
사진,12
2020,12
술스타,11
송년모임,11
scotchporn,11
인친,11
술그램,11
항정살,11
신년회,11
alcohol,11
흑돼지,11
회식장소,11
ballantines,11
잭다니엘,11
gamagol_black_pig,11
프리미엄라운지,11
소갈비살,11
pub,11
단체모임,11
가마골,11
삼겹살맛집추천,11
담체모임,11
발렌타인,11
갈매기살,11
돼지고기,11
코다리찜,11
가마골흑돼지,11
선릉역맛집,11
선릉역회식장소,11
강남맛집,11
виски,11
라운지,11
코다리조림,11
whiskeygram,11
남보도,10
여의도,10
cafe,10
싱글몰트위스키바,10
여의도호빠,10
합정핫플,10
홍대포차끝판왕,10
합정호빠,10
광안리,10
술게임,10
양평다트,10
양평맛집,10
양평술집,10
양평역5호선,10
강북호빠,10
종로호빠,10
대관,10
서울양평,10
술내기,10
디렉터아지트,10
마포호빠,10
신도림호빠,10
진,10
양평혼술,10
연신내호빠,10
세계맥주,9
한잔,9
오마카세,9
뮤직바,9
몰트위스키,9
압구정,9
바팩토리,8
발베니,8
네추럴와인,8
위스키안주,8
buffjinju,8
대여,8
미사맛집,8
balvenie,8
dramvoyager,8
유기농와인,8
모히또,8
모던바,8
데일리그램,8
맥캘란,8
맞팔환영,8
디스코서프,8
디제이,8
리큐르,8
douglaslaing,8
seobu.bar,8
올드카,8
서울숲,8
셀카,8
셀피,8
soundlab_gm,8
whiskybar,8
redwine,8
라이언하트,8
peat,8
oldeknives,8
서울의밤,8
스카치,8
서울역맛집,8
서울역,8
luxelife,8
lifestyle,8
knobcreek,8
올드나이브스성수,8
서소문역사공원,8
서소문성지역사박물관,8
서소문맛집,8
아벨라워아부나흐,8
안주스타그램,8
앱솔루트,8
약현성당,8
글랜피딕,8
사진학개론사진전,8
사진스타그램,8
분위기맛집,8
기네스,8
drinkstagram,8
올드나이브스,8
서부주점,8
whiskytasting,8
호수집,8
코스트코,8
코젤다크,8
햄버거,8
행복,8
해운대,8
팔로우,8
청파로,8
현상소,8
중구,8
중림동,8
잭콕,8
충정로역,8
홍대핫플,7
광안리술집,7
fff,7
ena_yudeungbbang,7
instagood,7
진주나이트,7
팔로워,7
follow,7
펍,7
sweet,7
진주클럽,7
seoul,7
selfie,7
여의도바,7
projectxx,7
연남동데이트,7
연남동맛집,7
연남동혼술,7
와인맛집,7
한정판,7
life,7
kozel,7
ireland,7
hsgu1003 on Instagra,7
우드포드리저브,7
사심,7
동성로,7
서면,7
버번위스키,7
cocktailbar,7
브랜디,7
대구,7
이자카야,7
맛스타그램,7
부산,7
coffee,7
치즈,7
몰트저니,7
chocobookcafe,6
복합문화공간,6
춘천분위기좋은카페,6
요선동맛집,6
realhodubyman,6
요선동,6
오일파스타,6
maltwhisky,6
마이스,6
친구,6
춘천,6
planetzorba,6
drinks,6
영화,6
춘천맛집,6
타투,6
spirits,6
starvinggigolo,6
선물,6
홍대입구역,6
서래마을맛집,6
선팔맞팔,6
서래마을,6
클래식바,6
크림파스타,6
다이닝,6
감성,6
감바스,6
숙성회,6
파스타,6
술한잔,6
스카치위스키,6
대관문의,6
데일리샷,6
신청곡,6
돔페리뇽,6
춘천여행,6
잠실,6
음식,6
homebar,6
럼,5
anno_jk,5
홍대엠투,5
만선호프,5
청담,5
을지로와인,5
을지로와인바,5
맥주맛집,5
을지로술집,5
힐링,5
우리집,5
guinness,5
데일리룩,5
collinsoldfashioned,4
크롬바커,4
킬달튼,4
hennessyvsop,4
기념은임페리얼과함께,4
남포동카페,4
남천동,4
기생충,4
기억하겠습니다,4
호스트빠,4
남자놀이터,4
harper.persian,4
handcraft,4
꼬냑맛뭐죵,4
깊은숲,4
남국재견상영회,4
남국재견,4
heineken,4
낮술엔임페리얼,4
나이트,4
coffeelife,4
꽃피는봄이오면,4
깨알,4
나홀로,4
크라운비바,4
내가다먹었어,4
놉크릭,4
대학생,4
griffin,4
대정술집,4
코트라,4
콜라보,4
대신동,4
guly092,4
콥케포트와인,4
달달구리,4
단체환영,4
gyeonglidan,4
다음에도,4
농림축산식품부,4
논현동바,4
내가먼저,4
논현동,4
혼술러,4
핸드크래프트,4
녹턴사카바,4
노형동감귤원1991,4
노바인헤븐,4
노래추천,4
노래방,4
크라운비,4
네그로니,4
너무조하💕,4
냉이제육,4
크래프트칵테일,4
highball,4
합정동,4
기,4
급,4
daliy,4
해운대술집,4
hr_lxo,4
광안리핫플,4
광안리카페,4
hyeonwooethan,4
광명트리플타워,4
광명역혼술,4
광명역술집,4
광명역맛집,4
광명역ktx,4
광명술집,4
과수원집,4
과메기,4
공덕혼술,4
공덕칵테일,4
공덕역혼술,4
공덕역칵테일바,4
공덕역칵테일,4
공덕역바,4
공덕바,4
곰새우,4
골프엔임페리얼,4
골프,4
고품격,4
고잔동,4
고양이아빠,4
고생,4
고산술집,4
dailygram,4
해운대프리즘,4
호빠,4
글랜모렌지오리지널,4
글스타그램,4
핸드릭스,4
더그리핀,4
타이음식,4
글렌캐런,4
글렌모렌지,4
글렌15년,4
글램핑,4
hoegaarden,4
글랜피딕18년,4
타이푸드,4
글랜캐런잔,4
글랜캐런,4
글랜모렌지,4
해운대핫플,4
그만둘까,4
homboshuzo,4
그리핀바,4
그리핀,4
귀국환영,4
궁중떡볶이,4
craftbeer,4
craftcocktails,4
craftedbeer,4
탄산,4
교동맛집,4
교동,4
cyoaquino,4
댓글,4
데이트맛집,4
더글래스랭,4
마포역바,4
freshingredients,4
친구들,4
맛있게,4
fridaysdram,4
맛스타,4
맛나부러,4
맛,4
막걸리슬러쉬,4
카스큰병사천원,4
마포역혼술,4
마포역칵테일바,4
마포역칵테일,4
마포역위스키,4
마포나루,4
망원동싱글몰트위스키,4
마포공덕혼술,4
마포공덕,4
마티니,4
ginandtonic,4
마스터피스,4
마무리,4
마린시티맛집,4
마린시티,4
cinema,4
홈빠,4
cleanman91_bk,4
캐나다,4
glasswine,4
망원동바,4
망원동위스키,4
룸,4
멀티플레이어,4
충정로근처,4
모엣상동,4
모란핫플,4
모란칵테일,4
모란양주,4
모란셔츠룸,4
모란맥주,4
followme,4
followｍe,4
모란다트,4
모란,4
forthebebop on Insta,4
fourchairs,4
충주,4
망원동칵테일,4
취미,4
맥켈란,4
취하고싶다_황인욱,4
취한다,4
매그넘,4
francewine,4
free_zino_,4
망원이자카야,4
망원역칵테일,4
freesm_haeundae,4
망원역위스키,4
망원역싱글몰트위스키,4
망원역바,4
캐주얼바,4
루프탑바,4
grandcru,4
동네바,4
뒷북,4
코로나,4
cobbler,4
코블러,4
glenfiddich🥃,4
두유하이볼,4
코셔,4
동성로맛집,4
glenmorangie,4
동생,4
동리엇,4
동래술집,4
동대문,4
gold,4
fireandcane,4
돈없어서엔트리급만주문,4
cobbler_hey_jo on In,4
독도새우,4
도라지위스키,4
데킬라,4
gooddrink,4
데일리박순혁,4
코셔인증,4
코스모폴리탄,4
데이트하기좋은장소,4
goodnight,4
덕천술집,4
goodpeeps,4
등심,4
코끼리맥주,4
루프탑,4
러앤프,4
롤,4
fit,4
로얄살루트21년산,4
로얄살루트,4
로빈스퀘어,4
레페,4
closdetart,4
clynelish,4
레드와인,4
레더라초콜릿,4
레더라,4
glencairn,4
럼주,4
러시아여행,4
커티삭,4
러시아,4
러셀리저브싱글배럴,4
러브앤프리,4
람베이,4
란딩후위스키,4
락오이스터,4
라쿤라운지,4
라잇나우,4
라이브공연,4
라운지클럽,4
따뜻한,4
딥하우스,4
커클랜그,4
고마운,4
경리단,4
고디바,4
eat_it_ing,4
하루,4
jackdaniels,4
dyeo_i,4
portowine,4
portcharlotte,4
jaemoo.heo.5,4
platinum74_,4
japanesesinglemalt,4
japanesewhiskey,4
e_sanagram on Instag,4
pinotnoir,4
photos,4
photography,4
photo,4
perfectlife_hanam,4
하이네켄,4
papasalon,4
ou코셔,4
oukosher_korea,4
하트,4
ootd,4
하퍼,4
japanesewhisky,4
한경술집,4
한국식품연구원,4
olde_knives_ss,4
official,4
oban,4
nobarinheaven_seoul,4
dukkido,4
하늬솔,4
j.s.hoon_e,4
헌팅,4
프리즘,4
singlegrainwhiskey,4
sikchoong,4
siera2juliet,4
shirt_room_bundang,4
shinshu,4
플래터,4
sh_jin87,4
합정펍,4
seoulfoodie,4
합정팩토리,4
피닉스,4
합정칵테일,4
피트충,4
ra_hee_99,4
필름포럼,4
scotchgram,4
scotch_enforcer,4
sb_99__,4
sayhey_h0,4
sashim_i,4
run_dogong,4
rokinnemo,4
허니브라운,4
하남맛집,4
dublin,4
합정이자카야,4
raccoon_lounge,4
nobarinheaven,4
한글로신청해도틀어드림,4
경성대,4
newtypechan,4
한정수량,4
jewelice99,4
lily.vvhite,4
jj_lee_20,4
likeforlikes,4
johnniewalker,4
life_photo,4
johnniewalkergreenlabel,4
lfl,4
할랄,4
lee1bro,4
할랄인증,4
julie_seo,4
jwmarriott,4
lambay,4
합정,4
laderach,4
l4l,4
krombacher,4
kozyhun,4
jwmarriottdss,4
jw메리어트,4
kopke,4
komagatake,4
합정데이트,4
kio,4
kimjeongeunn,4
kildaltoncross,4
kildalton,4
ele_beer,4
한잔할까,4
lnf,4
한림술집,4
namgukjaegyeon,4
mymuse5733,4
eatsbyjulie,4
mortlach,4
moon_black.40,4
montes,4
monopole,4
mong_ssong,4
mixologist,4
min_01_08,4
합정술집,4
min2worlz,4
midnightcompany,4
한반도,4
loveandfree,4
miami_gin,4
masterpiece,4
marswhisky,4
mars,4
event,4
magnum,4
eatsbyjulie_서울대입구,4
한옥미을술집,4
läderach,4
한잔땡기신다네,4
luckofirish,4
lovexfree_coffeeandb,4
lovexfree,4
헤네시vsop,4
singlemaltwhiskey,4
프로포즈,4
siwonkim9028,4
いいね返し,4
व्हिस्की,4
дегустациявиски,4
дегустация,4
дегустации,4
вискифест,4
вискисимпозиум,4
вискиклуб,4
брюсбар,4
yup_920,4
yosultv,4
모틀락,4
dongha_kwak,4
yn0806,4
yjoo_heu,4
yesterdaycafe,4
yanga20,4
협재술집,4
winetime,4
winery,4
winelover,4
파티대여,4
wildturkey101,4
wildturkey,4
whitewine,4
whiskytravel,4
👙,4
f4f,4
whiskys,4
いいね返しは絶対,4
dj,4
dizzymanhattan,4
퇴근후위스키한잔,4
hyunwoo1240,4
kfg,4
date,4
ikea,4
게임01022809600,4
davids_dailylife_21,4
객사술집,4
객리단길펍,4
객리단길,4
테라스,4
강남술집,4
퇴근후식사,4
강남구,4
해운대맛집,4
호가든,4
감사,4
influencer,4
감귤창고,4
투명한얼음,4
간지,4
deepgrovepub,4
가성비,4
투썸플레이스,4
가로수길카페,4
가로수길와인바,4
가로수길내추럴와인바,4
水月,4
fernetconcoca,4
팔로미,4
instadaily,4
해외인증,4
suwoul,4
throwbackthursday,4
thegriffinbar,4
thegriffin,4
thebalvenie,4
teelingwhiskey,4
teelingtimes,4
teelingdistillery,4
teeling,4
포로지스,4
포로지스버번,4
tbt,4
포차,4
ipaexperiment,4
superprimium,4
평거동칵테일바,4
irishcoffee,4
spumoni,4
포체어스,4
irishwhiskey,4
spiritofdublin,4
spinningwolf.seongsu,4
포트와인,4
sparklingwine,4
sosweet_doo,4
sommelier,4
퓨어몰트저도주,4
smoky,4
smallbatchwhiskey,4
tk13rock,4
헬리콘바,4
whiskyinfluencer,4
whiskeylover,4
퍼지네이블,4
항상,4
whiskyenthusiast,4
whiskyclub,4
whiskyblogger,4
페르넷데코카,4
페르넷코카,4
페르시안tv,4
whiskeyworld,4
whiskeytravel,4
편육은,4
평거동맛집,4
핫케잌,4
whiskeylife,4
vancity,4
평거동술집추천,4
평거동와인,4
평거동와인맛집,4
평거동와인바,4
평거동칵테일,4
westcoast,4
welcomeback,4
wany_1126,4
wanna_go_desert,4
평거동칵테일맛집,4
vivace_thebar,4
vinob_jinju,4
vino,4
yooyoondong,4
인천,4
chichibu,4
쏘야탕,4
싱글톤더프타운,4
황금보리,4
조니워커그린,4
조명맛집,4
종근당,4
asoto_dining,4
신촌맛집,4
종로핫플,4
좋반테러,4
신사동카페,4
신사동내추럴와인바,4
autogramtags,4
좋반환영,4
좋아,4
좋아요테러,4
좋은시간,4
신기,4
식품,4
식탁,4
balance,4
시흥,4
시청,4
시바스리갈,4
시가바,4
시가,4
스피클링,4
스푸모니,4
스팅거,4
스텔라아르투아,4
썰파,4
아가씨,4
주류,4
아그와,4
양재리제,4
제약,4
야탑셔츠룸,4
야외카페,4
야식,4
제육볶음,4
앙사나랑코,4
ardbegkildalton,4
제임스딘,4
알콜,4
제주돌문어,4
안주,4
안산중앙동,4
안산,4
아퀴노바,4
아퀴노,4
제주별장,4
아일라위스키,4
아일라,4
아이스트레이,4
아이스볼,4
아소토,4
아빠,4
제주술집,4
흰여울문화마을,4
아르망디,4
아드벡킬달튼,4
아드벡,4
아그와디아블로,4
화학,4
스지조림,4
양주맛집,4
수영술집,4
손바닥,4
중앙동,4
barliquidsoul,4
홍대펍,4
홍대칵테일,4
bartending,4
barthai,4
쥬얼아이스,4
셔츠룸,4
셔츠,4
셀피그램,4
지곡6길69번지,4
셀프펍,4
지리단길,4
셀스타그램,4
셀,4
bclife,4
지현동,4
직장인의하루,4
선팔환영,4
beautifulbooze,4
선팔맞팔환영,4
선자령,4
진주데이트코스,4
선물스타그램,4
진주분위기,4
진주분위기술집,4
석탄치킨,4
서현셔츠룸,4
중구맛집,4
bar_four_chairs,4
스위치오프,4
화요,4
화이트와인,4
몬테스,4
스무스,4
스모크치즈,4
슈퍼프리미엄싱글몰트,4
슈나이더탭5,4
숭례문,4
술파티,4
balvenie_kr,4
술쟁이,4
bandage,4
술스타그램🍻,4
주문빠꾸오졌지그날,4
술상대령이오,4
술상,4
술맛집,4
술꾼,4
주인장센스굿,4
주품격,4
죽겠다😭,4
숙취,4
수출,4
수제화거리,4
수제위스키,4
수제싱글몰트,4
bandagebar,4
수월래잡기,4
수월,4
수원셔츠룸,4
정자왕,4
양평,4
진주술집추천,4
음악바,4
21년,4
22,4
30yearsold,4
55ooo_c,4
99,4
9gang_11 on Instagra,4
유대인,4
자취생,4
위스키🥃,4
위스키안주추천,4
자취생술상,4
위스키스타그램,4
위스키맛집,4
위스키라이브러리,4
위스키그램,4
장소대관,4
장인정신,4
재즈앨리,4
재패니즈,4
잭다니엘초콜릿,4
잭다니엘허니,4
잭로즈as서비스,4
위골져스,4
absolutvodka,4
우렁이쌀,4
우니,4
용전동,4
왕좌의게임,4
완벽한인생하남미사점,4
잇텐고,4
21yearsold,4
와일드터키101,4
음악짱,4
인증,4
101,4
인스타그램,4
인스타,4
인생샷명소,4
인생샷,4
이화여대,4
이태원칵테일,4
인친환영,4
일개미,4
1800,4
이태원바,4
일식,4
일직동분위기,4
일직동술집,4
임페리얼,4
이탈리안,4
이스라엘,4
임페리얼위스키,4
이바그와인,4
이바그,4
이매셔츠룸,4
200220,4
이랑해,4
이대후문맛집,4
이대후문,4
이대맛집,4
힙카페,4
의자바,4
완벽한인생,4
afterrwork on Instag,4
정자셔츠룸,4
연남카페,4
전주와인,4
연남동펍,4
연남동칵테일바,4
연남동칵테일,4
전주재즈,4
연남동시네마,4
연남동술집,4
연남동빠,4
연남동바,4
전주칵테일,4
연남데이트,4
여행은술이다,4
전주커플,4
전주한옥마을,4
전주한옥마을맛집,4
ansangreenjjanggguu,4
여성을위한술집,4
엑스엑스,4
엑스레이티드,4
엑스,4
얼음틀,4
얼스타그램,4
얼스타,4
얼그레이비어,4
어학연수,4
aquino,4
정자간지,4
정자동셔츠,4
정자벤츠,4
연남술집,4
연남혼술,4
와인로그,4
연대동문,4
ahnojun,4
와이프께서,4
올드팝,4
전주공연,4
aia생명,4
오픈,4
오오티디,4
오비,4
오반,4
전주데이트,4
오리셔츠룸,4
오도로,4
전주맛집,4
오늘,4
예약가능,4
예스터데이,4
예거,4
전주맥주,4
전주바,4
영등포핫플,4
영동시장바,4
영동시장,4
영도흰여울길,4
염천교,4
연트럴파크,4
연인이랑오고싶은곳,4
전주분위기,4
전주술집,4
연세대,4
서울핫플,4
스미노프,4
부산데이트,4
분당독점,4
미사인생,4
첫줄,4
부산핫플레이스,4
삼덕동,4
부산해운대,4
분당벤츠,4
미스터힐링,4
미안해,4
착석바,4
버팔로트레이스,4
참치대뱃살,4
산업통상자원부,4
블랜디드스카치위스키,4
부킹,4
부산클럽,4
미사이자카야,4
삼덕동맛집,4
범일동맛집,4
부산카페,4
삼일절,4
미사술집,4
벗뇌조,4
blendidmaltwhisky,4
분당셔츠룸,4
삼일절기념이벤트,4
부산여행,4
bj_moses11,4
발베니더블우드12년,4
상두,4
부산술집,4
부산맛집추천,4
참치회,4
사천카페,4
미사강변술집,4
최고,4
바인하우스,4
빠타이,4
빌즈,4
바제리,4
바카라,4
비바체,4
밤조림,4
부평,4
박순혁바텐더,4
밴쿠버,4
bourgogne,4
백산,4
백반,4
비노비,4
뽈뽀,4
brandy,4
버니니,4
바올드패션드,4
사라져라제발,4
분당,4
brora,4
홍대바,4
사심i,4
분당간지,4
사운드랩광명,4
홍대바는여기,4
블루문,4
사진맛집,4
믿고마시는,4
blackjoe7,4
blended,4
베리아사히,4
미사사심,4
미사강변맛집,4
bills,4
발베니12년,4
분위기술집,4
bohemian_boy,4
볼랭져,4
bowmore,4
반창고바,4
천국에는술집이없다,4
분당정자동,4
짧은글,4
서면카페,4
반창고,4
문경바람,4
bella_yeonii,4
분당정자,4
미드나잇컴퍼니,4
보헤미안pj,4
집술러,4
분위,4
몰드이벤트,4
몬테스와인,4
진주여행코스,4
몬테스클래식,4
첫경험,4
진주와인바,4
몬테스클래식카버네소비뇽,4
진주칵테일,4
보드게임,4
발렌타인30년산,4
cheerstolife,4
첫줄반사,4
진주칵테일바,4
몽키숄더,4
bohemianpjmusicpub,4
bestwine,4
bernini,4
차,4
미국수출,4
buffalotrace,4
반려동물출입가능,4
홍대데이트,4
뮤매,4
뮤직,4
뮤직펍,4
bordeaux,4
반얀트리랑코,4
미금셔츠룸,4
미녀와야수,4
초장에,4
벤츠,4
베이컨꼬꼬탕,4
새해,4
블라디보스톡,4
배그,4
보도,4
홈술러,4
부대찌개,4
홍대술집,4
블라디보스토크,4
째즈앨리,4
홈스키,4
보늬밤조림,4
부산대,4
서계동,4
불바디에,4
반사,4
서강대,4
manhattan,3
mannochmore,3
청도미나리,3
로컬vip손님,3
인증샷,3
한양대,3
maltjourney,3
발사믹식초,3
newwwwworld,3
mercilounge_ha_eun,3
연남동사심,3
라운지바,3
연남동일식,3
pasta,3
연남동이자카야,3
커스타드슈,3
뜬금없이자장구출근,3
연남동소개팅,3
picklebeer,3
레이스,3
pils,3
pilsner,3
pineapplesunshine,3
연남동사시미,3
연남동데이트코스,3
연남동갓포,3
디지털미디어시티,3
캬,3
연남사심,3
oldfashioned,3
라프로익,3
레스토랑,3
버드와이저,3
홍대메이드,3
monster_fam,3
moo_bar on Instagram,3
런드리카페,3
버억,3
연희동책방,3
연희동,3
namedcaaarl,3
한라산,3
홍대사심,3
nirwana2,3
noah,3
angelsshare_korea,3
edinburgh,3
울산혼술,3
lowland,3
전갱이,3
홍대가볼만한곳,3
handdrip,3
hapjeong,3
happyspiritskorea,3
치즈스테이크샐러드,3
home_inobar (@home_i,3
hot,3
hotel,3
20200221,3
망리단길,3
hyunseok_kk,3
을지로카페,3
을지로위스키,3
in_vino_veritase on ,3
21년산,3
맛점🧡,3
을지로바,3
을지로갤러리,3
을지로4가,3
instalikes,3
expatriate_ipa,3
can_o_bliss_citrus_ipa,3
1830,3
chocobookstore,3
이태원핫플,3
foodie,3
chef_jbl,3
익선동,3
인천공항,3
향을취取하여_향에취醉한다,3
행사대관,3
gi_hwan_k,3
인천국제공항,3
gintonic,3
이태원클럽,3
cero._miedo,3
무국적,3
면세점,3
멘보샤,3
glenfiddich12,3
무국적술집,3
일산퍼플,3
일상기록,3
filtercoffee,3
champagne,3
ipa,3
미술,3
을지로3가,3
laphroaig,3
초콜릿책방,3
초콜릿,3
chuksang_7,3
용상카페,3
용상술집,3
용상맛집,3
용상레옹,3
lakedistrict,3
욤,3
요미,3
_aranny,3
ad,3
카페양화,3
왕십리,3
와인맥주,3
liqueur,3
올리브오일,3
loungebar,3
발렌타인21,3
저칼로리식,3
_pubq_,3
울산,3
을지로,3
축상오픈,3
육퇴,3
islay_archipelago,3
맘에들어,3
윈저,3
만원,3
chocolatebookstore,3
jai_alai_ipa,3
작은서점,3
막걸리,3
작은책방,3
하루에위스키30ml,3
잠실술집,3
jinhee_kim,3
합정바,3
jmtgr,3
engml1018,3
촬영대관,3
kentucky,3
__b___a___e__,3
원스타올드패션드햄버거,3
보드카맛집,3
서울와인바,3
디엠씨맛집,3
파괘한다,3
산수갑산,3
찰리,3
dmc,3
술담화,3
주비,3
ローズバンク,3
파인애플선샤인,3
술기록은생활,3
羅斯班克,3
파괴신,3
술기록,3
사카바,3
삼산,3
트리지움상가,3
삼성서비스센터본점,3
가족여행,3
가츠산도,3
숙성사시미,3
남산케미스트리,3
삼전동,3
죽전,3
갓포,3
사케잔,3
dogstagram,3
상암,3
스테이크,3
단대펍,3
단대바,3
시음회,3
단국대학교,3
projextxx,3
다전식당,3
whiskyuniverse,3
wiesbaden,3
빌런,3
파티대관,3
ballantines21,3
네네치킨,3
wisky,3
사시미,3
yanghwa,3
yanghwa_cafe_bar,3
논알콜칵테일,3
yjsloove,3
yn_sasim,3
yomnyomnyum on Insta,3
책스타그램,3
책,3
죽전술집,3
상암맛집,3
단하루도너를사랑하지않은적이없다,3
진토닉,3
광교,3
세운상가,3
글렌베니,3
성수동칵테일,3
성수동와인,3
성수동,3
집에못갈뻔한날,3
탈리스커,3
광안리맛집,3
광안리바,3
bell,3
글렌피딕익스페리멘탈시리즈,3
서울맛집,3
dailylook,3
서울숲맛집,3
서울숲맥주,3
서울숲술집,3
석촌호수,3
cubocan,3
서초,3
국산도토리묵,3
서울파티대관,3
cotondetulea,3
금주선언,3
새조개,3
수성못,3
톨테일,3
테이크아웃,3
강원도,3
개별바베큐장,3
개스타그램,3
개안장도마련해라,3
개알바,3
deep_ellum_ipa,3
꼬똥드뚤레아,3
꼬똥,3
건대,3
coton,3
게라게라,3
쇼츄,3
경계,3
송리단길술집,3
탈리스커10,3
bitburger,3
소목로,3
샴페인맛집,3
concrete__poetry,3
dalmore,3
쿠시카츠,3
쿼터캐스크,3
비건메뉴,3
독립책방,3
seocho,3
동부이촌동,3
drinking_y0,3
플래닛조르바,3
동네책방,3
동네서점,3
singlecask,3
애견동반가능,3
독채펜션,3
독서모임,3
dramsncigarsclub,3
skye,3
안동술집,3
so.mok.ro,3
도토리묵무침,3
soju,3
도쿄라운지,3
북스타그램,3
푸드스타그램,3
안동혼술,3
안동펍,3
안동카페,3
달동,3
안동애견동반카페,3
부산맛집,3
sensation,3
서울카페,3
히비키,3
디엠씨,3
co___nan,3
여의도위스키,3
qoreogns,3
quartercask,3
디미씨맛집,3
여성전용클럽,3
디미씨,3
restaurant,3
ricewine,3
드립커피,3
rosebank,3
rum,3
전통주,3
s.vely_ceo,3
s_flair_bar,3
듀체스,3
봄,3
봄파스,3
필터커피,3
봄파스타그램,3
양화,3
피클맥주,3
안동애견동반술집,3
안동여행,3
tomatindistillery,3
tomatin,3
tomatinwhisky,3
urbanmalt on Instagr,3
villain,3
더몰트샵,3
분위기짱,3
dpzlf2,3
불금,3
vomfass,3
wanderlust_ysl,3
art,3
콘크리트포이트리,3
실화가,3
블랙아웃,3
종로와인바,3
blendedwhisky,3
대림상가,3
혼술맛집,3
콜키지,3
달모너,3
whisky_universe,3
신례명주,3
달동맛집,3
bagjaeu826,3
안동맛집,3
로즈뱅크,3
taste,3
혼자여행오기좋은곳,3
sy4397,3
안동,3
talisker10,3
안동레옹,3
tasting,3
teaandproof,3
아이폰,3
코스요리,3
코젤,3
평창애비로드,3
tlc_wangsimni,3
아녹,3
sungsu.hwang.94,3
dramporn,3
steak,3
svsva11,3
힙지로와인바추천,2
3호선,2
ff,2
혼술환영,2
bandage_1001,2
euljiro_sogyumo,2
힙지로와인바,2
barinsomnia,2
bar_insomnia,2
홈트,2
bistro,2
chroniccellar,2
bar_insomnia_officia,2
힙지로와인bar,2
maltbar,2
직장회식장소추천,2
리퀴드소울서래마을,2
청담맛집,2
청담동,2
병맥주,2
청담데이트,2
블랜디드몰트위스키,2
상담,2
서래마을리퀴드소울,2
서래마을바,2
서래마을칵케일,2
서래마을칵테일바,2
서래마을혼술,2
서울남자,2
선배,2
소개팅장소추천,2
소규모와인bar,2
청담핫플,2
반포동맛집,2
바인썸니아,2
몽룡회장님도,2
만선호프근처,2
만선호프옆집,2
취저,2
메뉴에없어도먹고싶은거말하면재료있는한해줌,2
목요일,2
몰트,2
문정동,2
문정동혼술,2
문정동맥주,2
문정동몰트바,2
문정동바,2
문정동와인바,2
문정동위스키,2
문정동칵테일,2
소규모와인바,2
소리벗고팬티질러,2
소맥,2
을지로대관,2
운정맛집,2
웰컴드링크,2
재즈바,2
을지로3가와인bar,2
을지로3가와인바,2
을지로3가와인바추천,2
을지로맛집,2
운동,2
을지로와인bar,2
을지로와인바추천,2
을지로회식,2
음악스타그램,2
음악추천,2
음악트는여자,2
운정,2
와인바대관,2
소확행,2
제주위트에일,2
스테디셀러,2
스텔라,2
식물,2
좋은건같이듣자,2
신촌핫플,2
싱글몰트바,2
아르코,2
인썸니아,2
어멋,2
여유,2
여행,2
연신내,2
연신내칵테일,2
오늘신청곡락스피릿인가,2
칵테일맛집,2
문정동싱글몰트,2
파주술집,2
교하,2
개업,2
파주,2
파주맛집,2
리퀴드소울,2
파주위스키,2
파주칵테일,2
yongtul,2
파크하비오,2
파파살롱,2
vivino,2
today,2
suitepetite,2
singlemaltwhiskybar,2
singlemaltbar,2
seungae0115,2
repost,2
recordpub_arco on In,2
purpleparadise,2
musicbar,2
한식,2
lp,2
liquidsoul,2
kavalansolistsherrycask,2
jongyun0515,2
jdining_cheongdam,2
핫플레이스,2
instacocktail,2
instabar,2
insomnia,2
갬성,2
이태리요리,2
낚시,2
그남자의주방,2
레코드펍,2
레코드,2
디엠,2
코로나조심,2
데이트장소추천,2
교하중심상가,2
대구술집,2
교하맛집,2
클래식칵테일,2
319,1
348,1
349,1
333,1
300,1
334,1
297,1
301,1
325,1
335,1
299,1
351,1
332,1
298,1
350,1
336,1
352,1
331,1
330,1
329,1
353,1
328,1
326,1
354,1
347,1
324,1
302,1
318,1
339,1
317,1
316,1
340,1
341,1
342,1
343,1
344,1
345,1
320,1
315,1
314,1
321,1
346,1
322,1
313,1
323,1
312,1
311,1
310,1
309,1
308,1
307,1
306,1
305,1
304,1
303,1
338,1
337,1
327,1
행사,1
296,1
295,1
265,1
264,1
263,1
262,1
261,1
260,1
259,1
258,1
257,1
256,1
255,1
254,1
253,1
252,1
251,1
250,1
249,1
248,1
247,1
246,1
245,1
244,1
243,1
242,1
241,1
240,1
239,1
266,1
267,1
268,1
282,1
294,1
293,1
292,1
291,1
290,1
289,1
288,1
287,1
286,1
285,1
284,1
283,1
281,1
269,1
280,1
279,1
278,1
356,1
277,1
276,1
275,1
274,1
273,1
272,1
271,1
270,1
355,1
414,1
357,1
431,1
443,1
442,1
441,1
440,1
439,1
438,1
437,1
436,1
435,1
434,1
433,1
432,1
430,1
445,1
429,1
428,1
427,1
426,1
425,1
424,1
423,1
422,1
421,1
420,1
419,1
418,1
444,1
446,1
358,1
461,1
473,1
472,1
471,1
470,1
469,1
468,1
467,1
466,1
465,1
464,1
463,1
462,1
460,1
447,1
459,1
458,1
457,1
456,1
455,1
454,1
453,1
452,1
451,1
450,1
449,1
448,1
417,1
416,1
415,1
372,1
384,1
383,1
382,1
381,1
380,1
379,1
378,1
377,1
376,1
375,1
374,1
373,1
371,1
237,1
370,1
369,1
368,1
367,1
366,1
365,1
364,1
363,1
362,1
361,1
360,1
359,1
385,1
386,1
387,1
388,1
413,1
412,1
411,1
410,1
409,1
408,1
407,1
406,1
405,1
404,1
403,1
402,1
401,1
400,1
399,1
398,1
397,1
396,1
395,1
394,1
393,1
392,1
391,1
390,1
389,1
238,1
178,1
236,1
73,1
85,1
84,1
83,1
82,1
81,1
80,1
79,1
78,1
77,1
76,1
75,1
74,1
72,1
87,1
71,1
70,1
69,1
68,1
67,1
66,1
65,1
64,1
63,1
62,1
61,1
60,1
86,1
88,1
117,1
103,1
115,1
114,1
113,1
112,1
111,1
110,1
109,1
108,1
107,1
106,1
105,1
104,1
102,1
89,1
101,1
100,1
99,1
98,1
97,1
96,1
95,1
94,1
93,1
92,1
91,1
90,1
59,1
58,1
57,1
14,1
26,1
25,1
24,1
23,1
22,1
21,1
20,1
19,1
18,1
17,1
16,1
15,1
13,1
56,1
12,1
11,1
10,1
9,1
8,1
7,1
6,1
5,1
4,1
3,1
2,1
1,1
27,1
28,1
29,1
30,1
55,1
54,1
53,1
52,1
51,1
50,1
49,1
48,1
47,1
46,1
45,1
44,1
43,1
42,1
41,1
40,1
39,1
38,1
37,1
36,1
35,1
34,1
33,1
32,1
31,1
116,1
118,1
235,1
192,1
204,1
203,1
202,1
201,1
200,1
199,1
198,1
197,1
196,1
195,1
194,1
193,1
191,1
206,1
190,1
189,1
188,1
187,1
186,1
185,1
184,1
183,1
182,1
181,1
180,1
179,1
205,1
207,1
119,1
222,1
234,1
233,1
232,1
231,1
230,1
229,1
228,1
227,1
226,1
225,1
224,1
223,1
221,1
208,1
220,1
219,1
218,1
217,1
216,1
215,1
214,1
213,1
212,1
211,1
210,1
209,1
475,1
177,1
176,1
133,1
145,1
144,1
143,1
142,1
141,1
140,1
139,1
138,1
137,1
136,1
135,1
134,1
132,1
175,1
131,1
130,1
129,1
128,1
127,1
126,1
125,1
124,1
123,1
122,1
121,1
120,1
146,1
147,1
148,1
149,1
174,1
173,1
172,1
171,1
170,1
169,1
168,1
167,1
166,1
165,1
164,1
163,1
162,1
161,1
160,1
159,1
158,1
157,1
156,1
155,1
154,1
153,1
152,1
151,1
150,1
474,1
534,1
476,1
789,1
801,1
800,1
799,1
798,1
797,1
796,1
795,1
794,1
793,1
792,1
791,1
790,1
788,1
803,1
787,1
786,1
785,1
784,1
783,1
782,1
781,1
780,1
779,1
778,1
777,1
776,1
802,1
804,1
774,1
819,1
831,1
830,1
829,1
828,1
827,1
826,1
825,1
824,1
823,1
822,1
821,1
820,1
818,1
805,1
817,1
816,1
815,1
814,1
813,1
812,1
811,1
810,1
809,1
808,1
807,1
806,1
775,1
773,1
477,1
729,1
741,1
740,1
739,1
738,1
737,1
736,1
735,1
734,1
733,1
732,1
731,1
730,1
728,1
743,1
727,1
726,1
725,1
724,1
723,1
722,1
721,1
720,1
719,1
718,1
717,1
716,1
742,1
744,1
772,1
759,1
771,1
770,1
769,1
768,1
767,1
766,1
765,1
764,1
763,1
762,1
761,1
760,1
758,1
745,1
757,1
756,1
755,1
754,1
753,1
752,1
751,1
750,1
749,1
748,1
747,1
746,1
832,1
833,1
834,1
수완동위스키,1
백석역맛집,1
번개모임,1
벨라시타,1
복어,1
부산주류,1
블루,1
창원주류,1
생일파티,1
서대문,1
세화주류,1
중화요리,1
속초여행,1
수완동칵테일,1
마산주류,1
bar_arrange,1
수완동혼술,1
수입주류,1
주류회사,1
주류유통,1
주류도매,1
스시,1
신사,1
압구정로데오,1
정액,1
온더테이블,1
저녁,1
바다,1
classiccocktail,1
835,1
광주술집,1
hyeon_hoho,1
joonwon_sss,1
nl___kim,1
planb,1
prod_blank_official,1
sehwa_alcoholic_liqu,1
플랜비,1
dragonb.kim,1
각종모임,1
경남주류,1
고추잡채,1
광주맛집,1
광주위스키,1
독립문,1
광주칵테일,1
광주혼술,1
craftcocktail,1
군만두,1
글렌피딕15년,1
기네스생맥주,1
김해주류,1
꿔바로우,1
크룩,1
논현,1
대관행사,1
더코너비스트로,1
요리사,1
이,1
이리,1
849,1
861,1
860,1
859,1
858,1
857,1
856,1
855,1
854,1
853,1
852,1
851,1
850,1
848,1
일산맛집,1
847,1
846,1
845,1
844,1
843,1
842,1
841,1
840,1
839,1
838,1
837,1
836,1
862,1
863,1
864,1
865,1
890,1
889,1
888,1
887,1
886,1
885,1
884,1
883,1
882,1
881,1
880,1
879,1
878,1
877,1
876,1
875,1
874,1
873,1
872,1
871,1
870,1
869,1
868,1
867,1
866,1
715,1
714,1
713,1
550,1
562,1
561,1
560,1
559,1
558,1
557,1
556,1
555,1
554,1
553,1
552,1
551,1
549,1
564,1
548,1
547,1
546,1
545,1
544,1
543,1
542,1
541,1
540,1
539,1
538,1
537,1
563,1
565,1
594,1
580,1
592,1
591,1
590,1
589,1
588,1
587,1
586,1
585,1
584,1
583,1
582,1
581,1
579,1
566,1
578,1
577,1
576,1
575,1
574,1
573,1
572,1
571,1
570,1
569,1
568,1
567,1
536,1
535,1
goodlife,1
491,1
503,1
502,1
501,1
500,1
499,1
498,1
497,1
496,1
495,1
494,1
493,1
492,1
490,1
533,1
489,1
488,1
487,1
486,1
485,1
484,1
483,1
482,1
481,1
480,1
479,1
478,1
504,1
505,1
506,1
507,1
532,1
531,1
530,1
529,1
528,1
527,1
526,1
525,1
524,1
523,1
522,1
521,1
520,1
519,1
518,1
517,1
516,1
515,1
514,1
513,1
512,1
511,1
510,1
509,1
508,1
593,1
595,1
712,1
669,1
681,1
680,1
679,1
678,1
677,1
676,1
675,1
674,1
673,1
672,1
671,1
670,1
668,1
683,1
667,1
666,1
665,1
664,1
663,1
662,1
661,1
660,1
659,1
658,1
657,1
656,1
682,1
684,1
596,1
699,1
711,1
710,1
709,1
708,1
707,1
706,1
705,1
704,1
703,1
702,1
701,1
700,1
698,1
685,1
697,1
696,1
695,1
694,1
693,1
692,1
691,1
690,1
689,1
688,1
687,1
686,1
655,1
654,1
653,1
610,1
622,1
621,1
620,1
619,1
618,1
617,1
616,1
615,1
614,1
613,1
612,1
611,1
609,1
652,1
608,1
607,1
606,1
605,1
604,1
603,1
602,1
601,1
600,1
599,1
598,1
597,1
623,1
624,1
625,1
626,1
651,1
650,1
649,1
648,1
647,1
646,1
645,1
644,1
643,1
642,1
641,1
640,1
639,1
638,1
637,1
636,1
635,1
634,1
633,1
632,1
631,1
630,1
629,1
628,1
627,1
0,1
