,RowSum
와인,50
wine,17
일상,16
좋아요반사,11
winestagram,10
술스타그램,10
좋아요,10
just_fine_winery,8
불금,8
샴페인,7
daily,7
l4l,7
선팔,6
일상스타그램,6
좋반,6
셀스타그램,6
winetasting,6
와인스타그램,6
데일리,6
맞팔,6
jonghyuw,6
강남클럽,5
f4f,5
선팔하면맞팔,5
옥타곤무료입장,5
대관,5
하이엔드,5
라운지,5
옥타곤예약,5
alrep0410,5
데이트,5
밸뷰,5
페이스,5
분위기좋은,5
청담동,5
옥타곤게스트,5
플렉스,5
생일파티,5
인트로,5
lfl,4
인친,4
ไวน์,4
wineshop,4
얼스타그램,4
中国,4
九龍,4
九龍塘,4
kowloontong,4
ridge_828,4
mongkok,4
何文田,4
셀피,4
청담밸뷰,4
followforfollowback,4
레드,4
맛집,4
홍대,4
혼술,4
buywine,4
champagne,4
fff,4
finewine,4
香港紅酒,4
酒,4
소확행,4
葡萄酒,4
油尖旺,4
旺角東,4
hkwineshop,4
셀카,4
hongkong,4
hongkongwine,4
instagood,4
旺角,4
instapic,4
소통,4
太平道,4
ootd,4
시커스라운지,3
selfie,3
옥타곤,3
브런치,3
레스토랑,3
pegau,2
capo,2
나가사키짬뽕탕,2
cdp,2
꽃가디건,2
김셰프,2
금주시작,2
금주선언,2
금주,2
고택,2
건대,2
거북손,2
개미와베짱이,2
chambollemusigny,2
dezaia,2
domperignon,2
강남,2
간장새우장,2
각자취향,2
가을이좋아,2
dragonfruit_0321 on ,2
가을,2
dung_joon,2
ccixczin,2
나쵸,2
follow,2
난리났것지,2
레드와인,2
20살,2
7,2
___ooioo_ on Instagr,2
라이카,2
_a__chloe,2
디브릿지,2
드자이아,2
드디어쓰는그릇,2
돼지고기숙주볶음,2
동래,2
돔페리뇽,2
_juliehan,2
amusesalon,2
대형세탁기사쥬세효,2
bourgogne,2
대전,2
burgundy,2
휘팍,2
낼도객실있는데일하러가야하는현실😭,2
남몌술집,2
가리비,2
follow4followback,2
pulignymontrachet,2
winelover,2
like4likes,2
vongole,2
vino,2
vinchaud,2
vin,2
urbangrayy on Instag,2
likeforfollow,2
tbt,2
likeforlikeback,2
selca,2
roumierchambollemusigny,2
roumier,2
likelike,2
ll_hyo_ll,2
루미에샹볼뮤지니,2
lovely.hyo_,2
minnjeonglee,2
moko_2401,2
ridge828,2
rhone,2
pasta,2
winelife,2
winelovers,2
followers,2
winereview,2
friends,2
hee_jung0909,2
hi.__.stupid,2
homecooking,2
instadaily,2
instagram,2
italian,2
jang_ueong,2
johnny_pocha,2
jung_hwaya_,2
khc_2337,2
krug,2
kruggrandecuvee,2
leflaive,2
leflaive_han,2
xun_hyx,2
wooripilagyro,2
leica,2
leicam9p,2
lesfolatieres,2
like4follow,2
힐링,2
누가시켜서했다면,2
루카렐리네그로아마로,2
주부,2
저녁,2
저녁식사,2
조르주후미에,2
조주,2
족발,2
주말,2
집밥,2
잘살아보세,2
집콕,2
쭌횽아는옆에서노래부르기,2
천호나들이,2
천호와인바,2
첫줄,2
청담하이엔드,2
쟈니포차,2
작은집인테리어,2
여행스타그램,2
우리필라테스,2
오늘하루우리집가사도우미😁,2
오오티디,2
오징어숙회,2
옷스타그램,2
와인러버,2
우도막걸리,2
우유튀김,2
자취,2
이스턴빌팬션,2
인생뭐있어,2
인스타,2
인스타그램,2
인친환영,2
자정식당,2
초등맘,2
최악,2
추억,2
행복,2
프리랜서디자이너,2
프리랜서의삶,2
피꼬막,2
하루기록,2
하이엔드게스트,2
할머니가디건,2
행복하자,2
취업,2
호텔,2
혼술맛집,2
홈카페,2
홈쿡,2
홍대거리,2
후미에샹볼뮈지니,2
프리랜서,2
편육,2
패션스타그램,2
패션,2
팔로우반사,2
팔로우,2
파라다이스호텔,2
퇴근후,2
통골뱅이탕,2
타코와사비낫또,2
크룩그랑뀌베,2
크룩,2
친스타그램,2
친구해요,2
친구,2
치팅데이,2
치즈볼,2
오늘와인한잔,2
청주,2
선팔맞팔,2
매콤홍합찜,2
선물스타그램,2
서울,2
맞팔해요,2
서면,2
샹볼뮈지니,2
샹그리아,2
생연어사시미,2
샐러드,2
살림,2
살라미,2
사케,2
사이드마운트,2
매운국물닭발,2
매운국물떡볶이,2
사서고생,2
맛스타그램,2
빵,2
빨래,2
불금🔥,2
부산,2
봉골레파스타,2
먹방,2
버블팩토리,2
버니니,2
뱅쇼,2
밸뷰라운지,2
밸뷰게스트,2
백정함재율,2
발산필라테스,2
먹스타그램,2
선팔후맞팔,2
미니멀,2
성공하자,2
마곡필라테스,2
안주맛집,2
양산,2
아들맘,2
성공할수있을까,2
심플라이프,2
양주,2
스파클링,2
스트레스는먹는걸로,2
슴살,2
스무살,2
많이웃자,2
소형아파트,2
셀피그램,2
셀스타그램얼스타그램,2
세탁기로는때안빠짐,2
성인,2
어썸,2
42,1
45,1
29,1
30,1
44,1
31,1
43,1
32,1
41,1
40,1
39,1
38,1
37,1
36,1
35,1
34,1
33,1
28,1
sevenjun_d,1
19,1
27,1
26,1
1,1
2,1
3,1
4,1
5,1
6,1
7,1
8,1
9,1
10,1
11,1
12,1
13,1
14,1
15,1
16,1
17,1
18,1
47,1
20,1
21,1
22,1
23,1
24,1
25,1
46,1
해산물파스타,1
48,1
49,1
food,1
코스메뉴,1
코르크마개,1
칵테일,1
로데오맛집,1
가로수길,1
술,1
스테이크맛집,1
시커스,1
시커스게스트,1
신사,1
신사역,1
원두커피,1
아뮤즈살롱,1
알코올,1
redwine,1
restaurant,1
와인셀러,1
압구정로데오,1
압구정맛집,1
seafood,1
파스타맛집,1
drag0npi9,1
coffee,1
59,1
50,1
51,1
52,1
53,1
54,1
55,1
56,1
57,1
58,1
60,1
cocktail,1
61,1
62,1
bar,1
brewed,1
brunch,1
tomatopesto,1
바,1
바질페스토파스타,1
데이트맛집,1
0,1
