,RowSum
브랜디,414
데일리룩,236
에이블리,191
봄신상,154
ootd,131
쇼핑몰,95
오오티디,94
데이트룩,90
셀피,85
자켓,80
선팔하면맞팔,80
여자코디,80
20대코디,78
맞팔해요,75
daily,75
하객룩,75
선팔맞팔,74
신상,73
아웃핏,71
데일리룩코디,70
니트,69
좋아요반사,69
얼스타그램,69
훈녀,68
셀스타그램,68
선팔환영,67
wannabe._official,67
워너비몰,67
첫줄,67
봄니트,67
김해쇼핑몰,67
맞팔,67
창원쇼핑몰,67
워너비,67
10대코디,67
맞팔환영,67
Null,63
선팔,62
쇼핑몰모델,61
플러스사이즈,61
55사이즈,61
66size,61
빅사이즈코디,61
66사이즈,61
basic77_korea,61
네추럴,61
베이직77,61
plussize,61
빅사이즈여성의류,61
bigsize,61
빅사이즈모델,61
빅사이즈,61
데일리그램,61
매주신상업로드예정입니다,61
옷스타그램,59
dailylook,56
좋아요,56
맨투맨,44
좋반,42
일상,40
패션,39
follow,39
꾸안꾸,36
fashion,36
봄코디,32
followme,31
데일리,31
스토어팜,27
좋아,26
무신사,26
the_chlia,26
디자인브랜드,26
에이티브,26
kfashion,26
instadaliy,26
패션그램,26
선팔좋아요,26
서울그램,26
사진,26
오버핏맨투맨,26
서울스토어,26
follow4follow,26
f4f,26
소통,25
❤️,25
카페,23
빅사이즈레깅스,23
블라우스,23
l4l,21
마켓,21
쇼핑몰추천,21
셀카,19
무료배송,19
thelike____,19
하이버,19
지그재그,19
브하커플,19
브랜디이벤트,19
더라이크,19
브랜디ootd,18
봄,18
selfie,18
fff,18
오늘의코디,17
오늘뭐입지,17
like,17
팔로우,17
캐주얼룩,15
거울샷,15
여성의류,15
롱원피스,15
selca,14
블로그마켓,13
like4likes,13
인친환영,13
자수맨투,13
러브모노,12
전주옷가게,12
마산옷가게,12
유앤미마켓,12
여성룩,12
유앤미클로젯,12
부평옷가게추천,12
일산옷가게,12
부평지하상가,12
코디추천,12
송도옷가게,12
팔로우반사,12
봄니트조끼,12
대전옷가게,12
봄코디추천,12
블로그,12
청주옷가게,12
66사이즈모델,12
반사,12
mono_s2,12
부평여성복,12
컬러니트베스트,12
환영,12
러블리룩,11
데일리패션,11
일상스타그램,11
brandi__official,11
캠퍼스룩,11
공구,11
댓글환영,11
옷맛집,11
여자옷쇼핑몰,10
yunblyee,10
키큰여자쇼핑몰,10
원피스,10
쇼핑몰순위,10
현실핏,10
88.42,10
여성의류쇼핑몰,10
30대코디,10
밴딩,10
suxeon,10
the.musia,10
오피스룩,10
자수맨투맨,10
lfl,10
뮤시아,10
미우블랑,10
스트릿룩,9
23,9
커플코디,9
원피스코디,9
예쁠아,9
브랜디데일리룩,9
패션스타그램,9
미니멀룩,9
sin_hj_,9
옷코디,9
댓글,9
하이버이벤트,9
전상품,9
할인중,9
스트릿,9
미니멀,9
ahnye__,9
아메카지룩,9
코디,9
인친,9
아메카지,9
베이직,9
yoo._.hee__,9
likeforlikes,9
brandi,9
lovely_a_official,9
스토어,9
놈코어룩,9
럽스타그램,9
likeforfollow,9
놈코어,9
98,9
심플베이직,8
kkimanaa,8
instagram,8
셋업수트,8
여자쇼핑몰추천,8
비비드,8
봄치마,8
봄스커트,8
머메이드스커트,8
옆트임티셔츠,8
어반피플,8
urban_people__,8
레이스맛집,8
꽃놀이룩,8
주름스커트,8
주름치마,8
댓글반사,8
쫀쫀한,8
취향저격,8
츄리닝세트,8
치마세트,8
레이스,8
트임팬츠,8
데일리코디,8
노란자켓,8
레이스스커트,8
꽃놀이,8
기본티셔츠,8
기본티,8
플리츠,8
플리츠스커트,8
20대,8
결혼식하객룩,8
거울셀카,8
30대,7
카페스타그램,7
핀턱팬츠,7
신상업뎃,7
좋반테러,7
저렴한쇼핑몰,7
옷,7
mincoroco,6
여자쇼핑몰,6
market,6
조거팬츠,6
예쁜원피스,6
셔링블라우스,6
신상품,6
민코로코,6
트레이닝,6
inanity_official,6
빈티지st,6
와이드팬츠,6
구피,6
후드티,6
korean,6
이너니티,6
좋아요테러,6
베이직티셔츠,5
트랙팬츠추천,5
whisky,5
베이직티,5
맨투맨코디,5
outer,5
_jayri__,5
angelkorea2017,5
위스키,5
drawing,5
칵테일,5
코로나,5
mii_e2,5
스튜디오대관,5
패션일러스트,5
레이스블라우스,5
イラスト,5
기본티코디,5
레이스카라,5
빅카라블라우스,5
韓国ファッション,5
렌탈스튜디오,5
혼술,5
브랜디후기,5
브랜디일러스트,5
겨자색,5
만화,5
채봄마켓,5
artwork,5
인물그림,5
시폰블라우스,5
미이작가,5
절개티,5
제이리,5
illustrator,5
illustagram,5
아우터,5
데일리브랜디,5
자연광스튜디오,5
인형옷입히기,5
더클리아,5
라운드티,5
인물일러스트,5
bar,5
미이그림,5
chaebom_market,5
스튜디오촬영,5
일러스타그램,5
일러스트레이션,5
일러스트레이터,5
더노블,5
일러스트코디,5
드로잉,5
가성비굿,4
봄셔츠,4
부평옷가게,4
레이어드티,4
마켓오픈,4
가디건,4
골지,4
봄티셔츠,4
구찌,4
국립현대미술관서울관,4
sample,4
봄자켓,4
롱스커트코디,4
골지바지,4
국립현대미술관,4
봄블라우스,4
르네즈미유,4
도매,4
감동가격,4
동대문,4
구찌블로퍼,4
백버튼자켓,4
꽃치마,4
꽃,4
밴딩와이드,4
style,4
반팔티,4
머메이드,4
반팔티셔츠,4
발렌시아가,4
밴딩와이드팬츠,4
레깅스,4
봄룩,4
단가라티,4
단가라티셔츠,4
밴딩바지,4
럼,4
발렌시아가블로퍼,4
seoul,4
다들,4
wine,4
womenstyle,4
바나디스,4
보드카,4
yourrose_s2,4
renesmeyou,4
ootdfashion,4
나시롱티,4
데낄라,4
데님스커트코디,4
おしゃれ女子,4
꽃패턴,4
봄데일리룩,4
모델,4
꽃원피스,4
맨투맨맛집,4
room302__,4
스파오,4
개강룩,4
homebar,4
트레이닝바지,4
와인,4
트레이닝복,4
ej25_o,4
옷스타그램daily,4
옷맛집이에요,4
옷가게그램,4
올해의작가상2019,4
오오티디이,4
오오티디룩,4
티셔츠,4
티셔츠맛집,4
팔찌,4
follow4like,4
followforfollowback,4
여자스타일,4
여자데일리룩코디,4
following,4
haepp_haein,4
여성복,4
302호,4
운동,4
운동스타그램,4
크롭티,4
cafe,4
billion_hana,4
전시회그램,4
전시회추천,4
전신샷,4
제작,4
조심합시다😷,4
일상룩,4
좋튀,4
blog,4
줄무단가라티셔츠,4
운동하는엄마,4
이쁜티,4
진랜드,4
이쁜맨투맨,4
이너티셔츠,4
브랜디페스타,4
유니크,4
체형커버,4
캐주얼코디,4
퀸즈스퀘어,4
home_inobar (@home_i,4
여자코디룩,4
inanity,4
해쁘,4
플라워매니아,4
스커트,4
술스타그램,4
술담화,4
플라워스커트,4
플라워원피스,4
쇼핑어플,4
샘플,4
편한바지,4
lff,4
쇼핑앱,4
플라워패턴,4
한국,4
20대여자쇼핑몰,4
소매,4
필수템,4
셋업세트,4
셋업,4
minemi93,4
스타일링,4
사계절티셔츠,4
블로퍼,4
아이미,4
아웃핏코디,4
홈텐딩,4
홈웨어팬츠,4
신례명주,4
블랙업,4
플라워,4
성수카페,4
홈바,4
1976,4
스트링블라우스,4
20,4
빌리언,4
스트라이프티셔츠,4
홈웨어,3
1,3
체크치마,3
주저리주저리,3
대관문의,3
직딩,3
제주도,3
크림,3
대관,3
촬영대행,3
푸키쿠키,3
푸키쿠키원피스,3
프라다,3
저녁,3
팔찌추천,3
프라다카드지갑,3
프릴원피스,3
팔찌스타그램,3
팔찌레이어드,3
❤,3
파티룩,3
긴팔티,3
트위드원피스,3
트위드,3
woo_young0830,3
테니스스커트,3
20대여자코디,3
저렴한렌탈스튜디오,3
of__moment,3
장소대관,3
koreanstyle,3
오버핏휴드티,3
자켓코디,3
오늘원피스,3
예쁜옷,3
fashionkorean,3
목걸이,3
여리여리핏,3
아이폰프로,3
koreafashion,3
koreafashions,3
pookycookie,3
koreafashionshop,3
스튜디오렌탈,3
outfit,3
seolsera_official,3
밴딩팬츠,3
베이직룩,3
쇼핑,3
love.littahug,3
셔링원피스,3
선물,3
서울맛집,3
비즈팔찌,3
비주목걸이,3
블친,3
부산맛집,3
부츠컷레깅스,3
부츠컷팬츠,3
오브모먼트,3
오늘패션,3
마켓촬영,3
원피스업데이트,3
자연광렌탈스튜디오,3
자연광,3
일상코디,3
도매문의,3
도매시장,3
도매의류,3
도매촬영,3
동대문스튜디오,3
cho__rok,3
인스타패션,3
인스타룩,3
studio_pit.a.pat,3
이쁘다,3
이벤트,3
유니크패션,3
롱원피스코디,3
원피스맛집,3
리타허그,3
원피스룩,3
원피스그램,3
레이어드팔찌,3
렌탈스튜디오추천,3
우정팔찌,3
롱원피스쇼핑몰,3
강력추천,2
3컬러,2
30대여성의류,2
molly.j_2018,2
siha_bonnie,2
20대여성의류,2
힙해힙해,2
bangs__studio,2
openness___,2
가능,2
seolsera,2
2월브랜디페스타,2
😍,2
오트밀,2
스튜디오대여,2
연청바지,2
연청데님팬츠,2
여자긴머리,2
화정맛집,2
화정스튜디오,2
앞머리,2
썸머니트,2
시크한옷,2
스트링니트,2
스튜디오,2
할인전,2
스카시니트,2
쇼핑몰촬영,2
소통팔로우,2
셀프촬영,2
셀프스튜디오,2
설세라,2
블랙,2
브이넥니트,2
공간대여,2
연청팬츠,2
하이웨스트,2
밴딩슬랙스,2
일산카페,2
컷팅진,2
카페그램,2
촬영,2
청주,2
트레이닝복세트,2
파티룸,2
증평,2
주문,2
적극추천,2
일산자연광스튜디오,2
와이드슬랙스,2
일산스튜디오,2
일산맛집,2
일산렌탈스튜디오,2
일,2
플라워블라우스,2
플랭커,2
인스타마켓,2
플레이프랭크,2
의류촬영,2
뱅스스튜디오,2
소품촬영,2
디엠,2
당일출고,2
몰리제이,2
니트티셔츠,2
니트팬츠,2
몰리제이가방,2
나를위한설레이는데일리룩,2
몰리제이구두,2
꾸안꾸룩,2
다이렉트,2
니트바지,2
니트슬랙스,2
바지맛집,2
루즈니트,2
데일리셀카,2
그레이,2
러블리,2
148,1
187,1
147,1
149,1
150,1
189,1
188,1
162,1
146,1
140,1
135,1
136,1
137,1
193,1
138,1
139,1
141,1
145,1
192,1
191,1
142,1
143,1
190,1
186,1
144,1
184,1
185,1
168,1
170,1
195,1
169,1
156,1
157,1
158,1
159,1
172,1
167,1
160,1
166,1
165,1
161,1
164,1
171,1
173,1
163,1
152,1
151,1
183,1
182,1
181,1
180,1
179,1
178,1
155,1
177,1
176,1
175,1
174,1
153,1
154,1
194,1
강남구,1
196,1
239,1
245,1
244,1
243,1
242,1
241,1
240,1
238,1
247,1
237,1
236,1
235,1
234,1
233,1
232,1
246,1
248,1
197,1
257,1
263,1
262,1
261,1
260,1
259,1
258,1
256,1
249,1
255,1
254,1
253,1
252,1
251,1
250,1
231,1
230,1
229,1
205,1
210,1
209,1
208,1
207,1
133,1
206,1
204,1
228,1
203,1
202,1
201,1
200,1
199,1
198,1
211,1
212,1
213,1
214,1
215,1
216,1
217,1
218,1
219,1
220,1
221,1
222,1
223,1
224,1
225,1
226,1
227,1
134,1
100,1
132,1
48,1
34,1
35,1
36,1
37,1
38,1
39,1
40,1
41,1
42,1
43,1
44,1
45,1
46,1
47,1
49,1
65,1
50,1
51,1
52,1
53,1
54,1
55,1
56,1
57,1
58,1
59,1
60,1
61,1
62,1
63,1
33,1
32,1
31,1
30,1
1,1
2,1
3,1
4,1
5,1
6,1
7,1
8,1
9,1
10,1
11,1
12,1
13,1
14,1
15,1
16,1
17,1
18,1
19,1
20,1
21,1
22,1
23,1
24,1
25,1
26,1
27,1
28,1
29,1
64,1
66,1
131,1
115,1
101,1
102,1
103,1
104,1
105,1
106,1
107,1
108,1
109,1
110,1
111,1
112,1
113,1
114,1
116,1
67,1
117,1
118,1
119,1
120,1
121,1
122,1
123,1
124,1
125,1
126,1
127,1
128,1
129,1
130,1
265,1
99,1
98,1
97,1
68,1
69,1
70,1
71,1
72,1
73,1
74,1
75,1
76,1
77,1
78,1
79,1
80,1
81,1
82,1
83,1
84,1
85,1
86,1
87,1
88,1
89,1
90,1
91,1
92,1
93,1
94,1
95,1
96,1
264,1
298,1
266,1
449,1
435,1
436,1
437,1
438,1
439,1
440,1
441,1
442,1
443,1
444,1
445,1
446,1
447,1
448,1
450,1
천국에는술집이없다,1
10대,1
13300원,1
혜자템,1
혜자스럽다,1
핀치온,1
플레어스커트,1
패션아이템,1
팔로워환영,1
팔로우늘리기,1
퇴근후식사,1
코랄,1
코디아이템,1
코디스타그램,1
청자켓,1
434,1
433,1
432,1
431,1
402,1
403,1
404,1
405,1
406,1
407,1
408,1
409,1
410,1
411,1
412,1
413,1
414,1
415,1
416,1
417,1
418,1
419,1
420,1
421,1
422,1
423,1
424,1
425,1
426,1
427,1
428,1
429,1
430,1
첫줄반사,1
조심하세요,1
267,1
디어마이멜,1
부대찌개,1
봄나들이룩,1
밴딩스커트,1
photooftheday,1
pinch_on,1
백반,1
pretty_everydayyy,1
바,1
무난,1
selfies,1
매일예쁜날,1
맞팔선팔환영,1
맞팔100,1
롱스커트,1
데일리맨투맨,1
제육볶음,1
데님자켓,1
whiskey,1
논현동바,1
논현동,1
노바인헤븐,1
네이버셀렉티브,1
いいね返し,1
꼬냑,1
今日のコーデ,1
기본맨투맨,1
가격실화,1
가격착한쇼핑몰,1
그레이빠,1
귀염뽀짝,1
뷰티스타그램,1
nobarinheaven_seoul,1
nobarinheaven,1
monmorillo,1
brandy,1
cocktail,1
인싸,1
dearmymel,1
dearmymel_official,1
오늘의훈녀,1
영동시장바,1
영동시장,1
여친룩,1
여자데일리룩,1
여성의류쇼핑몰추천,1
야식,1
앤틱,1
액세서리,1
악세서리,1
아지트,1
instadaily,1
아싸,1
싱글몰트위스키,1
kikiolo9,1
싱글몰트,1
심플,1
신상베어맨투맨,1
l4likes,1
스토어팜쇼핑몰,1
스커트코디,1
스무살,1
소통해요,1
셀기꾼,1
401,1
400,1
399,1
316,1
302,1
303,1
304,1
305,1
306,1
307,1
308,1
309,1
310,1
311,1
312,1
313,1
314,1
315,1
317,1
398,1
318,1
319,1
320,1
321,1
322,1
323,1
324,1
325,1
326,1
327,1
328,1
329,1
330,1
331,1
301,1
300,1
299,1
297,1
268,1
269,1
270,1
271,1
272,1
273,1
274,1
275,1
276,1
277,1
278,1
279,1
280,1
281,1
282,1
283,1
284,1
285,1
286,1
287,1
288,1
289,1
290,1
291,1
292,1
293,1
294,1
295,1
296,1
332,1
333,1
334,1
367,1
369,1
370,1
371,1
372,1
373,1
374,1
375,1
376,1
377,1
378,1
379,1
380,1
381,1
382,1
383,1
384,1
385,1
386,1
387,1
388,1
389,1
390,1
391,1
392,1
393,1
394,1
395,1
396,1
397,1
368,1
366,1
335,1
365,1
336,1
337,1
338,1
339,1
340,1
341,1
342,1
343,1
344,1
345,1
346,1
347,1
348,1
349,1
350,1
351,1
352,1
353,1
354,1
355,1
356,1
357,1
358,1
359,1
360,1
361,1
362,1
363,1
364,1
0,1
